{"modelName": "devise-220528-v0-ep33", "version": "1", "fileId": "00747704ba28469f9943f690d38d88e1", "classIds": ["Crex crex", "Scolopax rusticola"], "channels": [[{"startTime": 0.0, "endTime": 5.0, "predictions": {"probabilities": [2.9073929908918217e-05, 8.145972242346033e-05], "logits": []}, "groundTruth": [0.0, 0.0]}, {"startTime": 5.0, "endTime": 10.0, "predictions": {"probabilities": [7.296581316040829e-06, 2.801906521199271e-05], "logits": []}, "groundTruth": [0.0, 0.0]}, {"startTime": 10.0, "endTime": 15.0, "predictions": {"probabilities": [8.966053428594023e-06, 6.072270480217412e-05], "logits": []}, "groundTruth": [0.0, 0.0]}, {"startTime": 15.0, "endTime": 20.0, "predictions": {"probabilities": [4.333413471613312e-06, 4.5159693399909884e-05], "logits": []}, "groundTruth": [0.0, 0.0]}]]}