{"modelName": "devise-220528-v0-ep33", "version": "1", "fileId": "00747704ba28469f9943f690d38d88e1", "classIds": ["Crex crex", "Scolopax rusticola"], "channels": [[{"startTime": 0.0, "endTime": 5.0, "predictions": {"probabilities": [-10.445639610290527, -9.41532039642334], "logits": [NaN, NaN]}, "groundTruth": [0.0, 0.0]}, {"startTime": 5.0, "endTime": 10.0, "predictions": {"probabilities": [-11.828097343444824, -10.482597351074219], "logits": [NaN, NaN]}, "groundTruth": [0.0, 0.0]}, {"startTime": 10.0, "endTime": 15.0, "predictions": {"probabilities": [-11.622056007385254, -9.709132194519043], "logits": [NaN, NaN]}, "groundTruth": [0.0, 0.0]}, {"startTime": 15.0, "endTime": 20.0, "predictions": {"probabilities": [-12.349150657653809, -10.005260467529297], "logits": [NaN, NaN]}, "groundTruth": [0.0, 0.0]}]]}