{"modelName": "devise-220528-v0-ep33", "version": "1", "fileId": "00c1d3a5b09a422eab1735cbc5111fd5", "classIds": ["Crex crex", "Scolopax rusticola"], "channels": [[{"startTime": 0.0, "endTime": 5.0, "predictions": {"probabilities": [-10.324891090393066, -7.851376056671143], "logits": [NaN, NaN]}, "groundTruth": [0.0, 0.0]}, {"startTime": 5.0, "endTime": 10.0, "predictions": {"probabilities": [-12.680595397949219, -10.039306640625], "logits": [NaN, NaN]}, "groundTruth": [0.0, 0.0]}, {"startTime": 10.0, "endTime": 15.0, "predictions": {"probabilities": [-9.359613418579102, -7.17628812789917], "logits": [NaN, NaN]}, "groundTruth": [0.0, 0.0]}, {"startTime": 15.0, "endTime": 20.0, "predictions": {"probabilities": [-10.824982643127441, -10.404194831848145], "logits": [NaN, NaN]}, "groundTruth": [0.0, 0.0]}]]}