{"modelName": "devise-220528-v0-ep33", "version": "1", "fileId": "0170128c4ef044048cf34ba51d3edb66", "classIds": ["Crex crex", "Scolopax rusticola"], "channels": [[{"startTime": 0.0, "endTime": 5.0, "predictions": {"probabilities": [-9.992735862731934, -10.014982223510742], "logits": [NaN, NaN]}, "groundTruth": [0.0, 0.0]}, {"startTime": 5.0, "endTime": 10.0, "predictions": {"probabilities": [-10.458794593811035, -11.714303016662598], "logits": [NaN, NaN]}, "groundTruth": [0.0, 0.0]}, {"startTime": 10.0, "endTime": 15.0, "predictions": {"probabilities": [-7.993109703063965, -11.52015495300293], "logits": [NaN, NaN]}, "groundTruth": [0.0, 0.0]}, {"startTime": 15.0, "endTime": 20.0, "predictions": {"probabilities": [-15.050355911254883, -17.628602981567383], "logits": [NaN, NaN]}, "groundTruth": [0.0, 0.0]}]]}