{"modelName": "devise-220528-v0-ep33", "version": "1", "fileId": "01e6d70f2cb64406a4af07323c9504b0", "classIds": ["Crex crex", "Scolopax rusticola"], "channels": [[{"startTime": 0.0, "endTime": 5.0, "predictions": {"probabilities": [-11.752044677734375, -8.810646057128906], "logits": [NaN, NaN]}, "groundTruth": [0.0, 0.0]}, {"startTime": 5.0, "endTime": 10.0, "predictions": {"probabilities": [-13.078672409057617, -4.124200344085693], "logits": [NaN, NaN]}, "groundTruth": [0.0, 0.0]}, {"startTime": 10.0, "endTime": 15.0, "predictions": {"probabilities": [-13.087165832519531, -11.656694412231445], "logits": [NaN, NaN]}, "groundTruth": [0.0, 0.0]}, {"startTime": 15.0, "endTime": 20.0, "predictions": {"probabilities": [-18.30278968811035, 10.655217170715332], "logits": [NaN, NaN]}, "groundTruth": [0.0, 0.0]}]]}