{"modelName": "devise-220528-v0-ep33", "version": "1", "fileId": "01f8dcad73304e878632df881c0eaa07", "classIds": ["Crex crex", "Scolopax rusticola"], "channels": [[{"startTime": 0.0, "endTime": 5.0, "predictions": {"probabilities": [6.279571243794635e-05, 0.000901688530575484], "logits": []}, "groundTruth": [0.0, 0.0]}, {"startTime": 5.0, "endTime": 10.0, "predictions": {"probabilities": [5.632691681967117e-05, 0.0007183031993918121], "logits": []}, "groundTruth": [0.0, 0.0]}, {"startTime": 10.0, "endTime": 15.0, "predictions": {"probabilities": [8.701082697371021e-05, 0.0009857367258518934], "logits": []}, "groundTruth": [0.0, 0.0]}, {"startTime": 15.0, "endTime": 20.0, "predictions": {"probabilities": [4.7389672545250505e-05, 0.0007727208430878818], "logits": []}, "groundTruth": [0.0, 0.0]}]]}