{"modelName": "devise-220528-v0-ep33", "version": "1", "fileId": "01f8dcad73304e878632df881c0eaa07", "classIds": ["Crex crex", "Scolopax rusticola"], "channels": [[{"startTime": 0.0, "endTime": 5.0, "predictions": {"probabilities": [-9.67556095123291, -7.010339260101318], "logits": [NaN, NaN]}, "groundTruth": [0.0, 0.0]}, {"startTime": 5.0, "endTime": 10.0, "predictions": {"probabilities": [-9.784281730651855, -7.237900257110596], "logits": [NaN, NaN]}, "groundTruth": [0.0, 0.0]}, {"startTime": 10.0, "endTime": 15.0, "predictions": {"probabilities": [-9.349390983581543, -6.921134948730469], "logits": [NaN, NaN]}, "groundTruth": [0.0, 0.0]}, {"startTime": 15.0, "endTime": 20.0, "predictions": {"probabilities": [-9.957058906555176, -7.164819717407227], "logits": [NaN, NaN]}, "groundTruth": [0.0, 0.0]}]]}