{"modelName": "devise-220528-v0-ep33", "version": "1", "fileId": "01fada5e14604c35899f496799830099", "classIds": ["Crex crex", "Scolopax rusticola"], "channels": [[{"startTime": 0.0, "endTime": 5.0, "predictions": {"probabilities": [-12.923911094665527, -17.83013153076172], "logits": [NaN, NaN]}, "groundTruth": [0.0, 0.0]}, {"startTime": 5.0, "endTime": 10.0, "predictions": {"probabilities": [-13.559584617614746, -10.901556015014648], "logits": [NaN, NaN]}, "groundTruth": [0.0, 0.0]}, {"startTime": 10.0, "endTime": 15.0, "predictions": {"probabilities": [-13.599387168884277, -17.442068099975586], "logits": [NaN, NaN]}, "groundTruth": [0.0, 0.0]}, {"startTime": 15.0, "endTime": 20.0, "predictions": {"probabilities": [-15.446969032287598, -13.780730247497559], "logits": [NaN, NaN]}, "groundTruth": [0.0, 0.0]}]]}