{"modelName": "devise-220528-v0-ep33", "version": "1", "fileId": "01fada5e14604c35899f496799830099", "classIds": ["Crex crex", "Scolopax rusticola"], "channels": [[{"startTime": 0.0, "endTime": 5.0, "predictions": {"probabilities": [2.4390217276959447e-06, 1.8049794547891906e-08], "logits": []}, "groundTruth": [0.0, 0.0]}, {"startTime": 5.0, "endTime": 10.0, "predictions": {"probabilities": [1.2916553941977327e-06, 1.8429194824420847e-05], "logits": []}, "groundTruth": [0.0, 0.0]}, {"startTime": 10.0, "endTime": 15.0, "predictions": {"probabilities": [1.24125403999642e-06, 2.6607620995378056e-08], "logits": []}, "groundTruth": [0.0, 0.0]}, {"startTime": 15.0, "endTime": 20.0, "predictions": {"probabilities": [1.9564399167393276e-07, 1.0353911648053327e-06], "logits": []}, "groundTruth": [0.0, 0.0]}]]}