{"modelName": "devise-220528-v0-ep33", "version": "1", "fileId": "022cac24d5224814ad4447ac3ceefe2b", "classIds": ["Crex crex", "Scolopax rusticola"], "channels": [[{"startTime": 0.0, "endTime": 5.0, "predictions": {"probabilities": [0.02151142805814743, 7.637430826434866e-05], "logits": []}, "groundTruth": [0.0, 0.0]}, {"startTime": 5.0, "endTime": 10.0, "predictions": {"probabilities": [0.08418547362089157, 0.00013534838217310607], "logits": []}, "groundTruth": [0.0, 0.0]}, {"startTime": 10.0, "endTime": 15.0, "predictions": {"probabilities": [0.10825835168361664, 4.221120980218984e-05], "logits": []}, "groundTruth": [0.0, 0.0]}, {"startTime": 15.0, "endTime": 20.0, "predictions": {"probabilities": [0.006564062554389238, 9.676026093075052e-05], "logits": []}, "groundTruth": [0.0, 0.0]}]]}