{"modelName": "devise-220528-v0-ep33", "version": "1", "fileId": "022cac24d5224814ad4447ac3ceefe2b", "classIds": ["Crex crex", "Scolopax rusticola"], "channels": [[{"startTime": 0.0, "endTime": 5.0, "predictions": {"probabilities": [-3.817424774169922, -9.479787826538086], "logits": [NaN, NaN]}, "groundTruth": [0.0, 0.0]}, {"startTime": 5.0, "endTime": 10.0, "predictions": {"probabilities": [-2.386791467666626, -8.907523155212402], "logits": [NaN, NaN]}, "groundTruth": [0.0, 0.0]}, {"startTime": 10.0, "endTime": 15.0, "predictions": {"probabilities": [-2.1086559295654297, -10.072782516479492], "logits": [NaN, NaN]}, "groundTruth": [0.0, 0.0]}, {"startTime": 15.0, "endTime": 20.0, "predictions": {"probabilities": [-5.019559860229492, -9.24317741394043], "logits": [NaN, NaN]}, "groundTruth": [0.0, 0.0]}]]}