{"modelName": "devise-220528-v0-ep33", "version": "1", "fileId": "0332dd68c57e48c29bbbc8fd352652d4", "classIds": ["Crex crex", "Scolopax rusticola"], "channels": [[{"startTime": 0.0, "endTime": 5.0, "predictions": {"probabilities": [0.00015821972920093685, 0.00500059500336647], "logits": []}, "groundTruth": [0.0, 0.0]}, {"startTime": 5.0, "endTime": 10.0, "predictions": {"probabilities": [1.0696116987674031e-06, 1.4895163985784166e-05], "logits": []}, "groundTruth": [0.0, 0.0]}, {"startTime": 10.0, "endTime": 15.0, "predictions": {"probabilities": [4.186787919024937e-05, 0.0023638468701392412], "logits": []}, "groundTruth": [0.0, 0.0]}, {"startTime": 15.0, "endTime": 20.0, "predictions": {"probabilities": [1.6524109014426358e-05, 6.072355517972028e-06], "logits": []}, "groundTruth": [0.0, 0.0]}]]}