{"modelName": "devise-220528-v0-ep33", "version": "1", "fileId": "0332dd68c57e48c29bbbc8fd352652d4", "classIds": ["Crex crex", "Scolopax rusticola"], "channels": [[{"startTime": 0.0, "endTime": 5.0, "predictions": {"probabilities": [-8.751367568969727, -5.293185234069824], "logits": [NaN, NaN]}, "groundTruth": [0.0, 0.0]}, {"startTime": 5.0, "endTime": 10.0, "predictions": {"probabilities": [-13.748213768005371, -11.114459037780762], "logits": [NaN, NaN]}, "groundTruth": [0.0, 0.0]}, {"startTime": 10.0, "endTime": 15.0, "predictions": {"probabilities": [-10.080949783325195, -6.045098304748535], "logits": [NaN, NaN]}, "groundTruth": [0.0, 0.0]}, {"startTime": 15.0, "endTime": 20.0, "predictions": {"probabilities": [-11.010673522949219, -12.011757850646973], "logits": [NaN, NaN]}, "groundTruth": [0.0, 0.0]}]]}