{"modelName": "devise-220528-v0-ep33", "version": "1", "fileId": "035678c368c7400c9da1532dfc62abaa", "classIds": ["Crex crex", "Scolopax rusticola"], "channels": [[{"startTime": 0.0, "endTime": 5.0, "predictions": {"probabilities": [-6.457147121429443, -4.028881549835205], "logits": [NaN, NaN]}, "groundTruth": [0.0, 0.0]}, {"startTime": 5.0, "endTime": 10.0, "predictions": {"probabilities": [-8.162156105041504, -10.359308242797852], "logits": [NaN, NaN]}, "groundTruth": [0.0, 0.0]}, {"startTime": 10.0, "endTime": 15.0, "predictions": {"probabilities": [-10.368667602539062, -3.803476333618164], "logits": [NaN, NaN]}, "groundTruth": [0.0, 0.0]}, {"startTime": 15.0, "endTime": 20.0, "predictions": {"probabilities": [-8.566572189331055, -3.7142343521118164], "logits": [NaN, NaN]}, "groundTruth": [0.0, 0.0]}]]}