{"modelName": "devise-220528-v0-ep33", "version": "1", "fileId": "03568946531446c2affd154a02b10164", "classIds": ["Crex crex", "Scolopax rusticola"], "channels": [[{"startTime": 0.0, "endTime": 5.0, "predictions": {"probabilities": [1.4792237379879225e-05, 0.0008194927358999848], "logits": []}, "groundTruth": [0.0, 0.0]}, {"startTime": 5.0, "endTime": 10.0, "predictions": {"probabilities": [2.727851324380026e-06, 4.8080994019983336e-05], "logits": []}, "groundTruth": [0.0, 0.0]}, {"startTime": 10.0, "endTime": 15.0, "predictions": {"probabilities": [7.0932928792899475e-06, 0.00053502555238083], "logits": []}, "groundTruth": [0.0, 0.0]}, {"startTime": 15.0, "endTime": 20.0, "predictions": {"probabilities": [4.774746685143327e-06, 0.6384570598602295], "logits": []}, "groundTruth": [0.0, 0.0]}]]}