{"modelName": "devise-220528-v0-ep33", "version": "1", "fileId": "03568946531446c2affd154a02b10164", "classIds": ["Crex crex", "Scolopax rusticola"], "channels": [[{"startTime": 0.0, "endTime": 5.0, "predictions": {"probabilities": [-11.121393203735352, -7.1060051918029785], "logits": [NaN, NaN]}, "groundTruth": [0.0, 0.0]}, {"startTime": 5.0, "endTime": 10.0, "predictions": {"probabilities": [-12.811993598937988, -9.942575454711914], "logits": [NaN, NaN]}, "groundTruth": [0.0, 0.0]}, {"startTime": 10.0, "endTime": 15.0, "predictions": {"probabilities": [-11.856353759765625, -7.532660961151123], "logits": [NaN, NaN]}, "groundTruth": [0.0, 0.0]}, {"startTime": 15.0, "endTime": 20.0, "predictions": {"probabilities": [-12.252164840698242, 0.5686734914779663], "logits": [NaN, 0.2764410376548767]}, "groundTruth": [0.0, 0.0]}]]}