{"modelName": "devise-220528-v0-ep33", "version": "1", "fileId": "03ec9db172e24d5abfc33de511e22035", "classIds": ["Crex crex", "Scolopax rusticola"], "channels": [[{"startTime": 0.0, "endTime": 5.0, "predictions": {"probabilities": [-17.724794387817383, -16.50331687927246], "logits": [NaN, NaN]}, "groundTruth": [0.0, 0.0]}, {"startTime": 5.0, "endTime": 10.0, "predictions": {"probabilities": [-11.776782035827637, 3.3957443237304688], "logits": [NaN, NaN]}, "groundTruth": [0.0, 0.0]}, {"startTime": 10.0, "endTime": 15.0, "predictions": {"probabilities": [-18.97045135498047, -12.76055908203125], "logits": [NaN, NaN]}, "groundTruth": [0.0, 0.0]}, {"startTime": 15.0, "endTime": 20.0, "predictions": {"probabilities": [-13.88969898223877, -11.179315567016602], "logits": [NaN, NaN]}, "groundTruth": [0.0, 0.0]}]]}