{"modelName": "devise-220528-v0-ep33", "version": "1", "fileId": "03ec9db172e24d5abfc33de511e22035", "classIds": ["Crex crex", "Scolopax rusticola"], "channels": [[{"startTime": 0.0, "endTime": 5.0, "predictions": {"probabilities": [2.005485910672178e-08, 6.803000474064902e-08], "logits": []}, "groundTruth": [0.0, 0.0]}, {"startTime": 5.0, "endTime": 10.0, "predictions": {"probabilities": [7.680777343921363e-06, 0.9675713181495667], "logits": []}, "groundTruth": [0.0, 0.0]}, {"startTime": 10.0, "endTime": 15.0, "predictions": {"probabilities": [5.7708215983609534e-09, 2.8718277462758124e-06], "logits": []}, "groundTruth": [0.0, 0.0]}, {"startTime": 15.0, "endTime": 20.0, "predictions": {"probabilities": [9.284958650823683e-07, 1.3959788702777587e-05], "logits": []}, "groundTruth": [0.0, 0.0]}]]}