{"modelName": "devise-220528-v0-ep33", "version": "1", "fileId": "0489b49f25354bf48adcce5afd3868b8", "classIds": ["Crex crex", "Scolopax rusticola"], "channels": [[{"startTime": 0.0, "endTime": 5.0, "predictions": {"probabilities": [-8.64423942565918, -10.820977210998535], "logits": [NaN, NaN]}, "groundTruth": [0.0, 0.0]}, {"startTime": 5.0, "endTime": 10.0, "predictions": {"probabilities": [-10.392857551574707, -10.024850845336914], "logits": [NaN, NaN]}, "groundTruth": [0.0, 0.0]}, {"startTime": 10.0, "endTime": 15.0, "predictions": {"probabilities": [-11.309198379516602, -8.604042053222656], "logits": [NaN, NaN]}, "groundTruth": [0.0, 0.0]}, {"startTime": 15.0, "endTime": 20.0, "predictions": {"probabilities": [-8.466340065002441, -7.383235931396484], "logits": [NaN, NaN]}, "groundTruth": [0.0, 0.0]}]]}