{"modelName": "devise-220528-v0-ep33", "version": "1", "fileId": "048a546a76924b6d928bbd0e4d9f94d7", "classIds": ["Crex crex", "Scolopax rusticola"], "channels": [[{"startTime": 0.0, "endTime": 5.0, "predictions": {"probabilities": [-14.965811729431152, -15.828797340393066], "logits": [NaN, NaN]}, "groundTruth": [0.0, 0.0]}, {"startTime": 5.0, "endTime": 10.0, "predictions": {"probabilities": [-12.644396781921387, 1.9131581783294678], "logits": [NaN, NaN]}, "groundTruth": [0.0, 1.0]}, {"startTime": 7.0, "endTime": 12.0, "predictions": {"probabilities": [-10.62072467803955, -6.400626182556152], "logits": [NaN, NaN]}, "groundTruth": [0.0, 0.0]}]]}