{"modelName": "devise-220528-v0-ep33", "version": "1", "fileId": "048a546a76924b6d928bbd0e4d9f94d7", "classIds": ["Crex crex", "Scolopax rusticola"], "channels": [[{"startTime": 0.0, "endTime": 5.0, "predictions": {"probabilities": [3.16541331812914e-07, 1.33548994085686e-07], "logits": []}, "groundTruth": [0.0, 0.0]}, {"startTime": 5.0, "endTime": 10.0, "predictions": {"probabilities": [3.225572754672612e-06, 0.8713734745979309], "logits": []}, "groundTruth": [0.0, 1.0]}, {"startTime": 7.0, "endTime": 12.0, "predictions": {"probabilities": [2.4404353098361753e-05, 0.0016577643109485507], "logits": []}, "groundTruth": [0.0, 0.0]}]]}