{"modelName": "devise-220528-v0-ep33", "version": "1", "fileId": "04a911a1b8c94d8fbdf50ab8516de794", "classIds": ["Crex crex", "Scolopax rusticola"], "channels": [[{"startTime": 0.0, "endTime": 5.0, "predictions": {"probabilities": [4.6633642341475934e-05, 0.0009913381654769182], "logits": []}, "groundTruth": [0.0, 0.0]}, {"startTime": 5.0, "endTime": 10.0, "predictions": {"probabilities": [1.1485579307191074e-05, 7.564483439637115e-06], "logits": []}, "groundTruth": [0.0, 0.0]}, {"startTime": 10.0, "endTime": 15.0, "predictions": {"probabilities": [5.928631594542821e-07, 2.2313474801194388e-07], "logits": []}, "groundTruth": [0.0, 0.0]}, {"startTime": 15.0, "endTime": 20.0, "predictions": {"probabilities": [1.3080356211503386e-06, 5.90905017361365e-07], "logits": []}, "groundTruth": [0.0, 0.0]}]]}