{"modelName": "devise-220528-v0-ep33", "version": "1", "fileId": "0547394c2e9f4896aa64c8385d79b9b9", "classIds": ["Crex crex", "Scolopax rusticola"], "channels": [[{"startTime": 0.0, "endTime": 5.0, "predictions": {"probabilities": [-15.513880729675293, -14.908431053161621], "logits": [NaN, NaN]}, "groundTruth": [0.0, 0.0]}, {"startTime": 5.0, "endTime": 10.0, "predictions": {"probabilities": [-12.826400756835938, -9.005528450012207], "logits": [NaN, NaN]}, "groundTruth": [0.0, 0.0]}, {"startTime": 10.0, "endTime": 15.0, "predictions": {"probabilities": [-16.85991668701172, -17.883684158325195], "logits": [NaN, NaN]}, "groundTruth": [0.0, 0.0]}, {"startTime": 15.0, "endTime": 20.0, "predictions": {"probabilities": [-13.60332202911377, -12.800701141357422], "logits": [NaN, NaN]}, "groundTruth": [0.0, 0.0]}]]}