{"modelName": "devise-220528-v0-ep33", "version": "1", "fileId": "06f75572f1c44670b4f17bd14d10de33", "classIds": ["Crex crex", "Scolopax rusticola"], "channels": [[{"startTime": 0.0, "endTime": 5.0, "predictions": {"probabilities": [9.80739641818218e-05, 0.043813612312078476], "logits": []}, "groundTruth": [0.0, 0.0]}, {"startTime": 5.0, "endTime": 10.0, "predictions": {"probabilities": [3.949863094021566e-05, 4.305200855014846e-05], "logits": []}, "groundTruth": [0.0, 0.0]}, {"startTime": 10.0, "endTime": 15.0, "predictions": {"probabilities": [1.61456464411458e-05, 0.0017252726247534156], "logits": []}, "groundTruth": [0.0, 0.0]}, {"startTime": 15.0, "endTime": 20.0, "predictions": {"probabilities": [7.309256943699438e-06, 0.0011288615642115474], "logits": []}, "groundTruth": [0.0, 0.0]}]]}