{"modelName": "devise-220528-v0-ep33", "version": "1", "fileId": "071c1fcbe536462cab0bd005662167d2", "classIds": ["Crex crex", "Scolopax rusticola"], "channels": [[{"startTime": 0.0, "endTime": 5.0, "predictions": {"probabilities": [-13.170897483825684, -21.312366485595703], "logits": [NaN, NaN]}, "groundTruth": [0.0, 0.0]}, {"startTime": 5.0, "endTime": 10.0, "predictions": {"probabilities": [-17.946578979492188, -16.420978546142578], "logits": [NaN, NaN]}, "groundTruth": [0.0, 0.0]}, {"startTime": 10.0, "endTime": 15.0, "predictions": {"probabilities": [-13.191146850585938, -11.694989204406738], "logits": [NaN, NaN]}, "groundTruth": [0.0, 0.0]}, {"startTime": 15.0, "endTime": 20.0, "predictions": {"probabilities": [-13.323554992675781, -13.328384399414062], "logits": [NaN, NaN]}, "groundTruth": [0.0, 0.0]}]]}