{"modelName": "devise-220528-v0-ep33", "version": "1", "fileId": "07354d71b8fb42cc9f8a8a0138adee90", "classIds": ["Crex crex", "Scolopax rusticola"], "channels": [[{"startTime": 0.0, "endTime": 5.0, "predictions": {"probabilities": [-14.541974067687988, 15.484291076660156], "logits": [NaN, NaN]}, "groundTruth": [0.0, 0.0]}, {"startTime": 5.0, "endTime": 10.0, "predictions": {"probabilities": [-18.418060302734375, -4.63972282409668], "logits": [NaN, NaN]}, "groundTruth": [0.0, 0.0]}, {"startTime": 10.0, "endTime": 15.0, "predictions": {"probabilities": [-17.036418914794922, -1.8019983768463135], "logits": [NaN, NaN]}, "groundTruth": [0.0, 0.0]}, {"startTime": 11.0, "endTime": 16.0, "predictions": {"probabilities": [-15.844034194946289, 1.8193966150283813], "logits": [NaN, NaN]}, "groundTruth": [0.0, 0.0]}]]}