{"modelName": "devise-220528-v0-ep33", "version": "1", "fileId": "07d520299edc4de3aadb36b79ecac65d", "classIds": ["Crex crex", "Scolopax rusticola"], "channels": [[{"startTime": 0.0, "endTime": 5.0, "predictions": {"probabilities": [3.3804965369199635e-06, 0.16528676450252533], "logits": []}, "groundTruth": [0.0, 0.0]}, {"startTime": 5.0, "endTime": 10.0, "predictions": {"probabilities": [8.38514733914053e-06, 5.1526512834243476e-05], "logits": []}, "groundTruth": [0.0, 0.0]}, {"startTime": 10.0, "endTime": 15.0, "predictions": {"probabilities": [5.2065686872992956e-08, 7.771151331326109e-07], "logits": []}, "groundTruth": [0.0, 0.0]}, {"startTime": 15.0, "endTime": 20.0, "predictions": {"probabilities": [5.499190933733189e-07, 0.0008126891334541142], "logits": []}, "groundTruth": [0.0, 0.0]}]]}