{"modelName": "devise-220528-v0-ep33", "version": "1", "fileId": "07fd6787aa6c4a8299d97d94e5a28bfb", "classIds": ["Crex crex", "Scolopax rusticola"], "channels": [[{"startTime": 0.0, "endTime": 5.0, "predictions": {"probabilities": [6.056458232706063e-07, 0.09998946636915207], "logits": []}, "groundTruth": [0.0, 0.0]}, {"startTime": 5.0, "endTime": 10.0, "predictions": {"probabilities": [3.457372486082022e-07, 0.0004915297031402588], "logits": []}, "groundTruth": [0.0, 0.0]}, {"startTime": 10.0, "endTime": 15.0, "predictions": {"probabilities": [1.9261719899077434e-06, 0.002253370126709342], "logits": []}, "groundTruth": [0.0, 0.0]}, {"startTime": 15.0, "endTime": 20.0, "predictions": {"probabilities": [8.761965546000283e-06, 3.690835228553624e-06], "logits": []}, "groundTruth": [0.0, 0.0]}]]}