{"modelName": "devise-220528-v0-ep33", "version": "1", "fileId": "080c22463dca4ff7965b54285f77b2dd", "classIds": ["Crex crex", "Scolopax rusticola"], "channels": [[{"startTime": 0.0, "endTime": 5.0, "predictions": {"probabilities": [-9.344866752624512, -5.935140609741211], "logits": [NaN, NaN]}, "groundTruth": [0.0, 0.0]}, {"startTime": 5.0, "endTime": 10.0, "predictions": {"probabilities": [-15.259033203125, -16.614988327026367], "logits": [NaN, NaN]}, "groundTruth": [0.0, 0.0]}, {"startTime": 10.0, "endTime": 15.0, "predictions": {"probabilities": [-11.63058853149414, -10.480722427368164], "logits": [NaN, NaN]}, "groundTruth": [0.0, 0.0]}, {"startTime": 15.0, "endTime": 20.0, "predictions": {"probabilities": [-11.799315452575684, -9.74980354309082], "logits": [NaN, NaN]}, "groundTruth": [0.0, 0.0]}]]}