{"modelName": "devise-220528-v0-ep33", "version": "1", "fileId": "082f7326b9de48eaa21fa98d6ef82691", "classIds": ["Crex crex", "Scolopax rusticola"], "channels": [[{"startTime": 0.0, "endTime": 5.0, "predictions": {"probabilities": [1.3862929336028174e-05, 0.2604849636554718], "logits": []}, "groundTruth": [0.0, 0.0]}, {"startTime": 5.0, "endTime": 10.0, "predictions": {"probabilities": [0.0001638860849197954, 0.14870420098304749], "logits": []}, "groundTruth": [0.0, 0.0]}, {"startTime": 10.0, "endTime": 15.0, "predictions": {"probabilities": [3.656571152532706e-06, 3.432510493439622e-05], "logits": []}, "groundTruth": [0.0, 0.0]}, {"startTime": 15.0, "endTime": 20.0, "predictions": {"probabilities": [4.299670399632305e-05, 0.003138485597446561], "logits": []}, "groundTruth": [0.0, 0.0]}]]}