{"modelName": "devise-220528-v0-ep33", "version": "1", "fileId": "086b220a11dd48b5bce6c9b2b6af7b54", "classIds": ["Crex crex", "Scolopax rusticola"], "channels": [[{"startTime": 0.0, "endTime": 5.0, "predictions": {"probabilities": [-12.003974914550781, -10.98967456817627], "logits": [NaN, NaN]}, "groundTruth": [0.0, 0.0]}, {"startTime": 5.0, "endTime": 10.0, "predictions": {"probabilities": [-13.450295448303223, -12.940828323364258], "logits": [NaN, NaN]}, "groundTruth": [0.0, 0.0]}, {"startTime": 10.0, "endTime": 15.0, "predictions": {"probabilities": [-11.862139701843262, -10.438712120056152], "logits": [NaN, NaN]}, "groundTruth": [0.0, 0.0]}, {"startTime": 15.0, "endTime": 20.0, "predictions": {"probabilities": [-12.513681411743164, -9.92638874053955], "logits": [NaN, NaN]}, "groundTruth": [0.0, 0.0]}]]}