{"modelName": "devise-220528-v0-ep33", "version": "1", "fileId": "086b220a11dd48b5bce6c9b2b6af7b54", "classIds": ["Crex crex", "Scolopax rusticola"], "channels": [[{"startTime": 0.0, "endTime": 5.0, "predictions": {"probabilities": [6.119800673332065e-06, 1.6874761058716103e-05], "logits": []}, "groundTruth": [0.0, 0.0]}, {"startTime": 5.0, "endTime": 10.0, "predictions": {"probabilities": [1.440821847609186e-06, 2.3981074264156632e-06], "logits": []}, "groundTruth": [0.0, 0.0]}, {"startTime": 10.0, "endTime": 15.0, "predictions": {"probabilities": [7.0523701651836745e-06, 2.927603418356739e-05], "logits": []}, "groundTruth": [0.0, 0.0]}, {"startTime": 15.0, "endTime": 20.0, "predictions": {"probabilities": [3.6760009152203565e-06, 4.886556416749954e-05], "logits": []}, "groundTruth": [0.0, 0.0]}]]}