{"modelName": "devise-220528-v0-ep33", "version": "1", "fileId": "08a744d618db41089a9a2ad2ac8500ad", "classIds": ["Crex crex", "Scolopax rusticola"], "channels": [[{"startTime": 0.0, "endTime": 5.0, "predictions": {"probabilities": [-11.414005279541016, -7.20780611038208], "logits": [NaN, NaN]}, "groundTruth": [0.0, 0.0]}, {"startTime": 5.0, "endTime": 10.0, "predictions": {"probabilities": [-11.884294509887695, -10.391828536987305], "logits": [NaN, NaN]}, "groundTruth": [0.0, 0.0]}, {"startTime": 10.0, "endTime": 15.0, "predictions": {"probabilities": [-18.405654907226562, -19.479829788208008], "logits": [NaN, NaN]}, "groundTruth": [0.0, 0.0]}, {"startTime": 15.0, "endTime": 20.0, "predictions": {"probabilities": [-14.005903244018555, -9.306973457336426], "logits": [NaN, NaN]}, "groundTruth": [0.0, 0.0]}]]}