{"modelName": "devise-220528-v0-ep33", "version": "1", "fileId": "0909bcf2e98543319224f770d1ee603a", "classIds": ["Crex crex", "Scolopax rusticola"], "channels": [[{"startTime": 0.0, "endTime": 5.0, "predictions": {"probabilities": [5.4485408327309415e-06, 0.0007004443323239684], "logits": []}, "groundTruth": [0.0, 0.0]}, {"startTime": 5.0, "endTime": 10.0, "predictions": {"probabilities": [1.9865017748088576e-05, 0.0034231788013130426], "logits": []}, "groundTruth": [0.0, 0.0]}, {"startTime": 10.0, "endTime": 15.0, "predictions": {"probabilities": [9.22992876439821e-06, 0.00043876521522179246], "logits": []}, "groundTruth": [0.0, 0.0]}, {"startTime": 15.0, "endTime": 20.0, "predictions": {"probabilities": [7.332634413614869e-05, 0.0002648535300977528], "logits": []}, "groundTruth": [0.0, 0.0]}]]}