{"modelName": "devise-220528-v0-ep33", "version": "1", "fileId": "09192cefb8de41e0bbf803ef67df227f", "classIds": ["Crex crex", "Scolopax rusticola"], "channels": [[{"startTime": 0.0, "endTime": 5.0, "predictions": {"probabilities": [6.126687139840215e-07, 1.9377946955501102e-05], "logits": []}, "groundTruth": [0.0, 0.0]}, {"startTime": 5.0, "endTime": 10.0, "predictions": {"probabilities": [7.779279087571922e-08, 2.57867033282011e-10], "logits": []}, "groundTruth": [0.0, 0.0]}, {"startTime": 10.0, "endTime": 15.0, "predictions": {"probabilities": [5.411848036374067e-08, 7.57103180148988e-09], "logits": []}, "groundTruth": [0.0, 0.0]}, {"startTime": 15.0, "endTime": 20.0, "predictions": {"probabilities": [2.374529373128098e-08, 5.065720065644541e-10], "logits": []}, "groundTruth": [0.0, 0.0]}]]}