{"modelName": "devise-220528-v0-ep33", "version": "1", "fileId": "098573b6e9b54787810788f4ab904e42", "classIds": ["Crex crex", "Scolopax rusticola"], "channels": [[{"startTime": 0.0, "endTime": 5.0, "predictions": {"probabilities": [-7.9756622314453125, -7.226552486419678], "logits": [NaN, NaN]}, "groundTruth": [0.0, 0.0]}, {"startTime": 5.0, "endTime": 10.0, "predictions": {"probabilities": [-5.104098796844482, -9.218737602233887], "logits": [NaN, NaN]}, "groundTruth": [0.0, 0.0]}, {"startTime": 10.0, "endTime": 15.0, "predictions": {"probabilities": [-8.071822166442871, -10.499113082885742], "logits": [NaN, NaN]}, "groundTruth": [0.0, 0.0]}, {"startTime": 15.0, "endTime": 20.0, "predictions": {"probabilities": [-9.719931602478027, -12.834187507629395], "logits": [NaN, NaN]}, "groundTruth": [0.0, 0.0]}]]}