{"modelName": "devise-220528-v0-ep33", "version": "1", "fileId": "09f5a17d8d3f496dab269a808f1b2638", "classIds": ["Crex crex", "Scolopax rusticola"], "channels": [[{"startTime": 0.0, "endTime": 5.0, "predictions": {"probabilities": [8.441032832706696e-07, 6.528918561343744e-08], "logits": []}, "groundTruth": [0.0, 0.0]}, {"startTime": 5.0, "endTime": 10.0, "predictions": {"probabilities": [3.927366876155247e-08, 5.784089207594434e-09], "logits": []}, "groundTruth": [0.0, 0.0]}, {"startTime": 10.0, "endTime": 15.0, "predictions": {"probabilities": [7.771389931576778e-08, 3.8720182260476577e-07], "logits": []}, "groundTruth": [0.0, 0.0]}, {"startTime": 15.0, "endTime": 20.0, "predictions": {"probabilities": [5.594309371304007e-08, 4.35584318614346e-10], "logits": []}, "groundTruth": [0.0, 0.0]}]]}