{"modelName": "devise-220528-v0-ep33", "version": "1", "fileId": "0b83693116ea4d6bbb7aa21beec99000", "classIds": ["Crex crex", "Scolopax rusticola"], "channels": [[{"startTime": 0.0, "endTime": 5.0, "predictions": {"probabilities": [-8.298274040222168, -7.029239177703857], "logits": [NaN, NaN]}, "groundTruth": [0.0, 1.0]}, {"startTime": 5.0, "endTime": 10.0, "predictions": {"probabilities": [-14.381174087524414, -7.794775485992432], "logits": [NaN, NaN]}, "groundTruth": [0.0, 1.0]}, {"startTime": 10.0, "endTime": 15.0, "predictions": {"probabilities": [-12.680380821228027, 0.06309522688388824], "logits": [NaN, -2.697936534881592]}, "groundTruth": [0.0, 1.0]}]]}