{"modelName": "devise-220528-v0-ep33", "version": "1", "fileId": "0ba2f0c5bb8649abbad34fd41f0ba3be", "classIds": ["Crex crex", "Scolopax rusticola"], "channels": [[{"startTime": 0.0, "endTime": 5.0, "predictions": {"probabilities": [4.760894345423594e-09, 1.1624269324883585e-09], "logits": []}, "groundTruth": [0.0, 0.0]}, {"startTime": 5.0, "endTime": 10.0, "predictions": {"probabilities": [5.096582356145518e-08, 2.052315428713314e-09], "logits": []}, "groundTruth": [0.0, 0.0]}, {"startTime": 10.0, "endTime": 15.0, "predictions": {"probabilities": [3.087058757955674e-06, 2.1094427893331158e-07], "logits": []}, "groundTruth": [0.0, 0.0]}, {"startTime": 15.0, "endTime": 20.0, "predictions": {"probabilities": [2.840106372303808e-09, 3.0953370422359683e-10], "logits": []}, "groundTruth": [0.0, 0.0]}]]}