{"modelName": "devise-220528-v0-ep33", "version": "1", "fileId": "0ba2f0c5bb8649abbad34fd41f0ba3be", "classIds": ["Crex crex", "Scolopax rusticola"], "channels": [[{"startTime": 0.0, "endTime": 5.0, "predictions": {"probabilities": [-19.162830352783203, -20.572755813598633], "logits": [NaN, NaN]}, "groundTruth": [0.0, 0.0]}, {"startTime": 5.0, "endTime": 10.0, "predictions": {"probabilities": [-16.792110443115234, -20.004297256469727], "logits": [NaN, NaN]}, "groundTruth": [0.0, 0.0]}, {"startTime": 10.0, "endTime": 15.0, "predictions": {"probabilities": [-12.688288688659668, -15.371671676635742], "logits": [NaN, NaN]}, "groundTruth": [0.0, 0.0]}, {"startTime": 15.0, "endTime": 20.0, "predictions": {"probabilities": [-19.679424285888672, -21.895954132080078], "logits": [NaN, NaN]}, "groundTruth": [0.0, 0.0]}]]}