{"modelName": "devise-220528-v0-ep33", "version": "1", "fileId": "0d9cafc18f754d81b8176311d2d85aaf", "classIds": ["Crex crex", "Scolopax rusticola"], "channels": [[{"startTime": 0.0, "endTime": 5.0, "predictions": {"probabilities": [2.201082205388616e-09, 1.6512013978342566e-11], "logits": []}, "groundTruth": [0.0, 0.0]}, {"startTime": 5.0, "endTime": 10.0, "predictions": {"probabilities": [1.476460511184996e-06, 1.6753942588820792e-07], "logits": []}, "groundTruth": [0.0, 0.0]}, {"startTime": 10.0, "endTime": 15.0, "predictions": {"probabilities": [3.0116116267464577e-09, 4.210302245732933e-11], "logits": []}, "groundTruth": [0.0, 0.0]}, {"startTime": 15.0, "endTime": 20.0, "predictions": {"probabilities": [1.568663066109366e-08, 1.3812443376559624e-11], "logits": []}, "groundTruth": [0.0, 0.0]}]]}