{"modelName": "devise-220528-v0-ep33", "version": "1", "fileId": "0e352cc2154b44c98467d3902785294e", "classIds": ["Crex crex", "Scolopax rusticola"], "channels": [[{"startTime": 0.0, "endTime": 5.0, "predictions": {"probabilities": [3.497362195048481e-05, 0.0013831865508109331], "logits": []}, "groundTruth": [0.0, 0.0]}, {"startTime": 5.0, "endTime": 10.0, "predictions": {"probabilities": [5.342734948499128e-05, 0.005721198860555887], "logits": []}, "groundTruth": [0.0, 0.0]}, {"startTime": 10.0, "endTime": 15.0, "predictions": {"probabilities": [0.0001325014600297436, 0.0004944700631313026], "logits": []}, "groundTruth": [0.0, 0.0]}, {"startTime": 15.0, "endTime": 20.0, "predictions": {"probabilities": [0.00010507868864806369, 0.003347932593896985], "logits": []}, "groundTruth": [0.0, 0.0]}]]}