{"modelName": "devise-220528-v0-ep33", "version": "1", "fileId": "0e7e2c0248be4f2e8bc56358caaf1325", "classIds": ["Crex crex", "Scolopax rusticola"], "channels": [[{"startTime": 0.0, "endTime": 5.0, "predictions": {"probabilities": [-16.750118255615234, 10.39412784576416], "logits": [NaN, NaN]}, "groundTruth": [0.0, 0.0]}, {"startTime": 5.0, "endTime": 10.0, "predictions": {"probabilities": [-19.048303604125977, 17.02500343322754], "logits": [NaN, NaN]}, "groundTruth": [0.0, 1.0]}, {"startTime": 10.0, "endTime": 15.0, "predictions": {"probabilities": [-17.236820220947266, 10.751687049865723], "logits": [NaN, NaN]}, "groundTruth": [0.0, 1.0]}, {"startTime": 12.0, "endTime": 17.0, "predictions": {"probabilities": [-14.439732551574707, -4.687450885772705], "logits": [NaN, NaN]}, "groundTruth": [0.0, 0.0]}]]}