{"modelName": "devise-220528-v0-ep33", "version": "1", "fileId": "0ebbb95312c445cbbd22294c1de308f6", "classIds": ["Crex crex", "Scolopax rusticola"], "channels": [[{"startTime": 0.0, "endTime": 5.0, "predictions": {"probabilities": [-13.763476371765137, -11.946876525878906], "logits": [NaN, NaN]}, "groundTruth": [0.0, 0.0]}, {"startTime": 5.0, "endTime": 10.0, "predictions": {"probabilities": [-14.954737663269043, -20.036975860595703], "logits": [NaN, NaN]}, "groundTruth": [0.0, 0.0]}, {"startTime": 10.0, "endTime": 15.0, "predictions": {"probabilities": [-19.3734188079834, -27.067350387573242], "logits": [NaN, NaN]}, "groundTruth": [0.0, 0.0]}, {"startTime": 15.0, "endTime": 20.0, "predictions": {"probabilities": [-16.431472778320312, -23.50041961669922], "logits": [NaN, NaN]}, "groundTruth": [0.0, 0.0]}]]}