{"modelName": "devise-220528-v0-ep33", "version": "1", "fileId": "0f13ded4ae7d496c97fce09d4c9d4fac", "classIds": ["Crex crex", "Scolopax rusticola"], "channels": [[{"startTime": 0.0, "endTime": 5.0, "predictions": {"probabilities": [-10.606507301330566, -11.723098754882812], "logits": [NaN, NaN]}, "groundTruth": [0.0, 0.0]}, {"startTime": 5.0, "endTime": 10.0, "predictions": {"probabilities": [-17.706195831298828, -23.391145706176758], "logits": [NaN, NaN]}, "groundTruth": [0.0, 0.0]}, {"startTime": 10.0, "endTime": 15.0, "predictions": {"probabilities": [-12.308173179626465, -14.264724731445312], "logits": [NaN, NaN]}, "groundTruth": [0.0, 0.0]}, {"startTime": 15.0, "endTime": 20.0, "predictions": {"probabilities": [-16.326200485229492, -14.819182395935059], "logits": [NaN, NaN]}, "groundTruth": [0.0, 0.0]}]]}