{"modelName": "devise-220528-v0-ep33", "version": "1", "fileId": "0f803de9b992429fa6d80defde884867", "classIds": ["Crex crex", "Scolopax rusticola"], "channels": [[{"startTime": 0.0, "endTime": 5.0, "predictions": {"probabilities": [-12.490129470825195, -10.155243873596191], "logits": [NaN, NaN]}, "groundTruth": [0.0, 0.0]}, {"startTime": 5.0, "endTime": 10.0, "predictions": {"probabilities": [-9.16561222076416, -10.533980369567871], "logits": [NaN, NaN]}, "groundTruth": [0.0, 0.0]}, {"startTime": 10.0, "endTime": 15.0, "predictions": {"probabilities": [-8.821635246276855, -9.013010025024414], "logits": [NaN, NaN]}, "groundTruth": [0.0, 0.0]}, {"startTime": 15.0, "endTime": 20.0, "predictions": {"probabilities": [-8.60300064086914, -11.063867568969727], "logits": [NaN, NaN]}, "groundTruth": [0.0, 0.0]}]]}