{"modelName": "devise-220528-v0-ep33", "version": "1", "fileId": "0f803de9b992429fa6d80defde884867", "classIds": ["Crex crex", "Scolopax rusticola"], "channels": [[{"startTime": 0.0, "endTime": 5.0, "predictions": {"probabilities": [3.763605036510853e-06, 3.8870199205121025e-05], "logits": []}, "groundTruth": [0.0, 0.0]}, {"startTime": 5.0, "endTime": 10.0, "predictions": {"probabilities": [0.00010456341988174245, 2.661576036189217e-05], "logits": []}, "groundTruth": [0.0, 0.0]}, {"startTime": 10.0, "endTime": 15.0, "predictions": {"probabilities": [0.00014748520334251225, 0.00012179979967186227], "logits": []}, "groundTruth": [0.0, 0.0]}, {"startTime": 15.0, "endTime": 20.0, "predictions": {"probabilities": [0.00018352050392422825, 1.566810897202231e-05], "logits": []}, "groundTruth": [0.0, 0.0]}]]}