{"modelName": "devise-220528-v0-ep33", "version": "1", "fileId": "104681eab82d48898a70f0ea4df2b255", "classIds": ["Crex crex", "Scolopax rusticola"], "channels": [[{"startTime": 0.0, "endTime": 5.0, "predictions": {"probabilities": [1.788543158909306e-05, 1.3630916839701968e-07], "logits": []}, "groundTruth": [0.0, 0.0]}, {"startTime": 5.0, "endTime": 10.0, "predictions": {"probabilities": [0.002752728760242462, 1.587357303378667e-07], "logits": []}, "groundTruth": [0.0, 0.0]}, {"startTime": 10.0, "endTime": 15.0, "predictions": {"probabilities": [1.7438513168599457e-05, 1.8026424797312757e-09], "logits": []}, "groundTruth": [0.0, 0.0]}, {"startTime": 15.0, "endTime": 20.0, "predictions": {"probabilities": [0.0034833746030926704, 2.260485274518942e-07], "logits": []}, "groundTruth": [0.0, 0.0]}]]}