{"modelName": "devise-220528-v0-ep33", "version": "1", "fileId": "104681eab82d48898a70f0ea4df2b255", "classIds": ["Crex crex", "Scolopax rusticola"], "channels": [[{"startTime": 0.0, "endTime": 5.0, "predictions": {"probabilities": [-10.931506156921387, -15.808340072631836], "logits": [NaN, NaN]}, "groundTruth": [0.0, 0.0]}, {"startTime": 5.0, "endTime": 10.0, "predictions": {"probabilities": [-5.892405986785889, -15.656024932861328], "logits": [NaN, NaN]}, "groundTruth": [0.0, 0.0]}, {"startTime": 10.0, "endTime": 15.0, "predictions": {"probabilities": [-10.956811904907227, -20.13401222229004], "logits": [NaN, NaN]}, "groundTruth": [0.0, 0.0]}, {"startTime": 15.0, "endTime": 20.0, "predictions": {"probabilities": [-5.656264305114746, -15.302515983581543], "logits": [NaN, NaN]}, "groundTruth": [0.0, 0.0]}]]}