{"modelName": "devise-220528-v0-ep33", "version": "1", "fileId": "114ed03b1bce4e08a5eac6744bc71ca5", "classIds": ["Crex crex", "Scolopax rusticola"], "channels": [[{"startTime": 0.0, "endTime": 5.0, "predictions": {"probabilities": [1.6439357750641648e-06, 2.338628206643989e-07], "logits": []}, "groundTruth": [0.0, 0.0]}, {"startTime": 5.0, "endTime": 10.0, "predictions": {"probabilities": [8.585097788227358e-08, 6.101311811335108e-08], "logits": []}, "groundTruth": [0.0, 0.0]}, {"startTime": 10.0, "endTime": 15.0, "predictions": {"probabilities": [3.411714715184644e-06, 1.37396709760651e-05], "logits": []}, "groundTruth": [0.0, 0.0]}, {"startTime": 15.0, "endTime": 20.0, "predictions": {"probabilities": [1.134439003180887e-06, 1.9413257177802734e-05], "logits": []}, "groundTruth": [0.0, 0.0]}]]}