{"modelName": "devise-220528-v0-ep33", "version": "1", "fileId": "1194a97d244a4082a5b7b72adccca5b6", "classIds": ["Crex crex", "Scolopax rusticola"], "channels": [[{"startTime": 0.0, "endTime": 5.0, "predictions": {"probabilities": [7.168712272687117e-07, 2.36373534789891e-06], "logits": []}, "groundTruth": [0.0, 0.0]}, {"startTime": 5.0, "endTime": 10.0, "predictions": {"probabilities": [2.2492415610031458e-06, 2.926523166024708e-06], "logits": []}, "groundTruth": [0.0, 0.0]}, {"startTime": 10.0, "endTime": 15.0, "predictions": {"probabilities": [2.856516402971465e-05, 0.001296148169785738], "logits": []}, "groundTruth": [0.0, 0.0]}, {"startTime": 15.0, "endTime": 20.0, "predictions": {"probabilities": [5.0262453441973776e-05, 0.00824983511120081], "logits": []}, "groundTruth": [0.0, 0.0]}]]}