{"modelName": "devise-220528-v0-ep33", "version": "1", "fileId": "11f2a5445fc84e06868e805c723273ae", "classIds": ["Crex crex", "Scolopax rusticola"], "channels": [[{"startTime": 0.0, "endTime": 5.0, "predictions": {"probabilities": [2.074487383652013e-06, 9.3912594820722e-06], "logits": []}, "groundTruth": [0.0, 0.0]}, {"startTime": 5.0, "endTime": 10.0, "predictions": {"probabilities": [2.680514228359243e-07, 1.6851410544749257e-10], "logits": []}, "groundTruth": [0.0, 0.0]}, {"startTime": 10.0, "endTime": 15.0, "predictions": {"probabilities": [4.506516120272863e-07, 4.134303992486821e-07], "logits": []}, "groundTruth": [0.0, 0.0]}, {"startTime": 15.0, "endTime": 20.0, "predictions": {"probabilities": [1.5924330000416376e-05, 2.1417376046883874e-05], "logits": []}, "groundTruth": [0.0, 0.0]}]]}