{"modelName": "devise-220528-v0-ep33", "version": "1", "fileId": "1233750416ed4e47b696ab3b7571dfcb", "classIds": ["Crex crex", "Scolopax rusticola"], "channels": [[{"startTime": 0.0, "endTime": 5.0, "predictions": {"probabilities": [-16.901325225830078, -17.546483993530273], "logits": [NaN, NaN]}, "groundTruth": [0.0, 0.0]}, {"startTime": 5.0, "endTime": 10.0, "predictions": {"probabilities": [-13.900627136230469, -19.567642211914062], "logits": [NaN, NaN]}, "groundTruth": [0.0, 0.0]}, {"startTime": 10.0, "endTime": 15.0, "predictions": {"probabilities": [-12.246975898742676, -15.656651496887207], "logits": [NaN, NaN]}, "groundTruth": [0.0, 0.0]}, {"startTime": 15.0, "endTime": 20.0, "predictions": {"probabilities": [-11.123039245605469, -12.98257827758789], "logits": [NaN, NaN]}, "groundTruth": [0.0, 0.0]}]]}