{"modelName": "devise-220528-v0-ep33", "version": "1", "fileId": "1258c7046cf14ce6bb9dd2b25b278d39", "classIds": ["Crex crex", "Scolopax rusticola"], "channels": [[{"startTime": 0.0, "endTime": 5.0, "predictions": {"probabilities": [2.1984263298691076e-09, 9.605698458869938e-10], "logits": []}, "groundTruth": [0.0, 0.0]}, {"startTime": 5.0, "endTime": 10.0, "predictions": {"probabilities": [1.8880217567129876e-07, 1.0294627827533986e-05], "logits": []}, "groundTruth": [0.0, 0.0]}, {"startTime": 10.0, "endTime": 15.0, "predictions": {"probabilities": [1.807121589081362e-05, 0.0508810393512249], "logits": []}, "groundTruth": [0.0, 0.0]}, {"startTime": 15.0, "endTime": 20.0, "predictions": {"probabilities": [5.0422997333043895e-08, 2.4147157091647387e-06], "logits": []}, "groundTruth": [0.0, 0.0]}]]}