{"modelName": "devise-220528-v0-ep33", "version": "1", "fileId": "1258c7046cf14ce6bb9dd2b25b278d39", "classIds": ["Crex crex", "Scolopax rusticola"], "channels": [[{"startTime": 0.0, "endTime": 5.0, "predictions": {"probabilities": [-19.935523986816406, -20.76349449157715], "logits": [NaN, NaN]}, "groundTruth": [0.0, 0.0]}, {"startTime": 5.0, "endTime": 10.0, "predictions": {"probabilities": [-15.482565879821777, -11.483878135681152], "logits": [NaN, NaN]}, "groundTruth": [0.0, 0.0]}, {"startTime": 10.0, "endTime": 15.0, "predictions": {"probabilities": [-10.921172142028809, -2.926043748855591], "logits": [NaN, NaN]}, "groundTruth": [0.0, 0.0]}, {"startTime": 15.0, "endTime": 20.0, "predictions": {"probabilities": [-16.802818298339844, -12.933926582336426], "logits": [NaN, NaN]}, "groundTruth": [0.0, 0.0]}]]}