{"modelName": "devise-220528-v0-ep33", "version": "1", "fileId": "12709f11159f41eaa06e5ed33611180b", "classIds": ["Crex crex", "Scolopax rusticola"], "channels": [[{"startTime": 0.0, "endTime": 5.0, "predictions": {"probabilities": [2.9870822260136265e-08, 7.844388250077827e-09], "logits": []}, "groundTruth": [0.0, 0.0]}, {"startTime": 5.0, "endTime": 10.0, "predictions": {"probabilities": [3.4536099065007875e-06, 1.7889174159790855e-06], "logits": []}, "groundTruth": [0.0, 0.0]}, {"startTime": 10.0, "endTime": 15.0, "predictions": {"probabilities": [9.5416680778726e-08, 9.450721094594883e-09], "logits": []}, "groundTruth": [0.0, 0.0]}, {"startTime": 15.0, "endTime": 20.0, "predictions": {"probabilities": [1.48137435651563e-09, 9.779377557316699e-14], "logits": []}, "groundTruth": [0.0, 0.0]}]]}