{"modelName": "devise-220528-v0-ep33", "version": "1", "fileId": "12709f11159f41eaa06e5ed33611180b", "classIds": ["Crex crex", "Scolopax rusticola"], "channels": [[{"startTime": 0.0, "endTime": 5.0, "predictions": {"probabilities": [-17.326383590698242, -18.663467407226562], "logits": [NaN, NaN]}, "groundTruth": [0.0, 0.0]}, {"startTime": 5.0, "endTime": 10.0, "predictions": {"probabilities": [-12.57608699798584, -13.233898162841797], "logits": [NaN, NaN]}, "groundTruth": [0.0, 0.0]}, {"startTime": 10.0, "endTime": 15.0, "predictions": {"probabilities": [-16.16501235961914, -18.477174758911133], "logits": [NaN, NaN]}, "groundTruth": [0.0, 0.0]}, {"startTime": 15.0, "endTime": 20.0, "predictions": {"probabilities": [-20.33029556274414, -29.955915451049805], "logits": [NaN, NaN]}, "groundTruth": [0.0, 0.0]}]]}