{"modelName": "devise-220528-v0-ep33", "version": "1", "fileId": "1354270448594ebda5249460594ef4b0", "classIds": ["Crex crex", "Scolopax rusticola"], "channels": [[{"startTime": 0.0, "endTime": 5.0, "predictions": {"probabilities": [-13.987804412841797, -5.427123069763184], "logits": [NaN, NaN]}, "groundTruth": [0.0, 0.0]}, {"startTime": 5.0, "endTime": 10.0, "predictions": {"probabilities": [-15.094818115234375, 4.354310035705566], "logits": [NaN, NaN]}, "groundTruth": [0.0, 1.0]}, {"startTime": 10.0, "endTime": 15.0, "predictions": {"probabilities": [-16.703996658325195, 15.822274208068848], "logits": [NaN, NaN]}, "groundTruth": [0.0, 1.0]}, {"startTime": 15.0, "endTime": 20.0, "predictions": {"probabilities": [-16.597631454467773, -5.391838550567627], "logits": [NaN, NaN]}, "groundTruth": [0.0, 1.0]}]]}