{"modelName": "devise-220528-v0-ep33", "version": "1", "fileId": "1354270448594ebda5249460594ef4b0", "classIds": ["Crex crex", "Scolopax rusticola"], "channels": [[{"startTime": 0.0, "endTime": 5.0, "predictions": {"probabilities": [8.417310937147704e-07, 0.0043764859437942505], "logits": []}, "groundTruth": [0.0, 0.0]}, {"startTime": 5.0, "endTime": 10.0, "predictions": {"probabilities": [2.7822983383885003e-07, 0.9873117208480835], "logits": []}, "groundTruth": [0.0, 1.0]}, {"startTime": 10.0, "endTime": 15.0, "predictions": {"probabilities": [5.5660407838331594e-08, 0.9999998807907104], "logits": []}, "groundTruth": [0.0, 1.0]}, {"startTime": 15.0, "endTime": 20.0, "predictions": {"probabilities": [6.190706614006558e-08, 0.004532952327281237], "logits": []}, "groundTruth": [0.0, 1.0]}]]}