{"modelName": "devise-220528-v0-ep33", "version": "1", "fileId": "1472af877ce944acb2439d1855f2d2a5", "classIds": ["Crex crex", "Scolopax rusticola"], "channels": [[{"startTime": 0.0, "endTime": 5.0, "predictions": {"probabilities": [1.0834405657078605e-06, 1.04320133686997e-06], "logits": []}, "groundTruth": [0.0, 0.0]}, {"startTime": 5.0, "endTime": 10.0, "predictions": {"probabilities": [2.536766032790183e-07, 3.6911376355419634e-07], "logits": []}, "groundTruth": [0.0, 0.0]}, {"startTime": 10.0, "endTime": 15.0, "predictions": {"probabilities": [1.638197844044953e-08, 7.065876772571755e-10], "logits": []}, "groundTruth": [0.0, 0.0]}, {"startTime": 15.0, "endTime": 20.0, "predictions": {"probabilities": [1.2840970384786488e-06, 4.956747261530836e-07], "logits": []}, "groundTruth": [0.0, 0.0]}]]}