{"modelName": "devise-220528-v0-ep33", "version": "1", "fileId": "148d914a379649a58b184262cefc411e", "classIds": ["Crex crex", "Scolopax rusticola"], "channels": [[{"startTime": 0.0, "endTime": 5.0, "predictions": {"probabilities": [-10.707842826843262, -7.46907901763916], "logits": [NaN, NaN]}, "groundTruth": [0.0, 0.0]}, {"startTime": 5.0, "endTime": 10.0, "predictions": {"probabilities": [-10.798133850097656, -6.286375999450684], "logits": [NaN, NaN]}, "groundTruth": [0.0, 0.0]}]]}