{"modelName": "devise-220528-v0-ep33", "version": "1", "fileId": "14deb730cede4fb9baa7add303e56580", "classIds": ["Crex crex", "Scolopax rusticola"], "channels": [[{"startTime": 0.0, "endTime": 5.0, "predictions": {"probabilities": [1.3542638953367714e-05, 0.00014773220755159855], "logits": []}, "groundTruth": [0.0, 1.0]}, {"startTime": 5.0, "endTime": 10.0, "predictions": {"probabilities": [2.9505741849789047e-07, 1.0], "logits": []}, "groundTruth": [0.0, 1.0]}, {"startTime": 10.0, "endTime": 15.0, "predictions": {"probabilities": [1.0703315922455658e-07, 1.0], "logits": []}, "groundTruth": [0.0, 1.0]}, {"startTime": 13.0, "endTime": 18.0, "predictions": {"probabilities": [2.151725766452728e-06, 0.9995558857917786], "logits": []}, "groundTruth": [0.0, 1.0]}]]}