{"modelName": "devise-220528-v0-ep33", "version": "1", "fileId": "15de5c4c1fe044cd82f081d2a0951ae3", "classIds": ["Crex crex", "Scolopax rusticola"], "channels": [[{"startTime": 0.0, "endTime": 5.0, "predictions": {"probabilities": [-14.18786334991455, -15.952768325805664], "logits": [NaN, NaN]}, "groundTruth": [0.0, 0.0]}, {"startTime": 5.0, "endTime": 10.0, "predictions": {"probabilities": [-17.357868194580078, -18.807992935180664], "logits": [NaN, NaN]}, "groundTruth": [0.0, 0.0]}, {"startTime": 10.0, "endTime": 15.0, "predictions": {"probabilities": [-16.72858238220215, -19.274776458740234], "logits": [NaN, NaN]}, "groundTruth": [0.0, 0.0]}, {"startTime": 15.0, "endTime": 20.0, "predictions": {"probabilities": [-16.47010040283203, -17.433528900146484], "logits": [NaN, NaN]}, "groundTruth": [0.0, 0.0]}]]}