{"modelName": "devise-220528-v0-ep33", "version": "1", "fileId": "1605328712b94b758f2baf3733ca7b42", "classIds": ["Crex crex", "Scolopax rusticola"], "channels": [[{"startTime": 0.0, "endTime": 5.0, "predictions": {"probabilities": [-6.675188064575195, -7.561615467071533], "logits": [NaN, NaN]}, "groundTruth": [0.0, 0.0]}, {"startTime": 5.0, "endTime": 10.0, "predictions": {"probabilities": [-8.645593643188477, -6.51620626449585], "logits": [NaN, NaN]}, "groundTruth": [0.0, 0.0]}, {"startTime": 10.0, "endTime": 15.0, "predictions": {"probabilities": [-9.81369400024414, -7.208845615386963], "logits": [NaN, NaN]}, "groundTruth": [0.0, 0.0]}, {"startTime": 15.0, "endTime": 20.0, "predictions": {"probabilities": [-10.5330228805542, -10.101994514465332], "logits": [NaN, NaN]}, "groundTruth": [0.0, 0.0]}]]}