{"modelName": "devise-220528-v0-ep33", "version": "1", "fileId": "167fee951760479e8a44419489196edf", "classIds": ["Crex crex", "Scolopax rusticola"], "channels": [[{"startTime": 0.0, "endTime": 5.0, "predictions": {"probabilities": [-8.214366912841797, -10.271306991577148], "logits": [NaN, NaN]}, "groundTruth": [0.0, 0.0]}, {"startTime": 5.0, "endTime": 10.0, "predictions": {"probabilities": [-9.006423950195312, -7.855632305145264], "logits": [NaN, NaN]}, "groundTruth": [0.0, 0.0]}, {"startTime": 10.0, "endTime": 15.0, "predictions": {"probabilities": [-9.1641263961792, -9.664139747619629], "logits": [NaN, NaN]}, "groundTruth": [0.0, 0.0]}, {"startTime": 15.0, "endTime": 20.0, "predictions": {"probabilities": [-6.9524970054626465, -5.603331565856934], "logits": [NaN, NaN]}, "groundTruth": [0.0, 0.0]}]]}