{"modelName": "devise-220528-v0-ep33", "version": "1", "fileId": "167fee951760479e8a44419489196edf", "classIds": ["Crex crex", "Scolopax rusticola"], "channels": [[{"startTime": 0.0, "endTime": 5.0, "predictions": {"probabilities": [0.0002706625673454255, 3.461091182543896e-05], "logits": []}, "groundTruth": [0.0, 0.0]}, {"startTime": 5.0, "endTime": 10.0, "predictions": {"probabilities": [0.00012260452785994858, 0.00038741278694942594], "logits": []}, "groundTruth": [0.0, 0.0]}, {"startTime": 10.0, "endTime": 15.0, "predictions": {"probabilities": [0.0001047188852680847, 6.351697811624035e-05], "logits": []}, "groundTruth": [0.0, 0.0]}, {"startTime": 15.0, "endTime": 20.0, "predictions": {"probabilities": [0.0009553309064358473, 0.0036720309872180223], "logits": []}, "groundTruth": [0.0, 0.0]}]]}