{"modelName": "devise-220528-v0-ep33", "version": "1", "fileId": "172f57582c864d0d840b005af0afa0b0", "classIds": ["Crex crex", "Scolopax rusticola"], "channels": [[{"startTime": 0.0, "endTime": 5.0, "predictions": {"probabilities": [8.43238813104108e-05, 0.00042088082409463823], "logits": []}, "groundTruth": [0.0, 0.0]}, {"startTime": 5.0, "endTime": 10.0, "predictions": {"probabilities": [4.261875346855959e-06, 2.3923646949697286e-05], "logits": []}, "groundTruth": [0.0, 0.0]}, {"startTime": 10.0, "endTime": 15.0, "predictions": {"probabilities": [3.4160318591602845e-06, 1.1142406037834007e-05], "logits": []}, "groundTruth": [0.0, 0.0]}, {"startTime": 15.0, "endTime": 20.0, "predictions": {"probabilities": [3.446265850470809e-07, 5.961162514722673e-06], "logits": []}, "groundTruth": [0.0, 0.0]}]]}