{"modelName": "devise-220528-v0-ep33", "version": "1", "fileId": "172f57582c864d0d840b005af0afa0b0", "classIds": ["Crex crex", "Scolopax rusticola"], "channels": [[{"startTime": 0.0, "endTime": 5.0, "predictions": {"probabilities": [-9.38076114654541, -7.772739887237549], "logits": [NaN, NaN]}, "groundTruth": [0.0, 0.0]}, {"startTime": 5.0, "endTime": 10.0, "predictions": {"probabilities": [-12.36579704284668, -10.640619277954102], "logits": [NaN, NaN]}, "groundTruth": [0.0, 0.0]}, {"startTime": 10.0, "endTime": 15.0, "predictions": {"probabilities": [-12.587027549743652, -11.404741287231445], "logits": [NaN, NaN]}, "groundTruth": [0.0, 0.0]}, {"startTime": 15.0, "endTime": 20.0, "predictions": {"probabilities": [-14.880804061889648, -12.03023910522461], "logits": [NaN, NaN]}, "groundTruth": [0.0, 0.0]}]]}