{"modelName": "devise-220528-v0-ep33", "version": "1", "fileId": "174d3727f15c432b8aafd464f8ce2e62", "classIds": ["Crex crex", "Scolopax rusticola"], "channels": [[{"startTime": 0.0, "endTime": 5.0, "predictions": {"probabilities": [-12.334334373474121, -14.02290153503418], "logits": [NaN, NaN]}, "groundTruth": [0.0, 0.0]}, {"startTime": 5.0, "endTime": 10.0, "predictions": {"probabilities": [-13.428383827209473, -13.153786659240723], "logits": [NaN, NaN]}, "groundTruth": [0.0, 0.0]}, {"startTime": 10.0, "endTime": 15.0, "predictions": {"probabilities": [-12.487034797668457, -11.791769027709961], "logits": [NaN, NaN]}, "groundTruth": [0.0, 0.0]}, {"startTime": 15.0, "endTime": 20.0, "predictions": {"probabilities": [-12.197322845458984, -11.580307960510254], "logits": [NaN, NaN]}, "groundTruth": [0.0, 0.0]}]]}