{"modelName": "devise-220528-v0-ep33", "version": "1", "fileId": "174d3727f15c432b8aafd464f8ce2e62", "classIds": ["Crex crex", "Scolopax rusticola"], "channels": [[{"startTime": 0.0, "endTime": 5.0, "predictions": {"probabilities": [4.398096280056052e-06, 8.127012165459746e-07], "logits": []}, "groundTruth": [0.0, 0.0]}, {"startTime": 5.0, "endTime": 10.0, "predictions": {"probabilities": [1.4727409052284202e-06, 1.9381268430151977e-06], "logits": []}, "groundTruth": [0.0, 0.0]}, {"startTime": 10.0, "endTime": 15.0, "predictions": {"probabilities": [3.775270442929468e-06, 7.5665252552425954e-06], "logits": []}, "groundTruth": [0.0, 0.0]}, {"startTime": 15.0, "endTime": 20.0, "predictions": {"probabilities": [5.0439157348591834e-06, 9.348288585897535e-06], "logits": []}, "groundTruth": [0.0, 0.0]}]]}