{"modelName": "devise-220528-v0-ep33", "version": "1", "fileId": "17a15b18feab464db5cfdca0d8799123", "classIds": ["Crex crex", "Scolopax rusticola"], "channels": [[{"startTime": 0.0, "endTime": 5.0, "predictions": {"probabilities": [-12.295960426330566, -12.022774696350098], "logits": [NaN, NaN]}, "groundTruth": [0.0, 0.0]}, {"startTime": 5.0, "endTime": 10.0, "predictions": {"probabilities": [-11.01287841796875, 7.3571062088012695], "logits": [NaN, NaN]}, "groundTruth": [0.0, 1.0]}, {"startTime": 10.0, "endTime": 15.0, "predictions": {"probabilities": [-11.32491683959961, -5.166723251342773], "logits": [NaN, NaN]}, "groundTruth": [0.0, 1.0]}, {"startTime": 11.0, "endTime": 16.0, "predictions": {"probabilities": [-11.463947296142578, -2.9690475463867188], "logits": [NaN, NaN]}, "groundTruth": [0.0, 1.0]}]]}