{"modelName": "devise-220528-v0-ep33", "version": "1", "fileId": "17f83305206c4e779f7c8466b88728ac", "classIds": ["Crex crex", "Scolopax rusticola"], "channels": [[{"startTime": 0.0, "endTime": 5.0, "predictions": {"probabilities": [-8.576221466064453, -4.489792823791504], "logits": [NaN, NaN]}, "groundTruth": [0.0, 0.0]}, {"startTime": 5.0, "endTime": 10.0, "predictions": {"probabilities": [-6.765378952026367, -7.0228190422058105], "logits": [NaN, NaN]}, "groundTruth": [0.0, 0.0]}, {"startTime": 10.0, "endTime": 15.0, "predictions": {"probabilities": [-12.015667915344238, -4.594396591186523], "logits": [NaN, NaN]}, "groundTruth": [0.0, 0.0]}, {"startTime": 15.0, "endTime": 20.0, "predictions": {"probabilities": [-11.465362548828125, -10.7031888961792], "logits": [NaN, NaN]}, "groundTruth": [0.0, 0.0]}]]}