{"modelName": "devise-220528-v0-ep33", "version": "1", "fileId": "1837b600ec384c8294894d0a4643abe2", "classIds": ["Crex crex", "Scolopax rusticola"], "channels": [[{"startTime": 0.0, "endTime": 5.0, "predictions": {"probabilities": [-10.24261474609375, -15.918551445007324], "logits": [NaN, NaN]}, "groundTruth": [0.0, 0.0]}, {"startTime": 5.0, "endTime": 10.0, "predictions": {"probabilities": [-13.828831672668457, -12.781512260437012], "logits": [NaN, NaN]}, "groundTruth": [0.0, 0.0]}, {"startTime": 10.0, "endTime": 15.0, "predictions": {"probabilities": [-15.187117576599121, -14.989593505859375], "logits": [NaN, NaN]}, "groundTruth": [0.0, 0.0]}, {"startTime": 15.0, "endTime": 20.0, "predictions": {"probabilities": [-12.832989692687988, -11.575135231018066], "logits": [NaN, NaN]}, "groundTruth": [0.0, 0.0]}]]}