{"modelName": "devise-220528-v0-ep33", "version": "1", "fileId": "1837b600ec384c8294894d0a4643abe2", "classIds": ["Crex crex", "Scolopax rusticola"], "channels": [[{"startTime": 0.0, "endTime": 5.0, "predictions": {"probabilities": [3.561832272680476e-05, 1.220846002070175e-07], "logits": []}, "groundTruth": [0.0, 0.0]}, {"startTime": 5.0, "endTime": 10.0, "predictions": {"probabilities": [9.86766281130258e-07, 2.8122799449192826e-06], "logits": []}, "groundTruth": [0.0, 0.0]}, {"startTime": 10.0, "endTime": 15.0, "predictions": {"probabilities": [2.536988574775023e-07, 3.091022051648906e-07], "logits": []}, "groundTruth": [0.0, 0.0]}, {"startTime": 15.0, "endTime": 20.0, "predictions": {"probabilities": [2.6711743430496426e-06, 9.396769200975541e-06], "logits": []}, "groundTruth": [0.0, 0.0]}]]}