{"modelName": "devise-220528-v0-ep33", "version": "1", "fileId": "1839f51eedeb495dbd5643e8078a2ab6", "classIds": ["Crex crex", "Scolopax rusticola"], "channels": [[{"startTime": 0.0, "endTime": 5.0, "predictions": {"probabilities": [-9.90960693359375, -6.04709529876709], "logits": [NaN, NaN]}, "groundTruth": [0.0, 0.0]}, {"startTime": 5.0, "endTime": 10.0, "predictions": {"probabilities": [-10.19269847869873, -5.586304187774658], "logits": [NaN, NaN]}, "groundTruth": [0.0, 0.0]}, {"startTime": 10.0, "endTime": 15.0, "predictions": {"probabilities": [-10.472404479980469, -6.933436393737793], "logits": [NaN, NaN]}, "groundTruth": [0.0, 0.0]}, {"startTime": 15.0, "endTime": 20.0, "predictions": {"probabilities": [-9.329781532287598, -5.656778335571289], "logits": [NaN, NaN]}, "groundTruth": [0.0, 0.0]}]]}