{"modelName": "devise-220528-v0-ep33", "version": "1", "fileId": "1839f51eedeb495dbd5643e8078a2ab6", "classIds": ["Crex crex", "Scolopax rusticola"], "channels": [[{"startTime": 0.0, "endTime": 5.0, "predictions": {"probabilities": [4.9692494940245524e-05, 0.0023591420613229275], "logits": []}, "groundTruth": [0.0, 0.0]}, {"startTime": 5.0, "endTime": 10.0, "predictions": {"probabilities": [3.744131026905961e-05, 0.003734855679795146], "logits": []}, "groundTruth": [0.0, 0.0]}, {"startTime": 10.0, "endTime": 15.0, "predictions": {"probabilities": [2.8306112653808668e-05, 0.0009736968786455691], "logits": []}, "groundTruth": [0.0, 0.0]}, {"startTime": 15.0, "endTime": 20.0, "predictions": {"probabilities": [8.8733751908876e-05, 0.0034815906547009945], "logits": []}, "groundTruth": [0.0, 0.0]}]]}