{"modelName": "devise-220528-v0-ep33", "version": "1", "fileId": "1971879b1bf847d08b9d3f2ac04f2b70", "classIds": ["Crex crex", "Scolopax rusticola"], "channels": [[{"startTime": 0.0, "endTime": 5.0, "predictions": {"probabilities": [-18.78451156616211, -18.29557228088379], "logits": [NaN, NaN]}, "groundTruth": [0.0, 0.0]}, {"startTime": 5.0, "endTime": 10.0, "predictions": {"probabilities": [-14.714964866638184, -16.452592849731445], "logits": [NaN, NaN]}, "groundTruth": [0.0, 0.0]}, {"startTime": 10.0, "endTime": 15.0, "predictions": {"probabilities": [-11.41130542755127, -12.87121295928955], "logits": [NaN, NaN]}, "groundTruth": [0.0, 0.0]}, {"startTime": 15.0, "endTime": 20.0, "predictions": {"probabilities": [-19.031522750854492, -21.889101028442383], "logits": [NaN, NaN]}, "groundTruth": [0.0, 0.0]}]]}