{"modelName": "devise-220528-v0-ep33", "version": "1", "fileId": "1982be89b59e4ba0bf82d66b8a836cdc", "classIds": ["Crex crex", "Scolopax rusticola"], "channels": [[{"startTime": 0.0, "endTime": 5.0, "predictions": {"probabilities": [8.823926691547967e-06, 0.000494358828291297], "logits": []}, "groundTruth": [0.0, 0.0]}, {"startTime": 5.0, "endTime": 10.0, "predictions": {"probabilities": [7.443122171935102e-07, 9.712783111126555e-08], "logits": []}, "groundTruth": [0.0, 0.0]}, {"startTime": 10.0, "endTime": 15.0, "predictions": {"probabilities": [4.987299906389353e-09, 5.470944230978603e-08], "logits": []}, "groundTruth": [0.0, 0.0]}, {"startTime": 15.0, "endTime": 20.0, "predictions": {"probabilities": [7.516092637160909e-07, 0.00021048630878794938], "logits": []}, "groundTruth": [0.0, 0.0]}]]}