{"modelName": "devise-220528-v0-ep33", "version": "1", "fileId": "1a5f9001eace4a579f3853d6c620cd32", "classIds": ["Crex crex", "Scolopax rusticola"], "channels": [[{"startTime": 0.0, "endTime": 5.0, "predictions": {"probabilities": [-13.382155418395996, -13.395482063293457], "logits": [NaN, NaN]}, "groundTruth": [0.0, 0.0]}, {"startTime": 5.0, "endTime": 10.0, "predictions": {"probabilities": [-12.061417579650879, -13.891159057617188], "logits": [NaN, NaN]}, "groundTruth": [0.0, 0.0]}, {"startTime": 10.0, "endTime": 15.0, "predictions": {"probabilities": [-12.600699424743652, -12.558710098266602], "logits": [NaN, NaN]}, "groundTruth": [0.0, 0.0]}, {"startTime": 15.0, "endTime": 20.0, "predictions": {"probabilities": [-12.817803382873535, -11.66923999786377], "logits": [NaN, NaN]}, "groundTruth": [0.0, 0.0]}]]}