{"modelName": "devise-220528-v0-ep33", "version": "1", "fileId": "1a93a7c1fc414feb9952b0b13a528bed", "classIds": ["Crex crex", "Scolopax rusticola"], "channels": [[{"startTime": 0.0, "endTime": 5.0, "predictions": {"probabilities": [1.835191710597428e-06, 6.605302769457921e-05], "logits": []}, "groundTruth": [0.0, 0.0]}, {"startTime": 5.0, "endTime": 10.0, "predictions": {"probabilities": [2.2615193302044645e-05, 0.00018668107804842293], "logits": []}, "groundTruth": [0.0, 0.0]}, {"startTime": 10.0, "endTime": 15.0, "predictions": {"probabilities": [4.8635038183419965e-06, 0.000909672467969358], "logits": []}, "groundTruth": [0.0, 0.0]}, {"startTime": 15.0, "endTime": 20.0, "predictions": {"probabilities": [2.6649834126146743e-06, 6.87902866047807e-05], "logits": []}, "groundTruth": [0.0, 0.0]}]]}