{"modelName": "devise-220528-v0-ep33", "version": "1", "fileId": "1ae1226b4ef54919a52a14b5d8acfae2", "classIds": ["Crex crex", "Scolopax rusticola"], "channels": [[{"startTime": 0.0, "endTime": 5.0, "predictions": {"probabilities": [-15.59926986694336, -15.081104278564453], "logits": [NaN, NaN]}, "groundTruth": [0.0, 0.0]}, {"startTime": 5.0, "endTime": 10.0, "predictions": {"probabilities": [-17.078807830810547, -22.916349411010742], "logits": [NaN, NaN]}, "groundTruth": [0.0, 0.0]}, {"startTime": 10.0, "endTime": 15.0, "predictions": {"probabilities": [-15.33517074584961, -19.516149520874023], "logits": [NaN, NaN]}, "groundTruth": [0.0, 0.0]}, {"startTime": 15.0, "endTime": 20.0, "predictions": {"probabilities": [-13.308343887329102, -16.92465591430664], "logits": [NaN, NaN]}, "groundTruth": [0.0, 0.0]}]]}