{"modelName": "devise-220528-v0-ep33", "version": "1", "fileId": "1ae1226b4ef54919a52a14b5d8acfae2", "classIds": ["Crex crex", "Scolopax rusticola"], "channels": [[{"startTime": 0.0, "endTime": 5.0, "predictions": {"probabilities": [1.6800534297090053e-07, 2.8207168156768603e-07], "logits": []}, "groundTruth": [0.0, 0.0]}, {"startTime": 5.0, "endTime": 10.0, "predictions": {"probabilities": [3.826202998880035e-08, 1.1157218204882469e-10], "logits": []}, "groundTruth": [0.0, 0.0]}, {"startTime": 10.0, "endTime": 15.0, "predictions": {"probabilities": [2.187861554148185e-07, 3.3438281032971418e-09], "logits": []}, "groundTruth": [0.0, 0.0]}, {"startTime": 15.0, "endTime": 20.0, "predictions": {"probabilities": [1.660576799622504e-06, 4.463908709340103e-08], "logits": []}, "groundTruth": [0.0, 0.0]}]]}