{"modelName": "devise-220528-v0-ep33", "version": "1", "fileId": "1ba28cb8d1cd4bfea008adc7882cfc4b", "classIds": ["Crex crex", "Scolopax rusticola"], "channels": [[{"startTime": 0.0, "endTime": 5.0, "predictions": {"probabilities": [2.6964772814608295e-07, 5.744093201087708e-09], "logits": []}, "groundTruth": [0.0, 0.0]}, {"startTime": 5.0, "endTime": 10.0, "predictions": {"probabilities": [0.00014459658996202052, 0.0006162669160403311], "logits": []}, "groundTruth": [0.0, 0.0]}, {"startTime": 10.0, "endTime": 15.0, "predictions": {"probabilities": [1.0045879207609687e-05, 7.303531788238615e-07], "logits": []}, "groundTruth": [0.0, 0.0]}, {"startTime": 15.0, "endTime": 20.0, "predictions": {"probabilities": [3.2691550586605445e-06, 8.824205724522471e-05], "logits": []}, "groundTruth": [0.0, 0.0]}]]}