{"modelName": "devise-220528-v0-ep33", "version": "1", "fileId": "1ba3db4c06f541ed9ca6277958f1681c", "classIds": ["Crex crex", "Scolopax rusticola"], "channels": [[{"startTime": 0.0, "endTime": 5.0, "predictions": {"probabilities": [-11.472881317138672, -11.548140525817871], "logits": [NaN, NaN]}, "groundTruth": [0.0, 0.0]}, {"startTime": 5.0, "endTime": 10.0, "predictions": {"probabilities": [-8.039480209350586, -5.007238864898682], "logits": [NaN, NaN]}, "groundTruth": [0.0, 0.0]}, {"startTime": 10.0, "endTime": 15.0, "predictions": {"probabilities": [-9.234260559082031, -12.370882034301758], "logits": [NaN, NaN]}, "groundTruth": [0.0, 0.0]}, {"startTime": 15.0, "endTime": 20.0, "predictions": {"probabilities": [-11.337453842163086, -11.6495943069458], "logits": [NaN, NaN]}, "groundTruth": [0.0, 0.0]}]]}