{"modelName": "devise-220528-v0-ep33", "version": "1", "fileId": "1ba3db4c06f541ed9ca6277958f1681c", "classIds": ["Crex crex", "Scolopax rusticola"], "channels": [[{"startTime": 0.0, "endTime": 5.0, "predictions": {"probabilities": [1.0408459274913184e-05, 9.653885172156151e-06], "logits": []}, "groundTruth": [0.0, 0.0]}, {"startTime": 5.0, "endTime": 10.0, "predictions": {"probabilities": [0.00032237256527878344, 0.006644898094236851], "logits": []}, "groundTruth": [0.0, 0.0]}, {"startTime": 10.0, "endTime": 15.0, "predictions": {"probabilities": [9.762682748259977e-05, 4.24025847678422e-06], "logits": []}, "groundTruth": [0.0, 0.0]}, {"startTime": 15.0, "endTime": 20.0, "predictions": {"probabilities": [1.19179403554881e-05, 8.722514394321479e-06], "logits": []}, "groundTruth": [0.0, 0.0]}]]}