{"modelName": "devise-220528-v0-ep33", "version": "1", "fileId": "1cc419f062e44ce09976fcef8d9a0f76", "classIds": ["Crex crex", "Scolopax rusticola"], "channels": [[{"startTime": 0.0, "endTime": 5.0, "predictions": {"probabilities": [2.4130047677317634e-05, 0.03726307302713394], "logits": []}, "groundTruth": [0.0, 0.0]}, {"startTime": 5.0, "endTime": 10.0, "predictions": {"probabilities": [0.001726699760183692, 0.00011680333409458399], "logits": []}, "groundTruth": [0.0, 0.0]}, {"startTime": 10.0, "endTime": 15.0, "predictions": {"probabilities": [0.00011664028716040775, 0.0020121452398598194], "logits": []}, "groundTruth": [0.0, 0.0]}, {"startTime": 15.0, "endTime": 20.0, "predictions": {"probabilities": [0.0009143789066001773, 0.0016134076286107302], "logits": []}, "groundTruth": [0.0, 0.0]}]]}