{"modelName": "devise-220528-v0-ep33", "version": "1", "fileId": "1d15fa3a34e44e7983728ed9f03b4df5", "classIds": ["Crex crex", "Scolopax rusticola"], "channels": [[{"startTime": 0.0, "endTime": 5.0, "predictions": {"probabilities": [-13.580636024475098, -14.732586860656738], "logits": [NaN, NaN]}, "groundTruth": [0.0, 0.0]}, {"startTime": 5.0, "endTime": 10.0, "predictions": {"probabilities": [-10.420748710632324, -4.860592842102051], "logits": [NaN, NaN]}, "groundTruth": [0.0, 0.0]}, {"startTime": 10.0, "endTime": 15.0, "predictions": {"probabilities": [-16.378087997436523, -25.997486114501953], "logits": [NaN, NaN]}, "groundTruth": [0.0, 0.0]}, {"startTime": 15.0, "endTime": 20.0, "predictions": {"probabilities": [-11.249070167541504, -10.659406661987305], "logits": [NaN, NaN]}, "groundTruth": [0.0, 0.0]}]]}