{"modelName": "devise-220528-v0-ep33", "version": "1", "fileId": "1d15fa3a34e44e7983728ed9f03b4df5", "classIds": ["Crex crex", "Scolopax rusticola"], "channels": [[{"startTime": 0.0, "endTime": 5.0, "predictions": {"probabilities": [1.2647484481931315e-06, 3.9968571741155756e-07], "logits": []}, "groundTruth": [0.0, 0.0]}, {"startTime": 5.0, "endTime": 10.0, "predictions": {"probabilities": [2.980666613439098e-05, 0.0076863523572683334], "logits": []}, "groundTruth": [0.0, 0.0]}, {"startTime": 10.0, "endTime": 15.0, "predictions": {"probabilities": [7.710573868280335e-08, 5.1219488719778106e-12], "logits": []}, "groundTruth": [0.0, 0.0]}, {"startTime": 15.0, "endTime": 20.0, "predictions": {"probabilities": [1.30192283904762e-05, 2.347838926652912e-05], "logits": []}, "groundTruth": [0.0, 0.0]}]]}