{"modelName": "devise-220528-v0-ep33", "version": "1", "fileId": "1d4527e367dd453381b8d57643887373", "classIds": ["Crex crex", "Scolopax rusticola"], "channels": [[{"startTime": 0.0, "endTime": 5.0, "predictions": {"probabilities": [-13.966773986816406, -13.458767890930176], "logits": [NaN, NaN]}, "groundTruth": [0.0, 0.0]}, {"startTime": 5.0, "endTime": 10.0, "predictions": {"probabilities": [-11.701129913330078, -11.102526664733887], "logits": [NaN, NaN]}, "groundTruth": [0.0, 0.0]}, {"startTime": 10.0, "endTime": 15.0, "predictions": {"probabilities": [-10.997671127319336, -13.433854103088379], "logits": [NaN, NaN]}, "groundTruth": [0.0, 0.0]}, {"startTime": 15.0, "endTime": 20.0, "predictions": {"probabilities": [-10.837000846862793, -12.632667541503906], "logits": [NaN, NaN]}, "groundTruth": [0.0, 0.0]}]]}