{"modelName": "devise-220528-v0-ep33", "version": "1", "fileId": "1eb84690af7244418c29135f6a0023c5", "classIds": ["Crex crex", "Scolopax rusticola"], "channels": [[{"startTime": 0.0, "endTime": 5.0, "predictions": {"probabilities": [-10.2306547164917, -9.956872940063477], "logits": [NaN, NaN]}, "groundTruth": [0.0, 1.0]}, {"startTime": 5.0, "endTime": 10.0, "predictions": {"probabilities": [-20.039316177368164, 35.853694915771484], "logits": [NaN, NaN]}, "groundTruth": [0.0, 1.0]}, {"startTime": 10.0, "endTime": 15.0, "predictions": {"probabilities": [-14.430874824523926, 22.952791213989258], "logits": [NaN, NaN]}, "groundTruth": [0.0, 1.0]}, {"startTime": 13.0, "endTime": 18.0, "predictions": {"probabilities": [-9.37604808807373, 1.3202757835388184], "logits": [NaN, NaN]}, "groundTruth": [0.0, 1.0]}]]}