{"modelName": "devise-220528-v0-ep33", "version": "1", "fileId": "1f29c4c8f41c42cda29e44620dfdc4d7", "classIds": ["Crex crex", "Scolopax rusticola"], "channels": [[{"startTime": 0.0, "endTime": 5.0, "predictions": {"probabilities": [1.606064969905674e-08, 4.8271054708948213e-08], "logits": []}, "groundTruth": [0.0, 0.0]}, {"startTime": 5.0, "endTime": 10.0, "predictions": {"probabilities": [9.19208559935214e-06, 6.176763235998806e-06], "logits": []}, "groundTruth": [0.0, 0.0]}, {"startTime": 10.0, "endTime": 15.0, "predictions": {"probabilities": [8.609958968008868e-06, 3.4579697967274114e-05], "logits": []}, "groundTruth": [0.0, 0.0]}, {"startTime": 15.0, "endTime": 20.0, "predictions": {"probabilities": [6.862460395495873e-06, 2.5644580091466196e-05], "logits": []}, "groundTruth": [0.0, 0.0]}]]}