{"modelName": "devise-220528-v0-ep33", "version": "1", "fileId": "1f9fdc67200048c0868689e2cd1fd156", "classIds": ["Crex crex", "Scolopax rusticola"], "channels": [[{"startTime": 0.0, "endTime": 5.0, "predictions": {"probabilities": [-13.251118659973145, -15.992382049560547], "logits": [NaN, NaN]}, "groundTruth": [0.0, 0.0]}, {"startTime": 5.0, "endTime": 10.0, "predictions": {"probabilities": [-13.181625366210938, -7.200506687164307], "logits": [NaN, NaN]}, "groundTruth": [0.0, 0.0]}, {"startTime": 10.0, "endTime": 15.0, "predictions": {"probabilities": [-14.286627769470215, -13.268372535705566], "logits": [NaN, NaN]}, "groundTruth": [0.0, 0.0]}, {"startTime": 15.0, "endTime": 20.0, "predictions": {"probabilities": [-15.162758827209473, 13.748109817504883], "logits": [NaN, NaN]}, "groundTruth": [0.0, 0.0]}]]}