{"modelName": "devise-220528-v0-ep33", "version": "1", "fileId": "1f9fdc67200048c0868689e2cd1fd156", "classIds": ["Crex crex", "Scolopax rusticola"], "channels": [[{"startTime": 0.0, "endTime": 5.0, "predictions": {"probabilities": [1.7583751059646602e-06, 1.1339572125734776e-07], "logits": []}, "groundTruth": [0.0, 0.0]}, {"startTime": 5.0, "endTime": 10.0, "predictions": {"probabilities": [1.8849159459932707e-06, 0.000745651195757091], "logits": []}, "groundTruth": [0.0, 0.0]}, {"startTime": 10.0, "endTime": 15.0, "predictions": {"probabilities": [6.243039933906402e-07, 1.728296638248139e-06], "logits": []}, "groundTruth": [0.0, 0.0]}, {"startTime": 15.0, "endTime": 20.0, "predictions": {"probabilities": [2.599545325665531e-07, 0.999998927116394], "logits": []}, "groundTruth": [0.0, 0.0]}]]}