{"modelName": "devise-220528-v0-ep33", "version": "1", "fileId": "1fc03d9fecb94097b3c26cc24508544d", "classIds": ["Crex crex", "Scolopax rusticola"], "channels": [[{"startTime": 0.0, "endTime": 5.0, "predictions": {"probabilities": [-5.936779022216797, -18.7462215423584], "logits": [NaN, NaN]}, "groundTruth": [0.0, 0.0]}, {"startTime": 5.0, "endTime": 10.0, "predictions": {"probabilities": [-2.2607381343841553, -16.331514358520508], "logits": [NaN, NaN]}, "groundTruth": [0.0, 0.0]}, {"startTime": 10.0, "endTime": 15.0, "predictions": {"probabilities": [-2.969926357269287, -9.82385540008545], "logits": [NaN, NaN]}, "groundTruth": [0.0, 0.0]}, {"startTime": 15.0, "endTime": 20.0, "predictions": {"probabilities": [-8.000042915344238, -11.036781311035156], "logits": [NaN, NaN]}, "groundTruth": [0.0, 0.0]}]]}