{"modelName": "devise-220528-v0-ep33", "version": "1", "fileId": "20c67abaf5b048da85c4f7db126b5c27", "classIds": ["Crex crex", "Scolopax rusticola"], "channels": [[{"startTime": 0.0, "endTime": 5.0, "predictions": {"probabilities": [-14.644999504089355, -11.204680442810059], "logits": [NaN, NaN]}, "groundTruth": [0.0, 0.0]}, {"startTime": 5.0, "endTime": 10.0, "predictions": {"probabilities": [-17.28944206237793, -15.643115043640137], "logits": [NaN, NaN]}, "groundTruth": [0.0, 0.0]}, {"startTime": 10.0, "endTime": 15.0, "predictions": {"probabilities": [-12.099367141723633, -10.257049560546875], "logits": [NaN, NaN]}, "groundTruth": [0.0, 0.0]}, {"startTime": 15.0, "endTime": 20.0, "predictions": {"probabilities": [-20.177513122558594, -19.718177795410156], "logits": [NaN, NaN]}, "groundTruth": [0.0, 0.0]}]]}