{"modelName": "devise-220528-v0-ep33", "version": "1", "fileId": "20f5fb3c7a304c9daaa96719db510676", "classIds": ["Crex crex", "Scolopax rusticola"], "channels": [[{"startTime": 0.0, "endTime": 5.0, "predictions": {"probabilities": [3.957350600103382e-06, 4.424531653057784e-05], "logits": []}, "groundTruth": [0.0, 0.0]}, {"startTime": 5.0, "endTime": 10.0, "predictions": {"probabilities": [5.660339752466825e-07, 4.611371423379751e-06], "logits": []}, "groundTruth": [0.0, 0.0]}, {"startTime": 10.0, "endTime": 15.0, "predictions": {"probabilities": [1.4814374480920378e-05, 7.82673159847036e-05], "logits": []}, "groundTruth": [0.0, 0.0]}, {"startTime": 15.0, "endTime": 20.0, "predictions": {"probabilities": [1.30242301565886e-06, 5.125716597831342e-07], "logits": []}, "groundTruth": [0.0, 0.0]}]]}