{"modelName": "devise-220528-v0-ep33", "version": "1", "fileId": "2120c208351547c2a326ab24982bd30b", "classIds": ["Crex crex", "Scolopax rusticola"], "channels": [[{"startTime": 0.0, "endTime": 5.0, "predictions": {"probabilities": [-13.323482513427734, 3.5121374130249023], "logits": [NaN, NaN]}, "groundTruth": [0.0, 1.0]}, {"startTime": 5.0, "endTime": 10.0, "predictions": {"probabilities": [-16.173242568969727, 0.7426335215568542], "logits": [NaN, 1.059701681137085]}, "groundTruth": [0.0, 1.0]}, {"startTime": 8.0, "endTime": 13.0, "predictions": {"probabilities": [-14.403079986572266, 5.309886932373047], "logits": [NaN, NaN]}, "groundTruth": [0.0, 0.0]}]]}