{"modelName": "devise-220528-v0-ep33", "version": "1", "fileId": "218b3f98057e44bbb8c9a6d8ac71333a", "classIds": ["Crex crex", "Scolopax rusticola"], "channels": [[{"startTime": 0.0, "endTime": 5.0, "predictions": {"probabilities": [-9.08604621887207, -9.561437606811523], "logits": [NaN, NaN]}, "groundTruth": [0.0, 0.0]}, {"startTime": 5.0, "endTime": 10.0, "predictions": {"probabilities": [-11.060646057128906, -7.97037935256958], "logits": [NaN, NaN]}, "groundTruth": [0.0, 0.0]}, {"startTime": 10.0, "endTime": 15.0, "predictions": {"probabilities": [-9.662099838256836, 0.21119657158851624], "logits": [NaN, -1.31772780418396]}, "groundTruth": [0.0, 0.0]}, {"startTime": 15.0, "endTime": 20.0, "predictions": {"probabilities": [-10.910968780517578, -4.084140300750732], "logits": [NaN, NaN]}, "groundTruth": [0.0, 0.0]}]]}