{"modelName": "devise-220528-v0-ep33", "version": "1", "fileId": "22896f8d46464c90be5b7c6566f94f8f", "classIds": ["Crex crex", "Scolopax rusticola"], "channels": [[{"startTime": 0.0, "endTime": 5.0, "predictions": {"probabilities": [3.8408089153563196e-07, 3.465929410140234e-07], "logits": []}, "groundTruth": [0.0, 0.0]}, {"startTime": 5.0, "endTime": 10.0, "predictions": {"probabilities": [2.4718385560618117e-08, 5.142234840604942e-06], "logits": []}, "groundTruth": [0.0, 0.0]}, {"startTime": 10.0, "endTime": 15.0, "predictions": {"probabilities": [0.029074963182210922, 0.004809275735169649], "logits": []}, "groundTruth": [0.0, 0.0]}, {"startTime": 15.0, "endTime": 20.0, "predictions": {"probabilities": [0.00013195349310990423, 0.00039811042370274663], "logits": []}, "groundTruth": [0.0, 0.0]}]]}