{"modelName": "devise-220528-v0-ep33", "version": "1", "fileId": "228abcf5e6124efbb6433b0f0139e642", "classIds": ["Crex crex", "Scolopax rusticola"], "channels": [[{"startTime": 0.0, "endTime": 5.0, "predictions": {"probabilities": [-10.533490180969238, -16.267812728881836], "logits": [NaN, NaN]}, "groundTruth": [0.0, 0.0]}, {"startTime": 5.0, "endTime": 10.0, "predictions": {"probabilities": [-16.433862686157227, -14.046761512756348], "logits": [NaN, NaN]}, "groundTruth": [0.0, 0.0]}, {"startTime": 10.0, "endTime": 15.0, "predictions": {"probabilities": [-8.126805305480957, -15.593490600585938], "logits": [NaN, NaN]}, "groundTruth": [0.0, 0.0]}, {"startTime": 15.0, "endTime": 20.0, "predictions": {"probabilities": [-15.8213472366333, -18.956836700439453], "logits": [NaN, NaN]}, "groundTruth": [0.0, 0.0]}]]}