{"modelName": "devise-220528-v0-ep33", "version": "1", "fileId": "228abcf5e6124efbb6433b0f0139e642", "classIds": ["Crex crex", "Scolopax rusticola"], "channels": [[{"startTime": 0.0, "endTime": 5.0, "predictions": {"probabilities": [2.6628811610862613e-05, 8.609514168256283e-08], "logits": []}, "groundTruth": [0.0, 0.0]}, {"startTime": 5.0, "endTime": 10.0, "predictions": {"probabilities": [7.292292281135815e-08, 7.935396411085094e-07], "logits": []}, "groundTruth": [0.0, 0.0]}, {"startTime": 10.0, "endTime": 15.0, "predictions": {"probabilities": [0.0002954234660137445, 1.689790991576956e-07], "logits": []}, "groundTruth": [0.0, 0.0]}, {"startTime": 15.0, "endTime": 20.0, "predictions": {"probabilities": [1.345476476899421e-07, 5.849927209311545e-09], "logits": []}, "groundTruth": [0.0, 0.0]}]]}