{"modelName": "devise-220528-v0-ep33", "version": "1", "fileId": "22daef2ab7f14df6b7d4c72d3d111414", "classIds": ["Crex crex", "Scolopax rusticola"], "channels": [[{"startTime": 0.0, "endTime": 5.0, "predictions": {"probabilities": [1.9996392438770272e-05, 7.449999884556746e-06], "logits": []}, "groundTruth": [0.0, 0.0]}, {"startTime": 5.0, "endTime": 10.0, "predictions": {"probabilities": [1.3524466339731589e-05, 4.117022399441339e-06], "logits": []}, "groundTruth": [0.0, 0.0]}, {"startTime": 10.0, "endTime": 15.0, "predictions": {"probabilities": [1.5799223547219299e-06, 1.6236123201451846e-07], "logits": []}, "groundTruth": [0.0, 0.0]}, {"startTime": 15.0, "endTime": 20.0, "predictions": {"probabilities": [1.4519407159241382e-05, 1.235922991327243e-05], "logits": []}, "groundTruth": [0.0, 0.0]}]]}