{"modelName": "devise-220528-v0-ep33", "version": "1", "fileId": "230d8532d2b14461a05d9bd1a9f11486", "classIds": ["Crex crex", "Scolopax rusticola"], "channels": [[{"startTime": 0.0, "endTime": 5.0, "predictions": {"probabilities": [-11.099761009216309, -10.228546142578125], "logits": [NaN, NaN]}, "groundTruth": [0.0, 0.0]}, {"startTime": 5.0, "endTime": 10.0, "predictions": {"probabilities": [-11.2760591506958, -11.117114067077637], "logits": [NaN, NaN]}, "groundTruth": [0.0, 0.0]}, {"startTime": 10.0, "endTime": 15.0, "predictions": {"probabilities": [-11.7124605178833, -15.057343482971191], "logits": [NaN, NaN]}, "groundTruth": [0.0, 0.0]}, {"startTime": 15.0, "endTime": 20.0, "predictions": {"probabilities": [-8.78773021697998, -10.91649341583252], "logits": [NaN, NaN]}, "groundTruth": [0.0, 0.0]}]]}