{"modelName": "devise-220528-v0-ep33", "version": "1", "fileId": "2342ae498c234428ae9e2d48c4ba80eb", "classIds": ["Crex crex", "Scolopax rusticola"], "channels": [[{"startTime": 0.0, "endTime": 5.0, "predictions": {"probabilities": [5.660595343215391e-05, 2.711606794036925e-05], "logits": []}, "groundTruth": [0.0, 1.0]}, {"startTime": 5.0, "endTime": 10.0, "predictions": {"probabilities": [2.5686784255185557e-08, 0.05941871181130409], "logits": []}, "groundTruth": [0.0, 1.0]}, {"startTime": 7.0, "endTime": 12.0, "predictions": {"probabilities": [5.806143121844798e-07, 0.9891433119773865], "logits": []}, "groundTruth": [0.0, 1.0]}]]}