{"modelName": "devise-220528-v0-ep33", "version": "1", "fileId": "23cbb0f2feee48579a4025f38f6da067", "classIds": ["Crex crex", "Scolopax rusticola"], "channels": [[{"startTime": 0.0, "endTime": 5.0, "predictions": {"probabilities": [-14.032092094421387, -20.788625717163086], "logits": [NaN, NaN]}, "groundTruth": [0.0, 0.0]}, {"startTime": 5.0, "endTime": 10.0, "predictions": {"probabilities": [-13.397126197814941, -20.90127182006836], "logits": [NaN, NaN]}, "groundTruth": [0.0, 0.0]}, {"startTime": 10.0, "endTime": 15.0, "predictions": {"probabilities": [-10.195598602294922, -13.110612869262695], "logits": [NaN, NaN]}, "groundTruth": [0.0, 0.0]}, {"startTime": 15.0, "endTime": 20.0, "predictions": {"probabilities": [-9.61201286315918, -13.846870422363281], "logits": [NaN, NaN]}, "groundTruth": [0.0, 0.0]}]]}