{"modelName": "devise-220528-v0-ep33", "version": "1", "fileId": "24d40c110e5640bc9c96dcca3c26bcb8", "classIds": ["Crex crex", "Scolopax rusticola"], "channels": [[{"startTime": 0.0, "endTime": 5.0, "predictions": {"probabilities": [-12.930741310119629, -12.8529634475708], "logits": [NaN, NaN]}, "groundTruth": [0.0, 0.0]}, {"startTime": 5.0, "endTime": 10.0, "predictions": {"probabilities": [-14.03110122680664, -14.844352722167969], "logits": [NaN, NaN]}, "groundTruth": [0.0, 0.0]}, {"startTime": 10.0, "endTime": 15.0, "predictions": {"probabilities": [-11.869540214538574, -13.48257064819336], "logits": [NaN, NaN]}, "groundTruth": [0.0, 0.0]}, {"startTime": 15.0, "endTime": 20.0, "predictions": {"probabilities": [-8.860342025756836, -12.578991889953613], "logits": [NaN, NaN]}, "groundTruth": [0.0, 0.0]}]]}