{"modelName": "devise-220528-v0-ep33", "version": "1", "fileId": "24f91449e801404ca299e0217d38c714", "classIds": ["Crex crex", "Scolopax rusticola"], "channels": [[{"startTime": 0.0, "endTime": 5.0, "predictions": {"probabilities": [-13.992563247680664, -19.908266067504883], "logits": [NaN, NaN]}, "groundTruth": [0.0, 0.0]}, {"startTime": 5.0, "endTime": 10.0, "predictions": {"probabilities": [-17.015287399291992, -17.35576629638672], "logits": [NaN, NaN]}, "groundTruth": [0.0, 0.0]}, {"startTime": 10.0, "endTime": 15.0, "predictions": {"probabilities": [-14.782123565673828, -15.666293144226074], "logits": [NaN, NaN]}, "groundTruth": [0.0, 0.0]}, {"startTime": 15.0, "endTime": 20.0, "predictions": {"probabilities": [-13.35937213897705, -9.320923805236816], "logits": [NaN, NaN]}, "groundTruth": [0.0, 0.0]}]]}