{"modelName": "devise-220528-v0-ep33", "version": "1", "fileId": "25379febafb244418a4f6b76a2437572", "classIds": ["Crex crex", "Scolopax rusticola"], "channels": [[{"startTime": 0.0, "endTime": 5.0, "predictions": {"probabilities": [4.026443275506608e-05, 3.9477052382608235e-07], "logits": []}, "groundTruth": [0.0, 0.0]}, {"startTime": 5.0, "endTime": 10.0, "predictions": {"probabilities": [6.365832518895331e-07, 2.1398476235390262e-07], "logits": []}, "groundTruth": [0.0, 0.0]}, {"startTime": 10.0, "endTime": 15.0, "predictions": {"probabilities": [7.587434538436355e-07, 5.759960004070308e-06], "logits": []}, "groundTruth": [0.0, 0.0]}, {"startTime": 15.0, "endTime": 20.0, "predictions": {"probabilities": [5.185878308111569e-06, 6.878093699924648e-06], "logits": []}, "groundTruth": [0.0, 0.0]}]]}