{"modelName": "devise-220528-v0-ep33", "version": "1", "fileId": "26aa2e6d7521438f909ff9b164f7dfb9", "classIds": ["Crex crex", "Scolopax rusticola"], "channels": [[{"startTime": 0.0, "endTime": 5.0, "predictions": {"probabilities": [5.815879831061466e-07, 4.37094087146761e-07], "logits": []}, "groundTruth": [0.0, 0.0]}, {"startTime": 5.0, "endTime": 10.0, "predictions": {"probabilities": [1.19121182251547e-06, 2.2299562374428206e-07], "logits": []}, "groundTruth": [0.0, 0.0]}, {"startTime": 10.0, "endTime": 15.0, "predictions": {"probabilities": [2.915967378669393e-08, 2.1551867845914785e-08], "logits": []}, "groundTruth": [0.0, 0.0]}, {"startTime": 15.0, "endTime": 20.0, "predictions": {"probabilities": [5.495132882060716e-07, 7.682213265525206e-08], "logits": []}, "groundTruth": [0.0, 0.0]}]]}