{"modelName": "devise-220528-v0-ep33", "version": "1", "fileId": "26c806cd676d49d782f070cc654973a6", "classIds": ["Crex crex", "Scolopax rusticola"], "channels": [[{"startTime": 0.0, "endTime": 5.0, "predictions": {"probabilities": [-11.668889999389648, -11.342483520507812], "logits": [NaN, NaN]}, "groundTruth": [0.0, 0.0]}, {"startTime": 5.0, "endTime": 10.0, "predictions": {"probabilities": [-14.15343189239502, -14.36717700958252], "logits": [NaN, NaN]}, "groundTruth": [0.0, 0.0]}, {"startTime": 10.0, "endTime": 15.0, "predictions": {"probabilities": [-10.556479454040527, -9.54314136505127], "logits": [NaN, NaN]}, "groundTruth": [0.0, 0.0]}, {"startTime": 15.0, "endTime": 20.0, "predictions": {"probabilities": [-12.70275592803955, -16.23322868347168], "logits": [NaN, NaN]}, "groundTruth": [0.0, 0.0]}]]}