{"modelName": "devise-220528-v0-ep33", "version": "1", "fileId": "26e89f6be6ea4d73a6a20dbd442050c9", "classIds": ["Crex crex", "Scolopax rusticola"], "channels": [[{"startTime": 0.0, "endTime": 5.0, "predictions": {"probabilities": [-10.362150192260742, -7.912203311920166], "logits": [NaN, NaN]}, "groundTruth": [0.0, 0.0]}, {"startTime": 5.0, "endTime": 10.0, "predictions": {"probabilities": [-9.394705772399902, -5.927251815795898], "logits": [NaN, NaN]}, "groundTruth": [0.0, 0.0]}, {"startTime": 10.0, "endTime": 15.0, "predictions": {"probabilities": [-13.033931732177734, -10.501688957214355], "logits": [NaN, NaN]}, "groundTruth": [0.0, 0.0]}, {"startTime": 15.0, "endTime": 20.0, "predictions": {"probabilities": [-14.305020332336426, -14.647096633911133], "logits": [NaN, NaN]}, "groundTruth": [0.0, 0.0]}]]}