{"modelName": "devise-220528-v0-ep33", "version": "1", "fileId": "2721e20377be4a81852e79a942849ca6", "classIds": ["Crex crex", "Scolopax rusticola"], "channels": [[{"startTime": 0.0, "endTime": 5.0, "predictions": {"probabilities": [5.319466822584218e-07, 5.4665107995788276e-08], "logits": []}, "groundTruth": [0.0, 0.0]}, {"startTime": 5.0, "endTime": 10.0, "predictions": {"probabilities": [3.08088658584893e-07, 5.324702012643456e-09], "logits": []}, "groundTruth": [0.0, 0.0]}, {"startTime": 10.0, "endTime": 15.0, "predictions": {"probabilities": [9.33203807562677e-08, 1.62474623266462e-06], "logits": []}, "groundTruth": [0.0, 0.0]}, {"startTime": 15.0, "endTime": 20.0, "predictions": {"probabilities": [8.025536999411997e-07, 4.767994141730014e-07], "logits": []}, "groundTruth": [0.0, 0.0]}]]}