{"modelName": "devise-220528-v0-ep33", "version": "1", "fileId": "2721e20377be4a81852e79a942849ca6", "classIds": ["Crex crex", "Scolopax rusticola"], "channels": [[{"startTime": 0.0, "endTime": 5.0, "predictions": {"probabilities": [-14.446722030639648, -16.7220401763916], "logits": [NaN, NaN]}, "groundTruth": [0.0, 0.0]}, {"startTime": 5.0, "endTime": 10.0, "predictions": {"probabilities": [-14.992877960205078, -19.0509090423584], "logits": [NaN, NaN]}, "groundTruth": [0.0, 0.0]}, {"startTime": 10.0, "endTime": 15.0, "predictions": {"probabilities": [-16.187227249145508, -13.330157279968262], "logits": [NaN, NaN]}, "groundTruth": [0.0, 0.0]}, {"startTime": 15.0, "endTime": 20.0, "predictions": {"probabilities": [-14.035466194152832, -14.556169509887695], "logits": [NaN, NaN]}, "groundTruth": [0.0, 0.0]}]]}