{"modelName": "devise-220528-v0-ep33", "version": "1", "fileId": "27963c6fd6754282bf4917aab1f0d30f", "classIds": ["Crex crex", "Scolopax rusticola"], "channels": [[{"startTime": 0.0, "endTime": 5.0, "predictions": {"probabilities": [-13.118260383605957, -13.432173728942871], "logits": [NaN, NaN]}, "groundTruth": [0.0, 0.0]}, {"startTime": 5.0, "endTime": 10.0, "predictions": {"probabilities": [-11.961812973022461, -10.64685344696045], "logits": [NaN, NaN]}, "groundTruth": [0.0, 0.0]}, {"startTime": 10.0, "endTime": 15.0, "predictions": {"probabilities": [-12.989185333251953, -12.10556411743164], "logits": [NaN, NaN]}, "groundTruth": [0.0, 0.0]}, {"startTime": 15.0, "endTime": 20.0, "predictions": {"probabilities": [-14.562270164489746, -14.507976531982422], "logits": [NaN, NaN]}, "groundTruth": [0.0, 0.0]}]]}