{"modelName": "devise-220528-v0-ep33", "version": "1", "fileId": "27963c6fd6754282bf4917aab1f0d30f", "classIds": ["Crex crex", "Scolopax rusticola"], "channels": [[{"startTime": 0.0, "endTime": 5.0, "predictions": {"probabilities": [2.008218871196732e-06, 1.4671699091195478e-06], "logits": []}, "groundTruth": [0.0, 0.0]}, {"startTime": 5.0, "endTime": 10.0, "predictions": {"probabilities": [6.3833381318545435e-06, 2.3774970031809062e-05], "logits": []}, "groundTruth": [0.0, 0.0]}, {"startTime": 10.0, "endTime": 15.0, "predictions": {"probabilities": [2.2849014840176096e-06, 5.528634574147873e-06], "logits": []}, "groundTruth": [0.0, 0.0]}, {"startTime": 15.0, "endTime": 20.0, "predictions": {"probabilities": [4.73899461894689e-07, 5.003404908165976e-07], "logits": []}, "groundTruth": [0.0, 0.0]}]]}