{"modelName": "devise-220528-v0-ep33", "version": "1", "fileId": "282aad70c50145409e160616b7873194", "classIds": ["Crex crex", "Scolopax rusticola"], "channels": [[{"startTime": 0.0, "endTime": 5.0, "predictions": {"probabilities": [-11.583586692810059, 1.0144270658493042], "logits": [NaN, NaN]}, "groundTruth": [0.0, 0.0]}, {"startTime": 5.0, "endTime": 10.0, "predictions": {"probabilities": [-11.960753440856934, -9.89819622039795], "logits": [NaN, NaN]}, "groundTruth": [0.0, 0.0]}, {"startTime": 10.0, "endTime": 15.0, "predictions": {"probabilities": [-11.559916496276855, -10.190713882446289], "logits": [NaN, NaN]}, "groundTruth": [0.0, 0.0]}, {"startTime": 15.0, "endTime": 20.0, "predictions": {"probabilities": [-16.66143798828125, -11.107368469238281], "logits": [NaN, NaN]}, "groundTruth": [0.0, 0.0]}]]}