{"modelName": "devise-220528-v0-ep33", "version": "1", "fileId": "284ee613616f466cb1a6276692ed91c9", "classIds": ["Crex crex", "Scolopax rusticola"], "channels": [[{"startTime": 0.0, "endTime": 5.0, "predictions": {"probabilities": [-12.993021965026855, -12.871902465820312], "logits": [NaN, NaN]}, "groundTruth": [0.0, 0.0]}, {"startTime": 5.0, "endTime": 10.0, "predictions": {"probabilities": [-12.894279479980469, -14.027738571166992], "logits": [NaN, NaN]}, "groundTruth": [0.0, 0.0]}, {"startTime": 10.0, "endTime": 15.0, "predictions": {"probabilities": [-12.535262107849121, -12.539815902709961], "logits": [NaN, NaN]}, "groundTruth": [0.0, 0.0]}, {"startTime": 15.0, "endTime": 20.0, "predictions": {"probabilities": [-15.114700317382812, -13.3699312210083], "logits": [NaN, NaN]}, "groundTruth": [0.0, 0.0]}]]}