{"modelName": "devise-220528-v0-ep33", "version": "1", "fileId": "290372ba25374da19ddfeec78da8b966", "classIds": ["Crex crex", "Scolopax rusticola"], "channels": [[{"startTime": 0.0, "endTime": 5.0, "predictions": {"probabilities": [1.3956913790025283e-05, 0.00010611685138428584], "logits": []}, "groundTruth": [0.0, 0.0]}, {"startTime": 5.0, "endTime": 10.0, "predictions": {"probabilities": [2.5651304895291105e-05, 1.5790194083820097e-05], "logits": []}, "groundTruth": [0.0, 0.0]}, {"startTime": 10.0, "endTime": 15.0, "predictions": {"probabilities": [7.145102699723793e-06, 1.2307490351304295e-06], "logits": []}, "groundTruth": [0.0, 0.0]}, {"startTime": 15.0, "endTime": 20.0, "predictions": {"probabilities": [6.753367779310793e-05, 1.5352965419879183e-05], "logits": []}, "groundTruth": [0.0, 0.0]}]]}