{"modelName": "devise-220528-v0-ep33", "version": "1", "fileId": "29d0f3b55f0e45c9803d499928aafe1e", "classIds": ["Crex crex", "Scolopax rusticola"], "channels": [[{"startTime": 0.0, "endTime": 5.0, "predictions": {"probabilities": [1.998690549953608e-06, 2.7278565539745614e-06], "logits": []}, "groundTruth": [0.0, 0.0]}, {"startTime": 5.0, "endTime": 10.0, "predictions": {"probabilities": [1.4929274811947835e-06, 8.61322769196704e-06], "logits": []}, "groundTruth": [0.0, 0.0]}, {"startTime": 10.0, "endTime": 15.0, "predictions": {"probabilities": [1.3135872904967982e-06, 3.2893262869038153e-06], "logits": []}, "groundTruth": [0.0, 0.0]}, {"startTime": 15.0, "endTime": 20.0, "predictions": {"probabilities": [4.6737000047869515e-06, 3.4612335184647236e-06], "logits": []}, "groundTruth": [0.0, 0.0]}]]}