{"modelName": "devise-220528-v0-ep33", "version": "1", "fileId": "2a51b385c7a1453b823b8acb978a045a", "classIds": ["Crex crex", "Scolopax rusticola"], "channels": [[{"startTime": 0.0, "endTime": 5.0, "predictions": {"probabilities": [8.096923825862135e-11, 0.9560558199882507], "logits": []}, "groundTruth": [0.0, 1.0]}, {"startTime": 5.0, "endTime": 10.0, "predictions": {"probabilities": [8.167897931343759e-07, 0.9967958331108093], "logits": []}, "groundTruth": [0.0, 1.0]}, {"startTime": 10.0, "endTime": 15.0, "predictions": {"probabilities": [5.090238630600652e-08, 1.0], "logits": []}, "groundTruth": [0.0, 1.0]}, {"startTime": 12.0, "endTime": 17.0, "predictions": {"probabilities": [3.4912613955384586e-07, 0.0012770370813086629], "logits": []}, "groundTruth": [0.0, 1.0]}]]}