{"modelName": "devise-220528-v0-ep33", "version": "1", "fileId": "2a51b385c7a1453b823b8acb978a045a", "classIds": ["Crex crex", "Scolopax rusticola"], "channels": [[{"startTime": 0.0, "endTime": 5.0, "predictions": {"probabilities": [-23.23695182800293, 3.079897403717041], "logits": [NaN, NaN]}, "groundTruth": [0.0, 1.0]}, {"startTime": 5.0, "endTime": 10.0, "predictions": {"probabilities": [-14.01788330078125, 5.740103244781494], "logits": [NaN, NaN]}, "groundTruth": [0.0, 1.0]}, {"startTime": 10.0, "endTime": 15.0, "predictions": {"probabilities": [-16.79335594177246, 17.675432205200195], "logits": [NaN, NaN]}, "groundTruth": [0.0, 1.0]}, {"startTime": 12.0, "endTime": 17.0, "predictions": {"probabilities": [-14.86783218383789, -6.661934852600098], "logits": [NaN, NaN]}, "groundTruth": [0.0, 1.0]}]]}