{"modelName": "devise-220528-v0-ep33", "version": "1", "fileId": "2a9859984d5e4a1fb324709034371f8b", "classIds": ["Crex crex", "Scolopax rusticola"], "channels": [[{"startTime": 0.0, "endTime": 5.0, "predictions": {"probabilities": [-9.810955047607422, -6.212344646453857], "logits": [NaN, NaN]}, "groundTruth": [0.0, 0.0]}, {"startTime": 5.0, "endTime": 10.0, "predictions": {"probabilities": [-9.85190486907959, -11.019627571105957], "logits": [NaN, NaN]}, "groundTruth": [0.0, 0.0]}, {"startTime": 10.0, "endTime": 15.0, "predictions": {"probabilities": [-10.21306037902832, -9.583111763000488], "logits": [NaN, NaN]}, "groundTruth": [0.0, 0.0]}, {"startTime": 15.0, "endTime": 20.0, "predictions": {"probabilities": [-8.829188346862793, -9.706849098205566], "logits": [NaN, NaN]}, "groundTruth": [0.0, 0.0]}]]}