{"modelName": "devise-220528-v0-ep33", "version": "1", "fileId": "2ab0b118f1c14f3781180e5f645f5b1b", "classIds": ["Crex crex", "Scolopax rusticola"], "channels": [[{"startTime": 0.0, "endTime": 5.0, "predictions": {"probabilities": [-9.882290840148926, -15.639208793640137], "logits": [NaN, NaN]}, "groundTruth": [0.0, 0.0]}, {"startTime": 5.0, "endTime": 10.0, "predictions": {"probabilities": [-17.51749610900879, -23.440332412719727], "logits": [NaN, NaN]}, "groundTruth": [0.0, 0.0]}, {"startTime": 10.0, "endTime": 15.0, "predictions": {"probabilities": [-8.495156288146973, -14.99198055267334], "logits": [NaN, NaN]}, "groundTruth": [0.0, 0.0]}, {"startTime": 15.0, "endTime": 20.0, "predictions": {"probabilities": [-13.332907676696777, -10.9613618850708], "logits": [NaN, NaN]}, "groundTruth": [0.0, 0.0]}]]}