{"modelName": "devise-220528-v0-ep33", "version": "1", "fileId": "2b526d7e8ffc4f85b8123429f85c5ad7", "classIds": ["Crex crex", "Scolopax rusticola"], "channels": [[{"startTime": 0.0, "endTime": 5.0, "predictions": {"probabilities": [1.410084223607555e-05, 7.994814222911373e-05], "logits": []}, "groundTruth": [0.0, 0.0]}, {"startTime": 5.0, "endTime": 10.0, "predictions": {"probabilities": [7.344091557115462e-08, 2.1208713008036284e-08], "logits": []}, "groundTruth": [0.0, 0.0]}, {"startTime": 10.0, "endTime": 15.0, "predictions": {"probabilities": [4.437095412868075e-06, 0.0008675601566210389], "logits": []}, "groundTruth": [0.0, 0.0]}, {"startTime": 15.0, "endTime": 20.0, "predictions": {"probabilities": [5.7141933211823925e-06, 0.0005158495041541755], "logits": []}, "groundTruth": [0.0, 0.0]}]]}