{"modelName": "devise-220528-v0-ep33", "version": "1", "fileId": "2bfd476a8035405daa11f3291066b487", "classIds": ["Crex crex", "Scolopax rusticola"], "channels": [[{"startTime": 0.0, "endTime": 5.0, "predictions": {"probabilities": [2.0858306015725248e-06, 9.013758972287178e-05], "logits": []}, "groundTruth": [0.0, 0.0]}, {"startTime": 5.0, "endTime": 10.0, "predictions": {"probabilities": [1.3021866607232369e-07, 1.6396113267092005e-07], "logits": []}, "groundTruth": [0.0, 0.0]}, {"startTime": 10.0, "endTime": 15.0, "predictions": {"probabilities": [3.0331449352161144e-07, 9.533032994113455e-07], "logits": []}, "groundTruth": [0.0, 0.0]}, {"startTime": 15.0, "endTime": 20.0, "predictions": {"probabilities": [6.159530130389612e-08, 8.07155142723559e-09], "logits": []}, "groundTruth": [0.0, 0.0]}]]}