{"modelName": "devise-220528-v0-ep33", "version": "1", "fileId": "2cb1e758f30d476ba2551914d4f7a0a1", "classIds": ["Crex crex", "Scolopax rusticola"], "channels": [[{"startTime": 0.0, "endTime": 5.0, "predictions": {"probabilities": [-7.0070600509643555, -7.121115207672119], "logits": [NaN, NaN]}, "groundTruth": [0.0, 0.0]}, {"startTime": 5.0, "endTime": 10.0, "predictions": {"probabilities": [-10.067283630371094, -8.031824111938477], "logits": [NaN, NaN]}, "groundTruth": [0.0, 0.0]}, {"startTime": 10.0, "endTime": 15.0, "predictions": {"probabilities": [-11.397769927978516, -10.016407012939453], "logits": [NaN, NaN]}, "groundTruth": [0.0, 0.0]}, {"startTime": 15.0, "endTime": 20.0, "predictions": {"probabilities": [-10.874495506286621, -8.994556427001953], "logits": [NaN, NaN]}, "groundTruth": [0.0, 0.0]}]]}