{"modelName": "devise-220528-v0-ep33", "version": "1", "fileId": "2d5e45d69e3f4392b8318378d01559e0", "classIds": ["Crex crex", "Scolopax rusticola"], "channels": [[{"startTime": 0.0, "endTime": 5.0, "predictions": {"probabilities": [2.3339865151683625e-08, 4.75234784858003e-09], "logits": []}, "groundTruth": [0.0, 0.0]}, {"startTime": 5.0, "endTime": 10.0, "predictions": {"probabilities": [7.272690254467307e-06, 7.403759809676558e-07], "logits": []}, "groundTruth": [0.0, 0.0]}, {"startTime": 10.0, "endTime": 15.0, "predictions": {"probabilities": [3.170762738591293e-06, 4.0820950175657345e-07], "logits": []}, "groundTruth": [0.0, 0.0]}, {"startTime": 15.0, "endTime": 20.0, "predictions": {"probabilities": [7.806390385667328e-06, 4.457682734937407e-06], "logits": []}, "groundTruth": [0.0, 0.0]}]]}