{"modelName": "devise-220528-v0-ep33", "version": "1", "fileId": "2d5e45d69e3f4392b8318378d01559e0", "classIds": ["Crex crex", "Scolopax rusticola"], "channels": [[{"startTime": 0.0, "endTime": 5.0, "predictions": {"probabilities": [-17.573102951049805, -19.164627075195312], "logits": [NaN, NaN]}, "groundTruth": [0.0, 0.0]}, {"startTime": 5.0, "endTime": 10.0, "predictions": {"probabilities": [-11.831377029418945, -14.116106986999512], "logits": [NaN, NaN]}, "groundTruth": [0.0, 0.0]}, {"startTime": 10.0, "endTime": 15.0, "predictions": {"probabilities": [-12.661535263061523, -14.711484909057617], "logits": [NaN, NaN]}, "groundTruth": [0.0, 0.0]}, {"startTime": 15.0, "endTime": 20.0, "predictions": {"probabilities": [-11.760560035705566, -12.320877075195312], "logits": [NaN, NaN]}, "groundTruth": [0.0, 0.0]}]]}