{"modelName": "devise-220528-v0-ep33", "version": "1", "fileId": "2d77a760a4544d0690dfc01b8ab04f7e", "classIds": ["Crex crex", "Scolopax rusticola"], "channels": [[{"startTime": 0.0, "endTime": 5.0, "predictions": {"probabilities": [5.032293302065227e-06, 1.918604721140582e-05], "logits": []}, "groundTruth": [0.0, 0.0]}, {"startTime": 5.0, "endTime": 10.0, "predictions": {"probabilities": [2.416010147499037e-06, 3.7881374737480655e-05], "logits": []}, "groundTruth": [0.0, 0.0]}, {"startTime": 10.0, "endTime": 15.0, "predictions": {"probabilities": [1.953238643181976e-05, 8.791956133791246e-06], "logits": []}, "groundTruth": [0.0, 0.0]}, {"startTime": 15.0, "endTime": 20.0, "predictions": {"probabilities": [5.992975502522313e-07, 1.7546295794090838e-06], "logits": []}, "groundTruth": [0.0, 0.0]}]]}