{"modelName": "devise-220528-v0-ep33", "version": "1", "fileId": "2d887c6f3e3f4f14a2fcefeb13da445f", "classIds": ["Crex crex", "Scolopax rusticola"], "channels": [[{"startTime": 0.0, "endTime": 5.0, "predictions": {"probabilities": [0.000386751169571653, 0.10162977874279022], "logits": []}, "groundTruth": [0.0, 0.0]}, {"startTime": 5.0, "endTime": 10.0, "predictions": {"probabilities": [3.207423287676647e-05, 0.11952570080757141], "logits": []}, "groundTruth": [0.0, 0.0]}, {"startTime": 10.0, "endTime": 15.0, "predictions": {"probabilities": [0.00046571597340516746, 0.01499696634709835], "logits": []}, "groundTruth": [0.0, 0.0]}, {"startTime": 15.0, "endTime": 20.0, "predictions": {"probabilities": [0.00044253241503611207, 0.019193090498447418], "logits": []}, "groundTruth": [0.0, 0.0]}]]}