{"modelName": "devise-220528-v0-ep33", "version": "1", "fileId": "2d8b05312f6f45c384eabf83a22e5602", "classIds": ["Crex crex", "Scolopax rusticola"], "channels": [[{"startTime": 0.0, "endTime": 5.0, "predictions": {"probabilities": [-11.49300479888916, -9.539711952209473], "logits": [NaN, NaN]}, "groundTruth": [0.0, 0.0]}, {"startTime": 5.0, "endTime": 10.0, "predictions": {"probabilities": [-14.226977348327637, -11.77279281616211], "logits": [NaN, NaN]}, "groundTruth": [0.0, 0.0]}, {"startTime": 10.0, "endTime": 15.0, "predictions": {"probabilities": [-11.461115837097168, -8.863064765930176], "logits": [NaN, NaN]}, "groundTruth": [0.0, 0.0]}, {"startTime": 15.0, "endTime": 20.0, "predictions": {"probabilities": [-10.955129623413086, -7.342321395874023], "logits": [NaN, NaN]}, "groundTruth": [0.0, 0.0]}]]}