{"modelName": "devise-220528-v0-ep33", "version": "1", "fileId": "2e4d83dcded3432db169f6eb77ded980", "classIds": ["Crex crex", "Scolopax rusticola"], "channels": [[{"startTime": 0.0, "endTime": 5.0, "predictions": {"probabilities": [-13.637998580932617, -15.441272735595703], "logits": [NaN, NaN]}, "groundTruth": [0.0, 0.0]}, {"startTime": 5.0, "endTime": 10.0, "predictions": {"probabilities": [-13.715950965881348, -13.610408782958984], "logits": [NaN, NaN]}, "groundTruth": [0.0, 0.0]}, {"startTime": 10.0, "endTime": 15.0, "predictions": {"probabilities": [-14.90377426147461, -16.5325870513916], "logits": [NaN, NaN]}, "groundTruth": [0.0, 0.0]}, {"startTime": 15.0, "endTime": 20.0, "predictions": {"probabilities": [-13.363425254821777, -11.690885543823242], "logits": [NaN, NaN]}, "groundTruth": [0.0, 0.0]}]]}