{"modelName": "devise-220528-v0-ep33", "version": "1", "fileId": "2e4d83dcded3432db169f6eb77ded980", "classIds": ["Crex crex", "Scolopax rusticola"], "channels": [[{"startTime": 0.0, "endTime": 5.0, "predictions": {"probabilities": [1.1942408946197247e-06, 1.9676161855386454e-07], "logits": []}, "groundTruth": [0.0, 0.0]}, {"startTime": 5.0, "endTime": 10.0, "predictions": {"probabilities": [1.1046830650229822e-06, 1.227648454005248e-06], "logits": []}, "groundTruth": [0.0, 0.0]}, {"startTime": 10.0, "endTime": 15.0, "predictions": {"probabilities": [3.3680066735541914e-07, 6.606762070759942e-08], "logits": []}, "groundTruth": [0.0, 0.0]}, {"startTime": 15.0, "endTime": 20.0, "predictions": {"probabilities": [1.571583538861887e-06, 8.369687748199794e-06], "logits": []}, "groundTruth": [0.0, 0.0]}]]}