{"modelName": "devise-220528-v0-ep33", "version": "1", "fileId": "2eaaeabc0a914d99aab899fedf2562bb", "classIds": ["Crex crex", "Scolopax rusticola"], "channels": [[{"startTime": 0.0, "endTime": 5.0, "predictions": {"probabilities": [-12.09721851348877, -17.14940071105957], "logits": [NaN, NaN]}, "groundTruth": [0.0, 0.0]}, {"startTime": 5.0, "endTime": 10.0, "predictions": {"probabilities": [-14.715377807617188, -14.088512420654297], "logits": [NaN, NaN]}, "groundTruth": [0.0, 0.0]}, {"startTime": 10.0, "endTime": 15.0, "predictions": {"probabilities": [-8.110191345214844, -8.63388442993164], "logits": [NaN, NaN]}, "groundTruth": [0.0, 0.0]}, {"startTime": 15.0, "endTime": 20.0, "predictions": {"probabilities": [-10.824987411499023, -14.794116973876953], "logits": [NaN, NaN]}, "groundTruth": [0.0, 0.0]}]]}