{"modelName": "devise-220528-v0-ep33", "version": "1", "fileId": "2f34b22e0d34454b986eca01e9598196", "classIds": ["Crex crex", "Scolopax rusticola"], "channels": [[{"startTime": 0.0, "endTime": 5.0, "predictions": {"probabilities": [-16.444372177124023, -10.152547836303711], "logits": [NaN, NaN]}, "groundTruth": [0.0, 0.0]}, {"startTime": 5.0, "endTime": 10.0, "predictions": {"probabilities": [-17.75644302368164, -15.782711029052734], "logits": [NaN, NaN]}, "groundTruth": [0.0, 0.0]}, {"startTime": 10.0, "endTime": 15.0, "predictions": {"probabilities": [-12.762967109680176, -8.735335350036621], "logits": [NaN, NaN]}, "groundTruth": [0.0, 0.0]}, {"startTime": 15.0, "endTime": 20.0, "predictions": {"probabilities": [-17.585981369018555, -17.619873046875], "logits": [NaN, NaN]}, "groundTruth": [0.0, 0.0]}]]}