{"modelName": "devise-220528-v0-ep33", "version": "1", "fileId": "2f447a015ca14da5ab05961e54fe1a6c", "classIds": ["Crex crex", "Scolopax rusticola"], "channels": [[{"startTime": 0.0, "endTime": 5.0, "predictions": {"probabilities": [-12.881153106689453, -11.045372009277344], "logits": [NaN, NaN]}, "groundTruth": [0.0, 0.0]}, {"startTime": 5.0, "endTime": 10.0, "predictions": {"probabilities": [-13.059319496154785, -9.757253646850586], "logits": [NaN, NaN]}, "groundTruth": [0.0, 0.0]}, {"startTime": 10.0, "endTime": 15.0, "predictions": {"probabilities": [-12.608888626098633, -10.492130279541016], "logits": [NaN, NaN]}, "groundTruth": [0.0, 0.0]}, {"startTime": 15.0, "endTime": 20.0, "predictions": {"probabilities": [-13.920225143432617, -10.803606033325195], "logits": [NaN, NaN]}, "groundTruth": [0.0, 0.0]}]]}