{"modelName": "devise-220528-v0-ep33", "version": "1", "fileId": "2f8da00b34ba4f79aa336e3a107b40c6", "classIds": ["Crex crex", "Scolopax rusticola"], "channels": [[{"startTime": 0.0, "endTime": 5.0, "predictions": {"probabilities": [0.00022513883595820516, 3.4588179005368147e-06], "logits": []}, "groundTruth": [0.0, 0.0]}, {"startTime": 5.0, "endTime": 10.0, "predictions": {"probabilities": [4.141757017350756e-06, 6.902063205416198e-07], "logits": []}, "groundTruth": [0.0, 0.0]}, {"startTime": 10.0, "endTime": 15.0, "predictions": {"probabilities": [4.548477594568112e-09, 1.1072693456570804e-10], "logits": []}, "groundTruth": [0.0, 0.0]}, {"startTime": 15.0, "endTime": 20.0, "predictions": {"probabilities": [5.38300284347315e-08, 2.5508992140821363e-10], "logits": []}, "groundTruth": [0.0, 0.0]}]]}