{"modelName": "devise-220528-v0-ep33", "version": "1", "fileId": "2fa27e947c054871bbea30b3ce7a27c3", "classIds": ["Crex crex", "Scolopax rusticola"], "channels": [[{"startTime": 0.0, "endTime": 5.0, "predictions": {"probabilities": [-11.160050392150879, -8.471946716308594], "logits": [NaN, NaN]}, "groundTruth": [0.0, 0.0]}, {"startTime": 5.0, "endTime": 10.0, "predictions": {"probabilities": [-9.717079162597656, -8.40945053100586], "logits": [NaN, NaN]}, "groundTruth": [0.0, 0.0]}, {"startTime": 10.0, "endTime": 15.0, "predictions": {"probabilities": [-9.434048652648926, -6.773478031158447], "logits": [NaN, NaN]}, "groundTruth": [0.0, 0.0]}, {"startTime": 15.0, "endTime": 20.0, "predictions": {"probabilities": [-11.58202075958252, -7.0712151527404785], "logits": [NaN, NaN]}, "groundTruth": [0.0, 0.0]}]]}