{"modelName": "devise-220528-v0-ep33", "version": "1", "fileId": "2fb64abc26554e8eb83788bcee4bc748", "classIds": ["Crex crex", "Scolopax rusticola"], "channels": [[{"startTime": 0.0, "endTime": 5.0, "predictions": {"probabilities": [0.0002241315523860976, 0.007866685278713703], "logits": []}, "groundTruth": [0.0, 0.0]}, {"startTime": 5.0, "endTime": 10.0, "predictions": {"probabilities": [9.789177420316264e-05, 0.0012852277141064405], "logits": []}, "groundTruth": [0.0, 0.0]}, {"startTime": 10.0, "endTime": 15.0, "predictions": {"probabilities": [9.82312994892709e-05, 0.0008680512546561658], "logits": []}, "groundTruth": [0.0, 0.0]}, {"startTime": 15.0, "endTime": 20.0, "predictions": {"probabilities": [1.9001538021257147e-05, 0.0003537094162311405], "logits": []}, "groundTruth": [0.0, 0.0]}]]}