{"modelName": "devise-220528-v0-ep33", "version": "1", "fileId": "30bc674c88854947bede88f3b2024346", "classIds": ["Crex crex", "Scolopax rusticola"], "channels": [[{"startTime": 0.0, "endTime": 5.0, "predictions": {"probabilities": [1.4850066731852962e-09, 2.2412297018270522e-10], "logits": []}, "groundTruth": [0.0, 0.0]}, {"startTime": 5.0, "endTime": 10.0, "predictions": {"probabilities": [1.2949815664242692e-09, 7.214163710855814e-10], "logits": []}, "groundTruth": [0.0, 0.0]}, {"startTime": 10.0, "endTime": 15.0, "predictions": {"probabilities": [1.1708424096923409e-07, 1.701089900052466e-07], "logits": []}, "groundTruth": [0.0, 0.0]}, {"startTime": 15.0, "endTime": 20.0, "predictions": {"probabilities": [3.112610329480958e-07, 2.834531755979697e-07], "logits": []}, "groundTruth": [0.0, 0.0]}]]}