{"modelName": "devise-220528-v0-ep33", "version": "1", "fileId": "31006432df514060999a95de3a34fc08", "classIds": ["Crex crex", "Scolopax rusticola"], "channels": [[{"startTime": 0.0, "endTime": 5.0, "predictions": {"probabilities": [1.542590553071932e-07, 0.092555470764637], "logits": []}, "groundTruth": [0.0, 1.0]}, {"startTime": 5.0, "endTime": 10.0, "predictions": {"probabilities": [6.842632274128846e-07, 0.9999957084655762], "logits": []}, "groundTruth": [0.0, 1.0]}, {"startTime": 10.0, "endTime": 15.0, "predictions": {"probabilities": [7.59743485900799e-08, 0.9999840259552002], "logits": []}, "groundTruth": [0.0, 1.0]}, {"startTime": 11.0, "endTime": 16.0, "predictions": {"probabilities": [1.953618266270496e-06, 0.9117307662963867], "logits": []}, "groundTruth": [0.0, 0.0]}]]}