{"modelName": "devise-220528-v0-ep33", "version": "1", "fileId": "31c811ddefc246b2856b385c5e9e27f3", "classIds": ["Crex crex", "Scolopax rusticola"], "channels": [[{"startTime": 0.0, "endTime": 5.0, "predictions": {"probabilities": [-10.82651424407959, -10.548609733581543], "logits": [NaN, NaN]}, "groundTruth": [0.0, 0.0]}, {"startTime": 5.0, "endTime": 10.0, "predictions": {"probabilities": [-9.085822105407715, 2.9518308639526367], "logits": [NaN, NaN]}, "groundTruth": [0.0, 0.0]}, {"startTime": 10.0, "endTime": 15.0, "predictions": {"probabilities": [-11.24754810333252, 8.047404289245605], "logits": [NaN, NaN]}, "groundTruth": [0.0, 0.0]}, {"startTime": 15.0, "endTime": 20.0, "predictions": {"probabilities": [-12.089037895202637, -8.517121315002441], "logits": [NaN, NaN]}, "groundTruth": [0.0, 0.0]}]]}