{"modelName": "devise-220528-v0-ep33", "version": "1", "fileId": "32ebf4af72394933b0935c33ecded069", "classIds": ["Crex crex", "Scolopax rusticola"], "channels": [[{"startTime": 0.0, "endTime": 5.0, "predictions": {"probabilities": [9.277884601033293e-06, 0.9849783182144165], "logits": []}, "groundTruth": [0.0, 1.0]}, {"startTime": 5.0, "endTime": 10.0, "predictions": {"probabilities": [8.23089365553642e-08, 1.0], "logits": []}, "groundTruth": [0.0, 1.0]}, {"startTime": 10.0, "endTime": 15.0, "predictions": {"probabilities": [4.529312747081349e-08, 1.0], "logits": []}, "groundTruth": [0.0, 1.0]}, {"startTime": 15.0, "endTime": 20.0, "predictions": {"probabilities": [2.9611064746859483e-05, 0.9999289512634277], "logits": []}, "groundTruth": [0.0, 1.0]}]]}