{"modelName": "devise-220528-v0-ep33", "version": "1", "fileId": "32ebf4af72394933b0935c33ecded069", "classIds": ["Crex crex", "Scolopax rusticola"], "channels": [[{"startTime": 0.0, "endTime": 5.0, "predictions": {"probabilities": [-11.587867736816406, 4.183125972747803], "logits": [NaN, NaN]}, "groundTruth": [0.0, 1.0]}, {"startTime": 5.0, "endTime": 10.0, "predictions": {"probabilities": [-16.312786102294922, 17.61643409729004], "logits": [NaN, NaN]}, "groundTruth": [0.0, 1.0]}, {"startTime": 10.0, "endTime": 15.0, "predictions": {"probabilities": [-16.910110473632812, 27.64650535583496], "logits": [NaN, NaN]}, "groundTruth": [0.0, 1.0]}, {"startTime": 15.0, "endTime": 20.0, "predictions": {"probabilities": [-10.427332878112793, 9.55241870880127], "logits": [NaN, NaN]}, "groundTruth": [0.0, 1.0]}]]}