{"modelName": "devise-220528-v0-ep33", "version": "1", "fileId": "3354ac9672d14736b2d0fd06088bd99f", "classIds": ["Crex crex", "Scolopax rusticola"], "channels": [[{"startTime": 0.0, "endTime": 5.0, "predictions": {"probabilities": [6.553953491028608e-10, 2.2356685391855535e-08], "logits": []}, "groundTruth": [0.0, 0.0]}, {"startTime": 5.0, "endTime": 10.0, "predictions": {"probabilities": [2.391273596913379e-07, 2.3787483094395157e-09], "logits": []}, "groundTruth": [0.0, 0.0]}, {"startTime": 10.0, "endTime": 15.0, "predictions": {"probabilities": [1.4124922564917597e-08, 3.839075901623801e-08], "logits": []}, "groundTruth": [0.0, 0.0]}, {"startTime": 15.0, "endTime": 20.0, "predictions": {"probabilities": [1.3484928786056116e-05, 0.0003393284569028765], "logits": []}, "groundTruth": [0.0, 0.0]}]]}