{"modelName": "devise-220528-v0-ep33", "version": "1", "fileId": "33e97b38947a46299414416726ef03c0", "classIds": ["Crex crex", "Scolopax rusticola"], "channels": [[{"startTime": 0.0, "endTime": 5.0, "predictions": {"probabilities": [1.630718179512769e-05, 0.001983791124075651], "logits": []}, "groundTruth": [0.0, 0.0]}, {"startTime": 5.0, "endTime": 10.0, "predictions": {"probabilities": [1.8078799257637e-05, 0.0006262720562517643], "logits": []}, "groundTruth": [0.0, 0.0]}, {"startTime": 10.0, "endTime": 15.0, "predictions": {"probabilities": [6.995360308792442e-06, 0.00012767600128427148], "logits": []}, "groundTruth": [0.0, 0.0]}, {"startTime": 15.0, "endTime": 20.0, "predictions": {"probabilities": [8.246367542597e-06, 0.0047662886790931225], "logits": []}, "groundTruth": [0.0, 0.0]}]]}