{"modelName": "devise-220528-v0-ep33", "version": "1", "fileId": "350d69b066384437852dbe6fe33f3a58", "classIds": ["Crex crex", "Scolopax rusticola"], "channels": [[{"startTime": 0.0, "endTime": 5.0, "predictions": {"probabilities": [8.985395834315568e-05, 0.0002200530143454671], "logits": []}, "groundTruth": [0.0, 0.0]}, {"startTime": 5.0, "endTime": 10.0, "predictions": {"probabilities": [0.0007181080873124301, 0.00023029693693388253], "logits": []}, "groundTruth": [0.0, 0.0]}, {"startTime": 10.0, "endTime": 15.0, "predictions": {"probabilities": [0.0004278732230886817, 0.0003251948510296643], "logits": []}, "groundTruth": [0.0, 0.0]}, {"startTime": 15.0, "endTime": 20.0, "predictions": {"probabilities": [3.893337634508498e-05, 0.08834085613489151], "logits": []}, "groundTruth": [0.0, 0.0]}]]}