{"modelName": "devise-220528-v0-ep33", "version": "1", "fileId": "357f3a0a591f43ad9ac0c1fb9c184f63", "classIds": ["Crex crex", "Scolopax rusticola"], "channels": [[{"startTime": 0.0, "endTime": 5.0, "predictions": {"probabilities": [0.00020632290397770703, 4.763033939525485e-05], "logits": []}, "groundTruth": [0.0, 0.0]}, {"startTime": 5.0, "endTime": 10.0, "predictions": {"probabilities": [4.066334804520011e-05, 7.741814442852046e-07], "logits": []}, "groundTruth": [0.0, 0.0]}, {"startTime": 10.0, "endTime": 15.0, "predictions": {"probabilities": [3.8871014112373814e-05, 0.0007503808592446148], "logits": []}, "groundTruth": [0.0, 0.0]}, {"startTime": 15.0, "endTime": 20.0, "predictions": {"probabilities": [9.609006156097166e-06, 7.866025271141552e-07], "logits": []}, "groundTruth": [0.0, 0.0]}]]}