{"modelName": "devise-220528-v0-ep33", "version": "1", "fileId": "357f3a0a591f43ad9ac0c1fb9c184f63", "classIds": ["Crex crex", "Scolopax rusticola"], "channels": [[{"startTime": 0.0, "endTime": 5.0, "predictions": {"probabilities": [-8.485861778259277, -9.951992988586426], "logits": [NaN, NaN]}, "groundTruth": [0.0, 0.0]}, {"startTime": 5.0, "endTime": 10.0, "predictions": {"probabilities": [-10.110142707824707, -14.07145881652832], "logits": [NaN, NaN]}, "groundTruth": [0.0, 0.0]}, {"startTime": 10.0, "endTime": 15.0, "predictions": {"probabilities": [-10.15522289276123, -7.194179058074951], "logits": [NaN, NaN]}, "groundTruth": [0.0, 0.0]}, {"startTime": 15.0, "endTime": 20.0, "predictions": {"probabilities": [-11.552800178527832, -14.0555419921875], "logits": [NaN, NaN]}, "groundTruth": [0.0, 0.0]}]]}