{"modelName": "devise-220528-v0-ep33", "version": "1", "fileId": "35c1db3e57b04c72a963a77077fa8910", "classIds": ["Crex crex", "Scolopax rusticola"], "channels": [[{"startTime": 0.0, "endTime": 5.0, "predictions": {"probabilities": [7.821338840585668e-06, 0.00044147440348751843], "logits": []}, "groundTruth": [0.0, 0.0]}, {"startTime": 5.0, "endTime": 10.0, "predictions": {"probabilities": [5.071465056971647e-05, 0.0051856450736522675], "logits": []}, "groundTruth": [0.0, 0.0]}, {"startTime": 10.0, "endTime": 15.0, "predictions": {"probabilities": [3.835304960375652e-05, 0.0015333958435803652], "logits": []}, "groundTruth": [0.0, 0.0]}, {"startTime": 15.0, "endTime": 20.0, "predictions": {"probabilities": [2.988684718729928e-05, 0.00022690660262014717], "logits": []}, "groundTruth": [0.0, 0.0]}]]}