{"modelName": "devise-220528-v0-ep33", "version": "1", "fileId": "35ca636c4f9941f0b37ace7a17100e57", "classIds": ["Crex crex", "Scolopax rusticola"], "channels": [[{"startTime": 0.0, "endTime": 5.0, "predictions": {"probabilities": [-14.609487533569336, -14.483898162841797], "logits": [NaN, NaN]}, "groundTruth": [0.0, 1.0]}, {"startTime": 5.0, "endTime": 10.0, "predictions": {"probabilities": [-17.92220687866211, 9.326215744018555], "logits": [NaN, NaN]}, "groundTruth": [0.0, 1.0]}, {"startTime": 10.0, "endTime": 15.0, "predictions": {"probabilities": [-16.794925689697266, 4.3824262619018555], "logits": [NaN, NaN]}, "groundTruth": [0.0, 1.0]}, {"startTime": 14.0, "endTime": 19.0, "predictions": {"probabilities": [-13.423376083374023, -5.0550432205200195], "logits": [NaN, NaN]}, "groundTruth": [0.0, 1.0]}]]}