{"modelName": "devise-220528-v0-ep33", "version": "1", "fileId": "36208ab9c25b48d591945e64399404f5", "classIds": ["Crex crex", "Scolopax rusticola"], "channels": [[{"startTime": 0.0, "endTime": 5.0, "predictions": {"probabilities": [2.657675213413313e-05, 3.85553648811765e-05], "logits": []}, "groundTruth": [0.0, 0.0]}, {"startTime": 5.0, "endTime": 10.0, "predictions": {"probabilities": [1.8032395018963143e-05, 0.00013440527254715562], "logits": []}, "groundTruth": [0.0, 0.0]}, {"startTime": 10.0, "endTime": 15.0, "predictions": {"probabilities": [1.225582673214376e-05, 7.254258525790647e-05], "logits": []}, "groundTruth": [0.0, 0.0]}, {"startTime": 15.0, "endTime": 20.0, "predictions": {"probabilities": [5.61583146918565e-06, 0.48224082589149475], "logits": []}, "groundTruth": [0.0, 0.0]}]]}