{"modelName": "devise-220528-v0-ep33", "version": "1", "fileId": "36388a3695c645b3b6540d564ed20506", "classIds": ["Crex crex", "Scolopax rusticola"], "channels": [[{"startTime": 0.0, "endTime": 5.0, "predictions": {"probabilities": [-12.963699340820312, -15.188389778137207], "logits": [NaN, NaN]}, "groundTruth": [0.0, 0.0]}, {"startTime": 5.0, "endTime": 10.0, "predictions": {"probabilities": [-12.290021896362305, -11.640501976013184], "logits": [NaN, NaN]}, "groundTruth": [0.0, 0.0]}, {"startTime": 10.0, "endTime": 15.0, "predictions": {"probabilities": [-18.747522354125977, -19.75870704650879], "logits": [NaN, NaN]}, "groundTruth": [0.0, 0.0]}, {"startTime": 15.0, "endTime": 20.0, "predictions": {"probabilities": [-12.323646545410156, -13.707274436950684], "logits": [NaN, NaN]}, "groundTruth": [0.0, 0.0]}]]}