{"modelName": "devise-220528-v0-ep33", "version": "1", "fileId": "36388a3695c645b3b6540d564ed20506", "classIds": ["Crex crex", "Scolopax rusticola"], "channels": [[{"startTime": 0.0, "endTime": 5.0, "predictions": {"probabilities": [2.343882670174935e-06, 2.533763279188861e-07], "logits": []}, "groundTruth": [0.0, 0.0]}, {"startTime": 5.0, "endTime": 10.0, "predictions": {"probabilities": [4.597368388203904e-06, 8.802183401712682e-06], "logits": []}, "groundTruth": [0.0, 0.0]}, {"startTime": 10.0, "endTime": 15.0, "predictions": {"probabilities": [7.211979902166377e-09, 2.6236297578918766e-09], "logits": []}, "groundTruth": [0.0, 0.0]}, {"startTime": 15.0, "endTime": 20.0, "predictions": {"probabilities": [4.445354079507524e-06, 1.1143096116938978e-06], "logits": []}, "groundTruth": [0.0, 0.0]}]]}