{"modelName": "devise-220528-v0-ep33", "version": "1", "fileId": "365a7753cadb4e33a1a4da7d8c5824d1", "classIds": ["Crex crex", "Scolopax rusticola"], "channels": [[{"startTime": 0.0, "endTime": 5.0, "predictions": {"probabilities": [1.0558032954577357e-06, 8.157613820003462e-07], "logits": []}, "groundTruth": [0.0, 1.0]}, {"startTime": 5.0, "endTime": 10.0, "predictions": {"probabilities": [1.254798007721547e-05, 0.04349082335829735], "logits": []}, "groundTruth": [0.0, 1.0]}, {"startTime": 10.0, "endTime": 15.0, "predictions": {"probabilities": [9.792159971766523e-07, 0.9823547601699829], "logits": []}, "groundTruth": [0.0, 1.0]}, {"startTime": 15.0, "endTime": 20.0, "predictions": {"probabilities": [2.826527861543582e-06, 0.367340624332428], "logits": []}, "groundTruth": [0.0, 0.0]}]]}