{"modelName": "devise-220528-v0-ep33", "version": "1", "fileId": "366ac1eeba3242e2aa6d79f8c729463a", "classIds": ["Crex crex", "Scolopax rusticola"], "channels": [[{"startTime": 0.0, "endTime": 5.0, "predictions": {"probabilities": [-16.312284469604492, 5.817777156829834], "logits": [NaN, NaN]}, "groundTruth": [0.0, 1.0]}, {"startTime": 5.0, "endTime": 10.0, "predictions": {"probabilities": [-20.34634780883789, 32.62739562988281], "logits": [NaN, NaN]}, "groundTruth": [0.0, 1.0]}, {"startTime": 10.0, "endTime": 15.0, "predictions": {"probabilities": [-17.975563049316406, 9.69328498840332], "logits": [NaN, NaN]}, "groundTruth": [0.0, 1.0]}, {"startTime": 14.0, "endTime": 19.0, "predictions": {"probabilities": [-13.775676727294922, 3.763056516647339], "logits": [NaN, NaN]}, "groundTruth": [0.0, 1.0]}]]}