{"modelName": "devise-220528-v0-ep33", "version": "1", "fileId": "366ac1eeba3242e2aa6d79f8c729463a", "classIds": ["Crex crex", "Scolopax rusticola"], "channels": [[{"startTime": 0.0, "endTime": 5.0, "predictions": {"probabilities": [8.235023329916658e-08, 0.9970346689224243], "logits": []}, "groundTruth": [0.0, 1.0]}, {"startTime": 5.0, "endTime": 10.0, "predictions": {"probabilities": [1.4577847817776046e-09, 1.0], "logits": []}, "groundTruth": [0.0, 1.0]}, {"startTime": 10.0, "endTime": 15.0, "predictions": {"probabilities": [1.5606739012241633e-08, 0.9999382495880127], "logits": []}, "groundTruth": [0.0, 1.0]}, {"startTime": 14.0, "endTime": 19.0, "predictions": {"probabilities": [1.0406367891846457e-06, 0.9773139357566833], "logits": []}, "groundTruth": [0.0, 1.0]}]]}