{"modelName": "devise-220528-v0-ep33", "version": "1", "fileId": "36aa2aa3be74448d94925a48febe590d", "classIds": ["Crex crex", "Scolopax rusticola"], "channels": [[{"startTime": 0.0, "endTime": 5.0, "predictions": {"probabilities": [-7.593495845794678, -0.710067629814148], "logits": [NaN, NaN]}, "groundTruth": [0.0, 0.0]}, {"startTime": 5.0, "endTime": 10.0, "predictions": {"probabilities": [-7.2382025718688965, -2.092691421508789], "logits": [NaN, NaN]}, "groundTruth": [0.0, 0.0]}, {"startTime": 10.0, "endTime": 15.0, "predictions": {"probabilities": [-7.714643478393555, -0.18611273169517517], "logits": [NaN, NaN]}, "groundTruth": [0.0, 0.0]}, {"startTime": 15.0, "endTime": 20.0, "predictions": {"probabilities": [-5.808385848999023, -3.789494276046753], "logits": [NaN, NaN]}, "groundTruth": [0.0, 0.0]}]]}