{"modelName": "devise-220528-v0-ep33", "version": "1", "fileId": "36aa2aa3be74448d94925a48febe590d", "classIds": ["Crex crex", "Scolopax rusticola"], "channels": [[{"startTime": 0.0, "endTime": 5.0, "predictions": {"probabilities": [0.0005034634377807379, 0.32958388328552246], "logits": []}, "groundTruth": [0.0, 0.0]}, {"startTime": 5.0, "endTime": 10.0, "predictions": {"probabilities": [0.0007180862012319267, 0.10980920493602753], "logits": []}, "groundTruth": [0.0, 0.0]}, {"startTime": 10.0, "endTime": 15.0, "predictions": {"probabilities": [0.0004460454802028835, 0.45360568165779114], "logits": []}, "groundTruth": [0.0, 0.0]}, {"startTime": 15.0, "endTime": 20.0, "predictions": {"probabilities": [0.002993285655975342, 0.022107252851128578], "logits": []}, "groundTruth": [0.0, 0.0]}]]}