{"modelName": "devise-220528-v0-ep33", "version": "1", "fileId": "373cfbbfd2cd4cf6985de5eb5f82758f", "classIds": ["Crex crex", "Scolopax rusticola"], "channels": [[{"startTime": 0.0, "endTime": 5.0, "predictions": {"probabilities": [-12.875429153442383, -11.813039779663086], "logits": [NaN, NaN]}, "groundTruth": [0.0, 0.0]}, {"startTime": 5.0, "endTime": 10.0, "predictions": {"probabilities": [-11.671124458312988, -12.323335647583008], "logits": [NaN, NaN]}, "groundTruth": [0.0, 0.0]}, {"startTime": 10.0, "endTime": 15.0, "predictions": {"probabilities": [-10.739482879638672, -11.06301212310791], "logits": [NaN, NaN]}, "groundTruth": [0.0, 0.0]}, {"startTime": 15.0, "endTime": 20.0, "predictions": {"probabilities": [-10.733109474182129, -13.975010871887207], "logits": [NaN, NaN]}, "groundTruth": [0.0, 0.0]}]]}