{"modelName": "devise-220528-v0-ep33", "version": "1", "fileId": "373cfbbfd2cd4cf6985de5eb5f82758f", "classIds": ["Crex crex", "Scolopax rusticola"], "channels": [[{"startTime": 0.0, "endTime": 5.0, "predictions": {"probabilities": [2.5601832476240816e-06, 7.407280463667121e-06], "logits": []}, "groundTruth": [0.0, 0.0]}, {"startTime": 5.0, "endTime": 10.0, "predictions": {"probabilities": [8.53672554512741e-06, 4.446736511454219e-06], "logits": []}, "groundTruth": [0.0, 0.0]}, {"startTime": 10.0, "endTime": 15.0, "predictions": {"probabilities": [2.1671672584488988e-05, 1.5681516742915846e-05], "logits": []}, "groundTruth": [0.0, 0.0]}, {"startTime": 15.0, "endTime": 20.0, "predictions": {"probabilities": [2.1810234102304094e-05, 8.525689736416098e-07], "logits": []}, "groundTruth": [0.0, 0.0]}]]}