{"modelName": "devise-220528-v0-ep33", "version": "1", "fileId": "3743b0aa779a4df6b7de4216e6495828", "classIds": ["Crex crex", "Scolopax rusticola"], "channels": [[{"startTime": 0.0, "endTime": 5.0, "predictions": {"probabilities": [2.2262760523972247e-07, 7.243027511094624e-08], "logits": []}, "groundTruth": [0.0, 0.0]}, {"startTime": 5.0, "endTime": 10.0, "predictions": {"probabilities": [8.950002694518844e-08, 9.70143901213305e-07], "logits": []}, "groundTruth": [0.0, 0.0]}, {"startTime": 10.0, "endTime": 15.0, "predictions": {"probabilities": [4.545457341009751e-05, 1.7852422388386913e-05], "logits": []}, "groundTruth": [0.0, 0.0]}, {"startTime": 15.0, "endTime": 20.0, "predictions": {"probabilities": [1.083371330423688e-06, 1.1136360626551323e-05], "logits": []}, "groundTruth": [0.0, 0.0]}]]}