{"modelName": "devise-220528-v0-ep33", "version": "1", "fileId": "374cebb2392b4f559d418dd87d76cb17", "classIds": ["Crex crex", "Scolopax rusticola"], "channels": [[{"startTime": 0.0, "endTime": 5.0, "predictions": {"probabilities": [-14.274474143981934, -8.10023307800293], "logits": [NaN, NaN]}, "groundTruth": [0.0, 0.0]}, {"startTime": 5.0, "endTime": 10.0, "predictions": {"probabilities": [-9.621162414550781, -11.68327522277832], "logits": [NaN, NaN]}, "groundTruth": [0.0, 0.0]}, {"startTime": 10.0, "endTime": 15.0, "predictions": {"probabilities": [-13.733820915222168, -10.916168212890625], "logits": [NaN, NaN]}, "groundTruth": [0.0, 0.0]}, {"startTime": 15.0, "endTime": 20.0, "predictions": {"probabilities": [-11.141141891479492, -12.660233497619629], "logits": [NaN, NaN]}, "groundTruth": [0.0, 0.0]}]]}