{"modelName": "devise-220528-v0-ep33", "version": "1", "fileId": "3768252d86504f8da39ea08a6fe45dbf", "classIds": ["Crex crex", "Scolopax rusticola"], "channels": [[{"startTime": 0.0, "endTime": 5.0, "predictions": {"probabilities": [3.716273931786418e-05, 0.00022465678921435028], "logits": []}, "groundTruth": [0.0, 0.0]}, {"startTime": 5.0, "endTime": 10.0, "predictions": {"probabilities": [1.4577400179405231e-05, 2.8130523787694983e-05], "logits": []}, "groundTruth": [0.0, 0.0]}, {"startTime": 10.0, "endTime": 15.0, "predictions": {"probabilities": [8.855437044985592e-05, 0.0005954059306532145], "logits": []}, "groundTruth": [0.0, 0.0]}, {"startTime": 15.0, "endTime": 20.0, "predictions": {"probabilities": [1.083436745830113e-05, 0.00015881904982961714], "logits": []}, "groundTruth": [0.0, 0.0]}]]}