{"modelName": "devise-220528-v0-ep33", "version": "1", "fileId": "37ad328622c447d896ce81180383afe6", "classIds": ["Crex crex", "Scolopax rusticola"], "channels": [[{"startTime": 0.0, "endTime": 5.0, "predictions": {"probabilities": [3.9642259253014345e-07, 6.29225098691677e-08], "logits": []}, "groundTruth": [0.0, 0.0]}, {"startTime": 5.0, "endTime": 10.0, "predictions": {"probabilities": [6.143701369865084e-08, 2.154471445692252e-08], "logits": []}, "groundTruth": [0.0, 0.0]}, {"startTime": 10.0, "endTime": 15.0, "predictions": {"probabilities": [7.896405236351711e-07, 1.2403570508467965e-06], "logits": []}, "groundTruth": [0.0, 0.0]}, {"startTime": 15.0, "endTime": 20.0, "predictions": {"probabilities": [2.7931497115218917e-08, 3.77439164367388e-08], "logits": []}, "groundTruth": [0.0, 0.0]}]]}