{"modelName": "devise-220528-v0-ep33", "version": "1", "fileId": "37ad328622c447d896ce81180383afe6", "classIds": ["Crex crex", "Scolopax rusticola"], "channels": [[{"startTime": 0.0, "endTime": 5.0, "predictions": {"probabilities": [-14.740784645080566, -16.581361770629883], "logits": [NaN, NaN]}, "groundTruth": [0.0, 0.0]}, {"startTime": 5.0, "endTime": 10.0, "predictions": {"probabilities": [-16.605253219604492, -17.653135299682617], "logits": [NaN, NaN]}, "groundTruth": [0.0, 0.0]}, {"startTime": 10.0, "endTime": 15.0, "predictions": {"probabilities": [-14.051687240600586, -13.600110054016113], "logits": [NaN, NaN]}, "groundTruth": [0.0, 0.0]}, {"startTime": 15.0, "endTime": 20.0, "predictions": {"probabilities": [-17.393510818481445, -17.09244155883789], "logits": [NaN, NaN]}, "groundTruth": [0.0, 0.0]}]]}