{"modelName": "devise-220528-v0-ep33", "version": "1", "fileId": "37bd0bffdee3492fb062e1e61e1c28bb", "classIds": ["Crex crex", "Scolopax rusticola"], "channels": [[{"startTime": 0.0, "endTime": 5.0, "predictions": {"probabilities": [-12.21015453338623, -11.546149253845215], "logits": [NaN, NaN]}, "groundTruth": [0.0, 0.0]}, {"startTime": 5.0, "endTime": 10.0, "predictions": {"probabilities": [-10.849925994873047, -9.595438957214355], "logits": [NaN, NaN]}, "groundTruth": [0.0, 0.0]}, {"startTime": 10.0, "endTime": 15.0, "predictions": {"probabilities": [-8.16456413269043, -12.760791778564453], "logits": [NaN, NaN]}, "groundTruth": [0.0, 0.0]}, {"startTime": 15.0, "endTime": 20.0, "predictions": {"probabilities": [-13.158451080322266, -17.8399658203125], "logits": [NaN, NaN]}, "groundTruth": [0.0, 0.0]}]]}