{"modelName": "devise-220528-v0-ep33", "version": "1", "fileId": "37df0075f51349609855634ec9b6e50f", "classIds": ["Crex crex", "Scolopax rusticola"], "channels": [[{"startTime": 0.0, "endTime": 5.0, "predictions": {"probabilities": [2.1135821981488334e-08, 1.4238421996992656e-08], "logits": []}, "groundTruth": [0.0, 0.0]}, {"startTime": 5.0, "endTime": 10.0, "predictions": {"probabilities": [0.00010731057409429923, 0.0016977110644802451], "logits": []}, "groundTruth": [0.0, 0.0]}, {"startTime": 10.0, "endTime": 15.0, "predictions": {"probabilities": [1.925370952449157e-06, 0.06121588870882988], "logits": []}, "groundTruth": [0.0, 0.0]}, {"startTime": 15.0, "endTime": 20.0, "predictions": {"probabilities": [1.2802790649857343e-07, 0.9999865293502808], "logits": []}, "groundTruth": [0.0, 0.0]}]]}