{"modelName": "devise-220528-v0-ep33", "version": "1", "fileId": "37ed930c06a94c08b72809e23c4a12a7", "classIds": ["Crex crex", "Scolopax rusticola"], "channels": [[{"startTime": 0.0, "endTime": 5.0, "predictions": {"probabilities": [-11.22385311126709, -3.354581594467163], "logits": [NaN, NaN]}, "groundTruth": [0.0, 0.0]}, {"startTime": 5.0, "endTime": 10.0, "predictions": {"probabilities": [-11.034684181213379, -9.054325103759766], "logits": [NaN, NaN]}, "groundTruth": [0.0, 0.0]}, {"startTime": 10.0, "endTime": 15.0, "predictions": {"probabilities": [-10.88644027709961, -7.504992961883545], "logits": [NaN, NaN]}, "groundTruth": [0.0, 0.0]}, {"startTime": 15.0, "endTime": 20.0, "predictions": {"probabilities": [-10.618453025817871, -6.056527614593506], "logits": [NaN, NaN]}, "groundTruth": [0.0, 0.0]}]]}