{"modelName": "devise-220528-v0-ep33", "version": "1", "fileId": "37ed930c06a94c08b72809e23c4a12a7", "classIds": ["Crex crex", "Scolopax rusticola"], "channels": [[{"startTime": 0.0, "endTime": 5.0, "predictions": {"probabilities": [1.3351704183151014e-05, 0.033745452761650085], "logits": []}, "groundTruth": [0.0, 0.0]}, {"startTime": 5.0, "endTime": 10.0, "predictions": {"probabilities": [1.6132085875142366e-05, 0.0001168707458418794], "logits": []}, "groundTruth": [0.0, 0.0]}, {"startTime": 10.0, "endTime": 15.0, "predictions": {"probabilities": [1.8709875803324394e-05, 0.0005500270053744316], "logits": []}, "groundTruth": [0.0, 0.0]}, {"startTime": 15.0, "endTime": 20.0, "predictions": {"probabilities": [2.445985228405334e-05, 0.0023370464332401752], "logits": []}, "groundTruth": [0.0, 0.0]}]]}