{"modelName": "devise-220528-v0-ep33", "version": "1", "fileId": "387148b9d6964835a7674f2595181db0", "classIds": ["Crex crex", "Scolopax rusticola"], "channels": [[{"startTime": 0.0, "endTime": 5.0, "predictions": {"probabilities": [3.7715924463554984e-06, 4.519278263614979e-06], "logits": []}, "groundTruth": [0.0, 0.0]}, {"startTime": 5.0, "endTime": 10.0, "predictions": {"probabilities": [3.0565715860575438e-06, 1.3758019576926017e-06], "logits": []}, "groundTruth": [0.0, 0.0]}, {"startTime": 10.0, "endTime": 15.0, "predictions": {"probabilities": [1.1405334134906298e-06, 1.6277674319553626e-07], "logits": []}, "groundTruth": [0.0, 0.0]}, {"startTime": 15.0, "endTime": 20.0, "predictions": {"probabilities": [2.564972234608831e-08, 9.197348731504462e-07], "logits": []}, "groundTruth": [0.0, 0.0]}]]}