{"modelName": "devise-220528-v0-ep33", "version": "1", "fileId": "387148b9d6964835a7674f2595181db0", "classIds": ["Crex crex", "Scolopax rusticola"], "channels": [[{"startTime": 0.0, "endTime": 5.0, "predictions": {"probabilities": [-12.488009452819824, -12.307153701782227], "logits": [NaN, NaN]}, "groundTruth": [0.0, 0.0]}, {"startTime": 5.0, "endTime": 10.0, "predictions": {"probabilities": [-12.698213577270508, -13.496472358703613], "logits": [NaN, NaN]}, "groundTruth": [0.0, 0.0]}, {"startTime": 10.0, "endTime": 15.0, "predictions": {"probabilities": [-13.684013366699219, -15.63088607788086], "logits": [NaN, NaN]}, "groundTruth": [0.0, 0.0]}, {"startTime": 15.0, "endTime": 20.0, "predictions": {"probabilities": [-17.47873306274414, -13.899179458618164], "logits": [NaN, NaN]}, "groundTruth": [0.0, 0.0]}]]}