{"modelName": "devise-220528-v0-ep33", "version": "1", "fileId": "3873d50ef82d4480ad35aa64ba76691d", "classIds": ["Crex crex", "Scolopax rusticola"], "channels": [[{"startTime": 0.0, "endTime": 5.0, "predictions": {"probabilities": [-9.925581932067871, -8.683771133422852], "logits": [NaN, NaN]}, "groundTruth": [0.0, 0.0]}, {"startTime": 5.0, "endTime": 10.0, "predictions": {"probabilities": [-14.967483520507812, -13.067509651184082], "logits": [NaN, NaN]}, "groundTruth": [0.0, 0.0]}, {"startTime": 10.0, "endTime": 15.0, "predictions": {"probabilities": [-11.49512004852295, -11.187569618225098], "logits": [NaN, NaN]}, "groundTruth": [0.0, 0.0]}, {"startTime": 15.0, "endTime": 20.0, "predictions": {"probabilities": [-13.794089317321777, 6.181974411010742], "logits": [NaN, NaN]}, "groundTruth": [0.0, 0.0]}]]}