{"modelName": "devise-220528-v0-ep33", "version": "1", "fileId": "387bbcb26eec4bdfab06891e0ec03e79", "classIds": ["Crex crex", "Scolopax rusticola"], "channels": [[{"startTime": 0.0, "endTime": 5.0, "predictions": {"probabilities": [-13.353368759155273, -14.345513343811035], "logits": [NaN, NaN]}, "groundTruth": [0.0, 0.0]}, {"startTime": 5.0, "endTime": 10.0, "predictions": {"probabilities": [-9.979276657104492, -11.759607315063477], "logits": [NaN, NaN]}, "groundTruth": [0.0, 0.0]}, {"startTime": 10.0, "endTime": 15.0, "predictions": {"probabilities": [-15.93223762512207, -19.674537658691406], "logits": [NaN, NaN]}, "groundTruth": [0.0, 0.0]}, {"startTime": 15.0, "endTime": 20.0, "predictions": {"probabilities": [-12.720695495605469, -13.835678100585938], "logits": [NaN, NaN]}, "groundTruth": [0.0, 0.0]}]]}