{"modelName": "devise-220528-v0-ep33", "version": "1", "fileId": "399051cb355a4c19a6cf7c9a1d32c4ea", "classIds": ["Crex crex", "Scolopax rusticola"], "channels": [[{"startTime": 0.0, "endTime": 5.0, "predictions": {"probabilities": [9.968614904209971e-06, 0.0005876754294149578], "logits": []}, "groundTruth": [0.0, 0.0]}, {"startTime": 5.0, "endTime": 10.0, "predictions": {"probabilities": [4.2497421759435383e-07, 1.3217641026130877e-06], "logits": []}, "groundTruth": [0.0, 0.0]}, {"startTime": 10.0, "endTime": 15.0, "predictions": {"probabilities": [6.872854640960213e-08, 3.8950020098127425e-06], "logits": []}, "groundTruth": [0.0, 0.0]}, {"startTime": 15.0, "endTime": 20.0, "predictions": {"probabilities": [1.0012776101575582e-06, 1.1767792784667108e-06], "logits": []}, "groundTruth": [0.0, 0.0]}]]}