{"modelName": "devise-220528-v0-ep33", "version": "1", "fileId": "3a3f043639794c368b420d35b3ded5fb", "classIds": ["Crex crex", "Scolopax rusticola"], "channels": [[{"startTime": 0.0, "endTime": 5.0, "predictions": {"probabilities": [-11.937542915344238, -10.969559669494629], "logits": [NaN, NaN]}, "groundTruth": [0.0, 0.0]}, {"startTime": 5.0, "endTime": 10.0, "predictions": {"probabilities": [-10.267936706542969, -11.263444900512695], "logits": [NaN, NaN]}, "groundTruth": [0.0, 0.0]}, {"startTime": 10.0, "endTime": 15.0, "predictions": {"probabilities": [-10.820003509521484, -7.320458889007568], "logits": [NaN, NaN]}, "groundTruth": [0.0, 0.0]}, {"startTime": 15.0, "endTime": 20.0, "predictions": {"probabilities": [-8.020076751708984, -9.866040229797363], "logits": [NaN, NaN]}, "groundTruth": [0.0, 0.0]}]]}