{"modelName": "devise-220528-v0-ep33", "version": "1", "fileId": "3a53ad2d6f8f476a976ab2d7910c1e87", "classIds": ["Crex crex", "Scolopax rusticola"], "channels": [[{"startTime": 0.0, "endTime": 5.0, "predictions": {"probabilities": [1.873730252555106e-05, 0.00013432161358650774], "logits": []}, "groundTruth": [0.0, 0.0]}, {"startTime": 5.0, "endTime": 10.0, "predictions": {"probabilities": [9.218212539963133e-07, 7.059537438180996e-06], "logits": []}, "groundTruth": [0.0, 0.0]}, {"startTime": 10.0, "endTime": 15.0, "predictions": {"probabilities": [2.636144472489832e-06, 3.251503221690655e-05], "logits": []}, "groundTruth": [0.0, 0.0]}, {"startTime": 15.0, "endTime": 20.0, "predictions": {"probabilities": [1.3612509064842016e-05, 0.0008268104866147041], "logits": []}, "groundTruth": [0.0, 0.0]}]]}