{"modelName": "devise-220528-v0-ep33", "version": "1", "fileId": "3a876d53f5674325ab2e8b38ad2496ff", "classIds": ["Crex crex", "Scolopax rusticola"], "channels": [[{"startTime": 0.0, "endTime": 5.0, "predictions": {"probabilities": [0.00044905790127813816, 1.254831545338675e-07], "logits": []}, "groundTruth": [0.0, 0.0]}, {"startTime": 5.0, "endTime": 10.0, "predictions": {"probabilities": [7.495129102608189e-05, 2.28527869694517e-06], "logits": []}, "groundTruth": [0.0, 0.0]}, {"startTime": 10.0, "endTime": 15.0, "predictions": {"probabilities": [0.00014051160542294383, 2.1200746047611574e-08], "logits": []}, "groundTruth": [0.0, 0.0]}, {"startTime": 15.0, "endTime": 20.0, "predictions": {"probabilities": [0.0011352725559845567, 2.6697755117766064e-08], "logits": []}, "groundTruth": [0.0, 0.0]}]]}