{"modelName": "devise-220528-v0-ep33", "version": "1", "fileId": "3ac1094d3ea1444ea401bd4457422a36", "classIds": ["Crex crex", "Scolopax rusticola"], "channels": [[{"startTime": 0.0, "endTime": 5.0, "predictions": {"probabilities": [-18.822620391845703, -18.634855270385742], "logits": [NaN, NaN]}, "groundTruth": [0.0, 0.0]}, {"startTime": 5.0, "endTime": 10.0, "predictions": {"probabilities": [-20.78730583190918, -19.264068603515625], "logits": [NaN, NaN]}, "groundTruth": [0.0, 0.0]}, {"startTime": 10.0, "endTime": 15.0, "predictions": {"probabilities": [-12.566319465637207, -15.66455078125], "logits": [NaN, NaN]}, "groundTruth": [0.0, 0.0]}, {"startTime": 15.0, "endTime": 20.0, "predictions": {"probabilities": [-12.637715339660645, -14.465368270874023], "logits": [NaN, NaN]}, "groundTruth": [0.0, 0.0]}]]}