{"modelName": "devise-220528-v0-ep33", "version": "1", "fileId": "3af5caa77fec43089b0dd30ac666728c", "classIds": ["Crex crex", "Scolopax rusticola"], "channels": [[{"startTime": 0.0, "endTime": 5.0, "predictions": {"probabilities": [2.2284807243977411e-07, 5.227333232937781e-09], "logits": []}, "groundTruth": [0.0, 0.0]}, {"startTime": 5.0, "endTime": 10.0, "predictions": {"probabilities": [1.1106202624233674e-09, 1.2876578275866635e-11], "logits": []}, "groundTruth": [0.0, 0.0]}, {"startTime": 10.0, "endTime": 15.0, "predictions": {"probabilities": [1.0411092432605074e-08, 2.9381941324402305e-11], "logits": []}, "groundTruth": [0.0, 0.0]}, {"startTime": 15.0, "endTime": 20.0, "predictions": {"probabilities": [3.037515483583775e-08, 0.00013651244807988405], "logits": []}, "groundTruth": [0.0, 0.0]}]]}