{"modelName": "devise-220528-v0-ep33", "version": "1", "fileId": "3af5caa77fec43089b0dd30ac666728c", "classIds": ["Crex crex", "Scolopax rusticola"], "channels": [[{"startTime": 0.0, "endTime": 5.0, "predictions": {"probabilities": [-15.31677532196045, -19.069364547729492], "logits": [NaN, NaN]}, "groundTruth": [0.0, 0.0]}, {"startTime": 5.0, "endTime": 10.0, "predictions": {"probabilities": [-20.61834716796875, -25.075611114501953], "logits": [NaN, NaN]}, "groundTruth": [0.0, 0.0]}, {"startTime": 10.0, "endTime": 15.0, "predictions": {"probabilities": [-18.380393981933594, -24.250640869140625], "logits": [NaN, NaN]}, "groundTruth": [0.0, 0.0]}, {"startTime": 15.0, "endTime": 20.0, "predictions": {"probabilities": [-17.309640884399414, -8.898958206176758], "logits": [NaN, NaN]}, "groundTruth": [0.0, 0.0]}]]}