{"modelName": "devise-220528-v0-ep33", "version": "1", "fileId": "3b65c4ff5e98414d9ee0609d140bd23f", "classIds": ["Crex crex", "Scolopax rusticola"], "channels": [[{"startTime": 0.0, "endTime": 5.0, "predictions": {"probabilities": [3.289782762294635e-05, 0.8673017024993896], "logits": []}, "groundTruth": [0.0, 0.0]}, {"startTime": 5.0, "endTime": 10.0, "predictions": {"probabilities": [3.460540256128297e-06, 0.09451276808977127], "logits": []}, "groundTruth": [0.0, 0.0]}, {"startTime": 10.0, "endTime": 15.0, "predictions": {"probabilities": [4.029940555483336e-06, 0.4237251877784729], "logits": []}, "groundTruth": [0.0, 0.0]}, {"startTime": 15.0, "endTime": 20.0, "predictions": {"probabilities": [1.5566845831926912e-05, 0.0032266362104564905], "logits": []}, "groundTruth": [0.0, 0.0]}]]}