{"modelName": "devise-220528-v0-ep33", "version": "1", "fileId": "3b65c4ff5e98414d9ee0609d140bd23f", "classIds": ["Crex crex", "Scolopax rusticola"], "channels": [[{"startTime": 0.0, "endTime": 5.0, "predictions": {"probabilities": [-10.322071075439453, 1.8773084878921509], "logits": [NaN, NaN]}, "groundTruth": [0.0, 0.0]}, {"startTime": 5.0, "endTime": 10.0, "predictions": {"probabilities": [-12.574082374572754, -2.2597382068634033], "logits": [NaN, NaN]}, "groundTruth": [0.0, 0.0]}, {"startTime": 10.0, "endTime": 15.0, "predictions": {"probabilities": [-12.421754837036133, -0.3074994683265686], "logits": [NaN, NaN]}, "groundTruth": [0.0, 0.0]}, {"startTime": 15.0, "endTime": 20.0, "predictions": {"probabilities": [-11.070351600646973, -5.733083248138428], "logits": [NaN, NaN]}, "groundTruth": [0.0, 0.0]}]]}