{"modelName": "devise-220528-v0-ep33", "version": "1", "fileId": "3c66e4f9c8c84b40a8a59b3c6480c01c", "classIds": ["Crex crex", "Scolopax rusticola"], "channels": [[{"startTime": 0.0, "endTime": 5.0, "predictions": {"probabilities": [-12.431048393249512, -10.445700645446777], "logits": [NaN, NaN]}, "groundTruth": [0.0, 0.0]}, {"startTime": 5.0, "endTime": 10.0, "predictions": {"probabilities": [-14.924954414367676, -16.67827033996582], "logits": [NaN, NaN]}, "groundTruth": [0.0, 0.0]}, {"startTime": 10.0, "endTime": 15.0, "predictions": {"probabilities": [-15.801478385925293, -16.730012893676758], "logits": [NaN, NaN]}, "groundTruth": [0.0, 0.0]}, {"startTime": 15.0, "endTime": 20.0, "predictions": {"probabilities": [-17.684877395629883, -19.284147262573242], "logits": [NaN, NaN]}, "groundTruth": [0.0, 0.0]}]]}