{"modelName": "devise-220528-v0-ep33", "version": "1", "fileId": "3cd8b39320424dce84171e2eb4199646", "classIds": ["Crex crex", "Scolopax rusticola"], "channels": [[{"startTime": 0.0, "endTime": 5.0, "predictions": {"probabilities": [3.901548595308668e-08, 3.34031483362196e-07], "logits": []}, "groundTruth": [0.0, 0.0]}, {"startTime": 5.0, "endTime": 10.0, "predictions": {"probabilities": [3.137784688078682e-06, 1.9724664070963627e-06], "logits": []}, "groundTruth": [0.0, 0.0]}, {"startTime": 10.0, "endTime": 15.0, "predictions": {"probabilities": [7.747828021820169e-06, 0.00013670719636138529], "logits": []}, "groundTruth": [0.0, 0.0]}, {"startTime": 15.0, "endTime": 20.0, "predictions": {"probabilities": [1.2301084097998682e-06, 2.293677425768692e-07], "logits": []}, "groundTruth": [0.0, 0.0]}]]}