{"modelName": "devise-220528-v0-ep33", "version": "1", "fileId": "3d0fc5e60dea40048040f2c1e8c2eca1", "classIds": ["Crex crex", "Scolopax rusticola"], "channels": [[{"startTime": 0.0, "endTime": 5.0, "predictions": {"probabilities": [-13.956682205200195, -16.24169158935547], "logits": [NaN, NaN]}, "groundTruth": [0.0, 0.0]}, {"startTime": 5.0, "endTime": 10.0, "predictions": {"probabilities": [-14.229536056518555, -11.95298957824707], "logits": [NaN, NaN]}, "groundTruth": [0.0, 0.0]}, {"startTime": 10.0, "endTime": 15.0, "predictions": {"probabilities": [-12.400093078613281, -9.405957221984863], "logits": [NaN, NaN]}, "groundTruth": [0.0, 0.0]}, {"startTime": 15.0, "endTime": 20.0, "predictions": {"probabilities": [-20.432649612426758, -20.590951919555664], "logits": [NaN, NaN]}, "groundTruth": [0.0, 0.0]}]]}