{"modelName": "devise-220528-v0-ep33", "version": "1", "fileId": "3d1654e9fe344332a687e9ca5c0cbcaa", "classIds": ["Crex crex", "Scolopax rusticola"], "channels": [[{"startTime": 0.0, "endTime": 5.0, "predictions": {"probabilities": [5.864651431153334e-09, 2.0629932484528268e-10], "logits": []}, "groundTruth": [0.0, 0.0]}, {"startTime": 5.0, "endTime": 10.0, "predictions": {"probabilities": [1.905526261225532e-07, 1.1003769007089659e-09], "logits": []}, "groundTruth": [0.0, 0.0]}, {"startTime": 10.0, "endTime": 15.0, "predictions": {"probabilities": [1.864655985173158e-09, 1.1727672869291106e-12], "logits": []}, "groundTruth": [0.0, 0.0]}, {"startTime": 15.0, "endTime": 20.0, "predictions": {"probabilities": [4.6835424427627004e-07, 1.0184292992265753e-10], "logits": []}, "groundTruth": [0.0, 0.0]}]]}