{"modelName": "devise-220528-v0-ep33", "version": "1", "fileId": "3d1654e9fe344332a687e9ca5c0cbcaa", "classIds": ["Crex crex", "Scolopax rusticola"], "channels": [[{"startTime": 0.0, "endTime": 5.0, "predictions": {"probabilities": [-18.954322814941406, -22.301692962646484], "logits": [NaN, NaN]}, "groundTruth": [0.0, 0.0]}, {"startTime": 5.0, "endTime": 10.0, "predictions": {"probabilities": [-15.473337173461914, -20.627613067626953], "logits": [NaN, NaN]}, "groundTruth": [0.0, 0.0]}, {"startTime": 10.0, "endTime": 15.0, "predictions": {"probabilities": [-20.100189208984375, -27.471654891967773], "logits": [NaN, NaN]}, "groundTruth": [0.0, 0.0]}, {"startTime": 15.0, "endTime": 20.0, "predictions": {"probabilities": [-14.574040412902832, -23.00758934020996], "logits": [NaN, NaN]}, "groundTruth": [0.0, 0.0]}]]}