{"modelName": "devise-220528-v0-ep33", "version": "1", "fileId": "3dc963de8fab42b4ba0975fbb31d0668", "classIds": ["Crex crex", "Scolopax rusticola"], "channels": [[{"startTime": 0.0, "endTime": 5.0, "predictions": {"probabilities": [3.6671630368800834e-05, 0.020972440019249916], "logits": []}, "groundTruth": [0.0, 1.0]}, {"startTime": 4.0, "endTime": 9.0, "predictions": {"probabilities": [0.0002510943741071969, 0.0016099803615361452], "logits": []}, "groundTruth": [0.0, 1.0]}]]}