{"modelName": "devise-220528-v0-ep33", "version": "1", "fileId": "3e417ae0a3624c178ab969487949fe1f", "classIds": ["Crex crex", "Scolopax rusticola"], "channels": [[{"startTime": 0.0, "endTime": 5.0, "predictions": {"probabilities": [-8.73836898803711, -7.103175640106201], "logits": [NaN, NaN]}, "groundTruth": [0.0, 0.0]}, {"startTime": 5.0, "endTime": 10.0, "predictions": {"probabilities": [-9.510022163391113, -7.481098651885986], "logits": [NaN, NaN]}, "groundTruth": [0.0, 0.0]}, {"startTime": 10.0, "endTime": 15.0, "predictions": {"probabilities": [-7.858332633972168, -6.138021469116211], "logits": [NaN, NaN]}, "groundTruth": [0.0, 0.0]}, {"startTime": 15.0, "endTime": 20.0, "predictions": {"probabilities": [-7.824731349945068, -5.53557825088501], "logits": [NaN, NaN]}, "groundTruth": [0.0, 0.0]}]]}