{"modelName": "devise-220528-v0-ep33", "version": "1", "fileId": "3ec4feb7913447e5b46abe2a06c29ad8", "classIds": ["Crex crex", "Scolopax rusticola"], "channels": [[{"startTime": 0.0, "endTime": 5.0, "predictions": {"probabilities": [1.320523921322092e-07, 1.6612436581908696e-07], "logits": []}, "groundTruth": [0.0, 0.0]}, {"startTime": 5.0, "endTime": 10.0, "predictions": {"probabilities": [4.727623803546521e-08, 1.4065044684485883e-09], "logits": []}, "groundTruth": [0.0, 0.0]}, {"startTime": 10.0, "endTime": 15.0, "predictions": {"probabilities": [7.318614336782048e-08, 3.654609503911388e-09], "logits": []}, "groundTruth": [0.0, 0.0]}, {"startTime": 15.0, "endTime": 20.0, "predictions": {"probabilities": [3.6998830665879723e-09, 8.754303060243274e-09], "logits": []}, "groundTruth": [0.0, 0.0]}]]}