{"modelName": "devise-220528-v0-ep33", "version": "1", "fileId": "3f0dcb97e751495e8216b3cb3e8e784a", "classIds": ["Crex crex", "Scolopax rusticola"], "channels": [[{"startTime": 0.0, "endTime": 5.0, "predictions": {"probabilities": [-10.040635108947754, -9.916448593139648], "logits": [NaN, NaN]}, "groundTruth": [0.0, 0.0]}, {"startTime": 5.0, "endTime": 10.0, "predictions": {"probabilities": [-13.555313110351562, -20.836105346679688], "logits": [NaN, NaN]}, "groundTruth": [0.0, 0.0]}, {"startTime": 10.0, "endTime": 15.0, "predictions": {"probabilities": [-14.780987739562988, -13.530854225158691], "logits": [NaN, NaN]}, "groundTruth": [0.0, 0.0]}, {"startTime": 15.0, "endTime": 20.0, "predictions": {"probabilities": [-12.631606101989746, -5.853905200958252], "logits": [NaN, NaN]}, "groundTruth": [0.0, 0.0]}]]}