{"modelName": "devise-220528-v0-ep33", "version": "1", "fileId": "3f7776a4b09d445a9bb63fe5c678a1ec", "classIds": ["Crex crex", "Scolopax rusticola"], "channels": [[{"startTime": 0.0, "endTime": 5.0, "predictions": {"probabilities": [-15.129965782165527, -18.60143280029297], "logits": [NaN, NaN]}, "groundTruth": [0.0, 0.0]}, {"startTime": 5.0, "endTime": 10.0, "predictions": {"probabilities": [-15.86172103881836, -17.715560913085938], "logits": [NaN, NaN]}, "groundTruth": [0.0, 0.0]}, {"startTime": 10.0, "endTime": 15.0, "predictions": {"probabilities": [-13.638007164001465, -6.693212509155273], "logits": [NaN, NaN]}, "groundTruth": [0.0, 0.0]}, {"startTime": 15.0, "endTime": 20.0, "predictions": {"probabilities": [-11.869061470031738, -4.622624397277832], "logits": [NaN, NaN]}, "groundTruth": [0.0, 0.0]}]]}