{"modelName": "devise-220528-v0-ep33", "version": "1", "fileId": "3f8e7677ca244321983da49a42da0d85", "classIds": ["Crex crex", "Scolopax rusticola"], "channels": [[{"startTime": 0.0, "endTime": 5.0, "predictions": {"probabilities": [1.105169030779507e-05, 2.9958577840716316e-08], "logits": []}, "groundTruth": [0.0, 0.0]}, {"startTime": 5.0, "endTime": 10.0, "predictions": {"probabilities": [2.5462941266596317e-07, 8.276174412458204e-07], "logits": []}, "groundTruth": [0.0, 0.0]}, {"startTime": 10.0, "endTime": 15.0, "predictions": {"probabilities": [1.4780114554469037e-07, 6.972402388782939e-07], "logits": []}, "groundTruth": [0.0, 0.0]}, {"startTime": 15.0, "endTime": 20.0, "predictions": {"probabilities": [1.5525292162976712e-09, 4.904746830902695e-09], "logits": []}, "groundTruth": [0.0, 0.0]}]]}