{"modelName": "devise-220528-v0-ep33", "version": "1", "fileId": "3fc0e8848b114411a34d52bd3a02e319", "classIds": ["Crex crex", "Scolopax rusticola"], "channels": [[{"startTime": 0.0, "endTime": 5.0, "predictions": {"probabilities": [1.5616255041095428e-05, 3.279067459516227e-05], "logits": []}, "groundTruth": [0.0, 0.0]}, {"startTime": 5.0, "endTime": 10.0, "predictions": {"probabilities": [3.586452521631145e-06, 2.1121202735230327e-05], "logits": []}, "groundTruth": [0.0, 0.0]}, {"startTime": 10.0, "endTime": 15.0, "predictions": {"probabilities": [1.9461169813439483e-06, 0.00023406038235407323], "logits": []}, "groundTruth": [0.0, 0.0]}, {"startTime": 15.0, "endTime": 20.0, "predictions": {"probabilities": [1.0821006071637385e-05, 2.397519347141497e-05], "logits": []}, "groundTruth": [0.0, 0.0]}]]}