{"modelName": "devise-220528-v0-ep33", "version": "1", "fileId": "409782ab56a84063a8d3b27af00610cb", "classIds": ["Crex crex", "Scolopax rusticola"], "channels": [[{"startTime": 0.0, "endTime": 5.0, "predictions": {"probabilities": [-11.685256958007812, -15.74431037902832], "logits": [NaN, NaN]}, "groundTruth": [0.0, 0.0]}, {"startTime": 5.0, "endTime": 10.0, "predictions": {"probabilities": [-13.319664001464844, -12.06322956085205], "logits": [NaN, NaN]}, "groundTruth": [0.0, 0.0]}, {"startTime": 10.0, "endTime": 15.0, "predictions": {"probabilities": [-13.60637092590332, -13.38718318939209], "logits": [NaN, NaN]}, "groundTruth": [0.0, 0.0]}, {"startTime": 15.0, "endTime": 20.0, "predictions": {"probabilities": [-13.494075775146484, -9.18635368347168], "logits": [NaN, NaN]}, "groundTruth": [0.0, 0.0]}]]}