{"modelName": "devise-220528-v0-ep33", "version": "1", "fileId": "409782ab56a84063a8d3b27af00610cb", "classIds": ["Crex crex", "Scolopax rusticola"], "channels": [[{"startTime": 0.0, "endTime": 5.0, "predictions": {"probabilities": [8.416929631493986e-06, 1.4532248826526484e-07], "logits": []}, "groundTruth": [0.0, 0.0]}, {"startTime": 5.0, "endTime": 10.0, "predictions": {"probabilities": [1.6418849781985045e-06, 5.767710717918817e-06], "logits": []}, "groundTruth": [0.0, 0.0]}, {"startTime": 10.0, "endTime": 15.0, "predictions": {"probabilities": [1.232615545632143e-06, 1.5346860209319857e-06], "logits": []}, "groundTruth": [0.0, 0.0]}, {"startTime": 15.0, "endTime": 20.0, "predictions": {"probabilities": [1.3791030823995243e-06, 0.00010241717245662585], "logits": []}, "groundTruth": [0.0, 0.0]}]]}