{"modelName": "devise-220528-v0-ep33", "version": "1", "fileId": "40ceecc0b2a94a178b090cff7d40b094", "classIds": ["Crex crex", "Scolopax rusticola"], "channels": [[{"startTime": 0.0, "endTime": 5.0, "predictions": {"probabilities": [0.00020463780674617738, 0.018460411578416824], "logits": []}, "groundTruth": [0.0, 0.0]}, {"startTime": 5.0, "endTime": 10.0, "predictions": {"probabilities": [4.966935307493259e-07, 7.290214853128418e-05], "logits": []}, "groundTruth": [0.0, 0.0]}, {"startTime": 10.0, "endTime": 15.0, "predictions": {"probabilities": [3.2546108741371427e-07, 0.6348720192909241], "logits": []}, "groundTruth": [0.0, 0.0]}, {"startTime": 15.0, "endTime": 20.0, "predictions": {"probabilities": [2.9875923246436287e-06, 0.0417160727083683], "logits": []}, "groundTruth": [0.0, 0.0]}]]}