{"modelName": "devise-220528-v0-ep33", "version": "1", "fileId": "41067e4e1ec444489cc712c14c7fa244", "classIds": ["Crex crex", "Scolopax rusticola"], "channels": [[{"startTime": 0.0, "endTime": 5.0, "predictions": {"probabilities": [-7.625434398651123, -11.548545837402344], "logits": [NaN, NaN]}, "groundTruth": [0.0, 0.0]}, {"startTime": 5.0, "endTime": 10.0, "predictions": {"probabilities": [-16.831464767456055, -19.73834800720215], "logits": [NaN, NaN]}, "groundTruth": [0.0, 0.0]}, {"startTime": 10.0, "endTime": 15.0, "predictions": {"probabilities": [-12.674137115478516, -16.73610496520996], "logits": [NaN, NaN]}, "groundTruth": [0.0, 0.0]}, {"startTime": 15.0, "endTime": 20.0, "predictions": {"probabilities": [-15.970427513122559, -16.54935073852539], "logits": [NaN, NaN]}, "groundTruth": [0.0, 0.0]}]]}