{"modelName": "devise-220528-v0-ep33", "version": "1", "fileId": "41da2f6261074a61abf794cde472f887", "classIds": ["Crex crex", "Scolopax rusticola"], "channels": [[{"startTime": 0.0, "endTime": 5.0, "predictions": {"probabilities": [9.273603063775226e-05, 0.00044183185673318803], "logits": []}, "groundTruth": [0.0, 0.0]}, {"startTime": 5.0, "endTime": 10.0, "predictions": {"probabilities": [6.684751861030236e-05, 4.8863559641176835e-05], "logits": []}, "groundTruth": [0.0, 0.0]}, {"startTime": 10.0, "endTime": 15.0, "predictions": {"probabilities": [1.2021231441394775e-06, 1.1454745845185244e-06], "logits": []}, "groundTruth": [0.0, 0.0]}, {"startTime": 15.0, "endTime": 20.0, "predictions": {"probabilities": [2.62102057604352e-05, 2.3397811673930846e-05], "logits": []}, "groundTruth": [0.0, 0.0]}]]}