{"modelName": "devise-220528-v0-ep33", "version": "1", "fileId": "41da2f6261074a61abf794cde472f887", "classIds": ["Crex crex", "Scolopax rusticola"], "channels": [[{"startTime": 0.0, "endTime": 5.0, "predictions": {"probabilities": [-9.285660743713379, -7.724139213562012], "logits": [NaN, NaN]}, "groundTruth": [0.0, 0.0]}, {"startTime": 5.0, "endTime": 10.0, "predictions": {"probabilities": [-9.613029479980469, -9.926429748535156], "logits": [NaN, NaN]}, "groundTruth": [0.0, 0.0]}, {"startTime": 10.0, "endTime": 15.0, "predictions": {"probabilities": [-13.631420135498047, -13.67969036102295], "logits": [NaN, NaN]}, "groundTruth": [0.0, 0.0]}, {"startTime": 15.0, "endTime": 20.0, "predictions": {"probabilities": [-10.549335479736328, -10.66284465789795], "logits": [NaN, NaN]}, "groundTruth": [0.0, 0.0]}]]}