{"modelName": "devise-220528-v0-ep33", "version": "1", "fileId": "4223d60ef9bd493d8157666dbe073bd9", "classIds": ["Crex crex", "Scolopax rusticola"], "channels": [[{"startTime": 0.0, "endTime": 5.0, "predictions": {"probabilities": [-10.580792427062988, 2.5705013275146484], "logits": [NaN, NaN]}, "groundTruth": [0.0, 1.0]}, {"startTime": 5.0, "endTime": 10.0, "predictions": {"probabilities": [-3.7070603370666504, -4.706346035003662], "logits": [NaN, NaN]}, "groundTruth": [0.0, 1.0]}, {"startTime": 8.0, "endTime": 13.0, "predictions": {"probabilities": [-7.242016315460205, -13.156014442443848], "logits": [NaN, NaN]}, "groundTruth": [0.0, 1.0]}]]}