{"modelName": "devise-220528-v0-ep33", "version": "1", "fileId": "4248cf8b774046a6a928b87e4b3bbf7a", "classIds": ["Crex crex", "Scolopax rusticola"], "channels": [[{"startTime": 0.0, "endTime": 5.0, "predictions": {"probabilities": [7.409813918002328e-08, 1.1918654507780957e-08], "logits": []}, "groundTruth": [0.0, 0.0]}, {"startTime": 5.0, "endTime": 10.0, "predictions": {"probabilities": [1.0695764103729744e-05, 2.2391683160094544e-05], "logits": []}, "groundTruth": [0.0, 0.0]}, {"startTime": 10.0, "endTime": 15.0, "predictions": {"probabilities": [3.624718658556958e-08, 3.9517651373444096e-08], "logits": []}, "groundTruth": [0.0, 0.0]}, {"startTime": 15.0, "endTime": 20.0, "predictions": {"probabilities": [1.3842536361607927e-07, 8.231953452231267e-10], "logits": []}, "groundTruth": [0.0, 0.0]}]]}