{"modelName": "devise-220528-v0-ep33", "version": "1", "fileId": "42c8ce7cc4244533936dec6ed74ac4dc", "classIds": ["Crex crex", "Scolopax rusticola"], "channels": [[{"startTime": 0.0, "endTime": 5.0, "predictions": {"probabilities": [-12.086342811584473, -3.046424150466919], "logits": [NaN, NaN]}, "groundTruth": [0.0, 0.0]}, {"startTime": 5.0, "endTime": 10.0, "predictions": {"probabilities": [-10.535181045532227, -7.392791271209717], "logits": [NaN, NaN]}, "groundTruth": [0.0, 0.0]}, {"startTime": 10.0, "endTime": 15.0, "predictions": {"probabilities": [-11.199545860290527, -7.528077602386475], "logits": [NaN, NaN]}, "groundTruth": [0.0, 0.0]}, {"startTime": 15.0, "endTime": 20.0, "predictions": {"probabilities": [-8.543933868408203, -9.627848625183105], "logits": [NaN, NaN]}, "groundTruth": [0.0, 0.0]}]]}