{"modelName": "devise-220528-v0-ep33", "version": "1", "fileId": "431b42730cf6411aa64e30e2754dcc6b", "classIds": ["Crex crex", "Scolopax rusticola"], "channels": [[{"startTime": 0.0, "endTime": 5.0, "predictions": {"probabilities": [0.0002783919626381248, 0.00047371789696626365], "logits": []}, "groundTruth": [0.0, 0.0]}, {"startTime": 5.0, "endTime": 10.0, "predictions": {"probabilities": [4.490963760872546e-07, 1.3432535524771083e-05], "logits": []}, "groundTruth": [0.0, 0.0]}, {"startTime": 10.0, "endTime": 15.0, "predictions": {"probabilities": [1.0673271617633873e-06, 1.4259205727285007e-06], "logits": []}, "groundTruth": [0.0, 0.0]}, {"startTime": 15.0, "endTime": 20.0, "predictions": {"probabilities": [4.145178991166176e-06, 3.2583857318968512e-06], "logits": []}, "groundTruth": [0.0, 0.0]}]]}