{"modelName": "devise-220528-v0-ep33", "version": "1", "fileId": "431b42730cf6411aa64e30e2754dcc6b", "classIds": ["Crex crex", "Scolopax rusticola"], "channels": [[{"startTime": 0.0, "endTime": 5.0, "predictions": {"probabilities": [-8.186202049255371, -7.654424667358398], "logits": [NaN, NaN]}, "groundTruth": [0.0, 0.0]}, {"startTime": 5.0, "endTime": 10.0, "predictions": {"probabilities": [-14.61602783203125, -11.217817306518555], "logits": [NaN, NaN]}, "groundTruth": [0.0, 0.0]}, {"startTime": 10.0, "endTime": 15.0, "predictions": {"probabilities": [-13.750351905822754, -13.460691452026367], "logits": [NaN, NaN]}, "groundTruth": [0.0, 0.0]}, {"startTime": 15.0, "endTime": 20.0, "predictions": {"probabilities": [-12.393560409545898, -12.634275436401367], "logits": [NaN, NaN]}, "groundTruth": [0.0, 0.0]}]]}