{"modelName": "devise-220528-v0-ep33", "version": "1", "fileId": "433a857763c045668c835c2c4986f004", "classIds": ["Crex crex", "Scolopax rusticola"], "channels": [[{"startTime": 0.0, "endTime": 5.0, "predictions": {"probabilities": [-13.082450866699219, -14.218746185302734], "logits": [NaN, NaN]}, "groundTruth": [0.0, 0.0]}, {"startTime": 5.0, "endTime": 10.0, "predictions": {"probabilities": [-9.970125198364258, -9.35694694519043], "logits": [NaN, NaN]}, "groundTruth": [0.0, 0.0]}, {"startTime": 10.0, "endTime": 15.0, "predictions": {"probabilities": [-11.582771301269531, -23.454437255859375], "logits": [NaN, NaN]}, "groundTruth": [0.0, 0.0]}, {"startTime": 15.0, "endTime": 20.0, "predictions": {"probabilities": [-8.72863483428955, -16.850065231323242], "logits": [NaN, NaN]}, "groundTruth": [0.0, 0.0]}]]}