{"modelName": "devise-220528-v0-ep33", "version": "1", "fileId": "436dba2cd58f4069b551b2fb10fe8519", "classIds": ["Crex crex", "Scolopax rusticola"], "channels": [[{"startTime": 0.0, "endTime": 5.0, "predictions": {"probabilities": [8.626566341263242e-07, 7.081027320055e-07], "logits": []}, "groundTruth": [0.0, 0.0]}, {"startTime": 5.0, "endTime": 10.0, "predictions": {"probabilities": [1.4278135722634033e-06, 1.5085310778317762e-08], "logits": []}, "groundTruth": [0.0, 0.0]}, {"startTime": 10.0, "endTime": 15.0, "predictions": {"probabilities": [2.6758707463159226e-06, 1.8095503762083354e-08], "logits": []}, "groundTruth": [0.0, 0.0]}, {"startTime": 15.0, "endTime": 20.0, "predictions": {"probabilities": [0.00010185928840655833, 5.626257006952073e-07], "logits": []}, "groundTruth": [0.0, 0.0]}]]}