{"modelName": "devise-220528-v0-ep33", "version": "1", "fileId": "43cb72410da04cb2b694f709ff9b782e", "classIds": ["Crex crex", "Scolopax rusticola"], "channels": [[{"startTime": 0.0, "endTime": 5.0, "predictions": {"probabilities": [-9.34062671661377, -5.0065484046936035], "logits": [NaN, NaN]}, "groundTruth": [0.0, 0.0]}, {"startTime": 5.0, "endTime": 10.0, "predictions": {"probabilities": [-8.310315132141113, -7.839287757873535], "logits": [NaN, NaN]}, "groundTruth": [0.0, 0.0]}, {"startTime": 10.0, "endTime": 15.0, "predictions": {"probabilities": [-11.122236251831055, -8.22691822052002], "logits": [NaN, NaN]}, "groundTruth": [0.0, 0.0]}, {"startTime": 15.0, "endTime": 20.0, "predictions": {"probabilities": [-12.45287799835205, -9.313724517822266], "logits": [NaN, NaN]}, "groundTruth": [0.0, 0.0]}]]}