{"modelName": "devise-220528-v0-ep33", "version": "1", "fileId": "447e48bff4e844e58ac9a7bbfb949141", "classIds": ["Crex crex", "Scolopax rusticola"], "channels": [[{"startTime": 0.0, "endTime": 5.0, "predictions": {"probabilities": [4.434222766747098e-09, 9.244530696506104e-10], "logits": []}, "groundTruth": [0.0, 0.0]}, {"startTime": 5.0, "endTime": 10.0, "predictions": {"probabilities": [7.75665540686532e-08, 1.0302304565001918e-09], "logits": []}, "groundTruth": [0.0, 0.0]}, {"startTime": 10.0, "endTime": 15.0, "predictions": {"probabilities": [1.0118785098711669e-07, 4.877270809444667e-10], "logits": []}, "groundTruth": [0.0, 0.0]}, {"startTime": 15.0, "endTime": 20.0, "predictions": {"probabilities": [1.1035017450922169e-06, 7.799991408319329e-08], "logits": []}, "groundTruth": [0.0, 0.0]}]]}