{"modelName": "devise-220528-v0-ep33", "version": "1", "fileId": "447e48bff4e844e58ac9a7bbfb949141", "classIds": ["Crex crex", "Scolopax rusticola"], "channels": [[{"startTime": 0.0, "endTime": 5.0, "predictions": {"probabilities": [-19.23391342163086, -20.80181884765625], "logits": [NaN, NaN]}, "groundTruth": [0.0, 0.0]}, {"startTime": 5.0, "endTime": 10.0, "predictions": {"probabilities": [-16.372129440307617, -20.693483352661133], "logits": [NaN, NaN]}, "groundTruth": [0.0, 0.0]}, {"startTime": 10.0, "endTime": 15.0, "predictions": {"probabilities": [-16.106287002563477, -21.441265106201172], "logits": [NaN, NaN]}, "groundTruth": [0.0, 0.0]}, {"startTime": 15.0, "endTime": 20.0, "predictions": {"probabilities": [-13.717020988464355, -16.366558074951172], "logits": [NaN, NaN]}, "groundTruth": [0.0, 0.0]}]]}