{"modelName": "devise-220528-v0-ep33", "version": "1", "fileId": "451814201ac14f148089f6a9eb20f1e7", "classIds": ["Crex crex", "Scolopax rusticola"], "channels": [[{"startTime": 0.0, "endTime": 5.0, "predictions": {"probabilities": [1.3432149614800437e-07, 9.776633760338882e-07], "logits": []}, "groundTruth": [0.0, 0.0]}, {"startTime": 5.0, "endTime": 10.0, "predictions": {"probabilities": [1.5012167295935797e-06, 2.8592353373824153e-07], "logits": []}, "groundTruth": [0.0, 0.0]}, {"startTime": 10.0, "endTime": 15.0, "predictions": {"probabilities": [1.189873160001298e-06, 4.45173249374875e-08], "logits": []}, "groundTruth": [0.0, 0.0]}, {"startTime": 15.0, "endTime": 20.0, "predictions": {"probabilities": [2.2923428488752506e-08, 5.267347447102111e-09], "logits": []}, "groundTruth": [0.0, 0.0]}]]}