{"modelName": "devise-220528-v0-ep33", "version": "1", "fileId": "4539f0d1be73489dae41498452dd6b3a", "classIds": ["Crex crex", "Scolopax rusticola"], "channels": [[{"startTime": 0.0, "endTime": 5.0, "predictions": {"probabilities": [-7.623651504516602, -3.7280704975128174], "logits": [NaN, NaN]}, "groundTruth": [0.0, 0.0]}, {"startTime": 5.0, "endTime": 10.0, "predictions": {"probabilities": [-5.182311534881592, 0.036189623177051544], "logits": [NaN, -3.2821221351623535]}, "groundTruth": [0.0, 0.0]}, {"startTime": 10.0, "endTime": 15.0, "predictions": {"probabilities": [-6.666470527648926, -1.0380123853683472], "logits": [NaN, NaN]}, "groundTruth": [0.0, 0.0]}, {"startTime": 15.0, "endTime": 20.0, "predictions": {"probabilities": [-8.13113021850586, -4.954824447631836], "logits": [NaN, NaN]}, "groundTruth": [0.0, 0.0]}]]}