{"modelName": "devise-220528-v0-ep33", "version": "1", "fileId": "4539f0d1be73489dae41498452dd6b3a", "classIds": ["Crex crex", "Scolopax rusticola"], "channels": [[{"startTime": 0.0, "endTime": 5.0, "predictions": {"probabilities": [0.0004885151283815503, 0.023474859073758125], "logits": []}, "groundTruth": [0.0, 0.0]}, {"startTime": 5.0, "endTime": 10.0, "predictions": {"probabilities": [0.005583659745752811, 0.5090464353561401], "logits": []}, "groundTruth": [0.0, 0.0]}, {"startTime": 10.0, "endTime": 15.0, "predictions": {"probabilities": [0.0012712653260678053, 0.2615337073802948], "logits": []}, "groundTruth": [0.0, 0.0]}, {"startTime": 15.0, "endTime": 20.0, "predictions": {"probabilities": [0.0002941488928627223, 0.006999972742050886], "logits": []}, "groundTruth": [0.0, 0.0]}]]}