{"modelName": "devise-220528-v0-ep33", "version": "1", "fileId": "46083c5495834e9ea9f13fd966092a9c", "classIds": ["Crex crex", "Scolopax rusticola"], "channels": [[{"startTime": 0.0, "endTime": 5.0, "predictions": {"probabilities": [1.2487063941080123e-05, 0.00012828140461351722], "logits": []}, "groundTruth": [0.0, 1.0]}, {"startTime": 5.0, "endTime": 10.0, "predictions": {"probabilities": [2.5525245805901875e-10, 0.999840259552002], "logits": []}, "groundTruth": [0.0, 1.0]}, {"startTime": 10.0, "endTime": 15.0, "predictions": {"probabilities": [2.907625457737595e-06, 0.2975439727306366], "logits": []}, "groundTruth": [0.0, 1.0]}, {"startTime": 13.0, "endTime": 18.0, "predictions": {"probabilities": [7.747927156742662e-05, 0.0046590534038841724], "logits": []}, "groundTruth": [0.0, 1.0]}]]}