{"modelName": "devise-220528-v0-ep33", "version": "1", "fileId": "4625996fe96e4e55aa6d734df7564e5a", "classIds": ["Crex crex", "Scolopax rusticola"], "channels": [[{"startTime": 0.0, "endTime": 5.0, "predictions": {"probabilities": [0.00032322347396984696, 0.060742419213056564], "logits": []}, "groundTruth": [0.0, 0.0]}, {"startTime": 5.0, "endTime": 10.0, "predictions": {"probabilities": [0.0005144289461895823, 0.048102229833602905], "logits": []}, "groundTruth": [0.0, 0.0]}, {"startTime": 10.0, "endTime": 15.0, "predictions": {"probabilities": [1.9926397726521827e-05, 0.01928212307393551], "logits": []}, "groundTruth": [0.0, 0.0]}, {"startTime": 15.0, "endTime": 20.0, "predictions": {"probabilities": [0.00019961832731496543, 0.242715984582901], "logits": []}, "groundTruth": [0.0, 0.0]}]]}