{"modelName": "devise-220528-v0-ep33", "version": "1", "fileId": "4732479643d54053ac0b77c3de768065", "classIds": ["Crex crex", "Scolopax rusticola"], "channels": [[{"startTime": 0.0, "endTime": 5.0, "predictions": {"probabilities": [2.4879662419152737e-07, 5.051787184129353e-07], "logits": []}, "groundTruth": [0.0, 0.0]}, {"startTime": 5.0, "endTime": 10.0, "predictions": {"probabilities": [1.7590863308214466e-06, 1.6463378415210173e-05], "logits": []}, "groundTruth": [0.0, 0.0]}, {"startTime": 10.0, "endTime": 15.0, "predictions": {"probabilities": [1.0270640814269427e-05, 0.00017740395560394973], "logits": []}, "groundTruth": [0.0, 0.0]}, {"startTime": 15.0, "endTime": 20.0, "predictions": {"probabilities": [6.783616754546529e-06, 2.8802818633266725e-05], "logits": []}, "groundTruth": [0.0, 0.0]}]]}