{"modelName": "devise-220528-v0-ep33", "version": "1", "fileId": "4732479643d54053ac0b77c3de768065", "classIds": ["Crex crex", "Scolopax rusticola"], "channels": [[{"startTime": 0.0, "endTime": 5.0, "predictions": {"probabilities": [-15.206629753112793, -14.498353004455566], "logits": [NaN, NaN]}, "groundTruth": [0.0, 0.0]}, {"startTime": 5.0, "endTime": 10.0, "predictions": {"probabilities": [-13.250714302062988, -11.014355659484863], "logits": [NaN, NaN]}, "groundTruth": [0.0, 0.0]}, {"startTime": 10.0, "endTime": 15.0, "predictions": {"probabilities": [-11.486210823059082, -8.636903762817383], "logits": [NaN, NaN]}, "groundTruth": [0.0, 0.0]}, {"startTime": 15.0, "endTime": 20.0, "predictions": {"probabilities": [-11.900993347167969, -10.455008506774902], "logits": [NaN, NaN]}, "groundTruth": [0.0, 0.0]}]]}