{"modelName": "devise-220528-v0-ep33", "version": "1", "fileId": "474b9fa58c2145fbaeb1581a1db0d87b", "classIds": ["Crex crex", "Scolopax rusticola"], "channels": [[{"startTime": 0.0, "endTime": 5.0, "predictions": {"probabilities": [1.3295949656821904e-06, 3.708553464321085e-08], "logits": []}, "groundTruth": [0.0, 0.0]}, {"startTime": 5.0, "endTime": 10.0, "predictions": {"probabilities": [2.2269128749030642e-05, 3.005120925081428e-05], "logits": []}, "groundTruth": [0.0, 0.0]}, {"startTime": 10.0, "endTime": 15.0, "predictions": {"probabilities": [3.856566036120057e-05, 2.663399209268391e-05], "logits": []}, "groundTruth": [0.0, 0.0]}, {"startTime": 15.0, "endTime": 20.0, "predictions": {"probabilities": [4.151176653977018e-06, 0.000256967730820179], "logits": []}, "groundTruth": [0.0, 0.0]}]]}