{"modelName": "devise-220528-v0-ep33", "version": "1", "fileId": "4770274c4b094cbc99d9d5e05cdf5fd0", "classIds": ["Crex crex", "Scolopax rusticola"], "channels": [[{"startTime": 0.0, "endTime": 5.0, "predictions": {"probabilities": [-13.388136863708496, -12.062718391418457], "logits": [NaN, NaN]}, "groundTruth": [0.0, 0.0]}, {"startTime": 5.0, "endTime": 10.0, "predictions": {"probabilities": [-14.216907501220703, -10.170682907104492], "logits": [NaN, NaN]}, "groundTruth": [0.0, 0.0]}, {"startTime": 10.0, "endTime": 15.0, "predictions": {"probabilities": [-11.592613220214844, -4.027239799499512], "logits": [NaN, NaN]}, "groundTruth": [0.0, 0.0]}, {"startTime": 15.0, "endTime": 20.0, "predictions": {"probabilities": [-12.78173542022705, -1.597054123878479], "logits": [NaN, NaN]}, "groundTruth": [0.0, 0.0]}]]}