{"modelName": "devise-220528-v0-ep33", "version": "1", "fileId": "4770274c4b094cbc99d9d5e05cdf5fd0", "classIds": ["Crex crex", "Scolopax rusticola"], "channels": [[{"startTime": 0.0, "endTime": 5.0, "predictions": {"probabilities": [1.5332232123910217e-06, 5.770659299741965e-06], "logits": []}, "groundTruth": [0.0, 0.0]}, {"startTime": 5.0, "endTime": 10.0, "predictions": {"probabilities": [6.693838372484606e-07, 3.8274709368124604e-05], "logits": []}, "groundTruth": [0.0, 0.0]}, {"startTime": 10.0, "endTime": 15.0, "predictions": {"probabilities": [9.233960554411169e-06, 0.01751134544610977], "logits": []}, "groundTruth": [0.0, 0.0]}, {"startTime": 15.0, "endTime": 20.0, "predictions": {"probabilities": [2.8116523935750592e-06, 0.16839374601840973], "logits": []}, "groundTruth": [0.0, 0.0]}]]}