{"modelName": "devise-220528-v0-ep33", "version": "1", "fileId": "47aa0712347a4f1d8a3f1e47a7ed90fb", "classIds": ["Crex crex", "Scolopax rusticola"], "channels": [[{"startTime": 0.0, "endTime": 5.0, "predictions": {"probabilities": [1.7298550858413364e-07, 4.507532139541581e-06], "logits": []}, "groundTruth": [0.0, 0.0]}, {"startTime": 5.0, "endTime": 10.0, "predictions": {"probabilities": [1.2177011967651197e-06, 6.238094840682606e-08], "logits": []}, "groundTruth": [0.0, 0.0]}, {"startTime": 10.0, "endTime": 15.0, "predictions": {"probabilities": [1.337369940301869e-05, 8.747177844270482e-07], "logits": []}, "groundTruth": [0.0, 0.0]}, {"startTime": 15.0, "endTime": 20.0, "predictions": {"probabilities": [5.994512321194634e-05, 0.00010207690502284095], "logits": []}, "groundTruth": [0.0, 0.0]}]]}