{"modelName": "devise-220528-v0-ep33", "version": "1", "fileId": "4a4ff2ad4c0b4fd18aec14fcf90d8b03", "classIds": ["Crex crex", "Scolopax rusticola"], "channels": [[{"startTime": 0.0, "endTime": 5.0, "predictions": {"probabilities": [-7.932161808013916, -4.627468585968018], "logits": [NaN, NaN]}, "groundTruth": [0.0, 0.0]}, {"startTime": 5.0, "endTime": 10.0, "predictions": {"probabilities": [-10.584624290466309, -8.720186233520508], "logits": [NaN, NaN]}, "groundTruth": [0.0, 0.0]}, {"startTime": 10.0, "endTime": 15.0, "predictions": {"probabilities": [-8.8209810256958, -4.853156089782715], "logits": [NaN, NaN]}, "groundTruth": [0.0, 0.0]}, {"startTime": 15.0, "endTime": 20.0, "predictions": {"probabilities": [-8.017855644226074, -6.407843589782715], "logits": [NaN, NaN]}, "groundTruth": [0.0, 0.0]}]]}