{"modelName": "devise-220528-v0-ep33", "version": "1", "fileId": "4a560493c2b140f3b591ecb374b1dcf2", "classIds": ["Crex crex", "Scolopax rusticola"], "channels": [[{"startTime": 0.0, "endTime": 5.0, "predictions": {"probabilities": [5.857450014445931e-05, 0.0006945079658180475], "logits": []}, "groundTruth": [0.0, 1.0]}, {"startTime": 5.0, "endTime": 10.0, "predictions": {"probabilities": [3.2280440791510046e-05, 0.6912106871604919], "logits": []}, "groundTruth": [0.0, 1.0]}, {"startTime": 10.0, "endTime": 15.0, "predictions": {"probabilities": [2.6323107249481836e-07, 0.9999885559082031], "logits": []}, "groundTruth": [0.0, 1.0]}, {"startTime": 11.0, "endTime": 16.0, "predictions": {"probabilities": [1.9929614154534647e-06, 0.9962277412414551], "logits": []}, "groundTruth": [0.0, 1.0]}]]}