{"modelName": "devise-220528-v0-ep33", "version": "1", "fileId": "4afd6b5cd5aa458092f4228180befcd5", "classIds": ["Crex crex", "Scolopax rusticola"], "channels": [[{"startTime": 0.0, "endTime": 5.0, "predictions": {"probabilities": [4.31441149473244e-09, 2.6183721857364617e-08], "logits": []}, "groundTruth": [0.0, 0.0]}, {"startTime": 5.0, "endTime": 10.0, "predictions": {"probabilities": [6.816846962465206e-06, 2.0122242005982116e-07], "logits": []}, "groundTruth": [0.0, 0.0]}, {"startTime": 10.0, "endTime": 15.0, "predictions": {"probabilities": [2.5632098754613253e-07, 4.2625032392606954e-07], "logits": []}, "groundTruth": [0.0, 0.0]}, {"startTime": 15.0, "endTime": 20.0, "predictions": {"probabilities": [1.349226685931626e-08, 2.3903451440432377e-10], "logits": []}, "groundTruth": [0.0, 0.0]}]]}