{"modelName": "devise-220528-v0-ep33", "version": "1", "fileId": "4afd6b5cd5aa458092f4228180befcd5", "classIds": ["Crex crex", "Scolopax rusticola"], "channels": [[{"startTime": 0.0, "endTime": 5.0, "predictions": {"probabilities": [-19.26130485534668, -17.458127975463867], "logits": [NaN, NaN]}, "groundTruth": [0.0, 0.0]}, {"startTime": 5.0, "endTime": 10.0, "predictions": {"probabilities": [-11.896106719970703, -15.418854713439941], "logits": [NaN, NaN]}, "groundTruth": [0.0, 0.0]}, {"startTime": 10.0, "endTime": 15.0, "predictions": {"probabilities": [-15.176835060119629, -14.668238639831543], "logits": [NaN, NaN]}, "groundTruth": [0.0, 0.0]}, {"startTime": 15.0, "endTime": 20.0, "predictions": {"probabilities": [-18.12114906311035, -22.1544132232666], "logits": [NaN, NaN]}, "groundTruth": [0.0, 0.0]}]]}