{"modelName": "devise-220528-v0-ep33", "version": "1", "fileId": "4b35b3cab120429fbd77e9305686d5dd", "classIds": ["Crex crex", "Scolopax rusticola"], "channels": [[{"startTime": 0.0, "endTime": 5.0, "predictions": {"probabilities": [-11.014293670654297, -8.345735549926758], "logits": [NaN, NaN]}, "groundTruth": [0.0, 0.0]}, {"startTime": 5.0, "endTime": 10.0, "predictions": {"probabilities": [-14.057387351989746, -11.186243057250977], "logits": [NaN, NaN]}, "groundTruth": [0.0, 0.0]}, {"startTime": 10.0, "endTime": 15.0, "predictions": {"probabilities": [-14.656356811523438, -10.074479103088379], "logits": [NaN, NaN]}, "groundTruth": [0.0, 0.0]}, {"startTime": 15.0, "endTime": 20.0, "predictions": {"probabilities": [-12.460963249206543, -10.207013130187988], "logits": [NaN, NaN]}, "groundTruth": [0.0, 0.0]}]]}