{"modelName": "devise-220528-v0-ep33", "version": "1", "fileId": "4b85b6b7595b4f1ab0c46a3e984f6f54", "classIds": ["Crex crex", "Scolopax rusticola"], "channels": [[{"startTime": 0.0, "endTime": 5.0, "predictions": {"probabilities": [0.0003900025913026184, 0.38548561930656433], "logits": []}, "groundTruth": [0.0, 0.0]}, {"startTime": 5.0, "endTime": 10.0, "predictions": {"probabilities": [3.793784344452433e-05, 2.9256253242238017e-07], "logits": []}, "groundTruth": [0.0, 0.0]}, {"startTime": 10.0, "endTime": 15.0, "predictions": {"probabilities": [0.01008302066475153, 0.004351350944489241], "logits": []}, "groundTruth": [0.0, 0.0]}, {"startTime": 15.0, "endTime": 20.0, "predictions": {"probabilities": [1.547408646729309e-05, 1.304833290305396e-07], "logits": []}, "groundTruth": [0.0, 0.0]}]]}