{"modelName": "devise-220528-v0-ep33", "version": "1", "fileId": "4b85b6b7595b4f1ab0c46a3e984f6f54", "classIds": ["Crex crex", "Scolopax rusticola"], "channels": [[{"startTime": 0.0, "endTime": 5.0, "predictions": {"probabilities": [-7.8489670753479, -0.466328501701355], "logits": [NaN, NaN]}, "groundTruth": [0.0, 0.0]}, {"startTime": 5.0, "endTime": 10.0, "predictions": {"probabilities": [-10.179523468017578, -15.044587135314941], "logits": [NaN, NaN]}, "groundTruth": [0.0, 0.0]}, {"startTime": 10.0, "endTime": 15.0, "predictions": {"probabilities": [-4.58676815032959, -5.432908058166504], "logits": [NaN, NaN]}, "groundTruth": [0.0, 0.0]}, {"startTime": 15.0, "endTime": 20.0, "predictions": {"probabilities": [-11.07632827758789, -15.852020263671875], "logits": [NaN, NaN]}, "groundTruth": [0.0, 0.0]}]]}