{"modelName": "devise-220528-v0-ep33", "version": "1", "fileId": "4ba3e075ccba404bb223e898e8596e6b", "classIds": ["Crex crex", "Scolopax rusticola"], "channels": [[{"startTime": 0.0, "endTime": 5.0, "predictions": {"probabilities": [-14.656691551208496, -16.045211791992188], "logits": [NaN, NaN]}, "groundTruth": [0.0, 0.0]}, {"startTime": 5.0, "endTime": 10.0, "predictions": {"probabilities": [-14.1817045211792, -9.152146339416504], "logits": [NaN, NaN]}, "groundTruth": [0.0, 0.0]}, {"startTime": 10.0, "endTime": 15.0, "predictions": {"probabilities": [-15.411517143249512, -19.105854034423828], "logits": [NaN, NaN]}, "groundTruth": [0.0, 0.0]}, {"startTime": 15.0, "endTime": 20.0, "predictions": {"probabilities": [-14.743490219116211, -15.38766860961914], "logits": [NaN, NaN]}, "groundTruth": [0.0, 0.0]}]]}