{"modelName": "devise-220528-v0-ep33", "version": "1", "fileId": "4cc82e00ffb745dcbf6a06e9e3695c8c", "classIds": ["Crex crex", "Scolopax rusticola"], "channels": [[{"startTime": 0.0, "endTime": 5.0, "predictions": {"probabilities": [1.3804672960304742e-07, 1.358338441725948e-09], "logits": []}, "groundTruth": [0.0, 1.0]}, {"startTime": 5.0, "endTime": 10.0, "predictions": {"probabilities": [1.7479800940023438e-10, 6.14528835285455e-06], "logits": []}, "groundTruth": [0.0, 1.0]}, {"startTime": 10.0, "endTime": 15.0, "predictions": {"probabilities": [2.1525436011415877e-07, 2.7200133700944207e-08], "logits": []}, "groundTruth": [0.0, 1.0]}, {"startTime": 12.0, "endTime": 17.0, "predictions": {"probabilities": [2.9989601557645074e-07, 6.148666575889195e-10], "logits": []}, "groundTruth": [0.0, 1.0]}]]}