{"modelName": "devise-220528-v0-ep33", "version": "1", "fileId": "4d142ce85bc143fc893ece6d0872034d", "classIds": ["Crex crex", "Scolopax rusticola"], "channels": [[{"startTime": 0.0, "endTime": 5.0, "predictions": {"probabilities": [-14.766538619995117, -18.925537109375], "logits": [NaN, NaN]}, "groundTruth": [0.0, 0.0]}, {"startTime": 5.0, "endTime": 10.0, "predictions": {"probabilities": [-14.660924911499023, -9.34599494934082], "logits": [NaN, NaN]}, "groundTruth": [0.0, 0.0]}, {"startTime": 10.0, "endTime": 15.0, "predictions": {"probabilities": [-13.312402725219727, -13.398446083068848], "logits": [NaN, NaN]}, "groundTruth": [0.0, 0.0]}, {"startTime": 15.0, "endTime": 20.0, "predictions": {"probabilities": [-11.832935333251953, -13.482769966125488], "logits": [NaN, NaN]}, "groundTruth": [0.0, 0.0]}]]}