{"modelName": "devise-220528-v0-ep33", "version": "1", "fileId": "4d89f10b877746229a42f61e570b62d9", "classIds": ["Crex crex", "Scolopax rusticola"], "channels": [[{"startTime": 0.0, "endTime": 5.0, "predictions": {"probabilities": [1.7095277144107968e-05, 0.00251221377402544], "logits": []}, "groundTruth": [0.0, 0.0]}, {"startTime": 5.0, "endTime": 10.0, "predictions": {"probabilities": [6.017468876962084e-06, 0.0002519127738196403], "logits": []}, "groundTruth": [0.0, 0.0]}, {"startTime": 10.0, "endTime": 15.0, "predictions": {"probabilities": [4.986742715118453e-05, 0.0008722213096916676], "logits": []}, "groundTruth": [0.0, 0.0]}, {"startTime": 15.0, "endTime": 20.0, "predictions": {"probabilities": [6.561564077856019e-05, 0.0017464152770116925], "logits": []}, "groundTruth": [0.0, 0.0]}]]}