{"modelName": "devise-220528-v0-ep33", "version": "1", "fileId": "4d89f10b877746229a42f61e570b62d9", "classIds": ["Crex crex", "Scolopax rusticola"], "channels": [[{"startTime": 0.0, "endTime": 5.0, "predictions": {"probabilities": [-10.976691246032715, -5.984075546264648], "logits": [NaN, NaN]}, "groundTruth": [0.0, 0.0]}, {"startTime": 5.0, "endTime": 10.0, "predictions": {"probabilities": [-12.020837783813477, -8.286175727844238], "logits": [NaN, NaN]}, "groundTruth": [0.0, 0.0]}, {"startTime": 10.0, "endTime": 15.0, "predictions": {"probabilities": [-9.906092643737793, -7.043594837188721], "logits": [NaN, NaN]}, "groundTruth": [0.0, 0.0]}, {"startTime": 15.0, "endTime": 20.0, "predictions": {"probabilities": [-9.631630897521973, -6.348442077636719], "logits": [NaN, NaN]}, "groundTruth": [0.0, 0.0]}]]}