{"modelName": "devise-220528-v0-ep33", "version": "1", "fileId": "4f273c3a41cc470488c0e8472b6e55c3", "classIds": ["Crex crex", "Scolopax rusticola"], "channels": [[{"startTime": 0.0, "endTime": 5.0, "predictions": {"probabilities": [1.9025472283829004e-05, 0.0017183388117700815], "logits": []}, "groundTruth": [0.0, 0.0]}, {"startTime": 5.0, "endTime": 10.0, "predictions": {"probabilities": [8.700888429302722e-06, 0.0001435145823052153], "logits": []}, "groundTruth": [0.0, 0.0]}, {"startTime": 10.0, "endTime": 15.0, "predictions": {"probabilities": [9.412515646545216e-05, 0.00040546306991018355], "logits": []}, "groundTruth": [0.0, 0.0]}, {"startTime": 15.0, "endTime": 20.0, "predictions": {"probabilities": [8.957199315773323e-05, 0.00030839009559713304], "logits": []}, "groundTruth": [0.0, 0.0]}]]}