{"modelName": "devise-220528-v0-ep33", "version": "1", "fileId": "4f2b86a94da7408b9fb400636e4fe4ea", "classIds": ["Crex crex", "Scolopax rusticola"], "channels": [[{"startTime": 0.0, "endTime": 5.0, "predictions": {"probabilities": [-9.048910140991211, -4.801677703857422], "logits": [NaN, NaN]}, "groundTruth": [0.0, 0.0]}, {"startTime": 5.0, "endTime": 10.0, "predictions": {"probabilities": [-11.302746772766113, -9.252769470214844], "logits": [NaN, NaN]}, "groundTruth": [0.0, 0.0]}, {"startTime": 7.0, "endTime": 12.0, "predictions": {"probabilities": [-9.571354866027832, -7.021451950073242], "logits": [NaN, NaN]}, "groundTruth": [0.0, 0.0]}]]}