{"modelName": "devise-220528-v0-ep33", "version": "1", "fileId": "4f3edbccb16c4243b3aa9284153d9b34", "classIds": ["Crex crex", "Scolopax rusticola"], "channels": [[{"startTime": 0.0, "endTime": 5.0, "predictions": {"probabilities": [8.761671210777422e-07, 7.112977762346873e-09], "logits": []}, "groundTruth": [0.0, 0.0]}, {"startTime": 5.0, "endTime": 10.0, "predictions": {"probabilities": [3.703570996549388e-07, 6.927444928805926e-07], "logits": []}, "groundTruth": [0.0, 0.0]}, {"startTime": 10.0, "endTime": 15.0, "predictions": {"probabilities": [2.808412318699993e-06, 8.169517400347104e-07], "logits": []}, "groundTruth": [0.0, 0.0]}, {"startTime": 15.0, "endTime": 20.0, "predictions": {"probabilities": [5.734216756536625e-06, 1.7707521919874125e-06], "logits": []}, "groundTruth": [0.0, 0.0]}]]}