{"modelName": "devise-220528-v0-ep33", "version": "1", "fileId": "4f3edbccb16c4243b3aa9284153d9b34", "classIds": ["Crex crex", "Scolopax rusticola"], "channels": [[{"startTime": 0.0, "endTime": 5.0, "predictions": {"probabilities": [-13.947708129882812, -18.76134490966797], "logits": [NaN, NaN]}, "groundTruth": [0.0, 0.0]}, {"startTime": 5.0, "endTime": 10.0, "predictions": {"probabilities": [-14.808797836303711, -14.18260383605957], "logits": [NaN, NaN]}, "groundTruth": [0.0, 0.0]}, {"startTime": 10.0, "endTime": 15.0, "predictions": {"probabilities": [-12.782888412475586, -14.017684936523438], "logits": [NaN, NaN]}, "groundTruth": [0.0, 0.0]}, {"startTime": 15.0, "endTime": 20.0, "predictions": {"probabilities": [-12.069053649902344, -13.244104385375977], "logits": [NaN, NaN]}, "groundTruth": [0.0, 0.0]}]]}