{"modelName": "devise-220528-v0-ep33", "version": "1", "fileId": "5023d1c20d744377a400349952416306", "classIds": ["Crex crex", "Scolopax rusticola"], "channels": [[{"startTime": 0.0, "endTime": 5.0, "predictions": {"probabilities": [-11.309479713439941, -4.00109338760376], "logits": [NaN, NaN]}, "groundTruth": [0.0, 0.0]}, {"startTime": 5.0, "endTime": 10.0, "predictions": {"probabilities": [-8.176411628723145, -4.491781711578369], "logits": [NaN, NaN]}, "groundTruth": [0.0, 0.0]}, {"startTime": 10.0, "endTime": 15.0, "predictions": {"probabilities": [-4.441960334777832, -8.133450508117676], "logits": [NaN, NaN]}, "groundTruth": [0.0, 0.0]}, {"startTime": 15.0, "endTime": 20.0, "predictions": {"probabilities": [-6.980639457702637, -8.761956214904785], "logits": [NaN, NaN]}, "groundTruth": [0.0, 0.0]}]]}