{"modelName": "devise-220528-v0-ep33", "version": "1", "fileId": "5023d1c20d744377a400349952416306", "classIds": ["Crex crex", "Scolopax rusticola"], "channels": [[{"startTime": 0.0, "endTime": 5.0, "predictions": {"probabilities": [1.225603682541987e-05, 0.01796690747141838], "logits": []}, "groundTruth": [0.0, 0.0]}, {"startTime": 5.0, "endTime": 10.0, "predictions": {"probabilities": [0.00028113016742281616, 0.011076604947447777], "logits": []}, "groundTruth": [0.0, 0.0]}, {"startTime": 10.0, "endTime": 15.0, "predictions": {"probabilities": [0.011635850183665752, 0.0002934673975687474], "logits": []}, "groundTruth": [0.0, 0.0]}, {"startTime": 15.0, "endTime": 20.0, "predictions": {"probabilities": [0.0009288449655286968, 0.0001565535058034584], "logits": []}, "groundTruth": [0.0, 0.0]}]]}