{"modelName": "devise-220528-v0-ep33", "version": "1", "fileId": "504543b3d32f452aa02b2d17a74350c8", "classIds": ["Crex crex", "Scolopax rusticola"], "channels": [[{"startTime": 0.0, "endTime": 5.0, "predictions": {"probabilities": [8.258133675553836e-06, 4.2642795961000957e-08], "logits": []}, "groundTruth": [0.0, 0.0]}, {"startTime": 5.0, "endTime": 10.0, "predictions": {"probabilities": [1.3146374158168328e-06, 1.069064214931359e-08], "logits": []}, "groundTruth": [0.0, 0.0]}, {"startTime": 10.0, "endTime": 15.0, "predictions": {"probabilities": [2.5119362589975935e-07, 1.005460922853807e-10], "logits": []}, "groundTruth": [0.0, 0.0]}, {"startTime": 15.0, "endTime": 20.0, "predictions": {"probabilities": [1.665536160544434e-06, 1.743836577361435e-07], "logits": []}, "groundTruth": [0.0, 0.0]}]]}