{"modelName": "devise-220528-v0-ep33", "version": "1", "fileId": "5077dfea0595407d843146a0e3dbf847", "classIds": ["Crex crex", "Scolopax rusticola"], "channels": [[{"startTime": 0.0, "endTime": 5.0, "predictions": {"probabilities": [-11.047599792480469, -8.808677673339844], "logits": [NaN, NaN]}, "groundTruth": [0.0, 1.0]}, {"startTime": 5.0, "endTime": 10.0, "predictions": {"probabilities": [-16.09730339050293, -4.708609104156494], "logits": [NaN, NaN]}, "groundTruth": [0.0, 1.0]}, {"startTime": 10.0, "endTime": 15.0, "predictions": {"probabilities": [-18.129398345947266, 6.547837257385254], "logits": [NaN, NaN]}, "groundTruth": [0.0, 1.0]}, {"startTime": 14.0, "endTime": 19.0, "predictions": {"probabilities": [-13.928674697875977, -10.059216499328613], "logits": [NaN, NaN]}, "groundTruth": [0.0, 0.0]}]]}