{"modelName": "devise-220528-v0-ep33", "version": "1", "fileId": "507faa751d02487f85bc9c3d5e59eddb", "classIds": ["Crex crex", "Scolopax rusticola"], "channels": [[{"startTime": 0.0, "endTime": 5.0, "predictions": {"probabilities": [1.013586711451353e-06, 0.9447362422943115], "logits": []}, "groundTruth": [0.0, 0.0]}, {"startTime": 5.0, "endTime": 10.0, "predictions": {"probabilities": [6.7581236180558335e-06, 0.00042398113873787224], "logits": []}, "groundTruth": [0.0, 0.0]}]]}