{"modelName": "devise-220528-v0-ep33", "version": "1", "fileId": "510a0a78b516484c9352969aae6b48aa", "classIds": ["Crex crex", "Scolopax rusticola"], "channels": [[{"startTime": 0.0, "endTime": 5.0, "predictions": {"probabilities": [2.141078221029602e-05, 0.0018056734697893262], "logits": []}, "groundTruth": [0.0, 0.0]}, {"startTime": 5.0, "endTime": 10.0, "predictions": {"probabilities": [3.0118115319055505e-05, 0.000172528947587125], "logits": []}, "groundTruth": [0.0, 0.0]}, {"startTime": 10.0, "endTime": 15.0, "predictions": {"probabilities": [9.296845382777974e-05, 0.0004941649967804551], "logits": []}, "groundTruth": [0.0, 0.0]}, {"startTime": 15.0, "endTime": 20.0, "predictions": {"probabilities": [8.676300785737112e-05, 0.0002303685323568061], "logits": []}, "groundTruth": [0.0, 0.0]}]]}