{"modelName": "devise-220528-v0-ep33", "version": "1", "fileId": "510a0a78b516484c9352969aae6b48aa", "classIds": ["Crex crex", "Scolopax rusticola"], "channels": [[{"startTime": 0.0, "endTime": 5.0, "predictions": {"probabilities": [-10.751594543457031, -6.315014362335205], "logits": [NaN, NaN]}, "groundTruth": [0.0, 0.0]}, {"startTime": 5.0, "endTime": 10.0, "predictions": {"probabilities": [-10.410353660583496, -8.664772987365723], "logits": [NaN, NaN]}, "groundTruth": [0.0, 0.0]}, {"startTime": 10.0, "endTime": 15.0, "predictions": {"probabilities": [-9.283157348632812, -7.612146854400635], "logits": [NaN, NaN]}, "groundTruth": [0.0, 0.0]}, {"startTime": 15.0, "endTime": 20.0, "predictions": {"probabilities": [-9.352243423461914, -8.37559986114502], "logits": [NaN, NaN]}, "groundTruth": [0.0, 0.0]}]]}