{"modelName": "devise-220528-v0-ep33", "version": "1", "fileId": "51307646fc5e4663933d08f4e8609c82", "classIds": ["Crex crex", "Scolopax rusticola"], "channels": [[{"startTime": 0.0, "endTime": 5.0, "predictions": {"probabilities": [-12.185494422912598, -1.7505416870117188], "logits": [NaN, NaN]}, "groundTruth": [0.0, 0.0]}, {"startTime": 5.0, "endTime": 10.0, "predictions": {"probabilities": [-11.441014289855957, -9.583470344543457], "logits": [NaN, NaN]}, "groundTruth": [0.0, 0.0]}, {"startTime": 10.0, "endTime": 15.0, "predictions": {"probabilities": [-11.288503646850586, -6.70166540145874], "logits": [NaN, NaN]}, "groundTruth": [0.0, 0.0]}, {"startTime": 15.0, "endTime": 20.0, "predictions": {"probabilities": [-10.098067283630371, -8.729239463806152], "logits": [NaN, NaN]}, "groundTruth": [0.0, 0.0]}]]}