{"modelName": "devise-220528-v0-ep33", "version": "1", "fileId": "51e1af43ac37419095543b028d3f4faa", "classIds": ["Crex crex", "Scolopax rusticola"], "channels": [[{"startTime": 0.0, "endTime": 5.0, "predictions": {"probabilities": [2.0070443497388624e-05, 0.0004614123026840389], "logits": []}, "groundTruth": [0.0, 0.0]}, {"startTime": 5.0, "endTime": 10.0, "predictions": {"probabilities": [2.3575674276798964e-05, 0.0007935547619126737], "logits": []}, "groundTruth": [0.0, 0.0]}, {"startTime": 10.0, "endTime": 15.0, "predictions": {"probabilities": [8.393844836973585e-06, 0.000919724116101861], "logits": []}, "groundTruth": [0.0, 0.0]}, {"startTime": 15.0, "endTime": 20.0, "predictions": {"probabilities": [2.0366692297102418e-06, 5.920052353758365e-05], "logits": []}, "groundTruth": [0.0, 0.0]}]]}