{"modelName": "devise-220528-v0-ep33", "version": "1", "fileId": "51ec17a66adb482984d789a323fd5b53", "classIds": ["Crex crex", "Scolopax rusticola"], "channels": [[{"startTime": 0.0, "endTime": 5.0, "predictions": {"probabilities": [2.5515080892546393e-07, 6.156064955575857e-07], "logits": []}, "groundTruth": [0.0, 0.0]}, {"startTime": 5.0, "endTime": 10.0, "predictions": {"probabilities": [7.352339252975071e-07, 0.0050882017239928246], "logits": []}, "groundTruth": [0.0, 0.0]}, {"startTime": 10.0, "endTime": 15.0, "predictions": {"probabilities": [8.969507803158194e-07, 0.0004208834143355489], "logits": []}, "groundTruth": [0.0, 0.0]}, {"startTime": 15.0, "endTime": 20.0, "predictions": {"probabilities": [1.4094856624069507e-06, 0.0003956478030886501], "logits": []}, "groundTruth": [0.0, 0.0]}]]}