{"modelName": "devise-220528-v0-ep33", "version": "1", "fileId": "52ca9f11cb3c479587dc62d164d11fc0", "classIds": ["Crex crex", "Scolopax rusticola"], "channels": [[{"startTime": 0.0, "endTime": 5.0, "predictions": {"probabilities": [2.692212183319498e-05, 0.000372996466467157], "logits": []}, "groundTruth": [0.0, 0.0]}, {"startTime": 5.0, "endTime": 10.0, "predictions": {"probabilities": [6.598306754312944e-06, 2.1434291284094797e-06], "logits": []}, "groundTruth": [0.0, 0.0]}, {"startTime": 10.0, "endTime": 15.0, "predictions": {"probabilities": [8.397905912715942e-05, 0.000817545223981142], "logits": []}, "groundTruth": [0.0, 0.0]}, {"startTime": 15.0, "endTime": 20.0, "predictions": {"probabilities": [4.455578618944855e-06, 7.46832924392038e-08], "logits": []}, "groundTruth": [0.0, 0.0]}]]}