{"modelName": "devise-220528-v0-ep33", "version": "1", "fileId": "52d6b26ef089432e9d9e65246e722a40", "classIds": ["Crex crex", "Scolopax rusticola"], "channels": [[{"startTime": 0.0, "endTime": 5.0, "predictions": {"probabilities": [-12.408608436584473, -15.488053321838379], "logits": [NaN, NaN]}, "groundTruth": [0.0, 0.0]}, {"startTime": 5.0, "endTime": 10.0, "predictions": {"probabilities": [-16.226398468017578, -18.593477249145508], "logits": [NaN, NaN]}, "groundTruth": [0.0, 0.0]}, {"startTime": 10.0, "endTime": 15.0, "predictions": {"probabilities": [-16.571807861328125, -18.134897232055664], "logits": [NaN, NaN]}, "groundTruth": [0.0, 0.0]}, {"startTime": 15.0, "endTime": 20.0, "predictions": {"probabilities": [-13.403742790222168, -18.89042854309082], "logits": [NaN, NaN]}, "groundTruth": [0.0, 0.0]}]]}