{"modelName": "devise-220528-v0-ep33", "version": "1", "fileId": "5328b42934d24e5b8affb2de32d30a98", "classIds": ["Crex crex", "Scolopax rusticola"], "channels": [[{"startTime": 0.0, "endTime": 5.0, "predictions": {"probabilities": [-16.28459358215332, -20.24567985534668], "logits": [NaN, NaN]}, "groundTruth": [0.0, 0.0]}, {"startTime": 5.0, "endTime": 10.0, "predictions": {"probabilities": [-11.998172760009766, -6.8267927169799805], "logits": [NaN, NaN]}, "groundTruth": [0.0, 0.0]}, {"startTime": 10.0, "endTime": 15.0, "predictions": {"probabilities": [-17.477149963378906, -16.01807403564453], "logits": [NaN, NaN]}, "groundTruth": [0.0, 0.0]}, {"startTime": 15.0, "endTime": 20.0, "predictions": {"probabilities": [-14.598910331726074, -10.967284202575684], "logits": [NaN, NaN]}, "groundTruth": [0.0, 0.0]}]]}