{"modelName": "devise-220528-v0-ep33", "version": "1", "fileId": "5328b42934d24e5b8affb2de32d30a98", "classIds": ["Crex crex", "Scolopax rusticola"], "channels": [[{"startTime": 0.0, "endTime": 5.0, "predictions": {"probabilities": [8.46624459427403e-08, 1.6121778356747996e-09], "logits": []}, "groundTruth": [0.0, 0.0]}, {"startTime": 5.0, "endTime": 10.0, "predictions": {"probabilities": [6.1554114836326335e-06, 0.0010831558611243963], "logits": []}, "groundTruth": [0.0, 0.0]}, {"startTime": 10.0, "endTime": 15.0, "predictions": {"probabilities": [2.569036183786011e-08, 1.1051946557927295e-07], "logits": []}, "groundTruth": [0.0, 0.0]}, {"startTime": 15.0, "endTime": 20.0, "predictions": {"probabilities": [4.56849960528416e-07, 1.725684887787793e-05], "logits": []}, "groundTruth": [0.0, 0.0]}]]}