{"modelName": "devise-220528-v0-ep33", "version": "1", "fileId": "53741feeb7c944129a4e4902c9ae9708", "classIds": ["Crex crex", "Scolopax rusticola"], "channels": [[{"startTime": 0.0, "endTime": 5.0, "predictions": {"probabilities": [-13.795438766479492, -13.92557144165039], "logits": [NaN, NaN]}, "groundTruth": [0.0, 0.0]}, {"startTime": 5.0, "endTime": 10.0, "predictions": {"probabilities": [-12.454240798950195, -9.257705688476562], "logits": [NaN, NaN]}, "groundTruth": [0.0, 0.0]}, {"startTime": 10.0, "endTime": 15.0, "predictions": {"probabilities": [-16.18292999267578, -11.87982177734375], "logits": [NaN, NaN]}, "groundTruth": [0.0, 0.0]}, {"startTime": 15.0, "endTime": 20.0, "predictions": {"probabilities": [-15.677403450012207, -15.157890319824219], "logits": [NaN, NaN]}, "groundTruth": [0.0, 0.0]}]]}