{"modelName": "devise-220528-v0-ep33", "version": "1", "fileId": "537893e877b843daa6ca20652fb75eb9", "classIds": ["Crex crex", "Scolopax rusticola"], "channels": [[{"startTime": 0.0, "endTime": 5.0, "predictions": {"probabilities": [1.5546212095429723e-09, 1.7453233525088763e-08], "logits": []}, "groundTruth": [0.0, 0.0]}, {"startTime": 5.0, "endTime": 10.0, "predictions": {"probabilities": [4.49363710686157e-08, 7.91125444266072e-07], "logits": []}, "groundTruth": [0.0, 0.0]}, {"startTime": 10.0, "endTime": 15.0, "predictions": {"probabilities": [2.5204240046150517e-06, 1.4646587260358501e-05], "logits": []}, "groundTruth": [0.0, 0.0]}, {"startTime": 15.0, "endTime": 20.0, "predictions": {"probabilities": [1.857082843059743e-08, 0.00013163992844056338], "logits": []}, "groundTruth": [0.0, 0.0]}]]}