{"modelName": "devise-220528-v0-ep33", "version": "1", "fileId": "5395eab02d804334bc3885686db9f897", "classIds": ["Crex crex", "Scolopax rusticola"], "channels": [[{"startTime": 0.0, "endTime": 5.0, "predictions": {"probabilities": [1.1192081927902109e-07, 0.00600440101698041], "logits": []}, "groundTruth": [0.0, 0.0]}, {"startTime": 5.0, "endTime": 10.0, "predictions": {"probabilities": [1.6209700106628588e-06, 8.928925012696709e-07], "logits": []}, "groundTruth": [0.0, 0.0]}, {"startTime": 10.0, "endTime": 15.0, "predictions": {"probabilities": [3.469650096121768e-07, 2.400264236257499e-07], "logits": []}, "groundTruth": [0.0, 0.0]}, {"startTime": 15.0, "endTime": 20.0, "predictions": {"probabilities": [1.0886581236491111e-07, 2.4115368546517857e-07], "logits": []}, "groundTruth": [0.0, 0.0]}]]}