{"modelName": "devise-220528-v0-ep33", "version": "1", "fileId": "53ade832b92745128f1ce869f798302d", "classIds": ["Crex crex", "Scolopax rusticola"], "channels": [[{"startTime": 0.0, "endTime": 5.0, "predictions": {"probabilities": [8.34139937069267e-05, 0.0005730698467232287], "logits": []}, "groundTruth": [0.0, 0.0]}, {"startTime": 5.0, "endTime": 10.0, "predictions": {"probabilities": [6.265932483984216e-07, 0.0001332566316705197], "logits": []}, "groundTruth": [0.0, 0.0]}, {"startTime": 10.0, "endTime": 15.0, "predictions": {"probabilities": [4.443540092324838e-06, 0.000341305771144107], "logits": []}, "groundTruth": [0.0, 0.0]}, {"startTime": 15.0, "endTime": 20.0, "predictions": {"probabilities": [2.8950145861017518e-05, 2.82337339285732e-07], "logits": []}, "groundTruth": [0.0, 0.0]}]]}