{"modelName": "devise-220528-v0-ep33", "version": "1", "fileId": "53ade832b92745128f1ce869f798302d", "classIds": ["Crex crex", "Scolopax rusticola"], "channels": [[{"startTime": 0.0, "endTime": 5.0, "predictions": {"probabilities": [-9.391611099243164, -7.463929653167725], "logits": [NaN, NaN]}, "groundTruth": [0.0, 0.0]}, {"startTime": 5.0, "endTime": 10.0, "predictions": {"probabilities": [-14.282967567443848, -8.923100471496582], "logits": [NaN, NaN]}, "groundTruth": [0.0, 0.0]}, {"startTime": 10.0, "endTime": 15.0, "predictions": {"probabilities": [-12.324054718017578, -7.982390403747559], "logits": [NaN, NaN]}, "groundTruth": [0.0, 0.0]}, {"startTime": 15.0, "endTime": 20.0, "predictions": {"probabilities": [-10.449906349182129, -15.08016300201416], "logits": [NaN, NaN]}, "groundTruth": [0.0, 0.0]}]]}