{"modelName": "devise-220528-v0-ep33", "version": "1", "fileId": "53d72176544348079181d3cdba5d139e", "classIds": ["Crex crex", "Scolopax rusticola"], "channels": [[{"startTime": 0.0, "endTime": 5.0, "predictions": {"probabilities": [5.146603143657558e-07, 0.3505319356918335], "logits": []}, "groundTruth": [0.0, 1.0]}, {"startTime": 5.0, "endTime": 10.0, "predictions": {"probabilities": [2.7739549750549486e-06, 1.0404052773083095e-05], "logits": []}, "groundTruth": [0.0, 1.0]}, {"startTime": 10.0, "endTime": 15.0, "predictions": {"probabilities": [5.261505862108606e-07, 0.9991436004638672], "logits": []}, "groundTruth": [0.0, 1.0]}, {"startTime": 11.0, "endTime": 16.0, "predictions": {"probabilities": [3.855630836824275e-08, 0.00888707023113966], "logits": []}, "groundTruth": [0.0, 1.0]}]]}