{"modelName": "devise-220528-v0-ep33", "version": "1", "fileId": "54a42bf325ed4421b16a8bebf4b81d5f", "classIds": ["Crex crex", "Scolopax rusticola"], "channels": [[{"startTime": 0.0, "endTime": 5.0, "predictions": {"probabilities": [-13.017735481262207, -1.5444910526275635], "logits": [NaN, NaN]}, "groundTruth": [0.0, 1.0]}, {"startTime": 5.0, "endTime": 10.0, "predictions": {"probabilities": [-12.757942199707031, 2.871324300765991], "logits": [NaN, NaN]}, "groundTruth": [0.0, 1.0]}, {"startTime": 8.0, "endTime": 13.0, "predictions": {"probabilities": [-13.232062339782715, -0.43390458822250366], "logits": [NaN, NaN]}, "groundTruth": [0.0, 1.0]}]]}