{"modelName": "devise-220528-v0-ep33", "version": "1", "fileId": "551ebba96a7c4e6a9081967dbcf28d02", "classIds": ["Crex crex", "Scolopax rusticola"], "channels": [[{"startTime": 0.0, "endTime": 5.0, "predictions": {"probabilities": [2.4987974711621064e-07, 2.0112893253099173e-06], "logits": []}, "groundTruth": [0.0, 0.0]}, {"startTime": 5.0, "endTime": 10.0, "predictions": {"probabilities": [1.1345755446257044e-08, 2.269437793245288e-08], "logits": []}, "groundTruth": [0.0, 0.0]}, {"startTime": 10.0, "endTime": 15.0, "predictions": {"probabilities": [5.115709427627735e-06, 0.028580045327544212], "logits": []}, "groundTruth": [0.0, 0.0]}, {"startTime": 15.0, "endTime": 20.0, "predictions": {"probabilities": [1.0866963748412672e-05, 1.3510505596059375e-05], "logits": []}, "groundTruth": [0.0, 0.0]}]]}