{"modelName": "devise-220528-v0-ep33", "version": "1", "fileId": "55c475dfd7844d4785f691ceee03b86a", "classIds": ["Crex crex", "Scolopax rusticola"], "channels": [[{"startTime": 0.0, "endTime": 5.0, "predictions": {"probabilities": [4.568728763842955e-05, 0.5245062112808228], "logits": []}, "groundTruth": [0.0, 0.0]}, {"startTime": 5.0, "endTime": 10.0, "predictions": {"probabilities": [8.357468686881475e-06, 1.3493997357727494e-05], "logits": []}, "groundTruth": [0.0, 0.0]}, {"startTime": 10.0, "endTime": 15.0, "predictions": {"probabilities": [1.430722295481246e-05, 0.0003768052556551993], "logits": []}, "groundTruth": [0.0, 0.0]}, {"startTime": 15.0, "endTime": 20.0, "predictions": {"probabilities": [5.0335744163021445e-05, 0.003488943912088871], "logits": []}, "groundTruth": [0.0, 0.0]}]]}