{"modelName": "devise-220528-v0-ep33", "version": "1", "fileId": "55c475dfd7844d4785f691ceee03b86a", "classIds": ["Crex crex", "Scolopax rusticola"], "channels": [[{"startTime": 0.0, "endTime": 5.0, "predictions": {"probabilities": [-9.993644714355469, 0.09810341894626617], "logits": [NaN, -2.218477725982666]}, "groundTruth": [0.0, 0.0]}, {"startTime": 5.0, "endTime": 10.0, "predictions": {"probabilities": [-11.692346572875977, -11.213252067565918], "logits": [NaN, NaN]}, "groundTruth": [0.0, 0.0]}, {"startTime": 10.0, "endTime": 15.0, "predictions": {"probabilities": [-11.154731750488281, -7.8834052085876465], "logits": [NaN, NaN]}, "groundTruth": [0.0, 0.0]}, {"startTime": 15.0, "endTime": 20.0, "predictions": {"probabilities": [-9.896744728088379, -5.654661178588867], "logits": [NaN, NaN]}, "groundTruth": [0.0, 0.0]}]]}