{"modelName": "devise-220528-v0-ep33", "version": "1", "fileId": "55ceef8c5cf3487c8ffb9d85893f65b5", "classIds": ["Crex crex", "Scolopax rusticola"], "channels": [[{"startTime": 0.0, "endTime": 5.0, "predictions": {"probabilities": [-9.166318893432617, -8.132126808166504], "logits": [NaN, NaN]}, "groundTruth": [0.0, 0.0]}, {"startTime": 5.0, "endTime": 10.0, "predictions": {"probabilities": [-9.850495338439941, -4.732106685638428], "logits": [NaN, NaN]}, "groundTruth": [0.0, 0.0]}, {"startTime": 10.0, "endTime": 15.0, "predictions": {"probabilities": [-11.718259811401367, -8.542257308959961], "logits": [NaN, NaN]}, "groundTruth": [0.0, 0.0]}, {"startTime": 15.0, "endTime": 20.0, "predictions": {"probabilities": [-9.614474296569824, -7.124989032745361], "logits": [NaN, NaN]}, "groundTruth": [0.0, 0.0]}]]}