{"modelName": "devise-220528-v0-ep33", "version": "1", "fileId": "55d97ebc62fe4801965b03b24d9b737f", "classIds": ["Crex crex", "Scolopax rusticola"], "channels": [[{"startTime": 0.0, "endTime": 5.0, "predictions": {"probabilities": [2.5384304535691626e-05, 0.00030000737751834095], "logits": []}, "groundTruth": [0.0, 0.0]}, {"startTime": 5.0, "endTime": 10.0, "predictions": {"probabilities": [9.221595973940566e-06, 0.00012784924183506519], "logits": []}, "groundTruth": [0.0, 0.0]}, {"startTime": 10.0, "endTime": 15.0, "predictions": {"probabilities": [1.094412164093228e-05, 0.0004208346945233643], "logits": []}, "groundTruth": [0.0, 0.0]}, {"startTime": 15.0, "endTime": 20.0, "predictions": {"probabilities": [6.226164259715006e-06, 3.508459485601634e-05], "logits": []}, "groundTruth": [0.0, 0.0]}]]}