{"modelName": "devise-220528-v0-ep33", "version": "1", "fileId": "56110d0c1e1d431eb84401ae59557f21", "classIds": ["Crex crex", "Scolopax rusticola"], "channels": [[{"startTime": 0.0, "endTime": 5.0, "predictions": {"probabilities": [-13.885128021240234, -13.945320129394531], "logits": [NaN, NaN]}, "groundTruth": [0.0, 0.0]}, {"startTime": 5.0, "endTime": 10.0, "predictions": {"probabilities": [-13.496764183044434, -15.408597946166992], "logits": [NaN, NaN]}, "groundTruth": [0.0, 0.0]}, {"startTime": 10.0, "endTime": 15.0, "predictions": {"probabilities": [-10.73973274230957, -8.700843811035156], "logits": [NaN, NaN]}, "groundTruth": [0.0, 0.0]}, {"startTime": 15.0, "endTime": 20.0, "predictions": {"probabilities": [-15.430527687072754, -13.732732772827148], "logits": [NaN, NaN]}, "groundTruth": [0.0, 0.0]}]]}