{"modelName": "devise-220528-v0-ep33", "version": "1", "fileId": "56381fa65ca34732892fd45a842825d5", "classIds": ["Crex crex", "Scolopax rusticola"], "channels": [[{"startTime": 0.0, "endTime": 5.0, "predictions": {"probabilities": [-10.137520790100098, -5.042931079864502], "logits": [NaN, NaN]}, "groundTruth": [0.0, 0.0]}, {"startTime": 5.0, "endTime": 10.0, "predictions": {"probabilities": [-10.377677917480469, -8.784233093261719], "logits": [NaN, NaN]}, "groundTruth": [0.0, 0.0]}, {"startTime": 10.0, "endTime": 15.0, "predictions": {"probabilities": [-8.513483047485352, -5.440014362335205], "logits": [NaN, NaN]}, "groundTruth": [0.0, 0.0]}, {"startTime": 15.0, "endTime": 20.0, "predictions": {"probabilities": [-8.938002586364746, -7.638769626617432], "logits": [NaN, NaN]}, "groundTruth": [0.0, 0.0]}]]}