{"modelName": "devise-220528-v0-ep33", "version": "1", "fileId": "571e8f36b3b84d8a8e6f8d33c8efa8d4", "classIds": ["Crex crex", "Scolopax rusticola"], "channels": [[{"startTime": 0.0, "endTime": 5.0, "predictions": {"probabilities": [-14.547425270080566, 13.41710090637207], "logits": [NaN, NaN]}, "groundTruth": [0.0, 1.0]}, {"startTime": 5.0, "endTime": 10.0, "predictions": {"probabilities": [-14.957298278808594, 8.756416320800781], "logits": [NaN, NaN]}, "groundTruth": [0.0, 1.0]}, {"startTime": 10.0, "endTime": 15.0, "predictions": {"probabilities": [-14.241594314575195, 4.773777484893799], "logits": [NaN, NaN]}, "groundTruth": [0.0, 1.0]}]]}