{"modelName": "devise-220528-v0-ep33", "version": "1", "fileId": "5764bfab59b04c198073f244c6e808b1", "classIds": ["Crex crex", "Scolopax rusticola"], "channels": [[{"startTime": 0.0, "endTime": 5.0, "predictions": {"probabilities": [-7.89301872253418, -8.829208374023438], "logits": [NaN, NaN]}, "groundTruth": [0.0, 0.0]}, {"startTime": 5.0, "endTime": 10.0, "predictions": {"probabilities": [-6.955514907836914, -8.285411834716797], "logits": [NaN, NaN]}, "groundTruth": [0.0, 0.0]}, {"startTime": 10.0, "endTime": 15.0, "predictions": {"probabilities": [-11.45225715637207, -7.1304240226745605], "logits": [NaN, NaN]}, "groundTruth": [0.0, 0.0]}, {"startTime": 15.0, "endTime": 20.0, "predictions": {"probabilities": [-9.445887565612793, -10.140567779541016], "logits": [NaN, NaN]}, "groundTruth": [0.0, 0.0]}]]}