{"modelName": "devise-220528-v0-ep33", "version": "1", "fileId": "5764bfab59b04c198073f244c6e808b1", "classIds": ["Crex crex", "Scolopax rusticola"], "channels": [[{"startTime": 0.0, "endTime": 5.0, "predictions": {"probabilities": [0.00037320153205655515, 0.00014637266576755792], "logits": []}, "groundTruth": [0.0, 0.0]}, {"startTime": 5.0, "endTime": 10.0, "predictions": {"probabilities": [0.0009524549241177738, 0.00025210523745045066], "logits": []}, "groundTruth": [0.0, 0.0]}, {"startTime": 10.0, "endTime": 15.0, "predictions": {"probabilities": [1.0625351023918483e-05, 0.0007997398497536778], "logits": []}, "groundTruth": [0.0, 0.0]}, {"startTime": 15.0, "endTime": 20.0, "predictions": {"probabilities": [7.900759374024346e-05, 3.944484342355281e-05], "logits": []}, "groundTruth": [0.0, 0.0]}]]}