{"modelName": "devise-220528-v0-ep33", "version": "1", "fileId": "577300711f08402faa8dffa45b80e3b7", "classIds": ["Crex crex", "Scolopax rusticola"], "channels": [[{"startTime": 0.0, "endTime": 5.0, "predictions": {"probabilities": [7.358001141710702e-08, 0.9999258518218994], "logits": []}, "groundTruth": [0.0, 1.0]}, {"startTime": 5.0, "endTime": 10.0, "predictions": {"probabilities": [1.1074858775828034e-05, 0.9999979734420776], "logits": []}, "groundTruth": [0.0, 1.0]}, {"startTime": 10.0, "endTime": 15.0, "predictions": {"probabilities": [9.239070841715602e-09, 1.0], "logits": []}, "groundTruth": [0.0, 1.0]}, {"startTime": 15.0, "endTime": 20.0, "predictions": {"probabilities": [7.279677902261028e-06, 0.0184013769030571], "logits": []}, "groundTruth": [0.0, 1.0]}]]}