{"modelName": "devise-220528-v0-ep33", "version": "1", "fileId": "579d5255b3a143f5afe06ee6283158c1", "classIds": ["Crex crex", "Scolopax rusticola"], "channels": [[{"startTime": 0.0, "endTime": 5.0, "predictions": {"probabilities": [5.4185300541576e-05, 0.0005669399979524314], "logits": []}, "groundTruth": [0.0, 0.0]}, {"startTime": 5.0, "endTime": 10.0, "predictions": {"probabilities": [2.3071937903296202e-05, 0.000288884766632691], "logits": []}, "groundTruth": [0.0, 0.0]}, {"startTime": 10.0, "endTime": 15.0, "predictions": {"probabilities": [5.818268982693553e-05, 0.00023001055524218827], "logits": []}, "groundTruth": [0.0, 0.0]}, {"startTime": 15.0, "endTime": 20.0, "predictions": {"probabilities": [5.1814273319905624e-05, 0.00014405175170395523], "logits": []}, "groundTruth": [0.0, 0.0]}]]}