{"modelName": "devise-220528-v0-ep33", "version": "1", "fileId": "57f4ada9403f4b88ad73aeda9816c4cc", "classIds": ["Crex crex", "Scolopax rusticola"], "channels": [[{"startTime": 0.0, "endTime": 5.0, "predictions": {"probabilities": [0.00011596998228924349, 0.00026362109929323196], "logits": []}, "groundTruth": [0.0, 0.0]}, {"startTime": 5.0, "endTime": 10.0, "predictions": {"probabilities": [1.9826029529212974e-05, 1.6295302884827834e-07], "logits": []}, "groundTruth": [0.0, 0.0]}, {"startTime": 10.0, "endTime": 15.0, "predictions": {"probabilities": [5.531547220272159e-09, 1.75284864400993e-09], "logits": []}, "groundTruth": [0.0, 0.0]}, {"startTime": 15.0, "endTime": 20.0, "predictions": {"probabilities": [1.3301310275437572e-07, 0.0004265021125320345], "logits": []}, "groundTruth": [0.0, 0.0]}]]}