{"modelName": "devise-220528-v0-ep33", "version": "1", "fileId": "57f4ada9403f4b88ad73aeda9816c4cc", "classIds": ["Crex crex", "Scolopax rusticola"], "channels": [[{"startTime": 0.0, "endTime": 5.0, "predictions": {"probabilities": [-9.062063217163086, -8.240734100341797], "logits": [NaN, NaN]}, "groundTruth": [0.0, 0.0]}, {"startTime": 5.0, "endTime": 10.0, "predictions": {"probabilities": [-10.828495025634766, -15.629803657531738], "logits": [NaN, NaN]}, "groundTruth": [0.0, 0.0]}, {"startTime": 10.0, "endTime": 15.0, "predictions": {"probabilities": [-19.012798309326172, -20.162023544311523], "logits": [NaN, NaN]}, "groundTruth": [0.0, 0.0]}, {"startTime": 15.0, "endTime": 20.0, "predictions": {"probabilities": [-15.832818031311035, -7.759466648101807], "logits": [NaN, NaN]}, "groundTruth": [0.0, 0.0]}]]}