{"modelName": "devise-220528-v0-ep33", "version": "1", "fileId": "58238d92390f4bcdb46bf287213d2923", "classIds": ["Crex crex", "Scolopax rusticola"], "channels": [[{"startTime": 0.0, "endTime": 5.0, "predictions": {"probabilities": [4.8059544496936724e-05, 0.0001715933030936867], "logits": []}, "groundTruth": [0.0, 0.0]}, {"startTime": 5.0, "endTime": 10.0, "predictions": {"probabilities": [9.22639992495533e-06, 0.001659480156376958], "logits": []}, "groundTruth": [0.0, 0.0]}, {"startTime": 10.0, "endTime": 15.0, "predictions": {"probabilities": [8.015676576178521e-05, 0.00023255840642377734], "logits": []}, "groundTruth": [0.0, 0.0]}, {"startTime": 15.0, "endTime": 20.0, "predictions": {"probabilities": [0.00015522920875810087, 0.00015062297461554408], "logits": []}, "groundTruth": [0.0, 0.0]}]]}