{"modelName": "devise-220528-v0-ep33", "version": "1", "fileId": "5834bfee481b4c8e8aad5da4b1403482", "classIds": ["Crex crex", "Scolopax rusticola"], "channels": [[{"startTime": 0.0, "endTime": 5.0, "predictions": {"probabilities": [1.2772151336548632e-08, 1.6077734976693847e-10], "logits": []}, "groundTruth": [0.0, 0.0]}, {"startTime": 5.0, "endTime": 10.0, "predictions": {"probabilities": [1.4630725075903683e-08, 3.1744349371365388e-09], "logits": []}, "groundTruth": [0.0, 0.0]}, {"startTime": 10.0, "endTime": 15.0, "predictions": {"probabilities": [5.170645067664736e-07, 6.67001884835372e-08], "logits": []}, "groundTruth": [0.0, 0.0]}, {"startTime": 15.0, "endTime": 20.0, "predictions": {"probabilities": [8.194110705517232e-06, 1.471074568826225e-07], "logits": []}, "groundTruth": [0.0, 0.0]}]]}