{"modelName": "devise-220528-v0-ep33", "version": "1", "fileId": "5836eeb1e49f4e0a8751c5770bb33190", "classIds": ["Crex crex", "Scolopax rusticola"], "channels": [[{"startTime": 0.0, "endTime": 5.0, "predictions": {"probabilities": [-7.863531589508057, -5.181485176086426], "logits": [NaN, NaN]}, "groundTruth": [0.0, 0.0]}, {"startTime": 5.0, "endTime": 10.0, "predictions": {"probabilities": [-8.11954402923584, -9.09495735168457], "logits": [NaN, NaN]}, "groundTruth": [0.0, 0.0]}, {"startTime": 10.0, "endTime": 15.0, "predictions": {"probabilities": [-11.299981117248535, -9.21445083618164], "logits": [NaN, NaN]}, "groundTruth": [0.0, 0.0]}, {"startTime": 15.0, "endTime": 20.0, "predictions": {"probabilities": [-11.305641174316406, -7.2015180587768555], "logits": [NaN, NaN]}, "groundTruth": [0.0, 0.0]}]]}