{"modelName": "devise-220528-v0-ep33", "version": "1", "fileId": "58c123406e8f4461a674ded8526b7113", "classIds": ["Crex crex", "Scolopax rusticola"], "channels": [[{"startTime": 0.0, "endTime": 5.0, "predictions": {"probabilities": [1.4694016499561258e-05, 5.9481379139469936e-05], "logits": []}, "groundTruth": [0.0, 0.0]}, {"startTime": 5.0, "endTime": 10.0, "predictions": {"probabilities": [2.8825046683778055e-05, 6.340708205243573e-05], "logits": []}, "groundTruth": [0.0, 0.0]}, {"startTime": 10.0, "endTime": 15.0, "predictions": {"probabilities": [7.374434972007293e-06, 1.328717826254433e-05], "logits": []}, "groundTruth": [0.0, 0.0]}, {"startTime": 15.0, "endTime": 20.0, "predictions": {"probabilities": [6.32185947324615e-06, 0.8644255995750427], "logits": []}, "groundTruth": [0.0, 0.0]}]]}