{"modelName": "devise-220528-v0-ep33", "version": "1", "fileId": "58c123406e8f4461a674ded8526b7113", "classIds": ["Crex crex", "Scolopax rusticola"], "channels": [[{"startTime": 0.0, "endTime": 5.0, "predictions": {"probabilities": [-11.128055572509766, -9.729787826538086], "logits": [NaN, NaN]}, "groundTruth": [0.0, 0.0]}, {"startTime": 5.0, "endTime": 10.0, "predictions": {"probabilities": [-10.45423698425293, -9.665871620178223], "logits": [NaN, NaN]}, "groundTruth": [0.0, 0.0]}, {"startTime": 10.0, "endTime": 15.0, "predictions": {"probabilities": [-11.817483901977539, -11.228697776794434], "logits": [NaN, NaN]}, "groundTruth": [0.0, 0.0]}, {"startTime": 15.0, "endTime": 20.0, "predictions": {"probabilities": [-11.971490859985352, 1.8525443077087402], "logits": [NaN, NaN]}, "groundTruth": [0.0, 0.0]}]]}