{"modelName": "devise-220528-v0-ep33", "version": "1", "fileId": "59495bc3909d481fa4e30f59f0f0f25c", "classIds": ["Crex crex", "Scolopax rusticola"], "channels": [[{"startTime": 0.0, "endTime": 5.0, "predictions": {"probabilities": [2.8033391572535038e-05, 0.00019864278146997094], "logits": []}, "groundTruth": [0.0, 0.0]}, {"startTime": 5.0, "endTime": 10.0, "predictions": {"probabilities": [3.2153361644304823e-06, 4.045363675686531e-05], "logits": []}, "groundTruth": [0.0, 0.0]}, {"startTime": 10.0, "endTime": 15.0, "predictions": {"probabilities": [1.8222832295577973e-05, 0.0003305296995677054], "logits": []}, "groundTruth": [0.0, 0.0]}, {"startTime": 15.0, "endTime": 20.0, "predictions": {"probabilities": [1.2172925380582456e-05, 0.0002882682019844651], "logits": []}, "groundTruth": [0.0, 0.0]}]]}