{"modelName": "devise-220528-v0-ep33", "version": "1", "fileId": "599f84d6e7c945c8956b4cfc5cc8e2dc", "classIds": ["Crex crex", "Scolopax rusticola"], "channels": [[{"startTime": 0.0, "endTime": 5.0, "predictions": {"probabilities": [2.8161954105598852e-05, 1.1730049664038233e-05], "logits": []}, "groundTruth": [0.0, 0.0]}, {"startTime": 5.0, "endTime": 10.0, "predictions": {"probabilities": [1.5618670090589148e-07, 0.9843646883964539], "logits": []}, "groundTruth": [0.0, 0.0]}, {"startTime": 10.0, "endTime": 15.0, "predictions": {"probabilities": [8.180883526165417e-09, 1.0], "logits": []}, "groundTruth": [0.0, 0.0]}, {"startTime": 15.0, "endTime": 20.0, "predictions": {"probabilities": [1.5564378230692455e-08, 3.5547566312743584e-07], "logits": []}, "groundTruth": [0.0, 0.0]}]]}