{"modelName": "devise-220528-v0-ep33", "version": "1", "fileId": "599f84d6e7c945c8956b4cfc5cc8e2dc", "classIds": ["Crex crex", "Scolopax rusticola"], "channels": [[{"startTime": 0.0, "endTime": 5.0, "predictions": {"probabilities": [-10.477510452270508, -11.353344917297363], "logits": [NaN, NaN]}, "groundTruth": [0.0, 0.0]}, {"startTime": 5.0, "endTime": 10.0, "predictions": {"probabilities": [-15.672213554382324, 4.142464637756348], "logits": [NaN, NaN]}, "groundTruth": [0.0, 0.0]}, {"startTime": 10.0, "endTime": 15.0, "predictions": {"probabilities": [-18.6214656829834, 23.53469467163086], "logits": [NaN, NaN]}, "groundTruth": [0.0, 0.0]}, {"startTime": 15.0, "endTime": 20.0, "predictions": {"probabilities": [-17.978281021118164, -14.849808692932129], "logits": [NaN, NaN]}, "groundTruth": [0.0, 0.0]}]]}