{"modelName": "devise-220528-v0-ep33", "version": "1", "fileId": "59d9866a3b9f40a9affaf6e799c73a2c", "classIds": ["Crex crex", "Scolopax rusticola"], "channels": [[{"startTime": 0.0, "endTime": 5.0, "predictions": {"probabilities": [-3.70999813079834, -16.443742752075195], "logits": [NaN, NaN]}, "groundTruth": [0.0, 0.0]}, {"startTime": 5.0, "endTime": 10.0, "predictions": {"probabilities": [-4.853816986083984, -7.650902271270752], "logits": [NaN, NaN]}, "groundTruth": [0.0, 0.0]}, {"startTime": 10.0, "endTime": 15.0, "predictions": {"probabilities": [-12.98486328125, -24.551965713500977], "logits": [NaN, NaN]}, "groundTruth": [0.0, 0.0]}, {"startTime": 15.0, "endTime": 20.0, "predictions": {"probabilities": [-7.471586227416992, -15.176161766052246], "logits": [NaN, NaN]}, "groundTruth": [0.0, 0.0]}]]}