{"modelName": "devise-220528-v0-ep33", "version": "1", "fileId": "5abab5442a2d4230842e69f3223c4711", "classIds": ["Crex crex", "Scolopax rusticola"], "channels": [[{"startTime": 0.0, "endTime": 5.0, "predictions": {"probabilities": [-9.647783279418945, -7.0105462074279785], "logits": [NaN, NaN]}, "groundTruth": [0.0, 0.0]}, {"startTime": 5.0, "endTime": 10.0, "predictions": {"probabilities": [-11.322155952453613, -10.092105865478516], "logits": [NaN, NaN]}, "groundTruth": [0.0, 0.0]}, {"startTime": 10.0, "endTime": 15.0, "predictions": {"probabilities": [-11.127285957336426, -7.477908134460449], "logits": [NaN, NaN]}, "groundTruth": [0.0, 0.0]}, {"startTime": 15.0, "endTime": 20.0, "predictions": {"probabilities": [-9.409791946411133, -5.208212852478027], "logits": [NaN, NaN]}, "groundTruth": [0.0, 0.0]}]]}