{"modelName": "devise-220528-v0-ep33", "version": "1", "fileId": "5abab5442a2d4230842e69f3223c4711", "classIds": ["Crex crex", "Scolopax rusticola"], "channels": [[{"startTime": 0.0, "endTime": 5.0, "predictions": {"probabilities": [6.456436676671728e-05, 0.0009015022078529], "logits": []}, "groundTruth": [0.0, 0.0]}, {"startTime": 5.0, "endTime": 10.0, "predictions": {"probabilities": [1.210165828524623e-05, 4.1403411159990355e-05], "logits": []}, "groundTruth": [0.0, 0.0]}, {"startTime": 10.0, "endTime": 15.0, "predictions": {"probabilities": [1.4705327885167208e-05, 0.0005651194369420409], "logits": []}, "groundTruth": [0.0, 0.0]}, {"startTime": 15.0, "endTime": 20.0, "predictions": {"probabilities": [8.191127562895417e-05, 0.005441669374704361], "logits": []}, "groundTruth": [0.0, 0.0]}]]}