{"modelName": "devise-220528-v0-ep33", "version": "1", "fileId": "5aeabc633e7443339388c56d1f2c50e8", "classIds": ["Crex crex", "Scolopax rusticola"], "channels": [[{"startTime": 0.0, "endTime": 5.0, "predictions": {"probabilities": [-15.385147094726562, -11.189711570739746], "logits": [NaN, NaN]}, "groundTruth": [0.0, 0.0]}, {"startTime": 5.0, "endTime": 10.0, "predictions": {"probabilities": [-17.43419075012207, -16.90023422241211], "logits": [NaN, NaN]}, "groundTruth": [0.0, 0.0]}, {"startTime": 10.0, "endTime": 15.0, "predictions": {"probabilities": [-15.058514595031738, -1.3323341608047485], "logits": [NaN, NaN]}, "groundTruth": [0.0, 0.0]}, {"startTime": 15.0, "endTime": 20.0, "predictions": {"probabilities": [-10.470560073852539, -3.5439698696136475], "logits": [NaN, NaN]}, "groundTruth": [0.0, 0.0]}]]}