{"modelName": "devise-220528-v0-ep33", "version": "1", "fileId": "5b0ea11646ed4837a2d7f2e61cb8c357", "classIds": ["Crex crex", "Scolopax rusticola"], "channels": [[{"startTime": 0.0, "endTime": 5.0, "predictions": {"probabilities": [4.205612185614882e-06, 0.0005089022452011704], "logits": []}, "groundTruth": [0.0, 0.0]}, {"startTime": 5.0, "endTime": 10.0, "predictions": {"probabilities": [6.413707887986675e-05, 0.000320681429002434], "logits": []}, "groundTruth": [0.0, 0.0]}, {"startTime": 10.0, "endTime": 15.0, "predictions": {"probabilities": [2.5296993044321425e-05, 0.00018822030688170344], "logits": []}, "groundTruth": [0.0, 0.0]}, {"startTime": 15.0, "endTime": 20.0, "predictions": {"probabilities": [1.661178430367727e-05, 0.0007252061041072011], "logits": []}, "groundTruth": [0.0, 0.0]}]]}