{"modelName": "devise-220528-v0-ep33", "version": "1", "fileId": "5b0ea11646ed4837a2d7f2e61cb8c357", "classIds": ["Crex crex", "Scolopax rusticola"], "channels": [[{"startTime": 0.0, "endTime": 5.0, "predictions": {"probabilities": [-12.3790864944458, -7.582745552062988], "logits": [NaN, NaN]}, "groundTruth": [0.0, 0.0]}, {"startTime": 5.0, "endTime": 10.0, "predictions": {"probabilities": [-9.654423713684082, -8.0447416305542], "logits": [NaN, NaN]}, "groundTruth": [0.0, 0.0]}, {"startTime": 10.0, "endTime": 15.0, "predictions": {"probabilities": [-10.584799766540527, -8.577709197998047], "logits": [NaN, NaN]}, "groundTruth": [0.0, 0.0]}, {"startTime": 15.0, "endTime": 20.0, "predictions": {"probabilities": [-11.00538158416748, -7.228329181671143], "logits": [NaN, NaN]}, "groundTruth": [0.0, 0.0]}]]}