{"modelName": "devise-220528-v0-ep33", "version": "1", "fileId": "5bbd64f20f8c47cf806d11857dd29e8a", "classIds": ["Crex crex", "Scolopax rusticola"], "channels": [[{"startTime": 0.0, "endTime": 5.0, "predictions": {"probabilities": [1.44079820074694e-07, 0.9970592260360718], "logits": []}, "groundTruth": [0.0, 0.0]}, {"startTime": 5.0, "endTime": 10.0, "predictions": {"probabilities": [6.418337648028682e-07, 6.879949978610966e-06], "logits": []}, "groundTruth": [0.0, 0.0]}, {"startTime": 10.0, "endTime": 15.0, "predictions": {"probabilities": [2.591458951428649e-06, 6.622300134040415e-06], "logits": []}, "groundTruth": [0.0, 0.0]}, {"startTime": 15.0, "endTime": 20.0, "predictions": {"probabilities": [8.965624829215812e-07, 8.845282764013973e-07], "logits": []}, "groundTruth": [0.0, 0.0]}]]}