{"modelName": "devise-220528-v0-ep33", "version": "1", "fileId": "5c98ead1ba7040b7aa058820932682df", "classIds": ["Crex crex", "Scolopax rusticola"], "channels": [[{"startTime": 0.0, "endTime": 5.0, "predictions": {"probabilities": [-11.931058883666992, 0.3648521900177002], "logits": [NaN, -0.5543654561042786]}, "groundTruth": [0.0, 0.0]}, {"startTime": 5.0, "endTime": 10.0, "predictions": {"probabilities": [-10.818490028381348, -0.21941159665584564], "logits": [NaN, NaN]}, "groundTruth": [0.0, 0.0]}, {"startTime": 10.0, "endTime": 15.0, "predictions": {"probabilities": [-11.442303657531738, -3.5811378955841064], "logits": [NaN, NaN]}, "groundTruth": [0.0, 0.0]}, {"startTime": 15.0, "endTime": 20.0, "predictions": {"probabilities": [-10.476282119750977, -9.942723274230957], "logits": [NaN, NaN]}, "groundTruth": [0.0, 0.0]}]]}