{"modelName": "devise-220528-v0-ep33", "version": "1", "fileId": "5c9998280a294dbbae4e13aed1a32ad1", "classIds": ["Crex crex", "Scolopax rusticola"], "channels": [[{"startTime": 0.0, "endTime": 5.0, "predictions": {"probabilities": [0.0016609012382104993, 0.0001873208093456924], "logits": []}, "groundTruth": [0.0, 0.0]}, {"startTime": 5.0, "endTime": 10.0, "predictions": {"probabilities": [2.7013211365556344e-06, 5.525465098799032e-07], "logits": []}, "groundTruth": [0.0, 0.0]}, {"startTime": 10.0, "endTime": 15.0, "predictions": {"probabilities": [9.874667739495635e-06, 2.174513902275521e-09], "logits": []}, "groundTruth": [0.0, 0.0]}, {"startTime": 15.0, "endTime": 20.0, "predictions": {"probabilities": [6.383996151271276e-06, 2.261378195811403e-09], "logits": []}, "groundTruth": [0.0, 0.0]}]]}