{"modelName": "devise-220528-v0-ep33", "version": "1", "fileId": "5ce72ad0eceb433fbf367920b281ca6b", "classIds": ["Crex crex", "Scolopax rusticola"], "channels": [[{"startTime": 0.0, "endTime": 5.0, "predictions": {"probabilities": [-12.851706504821777, -13.82674789428711], "logits": [NaN, NaN]}, "groundTruth": [0.0, 0.0]}, {"startTime": 5.0, "endTime": 10.0, "predictions": {"probabilities": [-12.098038673400879, -11.99239730834961], "logits": [NaN, NaN]}, "groundTruth": [0.0, 0.0]}, {"startTime": 10.0, "endTime": 15.0, "predictions": {"probabilities": [-20.622426986694336, -23.698637008666992], "logits": [NaN, NaN]}, "groundTruth": [0.0, 0.0]}, {"startTime": 15.0, "endTime": 20.0, "predictions": {"probabilities": [-14.537543296813965, -11.31843090057373], "logits": [NaN, NaN]}, "groundTruth": [0.0, 0.0]}]]}