{"modelName": "devise-220528-v0-ep33", "version": "1", "fileId": "5d08c042bbe9490aa02c1876936077c9", "classIds": ["Crex crex", "Scolopax rusticola"], "channels": [[{"startTime": 0.0, "endTime": 5.0, "predictions": {"probabilities": [-11.49150276184082, -9.65786075592041], "logits": [NaN, NaN]}, "groundTruth": [0.0, 0.0]}, {"startTime": 5.0, "endTime": 10.0, "predictions": {"probabilities": [-11.82403564453125, -5.832798004150391], "logits": [NaN, NaN]}, "groundTruth": [0.0, 0.0]}, {"startTime": 10.0, "endTime": 15.0, "predictions": {"probabilities": [-10.468571662902832, -5.552706241607666], "logits": [NaN, NaN]}, "groundTruth": [0.0, 0.0]}, {"startTime": 15.0, "endTime": 20.0, "predictions": {"probabilities": [-14.621898651123047, -11.133977890014648], "logits": [NaN, NaN]}, "groundTruth": [0.0, 0.0]}]]}