{"modelName": "devise-220528-v0-ep33", "version": "1", "fileId": "5d67e2619caf44879606cae9835301fb", "classIds": ["Crex crex", "Scolopax rusticola"], "channels": [[{"startTime": 0.0, "endTime": 5.0, "predictions": {"probabilities": [-14.682127952575684, -17.815589904785156], "logits": [NaN, NaN]}, "groundTruth": [0.0, 0.0]}, {"startTime": 5.0, "endTime": 10.0, "predictions": {"probabilities": [-16.328168869018555, -20.645618438720703], "logits": [NaN, NaN]}, "groundTruth": [0.0, 0.0]}, {"startTime": 10.0, "endTime": 15.0, "predictions": {"probabilities": [-17.20600700378418, -17.037086486816406], "logits": [NaN, NaN]}, "groundTruth": [0.0, 0.0]}, {"startTime": 15.0, "endTime": 20.0, "predictions": {"probabilities": [-16.87015724182129, -17.683809280395508], "logits": [NaN, NaN]}, "groundTruth": [0.0, 0.0]}]]}