{"modelName": "devise-220528-v0-ep33", "version": "1", "fileId": "5d67e2619caf44879606cae9835301fb", "classIds": ["Crex crex", "Scolopax rusticola"], "channels": [[{"startTime": 0.0, "endTime": 5.0, "predictions": {"probabilities": [4.203709238481679e-07, 1.83141857235114e-08], "logits": []}, "groundTruth": [0.0, 0.0]}, {"startTime": 5.0, "endTime": 10.0, "predictions": {"probabilities": [8.105248383571961e-08, 1.0807414962954454e-09], "logits": []}, "groundTruth": [0.0, 0.0]}, {"startTime": 10.0, "endTime": 15.0, "predictions": {"probabilities": [3.369194701008382e-08, 3.989213936961278e-08], "logits": []}, "groundTruth": [0.0, 0.0]}, {"startTime": 15.0, "endTime": 20.0, "predictions": {"probabilities": [4.7139366188275744e-08, 2.08938857326757e-08], "logits": []}, "groundTruth": [0.0, 0.0]}]]}