{"modelName": "devise-220528-v0-ep33", "version": "1", "fileId": "5dcc89f524f540c0b2df599e0658258e", "classIds": ["Crex crex", "Scolopax rusticola"], "channels": [[{"startTime": 0.0, "endTime": 5.0, "predictions": {"probabilities": [-13.582582473754883, -13.1712646484375], "logits": [NaN, NaN]}, "groundTruth": [0.0, 0.0]}, {"startTime": 5.0, "endTime": 10.0, "predictions": {"probabilities": [-12.582168579101562, -10.729707717895508], "logits": [NaN, NaN]}, "groundTruth": [0.0, 0.0]}, {"startTime": 10.0, "endTime": 15.0, "predictions": {"probabilities": [-12.21572208404541, -14.279755592346191], "logits": [NaN, NaN]}, "groundTruth": [0.0, 0.0]}, {"startTime": 15.0, "endTime": 20.0, "predictions": {"probabilities": [-12.976858139038086, -12.762166023254395], "logits": [NaN, NaN]}, "groundTruth": [0.0, 0.0]}]]}