{"modelName": "devise-220528-v0-ep33", "version": "1", "fileId": "5de7e118507343c29b47c0c90a8d504d", "classIds": ["Crex crex", "Scolopax rusticola"], "channels": [[{"startTime": 0.0, "endTime": 5.0, "predictions": {"probabilities": [1.3387112858254113e-06, 0.026543255895376205], "logits": []}, "groundTruth": [0.0, 1.0]}, {"startTime": 5.0, "endTime": 10.0, "predictions": {"probabilities": [1.1430663526823537e-08, 0.9999959468841553], "logits": []}, "groundTruth": [0.0, 1.0]}, {"startTime": 8.0, "endTime": 13.0, "predictions": {"probabilities": [1.3917929031492804e-08, 1.0], "logits": []}, "groundTruth": [0.0, 1.0]}]]}