{"modelName": "devise-220528-v0-ep33", "version": "1", "fileId": "5e584362bc3d4557a1424b9532984e68", "classIds": ["Crex crex", "Scolopax rusticola"], "channels": [[{"startTime": 0.0, "endTime": 5.0, "predictions": {"probabilities": [-18.327987670898438, -19.207035064697266], "logits": [NaN, NaN]}, "groundTruth": [0.0, 0.0]}, {"startTime": 5.0, "endTime": 10.0, "predictions": {"probabilities": [-13.728655815124512, -11.935877799987793], "logits": [NaN, NaN]}, "groundTruth": [0.0, 0.0]}, {"startTime": 10.0, "endTime": 15.0, "predictions": {"probabilities": [-16.673568725585938, -19.60948944091797], "logits": [NaN, NaN]}, "groundTruth": [0.0, 0.0]}, {"startTime": 15.0, "endTime": 20.0, "predictions": {"probabilities": [-14.633020401000977, -12.721383094787598], "logits": [NaN, NaN]}, "groundTruth": [0.0, 0.0]}]]}