{"modelName": "devise-220528-v0-ep33", "version": "1", "fileId": "5e584362bc3d4557a1424b9532984e68", "classIds": ["Crex crex", "Scolopax rusticola"], "channels": [[{"startTime": 0.0, "endTime": 5.0, "predictions": {"probabilities": [1.0971249686519968e-08, 4.555023913610512e-09], "logits": []}, "groundTruth": [0.0, 0.0]}, {"startTime": 5.0, "endTime": 10.0, "predictions": {"probabilities": [1.0907371006396716e-06, 6.551055776071735e-06], "logits": []}, "groundTruth": [0.0, 0.0]}, {"startTime": 10.0, "endTime": 15.0, "predictions": {"probabilities": [5.7380077578272903e-08, 3.0458389144172315e-09], "logits": []}, "groundTruth": [0.0, 0.0]}, {"startTime": 15.0, "endTime": 20.0, "predictions": {"probabilities": [4.4152955069876043e-07, 2.9865668693673797e-06], "logits": []}, "groundTruth": [0.0, 0.0]}]]}