{"modelName": "devise-220528-v0-ep33", "version": "1", "fileId": "5e70fcf53ef848178545a90e65500b45", "classIds": ["Crex crex", "Scolopax rusticola"], "channels": [[{"startTime": 0.0, "endTime": 5.0, "predictions": {"probabilities": [2.7689631679095328e-05, 6.806180408602813e-06], "logits": []}, "groundTruth": [0.0, 0.0]}, {"startTime": 5.0, "endTime": 10.0, "predictions": {"probabilities": [0.00010444851795909926, 7.528229616582394e-05], "logits": []}, "groundTruth": [0.0, 0.0]}, {"startTime": 10.0, "endTime": 15.0, "predictions": {"probabilities": [0.00025495610316284, 1.4813314919592813e-05], "logits": []}, "groundTruth": [0.0, 0.0]}, {"startTime": 15.0, "endTime": 20.0, "predictions": {"probabilities": [6.531672988785431e-05, 0.00021990975074004382], "logits": []}, "groundTruth": [0.0, 0.0]}]]}