{"modelName": "devise-220528-v0-ep33", "version": "1", "fileId": "5ef150ea8a6a46a9b591390763bb928d", "classIds": ["Crex crex", "Scolopax rusticola"], "channels": [[{"startTime": 0.0, "endTime": 5.0, "predictions": {"probabilities": [-16.21407699584961, -16.626327514648438], "logits": [NaN, NaN]}, "groundTruth": [0.0, 0.0]}, {"startTime": 5.0, "endTime": 10.0, "predictions": {"probabilities": [-14.060654640197754, -11.547137260437012], "logits": [NaN, NaN]}, "groundTruth": [0.0, 0.0]}, {"startTime": 10.0, "endTime": 15.0, "predictions": {"probabilities": [-13.733611106872559, -17.05267333984375], "logits": [NaN, NaN]}, "groundTruth": [0.0, 0.0]}, {"startTime": 15.0, "endTime": 20.0, "predictions": {"probabilities": [-7.768564224243164, 0.898825466632843], "logits": [NaN, 2.184241771697998]}, "groundTruth": [0.0, 0.0]}]]}