{"modelName": "devise-220528-v0-ep33", "version": "1", "fileId": "5f4d4f1f3ba046e986ec64917a4edca7", "classIds": ["Crex crex", "Scolopax rusticola"], "channels": [[{"startTime": 0.0, "endTime": 5.0, "predictions": {"probabilities": [-10.894875526428223, -6.539669513702393], "logits": [NaN, NaN]}, "groundTruth": [0.0, 0.0]}, {"startTime": 5.0, "endTime": 10.0, "predictions": {"probabilities": [-10.851613998413086, -6.4541015625], "logits": [NaN, NaN]}, "groundTruth": [0.0, 0.0]}, {"startTime": 10.0, "endTime": 15.0, "predictions": {"probabilities": [-11.896350860595703, -10.310986518859863], "logits": [NaN, NaN]}, "groundTruth": [0.0, 0.0]}, {"startTime": 15.0, "endTime": 20.0, "predictions": {"probabilities": [-9.667163848876953, -6.695759296417236], "logits": [NaN, NaN]}, "groundTruth": [0.0, 0.0]}]]}