{"modelName": "devise-220528-v0-ep33", "version": "1", "fileId": "5f998e6c22da4d44a2ae5e548d68eb5e", "classIds": ["Crex crex", "Scolopax rusticola"], "channels": [[{"startTime": 0.0, "endTime": 5.0, "predictions": {"probabilities": [3.964440509207634e-08, 2.631705342537316e-08], "logits": []}, "groundTruth": [0.0, 0.0]}, {"startTime": 5.0, "endTime": 10.0, "predictions": {"probabilities": [3.605622396207764e-07, 2.5356456490044366e-08], "logits": []}, "groundTruth": [0.0, 0.0]}, {"startTime": 10.0, "endTime": 15.0, "predictions": {"probabilities": [1.1179126957472363e-08, 1.8802282397700765e-08], "logits": []}, "groundTruth": [0.0, 0.0]}, {"startTime": 15.0, "endTime": 20.0, "predictions": {"probabilities": [2.9850364402506102e-09, 2.5744022025264712e-08], "logits": []}, "groundTruth": [0.0, 0.0]}]]}