{"modelName": "devise-220528-v0-ep33", "version": "1", "fileId": "5f998e6c22da4d44a2ae5e548d68eb5e", "classIds": ["Crex crex", "Scolopax rusticola"], "channels": [[{"startTime": 0.0, "endTime": 5.0, "predictions": {"probabilities": [-17.043315887451172, -17.453048706054688], "logits": [NaN, NaN]}, "groundTruth": [0.0, 0.0]}, {"startTime": 5.0, "endTime": 10.0, "predictions": {"probabilities": [-14.835600852966309, -17.490232467651367], "logits": [NaN, NaN]}, "groundTruth": [0.0, 0.0]}, {"startTime": 10.0, "endTime": 15.0, "predictions": {"probabilities": [-18.30921745300293, -17.789287567138672], "logits": [NaN, NaN]}, "groundTruth": [0.0, 0.0]}, {"startTime": 15.0, "endTime": 20.0, "predictions": {"probabilities": [-19.629653930664062, -17.47506332397461], "logits": [NaN, NaN]}, "groundTruth": [0.0, 0.0]}]]}