{"modelName": "devise-220528-v0-ep33", "version": "1", "fileId": "60273cd155ae4e55a2d29818abf8c35e", "classIds": ["Crex crex", "Scolopax rusticola"], "channels": [[{"startTime": 0.0, "endTime": 5.0, "predictions": {"probabilities": [1.6540302567591425e-06, 6.457670679083094e-06], "logits": []}, "groundTruth": [0.0, 0.0]}, {"startTime": 5.0, "endTime": 10.0, "predictions": {"probabilities": [2.2474461047750083e-07, 1.3187984393425722e-07], "logits": []}, "groundTruth": [0.0, 0.0]}, {"startTime": 10.0, "endTime": 15.0, "predictions": {"probabilities": [3.896469991104823e-07, 2.0540728655760176e-05], "logits": []}, "groundTruth": [0.0, 0.0]}, {"startTime": 15.0, "endTime": 20.0, "predictions": {"probabilities": [7.319471251321374e-07, 0.00048304928350262344], "logits": []}, "groundTruth": [0.0, 0.0]}]]}