{"modelName": "devise-220528-v0-ep33", "version": "1", "fileId": "61273def4b24432f87a5552b4ed3d1b9", "classIds": ["Crex crex", "Scolopax rusticola"], "channels": [[{"startTime": 0.0, "endTime": 5.0, "predictions": {"probabilities": [-16.176929473876953, -14.278711318969727], "logits": [NaN, NaN]}, "groundTruth": [0.0, 1.0]}, {"startTime": 5.0, "endTime": 10.0, "predictions": {"probabilities": [-15.507801055908203, -9.963062286376953], "logits": [NaN, NaN]}, "groundTruth": [0.0, 1.0]}, {"startTime": 10.0, "endTime": 15.0, "predictions": {"probabilities": [-14.440573692321777, -2.6338465213775635], "logits": [NaN, NaN]}, "groundTruth": [0.0, 1.0]}, {"startTime": 11.0, "endTime": 16.0, "predictions": {"probabilities": [-15.479312896728516, 0.32826316356658936], "logits": [NaN, -0.7160510420799255]}, "groundTruth": [0.0, 1.0]}]]}