{"modelName": "devise-220528-v0-ep33", "version": "1", "fileId": "61790f4066d348139622453699fb72c4", "classIds": ["Crex crex", "Scolopax rusticola"], "channels": [[{"startTime": 0.0, "endTime": 5.0, "predictions": {"probabilities": [-11.037772178649902, -9.645758628845215], "logits": [NaN, NaN]}, "groundTruth": [0.0, 0.0]}, {"startTime": 5.0, "endTime": 10.0, "predictions": {"probabilities": [-10.873892784118652, -8.654098510742188], "logits": [NaN, NaN]}, "groundTruth": [0.0, 0.0]}, {"startTime": 10.0, "endTime": 15.0, "predictions": {"probabilities": [-11.90125560760498, -11.722208976745605], "logits": [NaN, NaN]}, "groundTruth": [0.0, 0.0]}, {"startTime": 15.0, "endTime": 20.0, "predictions": {"probabilities": [-11.316391944885254, -7.724375247955322], "logits": [NaN, NaN]}, "groundTruth": [0.0, 0.0]}]]}