{"modelName": "devise-220528-v0-ep33", "version": "1", "fileId": "61922ff59e0346dda6949c6cc6a0a52a", "classIds": ["Crex crex", "Scolopax rusticola"], "channels": [[{"startTime": 0.0, "endTime": 5.0, "predictions": {"probabilities": [-10.163105010986328, -2.34049391746521], "logits": [NaN, NaN]}, "groundTruth": [0.0, 0.0]}, {"startTime": 5.0, "endTime": 10.0, "predictions": {"probabilities": [-14.989450454711914, -4.783606052398682], "logits": [NaN, NaN]}, "groundTruth": [0.0, 0.0]}, {"startTime": 10.0, "endTime": 15.0, "predictions": {"probabilities": [-14.573138236999512, -3.8844192028045654], "logits": [NaN, NaN]}, "groundTruth": [0.0, 0.0]}, {"startTime": 15.0, "endTime": 20.0, "predictions": {"probabilities": [-17.205886840820312, -3.175501585006714], "logits": [NaN, NaN]}, "groundTruth": [0.0, 0.0]}]]}