{"modelName": "devise-220528-v0-ep33", "version": "1", "fileId": "6207d57a1ea4442cb2ec86533b4120d2", "classIds": ["Crex crex", "Scolopax rusticola"], "channels": [[{"startTime": 0.0, "endTime": 5.0, "predictions": {"probabilities": [-7.525897026062012, -6.755326271057129], "logits": [NaN, NaN]}, "groundTruth": [0.0, 0.0]}, {"startTime": 5.0, "endTime": 10.0, "predictions": {"probabilities": [-10.931412696838379, -8.51735782623291], "logits": [NaN, NaN]}, "groundTruth": [0.0, 0.0]}, {"startTime": 10.0, "endTime": 15.0, "predictions": {"probabilities": [-10.556547164916992, -9.863718032836914], "logits": [NaN, NaN]}, "groundTruth": [0.0, 0.0]}, {"startTime": 15.0, "endTime": 20.0, "predictions": {"probabilities": [-9.946453094482422, -7.096779823303223], "logits": [NaN, NaN]}, "groundTruth": [0.0, 0.0]}]]}