{"modelName": "devise-220528-v0-ep33", "version": "1", "fileId": "62e388add7e84c4681a16786cb91c529", "classIds": ["Crex crex", "Scolopax rusticola"], "channels": [[{"startTime": 0.0, "endTime": 5.0, "predictions": {"probabilities": [2.69609404313087e-06, 2.3674785552429967e-05], "logits": []}, "groundTruth": [0.0, 0.0]}, {"startTime": 5.0, "endTime": 10.0, "predictions": {"probabilities": [5.069909093435854e-06, 0.00012422488362062722], "logits": []}, "groundTruth": [0.0, 0.0]}, {"startTime": 10.0, "endTime": 15.0, "predictions": {"probabilities": [1.2362905010832037e-07, 4.223169014494488e-08], "logits": []}, "groundTruth": [0.0, 0.0]}, {"startTime": 15.0, "endTime": 20.0, "predictions": {"probabilities": [6.979574322940607e-07, 1.7869105022327858e-06], "logits": []}, "groundTruth": [0.0, 0.0]}]]}