{"modelName": "devise-220528-v0-ep33", "version": "1", "fileId": "6390a163bf6e436da9c848bf6dd1e662", "classIds": ["Crex crex", "Scolopax rusticola"], "channels": [[{"startTime": 0.0, "endTime": 5.0, "predictions": {"probabilities": [9.270093141822144e-05, 0.0013325796462595463], "logits": []}, "groundTruth": [0.0, 0.0]}, {"startTime": 5.0, "endTime": 10.0, "predictions": {"probabilities": [6.4604923863953445e-06, 6.282943650148809e-05], "logits": []}, "groundTruth": [0.0, 0.0]}, {"startTime": 10.0, "endTime": 15.0, "predictions": {"probabilities": [0.00010233020293526351, 0.00472552003338933], "logits": []}, "groundTruth": [0.0, 0.0]}, {"startTime": 15.0, "endTime": 20.0, "predictions": {"probabilities": [3.9842936530476436e-05, 0.0005046643782407045], "logits": []}, "groundTruth": [0.0, 0.0]}]]}