{"modelName": "devise-220528-v0-ep33", "version": "1", "fileId": "64e4366f9d004e12980638b076d2ff3c", "classIds": ["Crex crex", "Scolopax rusticola"], "channels": [[{"startTime": 0.0, "endTime": 5.0, "predictions": {"probabilities": [-14.212627410888672, -13.904153823852539], "logits": [NaN, NaN]}, "groundTruth": [0.0, 0.0]}, {"startTime": 5.0, "endTime": 10.0, "predictions": {"probabilities": [-14.957562446594238, -13.638257026672363], "logits": [NaN, NaN]}, "groundTruth": [0.0, 0.0]}, {"startTime": 10.0, "endTime": 15.0, "predictions": {"probabilities": [-16.86029624938965, -17.114540100097656], "logits": [NaN, NaN]}, "groundTruth": [0.0, 0.0]}, {"startTime": 15.0, "endTime": 20.0, "predictions": {"probabilities": [-14.272418975830078, -4.601818561553955], "logits": [NaN, NaN]}, "groundTruth": [0.0, 0.0]}]]}