{"modelName": "devise-220528-v0-ep33", "version": "1", "fileId": "64e4366f9d004e12980638b076d2ff3c", "classIds": ["Crex crex", "Scolopax rusticola"], "channels": [[{"startTime": 0.0, "endTime": 5.0, "predictions": {"probabilities": [6.7225499833512e-07, 9.151711992672062e-07], "logits": []}, "groundTruth": [0.0, 0.0]}, {"startTime": 5.0, "endTime": 10.0, "predictions": {"probabilities": [3.191633481947065e-07, 1.1939322348553105e-06], "logits": []}, "groundTruth": [0.0, 0.0]}, {"startTime": 10.0, "endTime": 15.0, "predictions": {"probabilities": [4.7606505404473864e-08, 3.6918979873235e-08], "logits": []}, "groundTruth": [0.0, 0.0]}, {"startTime": 15.0, "endTime": 20.0, "predictions": {"probabilities": [6.332379030027369e-07, 0.009933900088071823], "logits": []}, "groundTruth": [0.0, 0.0]}]]}