{"modelName": "devise-220528-v0-ep33", "version": "1", "fileId": "652dc4293bd74cd89992f9bec3df81f7", "classIds": ["Crex crex", "Scolopax rusticola"], "channels": [[{"startTime": 0.0, "endTime": 5.0, "predictions": {"probabilities": [1.9705512954715232e-07, 2.514022945376837e-08], "logits": []}, "groundTruth": [0.0, 1.0]}, {"startTime": 5.0, "endTime": 10.0, "predictions": {"probabilities": [2.5509682473057183e-06, 0.9998378753662109], "logits": []}, "groundTruth": [0.0, 1.0]}, {"startTime": 10.0, "endTime": 15.0, "predictions": {"probabilities": [2.8908101512570283e-07, 0.2379755824804306], "logits": []}, "groundTruth": [0.0, 1.0]}]]}