{"modelName": "devise-220528-v0-ep33", "version": "1", "fileId": "65450e62be4a4332b95188960910d5bd", "classIds": ["Crex crex", "Scolopax rusticola"], "channels": [[{"startTime": 0.0, "endTime": 5.0, "predictions": {"probabilities": [-21.682870864868164, 28.06087303161621], "logits": [NaN, NaN]}, "groundTruth": [0.0, 1.0]}, {"startTime": 5.0, "endTime": 10.0, "predictions": {"probabilities": [-17.95809555053711, 24.63037872314453], "logits": [NaN, NaN]}, "groundTruth": [0.0, 1.0]}, {"startTime": 10.0, "endTime": 15.0, "predictions": {"probabilities": [-20.51137351989746, 34.11273956298828], "logits": [NaN, NaN]}, "groundTruth": [0.0, 1.0]}, {"startTime": 15.0, "endTime": 20.0, "predictions": {"probabilities": [-18.932828903198242, 24.31458854675293], "logits": [NaN, NaN]}, "groundTruth": [0.0, 1.0]}]]}