{"modelName": "devise-220528-v0-ep33", "version": "1", "fileId": "65f2f132255b412cab535f202de1a34c", "classIds": ["Crex crex", "Scolopax rusticola"], "channels": [[{"startTime": 0.0, "endTime": 5.0, "predictions": {"probabilities": [-12.638555526733398, -13.57507038116455], "logits": [NaN, NaN]}, "groundTruth": [0.0, 0.0]}, {"startTime": 5.0, "endTime": 10.0, "predictions": {"probabilities": [-13.505377769470215, -5.241105079650879], "logits": [NaN, NaN]}, "groundTruth": [0.0, 0.0]}, {"startTime": 10.0, "endTime": 15.0, "predictions": {"probabilities": [-14.032114028930664, -8.382610321044922], "logits": [NaN, NaN]}, "groundTruth": [0.0, 0.0]}, {"startTime": 15.0, "endTime": 20.0, "predictions": {"probabilities": [-13.301597595214844, -10.948148727416992], "logits": [NaN, NaN]}, "groundTruth": [0.0, 0.0]}]]}