{"modelName": "devise-220528-v0-ep33", "version": "1", "fileId": "66a79693a6c44f2db23771c7a1ff91dd", "classIds": ["Crex crex", "Scolopax rusticola"], "channels": [[{"startTime": 0.0, "endTime": 5.0, "predictions": {"probabilities": [1.2886549484392162e-05, 9.288667570217513e-06], "logits": []}, "groundTruth": [0.0, 0.0]}, {"startTime": 5.0, "endTime": 10.0, "predictions": {"probabilities": [0.0001966566633200273, 1.4237996765587013e-05], "logits": []}, "groundTruth": [0.0, 0.0]}, {"startTime": 10.0, "endTime": 15.0, "predictions": {"probabilities": [4.593197081703693e-05, 0.00015157158486545086], "logits": []}, "groundTruth": [0.0, 0.0]}, {"startTime": 15.0, "endTime": 20.0, "predictions": {"probabilities": [1.1860771337524056e-05, 8.653289842186496e-05], "logits": []}, "groundTruth": [0.0, 0.0]}]]}