{"modelName": "devise-220528-v0-ep33", "version": "1", "fileId": "66c7e041c76c4b35b132423a40070a79", "classIds": ["Crex crex", "Scolopax rusticola"], "channels": [[{"startTime": 0.0, "endTime": 5.0, "predictions": {"probabilities": [1.3043791113886982e-07, 1.3159944245444422e-09], "logits": []}, "groundTruth": [0.0, 0.0]}, {"startTime": 5.0, "endTime": 10.0, "predictions": {"probabilities": [9.704538506127847e-09, 2.796688214345977e-09], "logits": []}, "groundTruth": [0.0, 0.0]}, {"startTime": 10.0, "endTime": 15.0, "predictions": {"probabilities": [3.1102990760700777e-07, 3.773842571774821e-09], "logits": []}, "groundTruth": [0.0, 0.0]}, {"startTime": 15.0, "endTime": 20.0, "predictions": {"probabilities": [3.3627046036599495e-07, 9.045361126780449e-10], "logits": []}, "groundTruth": [0.0, 0.0]}]]}