{"modelName": "devise-220528-v0-ep33", "version": "1", "fileId": "66c7e041c76c4b35b132423a40070a79", "classIds": ["Crex crex", "Scolopax rusticola"], "channels": [[{"startTime": 0.0, "endTime": 5.0, "predictions": {"probabilities": [-15.852368354797363, -20.448673248291016], "logits": [NaN, NaN]}, "groundTruth": [0.0, 0.0]}, {"startTime": 5.0, "endTime": 10.0, "predictions": {"probabilities": [-18.450672149658203, -19.6948299407959], "logits": [NaN, NaN]}, "groundTruth": [0.0, 0.0]}, {"startTime": 10.0, "endTime": 15.0, "predictions": {"probabilities": [-14.983376502990723, -19.395172119140625], "logits": [NaN, NaN]}, "groundTruth": [0.0, 0.0]}, {"startTime": 15.0, "endTime": 20.0, "predictions": {"probabilities": [-14.905349731445312, -20.823598861694336], "logits": [NaN, NaN]}, "groundTruth": [0.0, 0.0]}]]}