{"modelName": "devise-220528-v0-ep33", "version": "1", "fileId": "66ce2f2f1a3b4ca6bfd0599fbf3ba43e", "classIds": ["Crex crex", "Scolopax rusticola"], "channels": [[{"startTime": 0.0, "endTime": 5.0, "predictions": {"probabilities": [-12.849294662475586, -7.93871545791626], "logits": [NaN, NaN]}, "groundTruth": [0.0, 0.0]}, {"startTime": 5.0, "endTime": 10.0, "predictions": {"probabilities": [-12.91393756866455, -10.728421211242676], "logits": [NaN, NaN]}, "groundTruth": [0.0, 0.0]}, {"startTime": 10.0, "endTime": 15.0, "predictions": {"probabilities": [-12.636445045471191, -9.807782173156738], "logits": [NaN, NaN]}, "groundTruth": [0.0, 0.0]}, {"startTime": 15.0, "endTime": 20.0, "predictions": {"probabilities": [-9.979080200195312, -6.342000484466553], "logits": [NaN, NaN]}, "groundTruth": [0.0, 0.0]}]]}