{"modelName": "devise-220528-v0-ep33", "version": "1", "fileId": "66f16152806548bf959c33d4f35a2f70", "classIds": ["Crex crex", "Scolopax rusticola"], "channels": [[{"startTime": 0.0, "endTime": 5.0, "predictions": {"probabilities": [1.5917215705485432e-06, 1.528621396573726e-05], "logits": []}, "groundTruth": [0.0, 0.0]}, {"startTime": 5.0, "endTime": 10.0, "predictions": {"probabilities": [1.0380240382801276e-06, 9.103053457693022e-07], "logits": []}, "groundTruth": [0.0, 0.0]}, {"startTime": 10.0, "endTime": 15.0, "predictions": {"probabilities": [2.7715786927728914e-05, 0.00011779512715293095], "logits": []}, "groundTruth": [0.0, 0.0]}, {"startTime": 15.0, "endTime": 20.0, "predictions": {"probabilities": [4.841804184252396e-06, 4.554456245386973e-05], "logits": []}, "groundTruth": [0.0, 0.0]}]]}