{"modelName": "devise-220528-v0-ep33", "version": "1", "fileId": "66f16152806548bf959c33d4f35a2f70", "classIds": ["Crex crex", "Scolopax rusticola"], "channels": [[{"startTime": 0.0, "endTime": 5.0, "predictions": {"probabilities": [-13.350692749023438, -11.088543891906738], "logits": [NaN, NaN]}, "groundTruth": [0.0, 0.0]}, {"startTime": 5.0, "endTime": 10.0, "predictions": {"probabilities": [-13.778190612792969, -13.90948486328125], "logits": [NaN, NaN]}, "groundTruth": [0.0, 0.0]}, {"startTime": 10.0, "endTime": 15.0, "predictions": {"probabilities": [-10.493480682373047, -9.046445846557617], "logits": [NaN, NaN]}, "groundTruth": [0.0, 0.0]}, {"startTime": 15.0, "endTime": 20.0, "predictions": {"probabilities": [-12.238218307495117, -9.996773719787598], "logits": [NaN, NaN]}, "groundTruth": [0.0, 0.0]}]]}