{"modelName": "devise-220528-v0-ep33", "version": "1", "fileId": "66f6dcc0b74d4c8d8ab27ec3b215930d", "classIds": ["Crex crex", "Scolopax rusticola"], "channels": [[{"startTime": 0.0, "endTime": 5.0, "predictions": {"probabilities": [1.076973732416775e-09, 1.5744479288024027e-12], "logits": []}, "groundTruth": [0.0, 0.0]}, {"startTime": 5.0, "endTime": 10.0, "predictions": {"probabilities": [6.446193023812441e-10, 1.1745376893301795e-09], "logits": []}, "groundTruth": [0.0, 0.0]}, {"startTime": 10.0, "endTime": 15.0, "predictions": {"probabilities": [4.519448992823527e-08, 1.917779712812262e-09], "logits": []}, "groundTruth": [0.0, 0.0]}, {"startTime": 15.0, "endTime": 20.0, "predictions": {"probabilities": [4.2414534107138024e-08, 1.6832851779113867e-09], "logits": []}, "groundTruth": [0.0, 0.0]}]]}