{"modelName": "devise-220528-v0-ep33", "version": "1", "fileId": "66f6dcc0b74d4c8d8ab27ec3b215930d", "classIds": ["Crex crex", "Scolopax rusticola"], "channels": [[{"startTime": 0.0, "endTime": 5.0, "predictions": {"probabilities": [-20.649110794067383, -27.17711639404297], "logits": [NaN, NaN]}, "groundTruth": [0.0, 0.0]}, {"startTime": 5.0, "endTime": 10.0, "predictions": {"probabilities": [-21.16236114501953, -20.56239128112793], "logits": [NaN, NaN]}, "groundTruth": [0.0, 0.0]}, {"startTime": 10.0, "endTime": 15.0, "predictions": {"probabilities": [-16.912290573120117, -20.072097778320312], "logits": [NaN, NaN]}, "groundTruth": [0.0, 0.0]}, {"startTime": 15.0, "endTime": 20.0, "predictions": {"probabilities": [-16.97577476501465, -20.202518463134766], "logits": [NaN, NaN]}, "groundTruth": [0.0, 0.0]}]]}