{"modelName": "devise-220528-v0-ep33", "version": "1", "fileId": "6765335c28814341aa51c6ab43333faf", "classIds": ["Crex crex", "Scolopax rusticola"], "channels": [[{"startTime": 0.0, "endTime": 5.0, "predictions": {"probabilities": [-12.787968635559082, -13.320652961730957], "logits": [NaN, NaN]}, "groundTruth": [0.0, 0.0]}, {"startTime": 5.0, "endTime": 10.0, "predictions": {"probabilities": [-9.165573120117188, -7.962878227233887], "logits": [NaN, NaN]}, "groundTruth": [0.0, 0.0]}, {"startTime": 10.0, "endTime": 15.0, "predictions": {"probabilities": [-10.690226554870605, -12.006040573120117], "logits": [NaN, NaN]}, "groundTruth": [0.0, 0.0]}, {"startTime": 15.0, "endTime": 20.0, "predictions": {"probabilities": [-12.612114906311035, -13.99317455291748], "logits": [NaN, NaN]}, "groundTruth": [0.0, 0.0]}]]}