{"modelName": "devise-220528-v0-ep33", "version": "1", "fileId": "6834f3b690514dfbb6ee6b7b481c522b", "classIds": ["Crex crex", "Scolopax rusticola"], "channels": [[{"startTime": 0.0, "endTime": 5.0, "predictions": {"probabilities": [1.0668483696463227e-07, 1.0117819776445103e-11], "logits": []}, "groundTruth": [0.0, 0.0]}, {"startTime": 5.0, "endTime": 10.0, "predictions": {"probabilities": [1.7932990203917143e-07, 3.138187709694762e-09], "logits": []}, "groundTruth": [0.0, 0.0]}, {"startTime": 10.0, "endTime": 15.0, "predictions": {"probabilities": [8.70182361722982e-07, 4.994099072064273e-07], "logits": []}, "groundTruth": [0.0, 0.0]}, {"startTime": 15.0, "endTime": 20.0, "predictions": {"probabilities": [6.095604931033449e-06, 6.100471239278704e-09], "logits": []}, "groundTruth": [0.0, 0.0]}]]}