{"modelName": "devise-220528-v0-ep33", "version": "1", "fileId": "69529c8510704dffa35d5091e0338332", "classIds": ["Crex crex", "Scolopax rusticola"], "channels": [[{"startTime": 0.0, "endTime": 5.0, "predictions": {"probabilities": [-11.641727447509766, -7.175191879272461], "logits": [NaN, NaN]}, "groundTruth": [0.0, 0.0]}, {"startTime": 5.0, "endTime": 10.0, "predictions": {"probabilities": [-13.017265319824219, -11.908598899841309], "logits": [NaN, NaN]}, "groundTruth": [0.0, 0.0]}, {"startTime": 10.0, "endTime": 15.0, "predictions": {"probabilities": [-12.396267890930176, -12.480062484741211], "logits": [NaN, NaN]}, "groundTruth": [0.0, 0.0]}, {"startTime": 15.0, "endTime": 20.0, "predictions": {"probabilities": [-12.145066261291504, -10.738819122314453], "logits": [NaN, NaN]}, "groundTruth": [0.0, 0.0]}]]}