{"modelName": "devise-220528-v0-ep33", "version": "1", "fileId": "69529c8510704dffa35d5091e0338332", "classIds": ["Crex crex", "Scolopax rusticola"], "channels": [[{"startTime": 0.0, "endTime": 5.0, "predictions": {"probabilities": [8.791403161012568e-06, 0.0007647535530850291], "logits": []}, "groundTruth": [0.0, 0.0]}, {"startTime": 5.0, "endTime": 10.0, "predictions": {"probabilities": [2.221634076704504e-06, 6.732219389959937e-06], "logits": []}, "groundTruth": [0.0, 0.0]}, {"startTime": 10.0, "endTime": 15.0, "predictions": {"probabilities": [4.1339712879562285e-06, 3.801684670179384e-06], "logits": []}, "groundTruth": [0.0, 0.0]}, {"startTime": 15.0, "endTime": 20.0, "predictions": {"probabilities": [5.314499958330998e-06, 2.168606260966044e-05], "logits": []}, "groundTruth": [0.0, 0.0]}]]}