{"modelName": "devise-220528-v0-ep33", "version": "1", "fileId": "69a51f2bb9644651838308ff490557f8", "classIds": ["Crex crex", "Scolopax rusticola"], "channels": [[{"startTime": 0.0, "endTime": 5.0, "predictions": {"probabilities": [2.519419695090619e-06, 2.7552739993552677e-05], "logits": []}, "groundTruth": [0.0, 0.0]}, {"startTime": 5.0, "endTime": 10.0, "predictions": {"probabilities": [7.646828635188285e-06, 1.545314626127947e-05], "logits": []}, "groundTruth": [0.0, 0.0]}, {"startTime": 10.0, "endTime": 15.0, "predictions": {"probabilities": [5.0926119001815096e-06, 1.1323798389639705e-05], "logits": []}, "groundTruth": [0.0, 0.0]}, {"startTime": 15.0, "endTime": 20.0, "predictions": {"probabilities": [1.8203221770818345e-05, 5.981868525850587e-06], "logits": []}, "groundTruth": [0.0, 0.0]}]]}