{"modelName": "devise-220528-v0-ep33", "version": "1", "fileId": "69a51f2bb9644651838308ff490557f8", "classIds": ["Crex crex", "Scolopax rusticola"], "channels": [[{"startTime": 0.0, "endTime": 5.0, "predictions": {"probabilities": [-12.8914794921875, -10.499381065368652], "logits": [NaN, NaN]}, "groundTruth": [0.0, 0.0]}, {"startTime": 5.0, "endTime": 10.0, "predictions": {"probabilities": [-11.781211853027344, -11.077682495117188], "logits": [NaN, NaN]}, "groundTruth": [0.0, 0.0]}, {"startTime": 10.0, "endTime": 15.0, "predictions": {"probabilities": [-12.187714576721191, -11.388592720031738], "logits": [NaN, NaN]}, "groundTruth": [0.0, 0.0]}, {"startTime": 15.0, "endTime": 20.0, "predictions": {"probabilities": [-10.913893699645996, -12.026771545410156], "logits": [NaN, NaN]}, "groundTruth": [0.0, 0.0]}]]}