{"modelName": "devise-220528-v0-ep33", "version": "1", "fileId": "69adf022c30545099eaa485cef3c4641", "classIds": ["Crex crex", "Scolopax rusticola"], "channels": [[{"startTime": 0.0, "endTime": 5.0, "predictions": {"probabilities": [2.6034456368506653e-06, 7.486978574888781e-05], "logits": []}, "groundTruth": [0.0, 0.0]}, {"startTime": 5.0, "endTime": 10.0, "predictions": {"probabilities": [6.159145868878113e-06, 5.2621602662838995e-05], "logits": []}, "groundTruth": [0.0, 0.0]}, {"startTime": 10.0, "endTime": 15.0, "predictions": {"probabilities": [3.9503265725215897e-07, 0.2185617983341217], "logits": []}, "groundTruth": [0.0, 0.0]}, {"startTime": 15.0, "endTime": 20.0, "predictions": {"probabilities": [4.756490170620964e-07, 7.607222505612299e-05], "logits": []}, "groundTruth": [0.0, 0.0]}]]}