{"modelName": "devise-220528-v0-ep33", "version": "1", "fileId": "6ab6c8fd3364478ba9ed84c34da9bafe", "classIds": ["Crex crex", "Scolopax rusticola"], "channels": [[{"startTime": 0.0, "endTime": 5.0, "predictions": {"probabilities": [0.0007591162575408816, 0.04305548965930939], "logits": []}, "groundTruth": [0.0, 0.0]}, {"startTime": 5.0, "endTime": 10.0, "predictions": {"probabilities": [0.004152937326580286, 0.0011629414511844516], "logits": []}, "groundTruth": [0.0, 0.0]}, {"startTime": 10.0, "endTime": 15.0, "predictions": {"probabilities": [0.009994435124099255, 0.002176598645746708], "logits": []}, "groundTruth": [0.0, 0.0]}, {"startTime": 15.0, "endTime": 20.0, "predictions": {"probabilities": [7.950451981741935e-05, 4.0087386878440157e-05], "logits": []}, "groundTruth": [0.0, 0.0]}]]}