{"modelName": "devise-220528-v0-ep33", "version": "1", "fileId": "6ab6c8fd3364478ba9ed84c34da9bafe", "classIds": ["Crex crex", "Scolopax rusticola"], "channels": [[{"startTime": 0.0, "endTime": 5.0, "predictions": {"probabilities": [-7.182596206665039, -3.1012556552886963], "logits": [NaN, NaN]}, "groundTruth": [0.0, 0.0]}, {"startTime": 5.0, "endTime": 10.0, "predictions": {"probabilities": [-5.479777812957764, -6.75563907623291], "logits": [NaN, NaN]}, "groundTruth": [0.0, 0.0]}, {"startTime": 10.0, "endTime": 15.0, "predictions": {"probabilities": [-4.595682144165039, -6.12781286239624], "logits": [NaN, NaN]}, "groundTruth": [0.0, 0.0]}, {"startTime": 15.0, "endTime": 20.0, "predictions": {"probabilities": [-9.439617156982422, -10.124408721923828], "logits": [NaN, NaN]}, "groundTruth": [0.0, 0.0]}]]}