{"modelName": "devise-220528-v0-ep33", "version": "1", "fileId": "6c02bdd247404542aecb07fd056b1471", "classIds": ["Crex crex", "Scolopax rusticola"], "channels": [[{"startTime": 0.0, "endTime": 5.0, "predictions": {"probabilities": [4.374137643026188e-05, 0.000903337902855128], "logits": []}, "groundTruth": [0.0, 0.0]}, {"startTime": 5.0, "endTime": 10.0, "predictions": {"probabilities": [3.871807348332368e-05, 0.0031948057003319263], "logits": []}, "groundTruth": [0.0, 0.0]}, {"startTime": 10.0, "endTime": 15.0, "predictions": {"probabilities": [6.970918184379116e-05, 4.011602868558839e-05], "logits": []}, "groundTruth": [0.0, 0.0]}, {"startTime": 15.0, "endTime": 20.0, "predictions": {"probabilities": [1.0803940313053317e-05, 6.502131100205588e-07], "logits": []}, "groundTruth": [0.0, 0.0]}]]}