{"modelName": "devise-220528-v0-ep33", "version": "1", "fileId": "6c6bb19626d147218ca24259eb6dac9b", "classIds": ["Crex crex", "Scolopax rusticola"], "channels": [[{"startTime": 0.0, "endTime": 5.0, "predictions": {"probabilities": [0.00014344016381073743, 9.473965474171564e-05], "logits": []}, "groundTruth": [0.0, 0.0]}, {"startTime": 5.0, "endTime": 10.0, "predictions": {"probabilities": [0.000854258076287806, 0.000655401439871639], "logits": []}, "groundTruth": [0.0, 0.0]}, {"startTime": 10.0, "endTime": 15.0, "predictions": {"probabilities": [0.0004947340930812061, 0.0007574557093903422], "logits": []}, "groundTruth": [0.0, 0.0]}, {"startTime": 15.0, "endTime": 20.0, "predictions": {"probabilities": [0.00029468757566064596, 0.00013519333151634783], "logits": []}, "groundTruth": [0.0, 0.0]}]]}