{"modelName": "devise-220528-v0-ep33", "version": "1", "fileId": "6c99675d37114e3faf6d5e31d2a23dfb", "classIds": ["Crex crex", "Scolopax rusticola"], "channels": [[{"startTime": 0.0, "endTime": 5.0, "predictions": {"probabilities": [4.907270522380713e-06, 0.0067137801088392735], "logits": []}, "groundTruth": [0.0, 1.0]}, {"startTime": 5.0, "endTime": 10.0, "predictions": {"probabilities": [5.526555924006971e-07, 1.0], "logits": []}, "groundTruth": [0.0, 1.0]}, {"startTime": 10.0, "endTime": 15.0, "predictions": {"probabilities": [1.058019847732794e-06, 1.0], "logits": []}, "groundTruth": [0.0, 1.0]}, {"startTime": 12.0, "endTime": 17.0, "predictions": {"probabilities": [1.262832142856496e-06, 0.9999262094497681], "logits": []}, "groundTruth": [0.0, 1.0]}]]}