{"modelName": "devise-220528-v0-ep33", "version": "1", "fileId": "6da698fcd17b44649faf9b9fbe8c7819", "classIds": ["Crex crex", "Scolopax rusticola"], "channels": [[{"startTime": 0.0, "endTime": 5.0, "predictions": {"probabilities": [-10.35635757446289, -9.085896492004395], "logits": [NaN, NaN]}, "groundTruth": [0.0, 0.0]}, {"startTime": 5.0, "endTime": 10.0, "predictions": {"probabilities": [-10.951353073120117, -5.928717613220215], "logits": [NaN, NaN]}, "groundTruth": [0.0, 0.0]}, {"startTime": 10.0, "endTime": 15.0, "predictions": {"probabilities": [-9.46410846710205, -9.567770004272461], "logits": [NaN, NaN]}, "groundTruth": [0.0, 0.0]}, {"startTime": 15.0, "endTime": 20.0, "predictions": {"probabilities": [-8.60991096496582, -5.64013147354126], "logits": [NaN, NaN]}, "groundTruth": [0.0, 0.0]}]]}