{"modelName": "devise-220528-v0-ep33", "version": "1", "fileId": "6da698fcd17b44649faf9b9fbe8c7819", "classIds": ["Crex crex", "Scolopax rusticola"], "channels": [[{"startTime": 0.0, "endTime": 5.0, "predictions": {"probabilities": [3.178902989020571e-05, 0.00011323902435833588], "logits": []}, "groundTruth": [0.0, 0.0]}, {"startTime": 5.0, "endTime": 10.0, "predictions": {"probabilities": [1.753396645653993e-05, 0.0026548265013843775], "logits": []}, "groundTruth": [0.0, 0.0]}, {"startTime": 10.0, "endTime": 15.0, "predictions": {"probabilities": [7.758114952594042e-05, 6.994229624979198e-05], "logits": []}, "groundTruth": [0.0, 0.0]}, {"startTime": 15.0, "endTime": 20.0, "predictions": {"probabilities": [0.00018225691746920347, 0.003539826488122344], "logits": []}, "groundTruth": [0.0, 0.0]}]]}