{"modelName": "devise-220528-v0-ep33", "version": "1", "fileId": "6e4a5de5c89b4d61855039e5ffa90d35", "classIds": ["Crex crex", "Scolopax rusticola"], "channels": [[{"startTime": 0.0, "endTime": 5.0, "predictions": {"probabilities": [-16.261903762817383, -14.426979064941406], "logits": [NaN, NaN]}, "groundTruth": [0.0, 1.0]}, {"startTime": 5.0, "endTime": 10.0, "predictions": {"probabilities": [-12.296710968017578, -0.6944630146026611], "logits": [NaN, NaN]}, "groundTruth": [0.0, 1.0]}, {"startTime": 10.0, "endTime": 15.0, "predictions": {"probabilities": [-18.066089630126953, 13.398263931274414], "logits": [NaN, NaN]}, "groundTruth": [0.0, 1.0]}, {"startTime": 14.0, "endTime": 19.0, "predictions": {"probabilities": [-14.018929481506348, -12.573854446411133], "logits": [NaN, NaN]}, "groundTruth": [0.0, 0.0]}]]}