{"modelName": "devise-220528-v0-ep33", "version": "1", "fileId": "6e4a5de5c89b4d61855039e5ffa90d35", "classIds": ["Crex crex", "Scolopax rusticola"], "channels": [[{"startTime": 0.0, "endTime": 5.0, "predictions": {"probabilities": [8.660538242111215e-08, 5.425532094704977e-07], "logits": []}, "groundTruth": [0.0, 1.0]}, {"startTime": 5.0, "endTime": 10.0, "predictions": {"probabilities": [4.566718871501507e-06, 0.3330409824848175], "logits": []}, "groundTruth": [0.0, 1.0]}, {"startTime": 10.0, "endTime": 15.0, "predictions": {"probabilities": [1.425597506710119e-08, 0.9999984502792358], "logits": []}, "groundTruth": [0.0, 1.0]}, {"startTime": 14.0, "endTime": 19.0, "predictions": {"probabilities": [8.159357207659923e-07, 3.4613290154084098e-06], "logits": []}, "groundTruth": [0.0, 0.0]}]]}