{"modelName": "devise-220528-v0-ep33", "version": "1", "fileId": "6e5142b3c5a644bf949d7b69ce0a185d", "classIds": ["Crex crex", "Scolopax rusticola"], "channels": [[{"startTime": 0.0, "endTime": 5.0, "predictions": {"probabilities": [5.52819210497546e-06, 1.8193397011145862e-07], "logits": []}, "groundTruth": [0.0, 0.0]}, {"startTime": 5.0, "endTime": 10.0, "predictions": {"probabilities": [7.460404845005542e-07, 3.226248281862354e-07], "logits": []}, "groundTruth": [0.0, 0.0]}, {"startTime": 10.0, "endTime": 15.0, "predictions": {"probabilities": [6.443473012041068e-06, 1.2968458577233832e-05], "logits": []}, "groundTruth": [0.0, 0.0]}, {"startTime": 15.0, "endTime": 20.0, "predictions": {"probabilities": [4.4859686454401526e-07, 1.1379611919437593e-07], "logits": []}, "groundTruth": [0.0, 0.0]}]]}