{"modelName": "devise-220528-v0-ep33", "version": "1", "fileId": "6e5142b3c5a644bf949d7b69ce0a185d", "classIds": ["Crex crex", "Scolopax rusticola"], "channels": [[{"startTime": 0.0, "endTime": 5.0, "predictions": {"probabilities": [-12.105644226074219, -15.519621849060059], "logits": [NaN, NaN]}, "groundTruth": [0.0, 0.0]}, {"startTime": 5.0, "endTime": 10.0, "predictions": {"probabilities": [-14.108485221862793, -14.946775436401367], "logits": [NaN, NaN]}, "groundTruth": [0.0, 0.0]}, {"startTime": 10.0, "endTime": 15.0, "predictions": {"probabilities": [-11.952436447143555, -11.25297737121582], "logits": [NaN, NaN]}, "groundTruth": [0.0, 0.0]}, {"startTime": 15.0, "endTime": 20.0, "predictions": {"probabilities": [-14.617140769958496, -15.98885726928711], "logits": [NaN, NaN]}, "groundTruth": [0.0, 0.0]}]]}