{"modelName": "devise-220528-v0-ep33", "version": "1", "fileId": "6ec5f565083a4a26bc680afa18439dc8", "classIds": ["Crex crex", "Scolopax rusticola"], "channels": [[{"startTime": 0.0, "endTime": 5.0, "predictions": {"probabilities": [2.460422621197722e-08, 3.698021799891649e-08], "logits": []}, "groundTruth": [0.0, 0.0]}, {"startTime": 5.0, "endTime": 10.0, "predictions": {"probabilities": [2.6947881792693806e-07, 6.070330726970496e-08], "logits": []}, "groundTruth": [0.0, 0.0]}, {"startTime": 10.0, "endTime": 15.0, "predictions": {"probabilities": [7.552457077508734e-07, 3.9867036321084015e-06], "logits": []}, "groundTruth": [0.0, 0.0]}, {"startTime": 15.0, "endTime": 20.0, "predictions": {"probabilities": [2.510477656869625e-07, 0.0003802996361628175], "logits": []}, "groundTruth": [0.0, 0.0]}]]}