{"modelName": "devise-220528-v0-ep33", "version": "1", "fileId": "6edcc5b49c9348d5a3ffaa52de300cd3", "classIds": ["Crex crex", "Scolopax rusticola"], "channels": [[{"startTime": 0.0, "endTime": 5.0, "predictions": {"probabilities": [4.786397056477654e-09, 7.290509529411793e-09], "logits": []}, "groundTruth": [0.0, 0.0]}, {"startTime": 5.0, "endTime": 10.0, "predictions": {"probabilities": [1.6581502393364644e-08, 9.096807929154238e-08], "logits": []}, "groundTruth": [0.0, 0.0]}, {"startTime": 10.0, "endTime": 15.0, "predictions": {"probabilities": [9.643923704061308e-07, 0.0030244183726608753], "logits": []}, "groundTruth": [0.0, 0.0]}, {"startTime": 15.0, "endTime": 20.0, "predictions": {"probabilities": [1.7425659137870753e-08, 1.3287807121287187e-07], "logits": []}, "groundTruth": [0.0, 0.0]}]]}