{"modelName": "devise-220528-v0-ep33", "version": "1", "fileId": "6ee1b249c07b4042a6e267819af6bf46", "classIds": ["Crex crex", "Scolopax rusticola"], "channels": [[{"startTime": 0.0, "endTime": 5.0, "predictions": {"probabilities": [-13.727254867553711, -14.538132667541504], "logits": [NaN, NaN]}, "groundTruth": [0.0, 0.0]}, {"startTime": 5.0, "endTime": 10.0, "predictions": {"probabilities": [-12.408682823181152, -11.866999626159668], "logits": [NaN, NaN]}, "groundTruth": [0.0, 0.0]}, {"startTime": 10.0, "endTime": 15.0, "predictions": {"probabilities": [-12.953132629394531, -10.491046905517578], "logits": [NaN, NaN]}, "groundTruth": [0.0, 0.0]}, {"startTime": 15.0, "endTime": 20.0, "predictions": {"probabilities": [-12.309165000915527, -8.858111381530762], "logits": [NaN, NaN]}, "groundTruth": [0.0, 0.0]}]]}