{"modelName": "devise-220528-v0-ep33", "version": "1", "fileId": "6f5fcb71d3d347b4a22d00924f09449d", "classIds": ["Crex crex", "Scolopax rusticola"], "channels": [[{"startTime": 0.0, "endTime": 5.0, "predictions": {"probabilities": [-9.368926048278809, -4.613480091094971], "logits": [NaN, NaN]}, "groundTruth": [0.0, 0.0]}, {"startTime": 5.0, "endTime": 10.0, "predictions": {"probabilities": [-10.987278938293457, -4.80859899520874], "logits": [NaN, NaN]}, "groundTruth": [0.0, 0.0]}, {"startTime": 10.0, "endTime": 15.0, "predictions": {"probabilities": [-12.896480560302734, 12.197260856628418], "logits": [NaN, NaN]}, "groundTruth": [0.0, 0.0]}, {"startTime": 15.0, "endTime": 20.0, "predictions": {"probabilities": [-11.16115665435791, -8.394418716430664], "logits": [NaN, NaN]}, "groundTruth": [0.0, 0.0]}]]}