{"modelName": "devise-220528-v0-ep33", "version": "1", "fileId": "6f5fcb71d3d347b4a22d00924f09449d", "classIds": ["Crex crex", "Scolopax rusticola"], "channels": [[{"startTime": 0.0, "endTime": 5.0, "predictions": {"probabilities": [8.5327701526694e-05, 0.009819859638810158], "logits": []}, "groundTruth": [0.0, 0.0]}, {"startTime": 5.0, "endTime": 10.0, "predictions": {"probabilities": [1.6915235391934402e-05, 0.00809324812144041], "logits": []}, "groundTruth": [0.0, 0.0]}, {"startTime": 10.0, "endTime": 15.0, "predictions": {"probabilities": [2.506851387806819e-06, 0.9999949932098389], "logits": []}, "groundTruth": [0.0, 0.0]}, {"startTime": 15.0, "endTime": 20.0, "predictions": {"probabilities": [1.4215595911082346e-05, 0.00022607477148994803], "logits": []}, "groundTruth": [0.0, 0.0]}]]}