{"modelName": "devise-220528-v0-ep33", "version": "1", "fileId": "6f92589ce4fd4da0821c6ae4fcd0e13a", "classIds": ["Crex crex", "Scolopax rusticola"], "channels": [[{"startTime": 0.0, "endTime": 5.0, "predictions": {"probabilities": [-15.34250545501709, 3.676576614379883], "logits": [NaN, NaN]}, "groundTruth": [0.0, 0.0]}, {"startTime": 5.0, "endTime": 10.0, "predictions": {"probabilities": [-19.53363609313965, 20.696210861206055], "logits": [NaN, NaN]}, "groundTruth": [0.0, 1.0]}, {"startTime": 10.0, "endTime": 15.0, "predictions": {"probabilities": [-15.994970321655273, 22.621110916137695], "logits": [NaN, NaN]}, "groundTruth": [0.0, 1.0]}, {"startTime": 15.0, "endTime": 20.0, "predictions": {"probabilities": [-20.311628341674805, 25.637739181518555], "logits": [NaN, NaN]}, "groundTruth": [0.0, 1.0]}]]}