{"modelName": "devise-220528-v0-ep33", "version": "1", "fileId": "7042d22307354e659f96c1c3c90618d9", "classIds": ["Crex crex", "Scolopax rusticola"], "channels": [[{"startTime": 0.0, "endTime": 5.0, "predictions": {"probabilities": [-16.3448486328125, -19.158004760742188], "logits": [NaN, NaN]}, "groundTruth": [0.0, 0.0]}, {"startTime": 5.0, "endTime": 10.0, "predictions": {"probabilities": [-12.996119499206543, -3.690030574798584], "logits": [NaN, NaN]}, "groundTruth": [0.0, 0.0]}, {"startTime": 10.0, "endTime": 15.0, "predictions": {"probabilities": [-13.63868236541748, -18.295637130737305], "logits": [NaN, NaN]}, "groundTruth": [0.0, 0.0]}, {"startTime": 15.0, "endTime": 20.0, "predictions": {"probabilities": [-13.147904396057129, -7.191944599151611], "logits": [NaN, NaN]}, "groundTruth": [0.0, 0.0]}]]}