{"modelName": "devise-220528-v0-ep33", "version": "1", "fileId": "710fa9b7aa004b02a7019721454d2972", "classIds": ["Crex crex", "Scolopax rusticola"], "channels": [[{"startTime": 0.0, "endTime": 5.0, "predictions": {"probabilities": [1.1162821778043508e-09, 5.3888985288019775e-12], "logits": []}, "groundTruth": [0.0, 0.0]}, {"startTime": 5.0, "endTime": 10.0, "predictions": {"probabilities": [5.300974862620933e-06, 1.567166663107855e-07], "logits": []}, "groundTruth": [0.0, 0.0]}, {"startTime": 10.0, "endTime": 15.0, "predictions": {"probabilities": [2.2730694126948947e-06, 3.4508428115032075e-08], "logits": []}, "groundTruth": [0.0, 0.0]}, {"startTime": 15.0, "endTime": 20.0, "predictions": {"probabilities": [1.0560515875113197e-05, 9.383509080862495e-09], "logits": []}, "groundTruth": [0.0, 0.0]}]]}