{"modelName": "devise-220528-v0-ep33", "version": "1", "fileId": "716c20d5755f46ceb92e16d131f2e858", "classIds": ["Crex crex", "Scolopax rusticola"], "channels": [[{"startTime": 0.0, "endTime": 5.0, "predictions": {"probabilities": [7.08945208316436e-06, 9.508321090834215e-05], "logits": []}, "groundTruth": [0.0, 0.0]}, {"startTime": 5.0, "endTime": 10.0, "predictions": {"probabilities": [3.99305354221724e-05, 0.0004887603572569788], "logits": []}, "groundTruth": [0.0, 0.0]}, {"startTime": 10.0, "endTime": 15.0, "predictions": {"probabilities": [9.950540516001638e-06, 3.1548788683721796e-06], "logits": []}, "groundTruth": [0.0, 0.0]}, {"startTime": 15.0, "endTime": 20.0, "predictions": {"probabilities": [4.531222828063619e-07, 8.223725671996363e-06], "logits": []}, "groundTruth": [0.0, 0.0]}]]}