{"modelName": "devise-220528-v0-ep33", "version": "1", "fileId": "71a1a9812b654632baf7127fdd6631d6", "classIds": ["Crex crex", "Scolopax rusticola"], "channels": [[{"startTime": 0.0, "endTime": 5.0, "predictions": {"probabilities": [-11.187681198120117, -11.512843132019043], "logits": [NaN, NaN]}, "groundTruth": [0.0, 0.0]}, {"startTime": 5.0, "endTime": 10.0, "predictions": {"probabilities": [-12.22287654876709, -8.698756217956543], "logits": [NaN, NaN]}, "groundTruth": [0.0, 0.0]}, {"startTime": 10.0, "endTime": 15.0, "predictions": {"probabilities": [-12.815576553344727, -9.688350677490234], "logits": [NaN, NaN]}, "groundTruth": [0.0, 0.0]}, {"startTime": 15.0, "endTime": 20.0, "predictions": {"probabilities": [-11.759503364562988, -8.378252029418945], "logits": [NaN, NaN]}, "groundTruth": [0.0, 0.0]}]]}