{"modelName": "devise-220528-v0-ep33", "version": "1", "fileId": "724f2cae12e24fd5a4a139a636dde6ac", "classIds": ["Crex crex", "Scolopax rusticola"], "channels": [[{"startTime": 0.0, "endTime": 5.0, "predictions": {"probabilities": [-7.778319358825684, -11.304323196411133], "logits": [NaN, NaN]}, "groundTruth": [0.0, 0.0]}, {"startTime": 5.0, "endTime": 10.0, "predictions": {"probabilities": [-11.020565032958984, -10.918436050415039], "logits": [NaN, NaN]}, "groundTruth": [0.0, 0.0]}, {"startTime": 10.0, "endTime": 15.0, "predictions": {"probabilities": [-12.725722312927246, -17.691242218017578], "logits": [NaN, NaN]}, "groundTruth": [0.0, 0.0]}, {"startTime": 15.0, "endTime": 20.0, "predictions": {"probabilities": [-9.695475578308105, -7.827520370483398], "logits": [NaN, NaN]}, "groundTruth": [0.0, 0.0]}]]}