{"modelName": "devise-220528-v0-ep33", "version": "1", "fileId": "724f2cae12e24fd5a4a139a636dde6ac", "classIds": ["Crex crex", "Scolopax rusticola"], "channels": [[{"startTime": 0.0, "endTime": 5.0, "predictions": {"probabilities": [0.00041854006121866405, 1.231939677381888e-05], "logits": []}, "groundTruth": [0.0, 0.0]}, {"startTime": 5.0, "endTime": 10.0, "predictions": {"probabilities": [1.6361469533876516e-05, 1.8120726963388734e-05], "logits": []}, "groundTruth": [0.0, 0.0]}, {"startTime": 10.0, "endTime": 15.0, "predictions": {"probabilities": [2.973635673697572e-06, 2.073915794653658e-08], "logits": []}, "groundTruth": [0.0, 0.0]}, {"startTime": 15.0, "endTime": 20.0, "predictions": {"probabilities": [6.155760638648644e-05, 0.0003984538489021361], "logits": []}, "groundTruth": [0.0, 0.0]}]]}