{"modelName": "devise-220528-v0-ep33", "version": "1", "fileId": "73f7753d3be242abb7af7c55f375fb06", "classIds": ["Crex crex", "Scolopax rusticola"], "channels": [[{"startTime": 0.0, "endTime": 5.0, "predictions": {"probabilities": [7.641267075086944e-06, 1.058711731616313e-07], "logits": []}, "groundTruth": [0.0, 0.0]}, {"startTime": 5.0, "endTime": 10.0, "predictions": {"probabilities": [1.223730305355275e-05, 2.952747024664859e-07], "logits": []}, "groundTruth": [0.0, 0.0]}, {"startTime": 10.0, "endTime": 15.0, "predictions": {"probabilities": [6.598946811209316e-07, 5.291935849527363e-07], "logits": []}, "groundTruth": [0.0, 0.0]}, {"startTime": 15.0, "endTime": 20.0, "predictions": {"probabilities": [4.441134024091298e-06, 4.272518339121234e-08], "logits": []}, "groundTruth": [0.0, 0.0]}]]}