{"modelName": "devise-220528-v0-ep33", "version": "1", "fileId": "73fc260f9618411999edeecb8307681a", "classIds": ["Crex crex", "Scolopax rusticola"], "channels": [[{"startTime": 0.0, "endTime": 5.0, "predictions": {"probabilities": [1.645487100176979e-05, 1.009311654343037e-05], "logits": []}, "groundTruth": [0.0, 0.0]}, {"startTime": 5.0, "endTime": 10.0, "predictions": {"probabilities": [5.16875525136129e-06, 7.689367339480668e-05], "logits": []}, "groundTruth": [0.0, 0.0]}, {"startTime": 10.0, "endTime": 15.0, "predictions": {"probabilities": [1.187648103950778e-05, 1.294434150622692e-05], "logits": []}, "groundTruth": [0.0, 0.0]}, {"startTime": 15.0, "endTime": 20.0, "predictions": {"probabilities": [1.2888503988506272e-05, 0.00037556886672973633], "logits": []}, "groundTruth": [0.0, 0.0]}]]}