{"modelName": "devise-220528-v0-ep33", "version": "1", "fileId": "743d7234dada47e6912f9f502ff42244", "classIds": ["Crex crex", "Scolopax rusticola"], "channels": [[{"startTime": 0.0, "endTime": 5.0, "predictions": {"probabilities": [4.500621071201749e-05, 0.00014077605737838894], "logits": []}, "groundTruth": [0.0, 0.0]}, {"startTime": 5.0, "endTime": 10.0, "predictions": {"probabilities": [0.00021282664965838194, 0.0001509346766397357], "logits": []}, "groundTruth": [0.0, 0.0]}, {"startTime": 10.0, "endTime": 15.0, "predictions": {"probabilities": [2.5174327674903907e-05, 0.011430875398218632], "logits": []}, "groundTruth": [0.0, 0.0]}, {"startTime": 15.0, "endTime": 20.0, "predictions": {"probabilities": [4.730604632641189e-05, 0.0006369486800394952], "logits": []}, "groundTruth": [0.0, 0.0]}]]}