{"modelName": "devise-220528-v0-ep33", "version": "1", "fileId": "74f6f6eab425407484efc48911251e67", "classIds": ["Crex crex", "Scolopax rusticola"], "channels": [[{"startTime": 0.0, "endTime": 5.0, "predictions": {"probabilities": [-14.410893440246582, -14.974494934082031], "logits": [NaN, NaN]}, "groundTruth": [0.0, 0.0]}, {"startTime": 5.0, "endTime": 10.0, "predictions": {"probabilities": [-18.623828887939453, -16.778749465942383], "logits": [NaN, NaN]}, "groundTruth": [0.0, 0.0]}, {"startTime": 10.0, "endTime": 15.0, "predictions": {"probabilities": [-13.074482917785645, -9.754646301269531], "logits": [NaN, NaN]}, "groundTruth": [0.0, 0.0]}, {"startTime": 15.0, "endTime": 20.0, "predictions": {"probabilities": [-17.628585815429688, 0.11282622814178467], "logits": [NaN, -2.06219220161438]}, "groundTruth": [0.0, 0.0]}]]}