{"modelName": "devise-220528-v0-ep33", "version": "1", "fileId": "74f6f6eab425407484efc48911251e67", "classIds": ["Crex crex", "Scolopax rusticola"], "channels": [[{"startTime": 0.0, "endTime": 5.0, "predictions": {"probabilities": [5.513510927812604e-07, 3.138046054118604e-07], "logits": []}, "groundTruth": [0.0, 0.0]}, {"startTime": 5.0, "endTime": 10.0, "predictions": {"probabilities": [8.161572750964297e-09, 5.165134453477549e-08], "logits": []}, "groundTruth": [0.0, 0.0]}, {"startTime": 10.0, "endTime": 15.0, "predictions": {"probabilities": [2.098086042678915e-06, 5.802107261843048e-05], "logits": []}, "groundTruth": [0.0, 0.0]}, {"startTime": 15.0, "endTime": 20.0, "predictions": {"probabilities": [2.2080172357163974e-08, 0.5281766653060913], "logits": []}, "groundTruth": [0.0, 0.0]}]]}