{"modelName": "devise-220528-v0-ep33", "version": "1", "fileId": "7586aeaf0c8541eda5d4bbbcd08582fd", "classIds": ["Crex crex", "Scolopax rusticola"], "channels": [[{"startTime": 0.0, "endTime": 5.0, "predictions": {"probabilities": [-10.026150703430176, -11.745837211608887], "logits": [NaN, NaN]}, "groundTruth": [0.0, 0.0]}, {"startTime": 5.0, "endTime": 10.0, "predictions": {"probabilities": [-12.484651565551758, -10.192578315734863], "logits": [NaN, NaN]}, "groundTruth": [0.0, 0.0]}, {"startTime": 10.0, "endTime": 15.0, "predictions": {"probabilities": [-10.486878395080566, -10.182644844055176], "logits": [NaN, NaN]}, "groundTruth": [0.0, 0.0]}, {"startTime": 15.0, "endTime": 20.0, "predictions": {"probabilities": [-14.041825294494629, -3.6282711029052734], "logits": [NaN, NaN]}, "groundTruth": [0.0, 0.0]}]]}