{"modelName": "devise-220528-v0-ep33", "version": "1", "fileId": "7781089cd41040f6be463c1d9be9b6b6", "classIds": ["Crex crex", "Scolopax rusticola"], "channels": [[{"startTime": 0.0, "endTime": 5.0, "predictions": {"probabilities": [-15.976850509643555, -15.026618957519531], "logits": [NaN, NaN]}, "groundTruth": [0.0, 0.0]}, {"startTime": 5.0, "endTime": 10.0, "predictions": {"probabilities": [-14.722982406616211, -14.492815017700195], "logits": [NaN, NaN]}, "groundTruth": [0.0, 0.0]}, {"startTime": 10.0, "endTime": 15.0, "predictions": {"probabilities": [-17.793752670288086, -13.388718605041504], "logits": [NaN, NaN]}, "groundTruth": [0.0, 0.0]}, {"startTime": 15.0, "endTime": 20.0, "predictions": {"probabilities": [-14.832812309265137, -14.140509605407715], "logits": [NaN, NaN]}, "groundTruth": [0.0, 0.0]}]]}