{"modelName": "devise-220528-v0-ep33", "version": "1", "fileId": "77b11e2a37d44bd2b369f1330e67b43d", "classIds": ["Crex crex", "Scolopax rusticola"], "channels": [[{"startTime": 0.0, "endTime": 5.0, "predictions": {"probabilities": [5.9071458053949755e-06, 0.00011911101319128647], "logits": []}, "groundTruth": [0.0, 0.0]}, {"startTime": 5.0, "endTime": 10.0, "predictions": {"probabilities": [5.3839059432903014e-08, 2.756023465000368e-10], "logits": []}, "groundTruth": [0.0, 0.0]}, {"startTime": 10.0, "endTime": 15.0, "predictions": {"probabilities": [7.031369264609566e-09, 7.807127722081475e-10], "logits": []}, "groundTruth": [0.0, 0.0]}, {"startTime": 15.0, "endTime": 20.0, "predictions": {"probabilities": [2.154642544383023e-07, 1.3383842997427564e-05], "logits": []}, "groundTruth": [0.0, 0.0]}]]}