{"modelName": "devise-220528-v0-ep33", "version": "1", "fileId": "77b11e2a37d44bd2b369f1330e67b43d", "classIds": ["Crex crex", "Scolopax rusticola"], "channels": [[{"startTime": 0.0, "endTime": 5.0, "predictions": {"probabilities": [-12.039341926574707, -9.035335540771484], "logits": [NaN, NaN]}, "groundTruth": [0.0, 0.0]}, {"startTime": 5.0, "endTime": 10.0, "predictions": {"probabilities": [-16.737266540527344, -22.012062072753906], "logits": [NaN, NaN]}, "groundTruth": [0.0, 0.0]}, {"startTime": 10.0, "endTime": 15.0, "predictions": {"probabilities": [-18.772884368896484, -20.970813751220703], "logits": [NaN, NaN]}, "groundTruth": [0.0, 0.0]}, {"startTime": 15.0, "endTime": 20.0, "predictions": {"probabilities": [-15.350470542907715, -11.22144889831543], "logits": [NaN, NaN]}, "groundTruth": [0.0, 0.0]}]]}