{"modelName": "devise-220528-v0-ep33", "version": "1", "fileId": "77d35e682aab484aa6aaea35d58758d7", "classIds": ["Crex crex", "Scolopax rusticola"], "channels": [[{"startTime": 0.0, "endTime": 5.0, "predictions": {"probabilities": [7.530976290581748e-06, 0.9999910593032837], "logits": []}, "groundTruth": [0.0, 1.0]}, {"startTime": 5.0, "endTime": 10.0, "predictions": {"probabilities": [8.623328162649102e-10, 1.0], "logits": []}, "groundTruth": [0.0, 1.0]}, {"startTime": 10.0, "endTime": 15.0, "predictions": {"probabilities": [1.881308207885013e-06, 1.0], "logits": []}, "groundTruth": [0.0, 1.0]}, {"startTime": 13.0, "endTime": 18.0, "predictions": {"probabilities": [1.1817246559076011e-05, 0.9993755221366882], "logits": []}, "groundTruth": [0.0, 1.0]}]]}