{"modelName": "devise-220528-v0-ep33", "version": "1", "fileId": "77f94c4d567547a8bcc8434e2ce8d99e", "classIds": ["Crex crex", "Scolopax rusticola"], "channels": [[{"startTime": 0.0, "endTime": 5.0, "predictions": {"probabilities": [1.0078490220166714e-07, 8.629683634353569e-09], "logits": []}, "groundTruth": [0.0, 0.0]}, {"startTime": 5.0, "endTime": 10.0, "predictions": {"probabilities": [4.136165330237418e-07, 2.390679219388403e-05], "logits": []}, "groundTruth": [0.0, 0.0]}, {"startTime": 10.0, "endTime": 15.0, "predictions": {"probabilities": [3.1562269668938825e-06, 7.722776018681543e-08], "logits": []}, "groundTruth": [0.0, 0.0]}, {"startTime": 15.0, "endTime": 20.0, "predictions": {"probabilities": [1.810422531889344e-07, 1.8667734025257232e-09], "logits": []}, "groundTruth": [0.0, 0.0]}]]}