{"modelName": "devise-220528-v0-ep33", "version": "1", "fileId": "780855096dc9434db7d8b4aaf793eced", "classIds": ["Crex crex", "Scolopax rusticola"], "channels": [[{"startTime": 0.0, "endTime": 5.0, "predictions": {"probabilities": [-9.453253746032715, -11.133338928222656], "logits": [NaN, NaN]}, "groundTruth": [0.0, 0.0]}, {"startTime": 5.0, "endTime": 10.0, "predictions": {"probabilities": [-11.589266777038574, -12.751809120178223], "logits": [NaN, NaN]}, "groundTruth": [0.0, 0.0]}, {"startTime": 10.0, "endTime": 15.0, "predictions": {"probabilities": [-11.466471672058105, -11.596070289611816], "logits": [NaN, NaN]}, "groundTruth": [0.0, 0.0]}, {"startTime": 15.0, "endTime": 20.0, "predictions": {"probabilities": [-10.29857349395752, -11.994232177734375], "logits": [NaN, NaN]}, "groundTruth": [0.0, 0.0]}]]}