{"modelName": "devise-220528-v0-ep33", "version": "1", "fileId": "780855096dc9434db7d8b4aaf793eced", "classIds": ["Crex crex", "Scolopax rusticola"], "channels": [[{"startTime": 0.0, "endTime": 5.0, "predictions": {"probabilities": [7.842779450584203e-05, 1.4616587577620521e-05], "logits": []}, "groundTruth": [0.0, 0.0]}, {"startTime": 5.0, "endTime": 10.0, "predictions": {"probabilities": [9.264913387596607e-06, 2.897066224250011e-06], "logits": []}, "groundTruth": [0.0, 0.0]}, {"startTime": 10.0, "endTime": 15.0, "predictions": {"probabilities": [1.047538717102725e-05, 9.202094588545151e-06], "logits": []}, "groundTruth": [0.0, 0.0]}, {"startTime": 15.0, "endTime": 20.0, "predictions": {"probabilities": [3.3679974876577035e-05, 6.1797154558007605e-06], "logits": []}, "groundTruth": [0.0, 0.0]}]]}