{"modelName": "devise-220528-v0-ep33", "version": "1", "fileId": "78706e80edf74da9bcc4943b59b7d19e", "classIds": ["Crex crex", "Scolopax rusticola"], "channels": [[{"startTime": 0.0, "endTime": 5.0, "predictions": {"probabilities": [1.8635263998589835e-08, 1.4133570402918849e-05], "logits": []}, "groundTruth": [0.0, 0.0]}, {"startTime": 5.0, "endTime": 10.0, "predictions": {"probabilities": [1.3139427323949349e-07, 1.2949056049649244e-08], "logits": []}, "groundTruth": [0.0, 0.0]}, {"startTime": 10.0, "endTime": 15.0, "predictions": {"probabilities": [7.560241499504627e-08, 6.010223874142184e-09], "logits": []}, "groundTruth": [0.0, 0.0]}, {"startTime": 15.0, "endTime": 20.0, "predictions": {"probabilities": [2.0926977928326096e-09, 3.3935878412938436e-11], "logits": []}, "groundTruth": [0.0, 0.0]}]]}