{"modelName": "devise-220528-v0-ep33", "version": "1", "fileId": "789eb18dfc634209b5b12165278b9df0", "classIds": ["Crex crex", "Scolopax rusticola"], "channels": [[{"startTime": 0.0, "endTime": 5.0, "predictions": {"probabilities": [1.2162921848357655e-05, 9.458184649702162e-06], "logits": []}, "groundTruth": [0.0, 0.0]}, {"startTime": 5.0, "endTime": 10.0, "predictions": {"probabilities": [4.974684998160228e-06, 1.8318925867788494e-05], "logits": []}, "groundTruth": [0.0, 0.0]}, {"startTime": 10.0, "endTime": 15.0, "predictions": {"probabilities": [4.1465842514298856e-05, 8.560578135075048e-05], "logits": []}, "groundTruth": [0.0, 0.0]}, {"startTime": 15.0, "endTime": 20.0, "predictions": {"probabilities": [2.4534094336559065e-05, 1.3629839479278871e-09], "logits": []}, "groundTruth": [0.0, 0.0]}]]}