{"modelName": "devise-220528-v0-ep33", "version": "1", "fileId": "789eb18dfc634209b5b12165278b9df0", "classIds": ["Crex crex", "Scolopax rusticola"], "channels": [[{"startTime": 0.0, "endTime": 5.0, "predictions": {"probabilities": [-11.317106246948242, -11.568620681762695], "logits": [NaN, NaN]}, "groundTruth": [0.0, 0.0]}, {"startTime": 5.0, "endTime": 10.0, "predictions": {"probabilities": [-12.211143493652344, -10.907557487487793], "logits": [NaN, NaN]}, "groundTruth": [0.0, 0.0]}, {"startTime": 10.0, "endTime": 15.0, "predictions": {"probabilities": [-10.090599060058594, -9.36567211151123], "logits": [NaN, NaN]}, "groundTruth": [0.0, 0.0]}, {"startTime": 15.0, "endTime": 20.0, "predictions": {"probabilities": [-10.615422248840332, -20.413589477539062], "logits": [NaN, NaN]}, "groundTruth": [0.0, 0.0]}]]}