{"modelName": "devise-220528-v0-ep33", "version": "1", "fileId": "79fe9e08d86d4d31a886b73230369449", "classIds": ["Crex crex", "Scolopax rusticola"], "channels": [[{"startTime": 0.0, "endTime": 5.0, "predictions": {"probabilities": [1.9291665012133308e-06, 1.3713684893446043e-05], "logits": []}, "groundTruth": [0.0, 0.0]}, {"startTime": 5.0, "endTime": 10.0, "predictions": {"probabilities": [9.048162610270083e-06, 2.4917113478295505e-05], "logits": []}, "groundTruth": [0.0, 0.0]}, {"startTime": 10.0, "endTime": 15.0, "predictions": {"probabilities": [7.259960511873942e-06, 1.8905059278040426e-06], "logits": []}, "groundTruth": [0.0, 0.0]}, {"startTime": 15.0, "endTime": 20.0, "predictions": {"probabilities": [3.0137307476252317e-05, 4.2047613533213735e-05], "logits": []}, "groundTruth": [0.0, 0.0]}]]}