{"modelName": "devise-220528-v0-ep33", "version": "1", "fileId": "79fe9e08d86d4d31a886b73230369449", "classIds": ["Crex crex", "Scolopax rusticola"], "channels": [[{"startTime": 0.0, "endTime": 5.0, "predictions": {"probabilities": [-13.15842056274414, -11.197102546691895], "logits": [NaN, NaN]}, "groundTruth": [0.0, 0.0]}, {"startTime": 5.0, "endTime": 10.0, "predictions": {"probabilities": [-11.612939834594727, -10.599930763244629], "logits": [NaN, NaN]}, "groundTruth": [0.0, 0.0]}, {"startTime": 10.0, "endTime": 15.0, "predictions": {"probabilities": [-11.833128929138184, -13.178664207458496], "logits": [NaN, NaN]}, "groundTruth": [0.0, 0.0]}, {"startTime": 15.0, "endTime": 20.0, "predictions": {"probabilities": [-10.409716606140137, -10.076665878295898], "logits": [NaN, NaN]}, "groundTruth": [0.0, 0.0]}]]}