{"modelName": "devise-220528-v0-ep33", "version": "1", "fileId": "7ad1f829dcad469bb829032de94d4573", "classIds": ["Crex crex", "Scolopax rusticola"], "channels": [[{"startTime": 0.0, "endTime": 5.0, "predictions": {"probabilities": [-13.499895095825195, -13.982436180114746], "logits": [NaN, NaN]}, "groundTruth": [0.0, 1.0]}, {"startTime": 5.0, "endTime": 10.0, "predictions": {"probabilities": [-18.3660945892334, -11.145962715148926], "logits": [NaN, NaN]}, "groundTruth": [0.0, 1.0]}, {"startTime": 7.0, "endTime": 12.0, "predictions": {"probabilities": [-18.318889617919922, -16.698762893676758], "logits": [NaN, NaN]}, "groundTruth": [0.0, 0.0]}]]}