{"modelName": "devise-220528-v0-ep33", "version": "1", "fileId": "7af18fca3a954f018543a5d1c145b0d7", "classIds": ["Crex crex", "Scolopax rusticola"], "channels": [[{"startTime": 0.0, "endTime": 5.0, "predictions": {"probabilities": [6.331469194265082e-05, 0.002764319535344839], "logits": []}, "groundTruth": [0.0, 0.0]}, {"startTime": 5.0, "endTime": 10.0, "predictions": {"probabilities": [9.978406160371378e-05, 0.0012760376557707787], "logits": []}, "groundTruth": [0.0, 0.0]}, {"startTime": 10.0, "endTime": 15.0, "predictions": {"probabilities": [8.053633064264432e-05, 0.0006528784288093448], "logits": []}, "groundTruth": [0.0, 0.0]}, {"startTime": 15.0, "endTime": 20.0, "predictions": {"probabilities": [0.0019450298277661204, 0.005526737775653601], "logits": []}, "groundTruth": [0.0, 0.0]}]]}