{"modelName": "devise-220528-v0-ep33", "version": "1", "fileId": "7af18fca3a954f018543a5d1c145b0d7", "classIds": ["Crex crex", "Scolopax rusticola"], "channels": [[{"startTime": 0.0, "endTime": 5.0, "predictions": {"probabilities": [-9.667329788208008, -5.888192653656006], "logits": [NaN, NaN]}, "groundTruth": [0.0, 0.0]}, {"startTime": 5.0, "endTime": 10.0, "predictions": {"probabilities": [-9.21240234375, -6.662718772888184], "logits": [NaN, NaN]}, "groundTruth": [0.0, 0.0]}, {"startTime": 10.0, "endTime": 15.0, "predictions": {"probabilities": [-9.426721572875977, -7.333466529846191], "logits": [NaN, NaN]}, "groundTruth": [0.0, 0.0]}, {"startTime": 15.0, "endTime": 20.0, "predictions": {"probabilities": [-6.240530967712402, -5.192615509033203], "logits": [NaN, NaN]}, "groundTruth": [0.0, 0.0]}]]}