{"modelName": "devise-220528-v0-ep33", "version": "1", "fileId": "7b429095dbe74b7989bbb62b15e34e87", "classIds": ["Crex crex", "Scolopax rusticola"], "channels": [[{"startTime": 0.0, "endTime": 5.0, "predictions": {"probabilities": [-17.678966522216797, -17.557275772094727], "logits": [NaN, NaN]}, "groundTruth": [0.0, 1.0]}, {"startTime": 5.0, "endTime": 10.0, "predictions": {"probabilities": [-17.31624984741211, 19.891952514648438], "logits": [NaN, NaN]}, "groundTruth": [0.0, 1.0]}, {"startTime": 10.0, "endTime": 15.0, "predictions": {"probabilities": [-19.68331527709961, 17.0402889251709], "logits": [NaN, NaN]}, "groundTruth": [0.0, 1.0]}, {"startTime": 12.0, "endTime": 17.0, "predictions": {"probabilities": [-19.84078598022461, 10.168817520141602], "logits": [NaN, NaN]}, "groundTruth": [0.0, 1.0]}]]}