{"modelName": "devise-220528-v0-ep33", "version": "1", "fileId": "7b9fb7b722a14ea28d9dd7c3efdca4d1", "classIds": ["Crex crex", "Scolopax rusticola"], "channels": [[{"startTime": 0.0, "endTime": 5.0, "predictions": {"probabilities": [-11.559562683105469, -11.211511611938477], "logits": [NaN, NaN]}, "groundTruth": [0.0, 0.0]}, {"startTime": 5.0, "endTime": 10.0, "predictions": {"probabilities": [-10.707576751708984, -9.468742370605469], "logits": [NaN, NaN]}, "groundTruth": [0.0, 0.0]}, {"startTime": 10.0, "endTime": 15.0, "predictions": {"probabilities": [-14.038939476013184, -10.655306816101074], "logits": [NaN, NaN]}, "groundTruth": [0.0, 0.0]}, {"startTime": 15.0, "endTime": 20.0, "predictions": {"probabilities": [-17.90998649597168, -18.283308029174805], "logits": [NaN, NaN]}, "groundTruth": [0.0, 0.0]}]]}