{"modelName": "devise-220528-v0-ep33", "version": "1", "fileId": "7bf76980e9b2424f862dd491e578cbf7", "classIds": ["Crex crex", "Scolopax rusticola"], "channels": [[{"startTime": 0.0, "endTime": 5.0, "predictions": {"probabilities": [-1.7981990575790405, -6.209560871124268], "logits": [NaN, NaN]}, "groundTruth": [0.0, 0.0]}, {"startTime": 5.0, "endTime": 10.0, "predictions": {"probabilities": [-8.825240135192871, -15.692316055297852], "logits": [NaN, NaN]}, "groundTruth": [0.0, 0.0]}, {"startTime": 10.0, "endTime": 15.0, "predictions": {"probabilities": [-1.9225438833236694, -7.008538246154785], "logits": [NaN, NaN]}, "groundTruth": [0.0, 0.0]}, {"startTime": 15.0, "endTime": 20.0, "predictions": {"probabilities": [-6.459665775299072, -13.553242683410645], "logits": [NaN, NaN]}, "groundTruth": [0.0, 0.0]}]]}