{"modelName": "devise-220528-v0-ep33", "version": "1", "fileId": "7e69cf1057e14a40ac343c610705c809", "classIds": ["Crex crex", "Scolopax rusticola"], "channels": [[{"startTime": 0.0, "endTime": 5.0, "predictions": {"probabilities": [-15.425017356872559, -15.039668083190918], "logits": [NaN, NaN]}, "groundTruth": [0.0, 1.0]}, {"startTime": 5.0, "endTime": 10.0, "predictions": {"probabilities": [-17.75039291381836, -12.30855941772461], "logits": [NaN, NaN]}, "groundTruth": [0.0, 1.0]}, {"startTime": 10.0, "endTime": 15.0, "predictions": {"probabilities": [-19.426006317138672, -7.6519269943237305], "logits": [NaN, NaN]}, "groundTruth": [0.0, 1.0]}, {"startTime": 14.0, "endTime": 19.0, "predictions": {"probabilities": [-19.850614547729492, -1.8226313591003418], "logits": [NaN, NaN]}, "groundTruth": [0.0, 1.0]}]]}