{"modelName": "devise-220528-v0-ep33", "version": "1", "fileId": "7ea05a3080404d3d84abe178dd53abb7", "classIds": ["Crex crex", "Scolopax rusticola"], "channels": [[{"startTime": 0.0, "endTime": 5.0, "predictions": {"probabilities": [3.77739475254657e-08, 5.843828887464042e-08], "logits": []}, "groundTruth": [0.0, 0.0]}, {"startTime": 5.0, "endTime": 10.0, "predictions": {"probabilities": [2.457644256992353e-07, 4.7708890633657575e-05], "logits": []}, "groundTruth": [0.0, 0.0]}, {"startTime": 10.0, "endTime": 15.0, "predictions": {"probabilities": [1.1704751159413718e-05, 4.783927943208255e-05], "logits": []}, "groundTruth": [0.0, 0.0]}, {"startTime": 15.0, "endTime": 20.0, "predictions": {"probabilities": [1.4945522153198e-08, 0.0015520879533141851], "logits": []}, "groundTruth": [0.0, 0.0]}]]}