{"modelName": "devise-220528-v0-ep33", "version": "1", "fileId": "7ec2593e00d644aaa9c2005e689c7854", "classIds": ["Crex crex", "Scolopax rusticola"], "channels": [[{"startTime": 0.0, "endTime": 5.0, "predictions": {"probabilities": [3.842791556962766e-05, 0.0016452661948278546], "logits": []}, "groundTruth": [0.0, 0.0]}, {"startTime": 5.0, "endTime": 10.0, "predictions": {"probabilities": [1.0149011359317228e-05, 0.0001467645342927426], "logits": []}, "groundTruth": [0.0, 0.0]}, {"startTime": 10.0, "endTime": 15.0, "predictions": {"probabilities": [5.471248641697457e-06, 5.0408716560923494e-06], "logits": []}, "groundTruth": [0.0, 0.0]}, {"startTime": 15.0, "endTime": 20.0, "predictions": {"probabilities": [2.27386990445666e-05, 0.1988324224948883], "logits": []}, "groundTruth": [0.0, 0.0]}]]}