{"modelName": "devise-220528-v0-ep33", "version": "1", "fileId": "7ec2593e00d644aaa9c2005e689c7854", "classIds": ["Crex crex", "Scolopax rusticola"], "channels": [[{"startTime": 0.0, "endTime": 5.0, "predictions": {"probabilities": [-10.166687965393066, -6.408206462860107], "logits": [NaN, NaN]}, "groundTruth": [0.0, 0.0]}, {"startTime": 5.0, "endTime": 10.0, "predictions": {"probabilities": [-11.498124122619629, -8.826534271240234], "logits": [NaN, NaN]}, "groundTruth": [0.0, 0.0]}, {"startTime": 10.0, "endTime": 15.0, "predictions": {"probabilities": [-12.115998268127441, -12.19792652130127], "logits": [NaN, NaN]}, "groundTruth": [0.0, 0.0]}, {"startTime": 15.0, "endTime": 20.0, "predictions": {"probabilities": [-10.69141960144043, -1.39360773563385], "logits": [NaN, NaN]}, "groundTruth": [0.0, 0.0]}]]}