{"modelName": "devise-220528-v0-ep33", "version": "1", "fileId": "7f553efdb0c145fa8495aecb34da4679", "classIds": ["Crex crex", "Scolopax rusticola"], "channels": [[{"startTime": 0.0, "endTime": 5.0, "predictions": {"probabilities": [-15.078731536865234, -4.940733432769775], "logits": [NaN, NaN]}, "groundTruth": [0.0, 0.0]}, {"startTime": 5.0, "endTime": 10.0, "predictions": {"probabilities": [-19.560821533203125, 2.322671890258789], "logits": [NaN, NaN]}, "groundTruth": [0.0, 1.0]}, {"startTime": 10.0, "endTime": 15.0, "predictions": {"probabilities": [-22.280561447143555, -7.416949272155762], "logits": [NaN, NaN]}, "groundTruth": [0.0, 1.0]}]]}