{"modelName": "devise-220528-v0-ep33", "version": "1", "fileId": "7f553efdb0c145fa8495aecb34da4679", "classIds": ["Crex crex", "Scolopax rusticola"], "channels": [[{"startTime": 0.0, "endTime": 5.0, "predictions": {"probabilities": [2.8274178021092666e-07, 0.007098602131009102], "logits": []}, "groundTruth": [0.0, 0.0]}, {"startTime": 5.0, "endTime": 10.0, "predictions": {"probabilities": [3.1977398506910504e-09, 0.9107373952865601], "logits": []}, "groundTruth": [0.0, 1.0]}, {"startTime": 10.0, "endTime": 15.0, "predictions": {"probabilities": [2.1070512001841735e-10, 0.0006006188341416419], "logits": []}, "groundTruth": [0.0, 1.0]}]]}