{"modelName": "devise-220528-v0-ep33", "version": "1", "fileId": "8012f39cfb964b89bbc220a26e6ddcea", "classIds": ["Crex crex", "Scolopax rusticola"], "channels": [[{"startTime": 0.0, "endTime": 5.0, "predictions": {"probabilities": [-15.792498588562012, 6.071592330932617], "logits": [NaN, NaN]}, "groundTruth": [0.0, 1.0]}, {"startTime": 5.0, "endTime": 10.0, "predictions": {"probabilities": [-21.65992546081543, 28.152097702026367], "logits": [NaN, NaN]}, "groundTruth": [0.0, 1.0]}, {"startTime": 10.0, "endTime": 15.0, "predictions": {"probabilities": [-21.947349548339844, 26.485441207885742], "logits": [NaN, NaN]}, "groundTruth": [0.0, 1.0]}, {"startTime": 13.0, "endTime": 18.0, "predictions": {"probabilities": [-22.208375930786133, 18.42517852783203], "logits": [NaN, NaN]}, "groundTruth": [0.0, 1.0]}]]}