{"modelName": "devise-220528-v0-ep33", "version": "1", "fileId": "80dabe6dee0d41a09ed865a1096f5c45", "classIds": ["Crex crex", "Scolopax rusticola"], "channels": [[{"startTime": 0.0, "endTime": 5.0, "predictions": {"probabilities": [-11.56873893737793, -10.923748016357422], "logits": [NaN, NaN]}, "groundTruth": [0.0, 0.0]}, {"startTime": 5.0, "endTime": 10.0, "predictions": {"probabilities": [-9.29958438873291, -8.226134300231934], "logits": [NaN, NaN]}, "groundTruth": [0.0, 0.0]}, {"startTime": 10.0, "endTime": 15.0, "predictions": {"probabilities": [-11.080583572387695, -10.539474487304688], "logits": [NaN, NaN]}, "groundTruth": [0.0, 0.0]}, {"startTime": 15.0, "endTime": 20.0, "predictions": {"probabilities": [-9.98485279083252, -9.533074378967285], "logits": [NaN, NaN]}, "groundTruth": [0.0, 0.0]}]]}