{"modelName": "devise-220528-v0-ep33", "version": "1", "fileId": "818a692a8372494fb392e93d4ed75e1d", "classIds": ["Crex crex", "Scolopax rusticola"], "channels": [[{"startTime": 0.0, "endTime": 5.0, "predictions": {"probabilities": [-16.353668212890625, -17.75340461730957], "logits": [NaN, NaN]}, "groundTruth": [0.0, 0.0]}, {"startTime": 5.0, "endTime": 10.0, "predictions": {"probabilities": [-17.493566513061523, -20.123594284057617], "logits": [NaN, NaN]}, "groundTruth": [0.0, 0.0]}, {"startTime": 10.0, "endTime": 15.0, "predictions": {"probabilities": [-14.79859447479248, -15.476714134216309], "logits": [NaN, NaN]}, "groundTruth": [0.0, 0.0]}, {"startTime": 15.0, "endTime": 20.0, "predictions": {"probabilities": [-18.10678482055664, -19.101621627807617], "logits": [NaN, NaN]}, "groundTruth": [0.0, 0.0]}]]}