{"modelName": "devise-220528-v0-ep33", "version": "1", "fileId": "824dd12d384e451389761071dfd8821e", "classIds": ["Crex crex", "Scolopax rusticola"], "channels": [[{"startTime": 0.0, "endTime": 5.0, "predictions": {"probabilities": [1.253230266229366e-07, 4.8976442457160374e-08], "logits": []}, "groundTruth": [0.0, 0.0]}, {"startTime": 5.0, "endTime": 10.0, "predictions": {"probabilities": [5.600839813268976e-06, 1.1227462515250863e-08], "logits": []}, "groundTruth": [0.0, 0.0]}, {"startTime": 10.0, "endTime": 15.0, "predictions": {"probabilities": [3.200527135049924e-05, 8.418528159381822e-05], "logits": []}, "groundTruth": [0.0, 0.0]}, {"startTime": 11.0, "endTime": 16.0, "predictions": {"probabilities": [4.99410771226394e-06, 3.4511735975684132e-06], "logits": []}, "groundTruth": [0.0, 0.0]}]]}