{"modelName": "devise-220528-v0-ep33", "version": "1", "fileId": "82836269814742c385bbfda35db00348", "classIds": ["Crex crex", "Scolopax rusticola"], "channels": [[{"startTime": 0.0, "endTime": 5.0, "predictions": {"probabilities": [-5.215617656707764, -7.814096450805664], "logits": [NaN, NaN]}, "groundTruth": [0.0, 0.0]}, {"startTime": 5.0, "endTime": 10.0, "predictions": {"probabilities": [-7.608053684234619, -8.076691627502441], "logits": [NaN, NaN]}, "groundTruth": [0.0, 0.0]}, {"startTime": 10.0, "endTime": 15.0, "predictions": {"probabilities": [-8.757308959960938, -6.8937668800354], "logits": [NaN, NaN]}, "groundTruth": [0.0, 0.0]}, {"startTime": 15.0, "endTime": 20.0, "predictions": {"probabilities": [-8.659748077392578, -5.230358123779297], "logits": [NaN, NaN]}, "groundTruth": [0.0, 0.0]}]]}