{"modelName": "devise-220528-v0-ep33", "version": "1", "fileId": "836103eb09ca42c3bcd022bb32b82c8c", "classIds": ["Crex crex", "Scolopax rusticola"], "channels": [[{"startTime": 0.0, "endTime": 5.0, "predictions": {"probabilities": [1.0695958735595923e-05, 2.07072571356548e-05], "logits": []}, "groundTruth": [0.0, 0.0]}, {"startTime": 5.0, "endTime": 10.0, "predictions": {"probabilities": [1.0706190778364544e-06, 0.019669869914650917], "logits": []}, "groundTruth": [0.0, 0.0]}, {"startTime": 10.0, "endTime": 15.0, "predictions": {"probabilities": [4.3211980482738e-06, 0.001751165953464806], "logits": []}, "groundTruth": [0.0, 0.0]}, {"startTime": 15.0, "endTime": 20.0, "predictions": {"probabilities": [7.249425379995955e-07, 3.391515929251909e-05], "logits": []}, "groundTruth": [0.0, 0.0]}]]}