{"modelName": "devise-220528-v0-ep33", "version": "1", "fileId": "837d72aee8ef4bf4b6911f08c31b74e6", "classIds": ["Crex crex", "Scolopax rusticola"], "channels": [[{"startTime": 0.0, "endTime": 5.0, "predictions": {"probabilities": [-16.70466423034668, -19.44731903076172], "logits": [NaN, NaN]}, "groundTruth": [0.0, 0.0]}, {"startTime": 5.0, "endTime": 10.0, "predictions": {"probabilities": [-16.491456985473633, -16.496917724609375], "logits": [NaN, NaN]}, "groundTruth": [0.0, 0.0]}, {"startTime": 10.0, "endTime": 15.0, "predictions": {"probabilities": [-16.57607078552246, -14.29198932647705], "logits": [NaN, NaN]}, "groundTruth": [0.0, 0.0]}, {"startTime": 15.0, "endTime": 20.0, "predictions": {"probabilities": [-16.302692413330078, -13.595458984375], "logits": [NaN, NaN]}, "groundTruth": [0.0, 0.0]}]]}