{"modelName": "devise-220528-v0-ep33", "version": "1", "fileId": "83d935e94841459aa2b6be45b49086c8", "classIds": ["Crex crex", "Scolopax rusticola"], "channels": [[{"startTime": 0.0, "endTime": 5.0, "predictions": {"probabilities": [4.68979169454542e-06, 0.0021287198178470135], "logits": []}, "groundTruth": [0.0, 0.0]}, {"startTime": 5.0, "endTime": 10.0, "predictions": {"probabilities": [8.305785854645364e-07, 1.0547596502874512e-06], "logits": []}, "groundTruth": [0.0, 0.0]}, {"startTime": 10.0, "endTime": 15.0, "predictions": {"probabilities": [5.768491107005502e-08, 1.1877202723553637e-06], "logits": []}, "groundTruth": [0.0, 0.0]}, {"startTime": 15.0, "endTime": 20.0, "predictions": {"probabilities": [0.0003480598097667098, 2.009990203077905e-05], "logits": []}, "groundTruth": [0.0, 0.0]}]]}