{"modelName": "devise-220528-v0-ep33", "version": "1", "fileId": "848e2970d8884fa1b3260b4cfc1e590f", "classIds": ["Crex crex", "Scolopax rusticola"], "channels": [[{"startTime": 0.0, "endTime": 5.0, "predictions": {"probabilities": [0.07187224179506302, 2.807277041938505e-06], "logits": []}, "groundTruth": [0.0, 0.0]}, {"startTime": 5.0, "endTime": 10.0, "predictions": {"probabilities": [0.03920277580618858, 0.00045447726733982563], "logits": []}, "groundTruth": [0.0, 0.0]}, {"startTime": 10.0, "endTime": 15.0, "predictions": {"probabilities": [0.016774334013462067, 6.2667791098647285e-06], "logits": []}, "groundTruth": [0.0, 0.0]}, {"startTime": 15.0, "endTime": 20.0, "predictions": {"probabilities": [8.80861534824362e-06, 6.349738214339595e-06], "logits": []}, "groundTruth": [0.0, 0.0]}]]}