{"modelName": "devise-220528-v0-ep33", "version": "1", "fileId": "84d8650f4daa4e5ba44dcbf7b20914d8", "classIds": ["Crex crex", "Scolopax rusticola"], "channels": [[{"startTime": 0.0, "endTime": 5.0, "predictions": {"probabilities": [-17.117446899414062, -2.113417387008667], "logits": [NaN, NaN]}, "groundTruth": [0.0, 0.0]}, {"startTime": 5.0, "endTime": 10.0, "predictions": {"probabilities": [-17.045625686645508, -12.069278717041016], "logits": [NaN, NaN]}, "groundTruth": [0.0, 0.0]}, {"startTime": 10.0, "endTime": 15.0, "predictions": {"probabilities": [-13.308276176452637, -12.032588958740234], "logits": [NaN, NaN]}, "groundTruth": [0.0, 0.0]}, {"startTime": 15.0, "endTime": 20.0, "predictions": {"probabilities": [-13.178506851196289, -12.786152839660645], "logits": [NaN, NaN]}, "groundTruth": [0.0, 0.0]}]]}