{"modelName": "devise-220528-v0-ep33", "version": "1", "fileId": "84e68ecf64ac4a0d904e20494e4033b1", "classIds": ["Crex crex", "Scolopax rusticola"], "channels": [[{"startTime": 0.0, "endTime": 5.0, "predictions": {"probabilities": [-18.670419692993164, -20.545997619628906], "logits": [NaN, NaN]}, "groundTruth": [0.0, 0.0]}, {"startTime": 5.0, "endTime": 10.0, "predictions": {"probabilities": [-17.494951248168945, -21.837106704711914], "logits": [NaN, NaN]}, "groundTruth": [0.0, 0.0]}, {"startTime": 10.0, "endTime": 15.0, "predictions": {"probabilities": [-18.39984130859375, -20.564157485961914], "logits": [NaN, NaN]}, "groundTruth": [0.0, 0.0]}, {"startTime": 15.0, "endTime": 20.0, "predictions": {"probabilities": [-18.729408264160156, -23.726560592651367], "logits": [NaN, NaN]}, "groundTruth": [0.0, 0.0]}]]}