{"modelName": "devise-220528-v0-ep33", "version": "1", "fileId": "857be10c6de54703aeb15cae40653d0d", "classIds": ["Crex crex", "Scolopax rusticola"], "channels": [[{"startTime": 0.0, "endTime": 5.0, "predictions": {"probabilities": [-16.062841415405273, 15.601826667785645], "logits": [NaN, NaN]}, "groundTruth": [0.0, 0.0]}, {"startTime": 5.0, "endTime": 10.0, "predictions": {"probabilities": [-22.54867172241211, 20.30867576599121], "logits": [NaN, NaN]}, "groundTruth": [0.0, 1.0]}, {"startTime": 10.0, "endTime": 15.0, "predictions": {"probabilities": [-21.178516387939453, 27.096864700317383], "logits": [NaN, NaN]}, "groundTruth": [0.0, 1.0]}, {"startTime": 13.0, "endTime": 18.0, "predictions": {"probabilities": [-25.027002334594727, 21.355417251586914], "logits": [NaN, NaN]}, "groundTruth": [0.0, 1.0]}]]}