{"modelName": "devise-220528-v0-ep33", "version": "1", "fileId": "85efc832be5c4a67b20695698bab165d", "classIds": ["Crex crex", "Scolopax rusticola"], "channels": [[{"startTime": 0.0, "endTime": 5.0, "predictions": {"probabilities": [1.0810515959747136e-05, 0.0014032110339030623], "logits": []}, "groundTruth": [0.0, 0.0]}, {"startTime": 5.0, "endTime": 10.0, "predictions": {"probabilities": [6.306302680059162e-07, 4.4524273157264815e-09], "logits": []}, "groundTruth": [0.0, 0.0]}, {"startTime": 10.0, "endTime": 15.0, "predictions": {"probabilities": [1.1320687917759642e-05, 1.1076971532020252e-05], "logits": []}, "groundTruth": [0.0, 0.0]}, {"startTime": 15.0, "endTime": 20.0, "predictions": {"probabilities": [1.22074595765298e-07, 1.2545602885438711e-06], "logits": []}, "groundTruth": [0.0, 0.0]}]]}