{"modelName": "devise-220528-v0-ep33", "version": "1", "fileId": "86be2fcac5534d558e3ee502daa27e14", "classIds": ["Crex crex", "Scolopax rusticola"], "channels": [[{"startTime": 0.0, "endTime": 5.0, "predictions": {"probabilities": [0.0002558765991125256, 0.0007624010322615504], "logits": []}, "groundTruth": [0.0, 0.0]}, {"startTime": 5.0, "endTime": 10.0, "predictions": {"probabilities": [2.5732009817147627e-05, 0.00010141143866349012], "logits": []}, "groundTruth": [0.0, 0.0]}, {"startTime": 10.0, "endTime": 15.0, "predictions": {"probabilities": [0.00011201417510164902, 0.0006776981172151864], "logits": []}, "groundTruth": [0.0, 0.0]}, {"startTime": 15.0, "endTime": 20.0, "predictions": {"probabilities": [3.3468146284576505e-05, 0.00019505718955770135], "logits": []}, "groundTruth": [0.0, 0.0]}]]}