{"modelName": "devise-220528-v0-ep33", "version": "1", "fileId": "86be2fcac5534d558e3ee502daa27e14", "classIds": ["Crex crex", "Scolopax rusticola"], "channels": [[{"startTime": 0.0, "endTime": 5.0, "predictions": {"probabilities": [-8.270559310913086, -7.178275108337402], "logits": [NaN, NaN]}, "groundTruth": [0.0, 0.0]}, {"startTime": 5.0, "endTime": 10.0, "predictions": {"probabilities": [-10.5677490234375, -9.196223258972168], "logits": [NaN, NaN]}, "groundTruth": [0.0, 0.0]}, {"startTime": 10.0, "endTime": 15.0, "predictions": {"probabilities": [-9.096773147583008, -7.296130657196045], "logits": [NaN, NaN]}, "groundTruth": [0.0, 0.0]}, {"startTime": 15.0, "endTime": 20.0, "predictions": {"probabilities": [-10.304883003234863, -8.542022705078125], "logits": [NaN, NaN]}, "groundTruth": [0.0, 0.0]}]]}