{"modelName": "devise-220528-v0-ep33", "version": "1", "fileId": "874d5b0c099d40ccb32034110fbd7586", "classIds": ["Crex crex", "Scolopax rusticola"], "channels": [[{"startTime": 0.0, "endTime": 5.0, "predictions": {"probabilities": [-12.780794143676758, -17.62420654296875], "logits": [NaN, NaN]}, "groundTruth": [0.0, 0.0]}, {"startTime": 5.0, "endTime": 10.0, "predictions": {"probabilities": [-13.248010635375977, -15.61479377746582], "logits": [NaN, NaN]}, "groundTruth": [0.0, 0.0]}, {"startTime": 10.0, "endTime": 15.0, "predictions": {"probabilities": [-13.325981140136719, -15.645782470703125], "logits": [NaN, NaN]}, "groundTruth": [0.0, 0.0]}, {"startTime": 15.0, "endTime": 20.0, "predictions": {"probabilities": [-16.698801040649414, -14.472936630249023], "logits": [NaN, NaN]}, "groundTruth": [0.0, 0.0]}]]}