{"modelName": "devise-220528-v0-ep33", "version": "1", "fileId": "877373bbb586443a9eee7d4d71a25f45", "classIds": ["Crex crex", "Scolopax rusticola"], "channels": [[{"startTime": 0.0, "endTime": 5.0, "predictions": {"probabilities": [-11.509706497192383, -11.148126602172852], "logits": [NaN, NaN]}, "groundTruth": [0.0, 0.0]}, {"startTime": 5.0, "endTime": 10.0, "predictions": {"probabilities": [-11.599854469299316, -13.768810272216797], "logits": [NaN, NaN]}, "groundTruth": [0.0, 0.0]}, {"startTime": 10.0, "endTime": 15.0, "predictions": {"probabilities": [-12.377697944641113, -11.00094985961914], "logits": [NaN, NaN]}, "groundTruth": [0.0, 0.0]}, {"startTime": 15.0, "endTime": 20.0, "predictions": {"probabilities": [-9.479997634887695, -9.412076950073242], "logits": [NaN, NaN]}, "groundTruth": [0.0, 0.0]}]]}