{"modelName": "devise-220528-v0-ep33", "version": "1", "fileId": "8794defdf33a4b398aa86419d8731099", "classIds": ["Crex crex", "Scolopax rusticola"], "channels": [[{"startTime": 0.0, "endTime": 5.0, "predictions": {"probabilities": [-7.694178581237793, -6.526297569274902], "logits": [NaN, NaN]}, "groundTruth": [0.0, 0.0]}, {"startTime": 5.0, "endTime": 10.0, "predictions": {"probabilities": [-9.915242195129395, 5.254040241241455], "logits": [NaN, NaN]}, "groundTruth": [0.0, 1.0]}, {"startTime": 10.0, "endTime": 15.0, "predictions": {"probabilities": [-19.851085662841797, 35.183692932128906], "logits": [NaN, NaN]}, "groundTruth": [0.0, 1.0]}, {"startTime": 14.0, "endTime": 19.0, "predictions": {"probabilities": [-14.167304992675781, 7.650383472442627], "logits": [NaN, NaN]}, "groundTruth": [0.0, 1.0]}]]}