{"modelName": "devise-220528-v0-ep33", "version": "1", "fileId": "87da3fb8f05541da8b9c4062faf18772", "classIds": ["Crex crex", "Scolopax rusticola"], "channels": [[{"startTime": 0.0, "endTime": 5.0, "predictions": {"probabilities": [-21.0130615234375, -26.021284103393555], "logits": [NaN, NaN]}, "groundTruth": [0.0, 0.0]}, {"startTime": 5.0, "endTime": 10.0, "predictions": {"probabilities": [-20.423044204711914, -19.161428451538086], "logits": [NaN, NaN]}, "groundTruth": [0.0, 0.0]}, {"startTime": 10.0, "endTime": 15.0, "predictions": {"probabilities": [-11.903314590454102, -13.300403594970703], "logits": [NaN, NaN]}, "groundTruth": [0.0, 0.0]}, {"startTime": 15.0, "endTime": 20.0, "predictions": {"probabilities": [-14.184487342834473, -18.171417236328125], "logits": [NaN, NaN]}, "groundTruth": [0.0, 0.0]}]]}