{"modelName": "devise-220528-v0-ep33", "version": "1", "fileId": "87da3fb8f05541da8b9c4062faf18772", "classIds": ["Crex crex", "Scolopax rusticola"], "channels": [[{"startTime": 0.0, "endTime": 5.0, "predictions": {"probabilities": [7.484164399329529e-10, 5.001495745338147e-12], "logits": []}, "groundTruth": [0.0, 0.0]}, {"startTime": 5.0, "endTime": 10.0, "predictions": {"probabilities": [1.3501579854136025e-09, 4.767573003050529e-09], "logits": []}, "groundTruth": [0.0, 0.0]}, {"startTime": 10.0, "endTime": 15.0, "predictions": {"probabilities": [6.7678888626687694e-06, 1.6738147223804845e-06], "logits": []}, "groundTruth": [0.0, 0.0]}, {"startTime": 15.0, "endTime": 20.0, "predictions": {"probabilities": [6.914410164426954e-07, 1.283080131031511e-08], "logits": []}, "groundTruth": [0.0, 0.0]}]]}