{"modelName": "devise-220528-v0-ep33", "version": "1", "fileId": "88565653856e465d81c4c9dbc921aa73", "classIds": ["Crex crex", "Scolopax rusticola"], "channels": [[{"startTime": 0.0, "endTime": 5.0, "predictions": {"probabilities": [6.779063710382616e-08, 1.8259545264687205e-10], "logits": []}, "groundTruth": [0.0, 0.0]}, {"startTime": 5.0, "endTime": 10.0, "predictions": {"probabilities": [1.5545676433248445e-05, 0.00010794626723509282], "logits": []}, "groundTruth": [0.0, 0.0]}, {"startTime": 10.0, "endTime": 15.0, "predictions": {"probabilities": [1.567118670209311e-05, 4.093392291792952e-08], "logits": []}, "groundTruth": [0.0, 0.0]}, {"startTime": 15.0, "endTime": 20.0, "predictions": {"probabilities": [3.770783223444596e-05, 0.00034275176585651934], "logits": []}, "groundTruth": [0.0, 0.0]}]]}