{"modelName": "devise-220528-v0-ep33", "version": "1", "fileId": "88d5c00c009f468a93bd425845d8dbd7", "classIds": ["Crex crex", "Scolopax rusticola"], "channels": [[{"startTime": 0.0, "endTime": 5.0, "predictions": {"probabilities": [1.1362719305907376e-05, 0.0001347363431705162], "logits": []}, "groundTruth": [0.0, 1.0]}, {"startTime": 5.0, "endTime": 10.0, "predictions": {"probabilities": [1.0842546060985114e-07, 0.9999997615814209], "logits": []}, "groundTruth": [0.0, 1.0]}, {"startTime": 10.0, "endTime": 15.0, "predictions": {"probabilities": [2.912648824349162e-06, 1.0], "logits": []}, "groundTruth": [0.0, 1.0]}, {"startTime": 15.0, "endTime": 20.0, "predictions": {"probabilities": [4.064339975684561e-09, 0.9536140561103821], "logits": []}, "groundTruth": [0.0, 1.0]}]]}