{"modelName": "devise-220528-v0-ep33", "version": "1", "fileId": "88dc125f6f4e4444b2f47e7aa5220c4e", "classIds": ["Crex crex", "Scolopax rusticola"], "channels": [[{"startTime": 0.0, "endTime": 5.0, "predictions": {"probabilities": [-13.313066482543945, -14.054146766662598], "logits": [NaN, NaN]}, "groundTruth": [0.0, 0.0]}, {"startTime": 5.0, "endTime": 10.0, "predictions": {"probabilities": [-15.323272705078125, -16.835630416870117], "logits": [NaN, NaN]}, "groundTruth": [0.0, 0.0]}, {"startTime": 10.0, "endTime": 15.0, "predictions": {"probabilities": [-14.505794525146484, -13.808920860290527], "logits": [NaN, NaN]}, "groundTruth": [0.0, 0.0]}, {"startTime": 15.0, "endTime": 20.0, "predictions": {"probabilities": [-9.352499961853027, -5.986855506896973], "logits": [NaN, NaN]}, "groundTruth": [0.0, 0.0]}]]}