{"modelName": "devise-220528-v0-ep33", "version": "1", "fileId": "89a417b6268d4f369d56b7af6b715de5", "classIds": ["Crex crex", "Scolopax rusticola"], "channels": [[{"startTime": 0.0, "endTime": 5.0, "predictions": {"probabilities": [8.898766282072756e-06, 5.343952125258511e-06], "logits": []}, "groundTruth": [0.0, 0.0]}, {"startTime": 5.0, "endTime": 10.0, "predictions": {"probabilities": [4.156778231845237e-06, 5.48657169474609e-07], "logits": []}, "groundTruth": [0.0, 0.0]}, {"startTime": 10.0, "endTime": 15.0, "predictions": {"probabilities": [4.065261691721389e-07, 7.9979781730799e-07], "logits": []}, "groundTruth": [0.0, 0.0]}, {"startTime": 15.0, "endTime": 20.0, "predictions": {"probabilities": [5.478012781168218e-07, 1.5284427945516654e-08], "logits": []}, "groundTruth": [0.0, 0.0]}]]}