{"modelName": "devise-220528-v0-ep33", "version": "1", "fileId": "89e98969f64e40a1a3731c82dbae258a", "classIds": ["Crex crex", "Scolopax rusticola"], "channels": [[{"startTime": 0.0, "endTime": 5.0, "predictions": {"probabilities": [1.2151110340141713e-08, 0.03183506056666374], "logits": []}, "groundTruth": [0.0, 0.0]}, {"startTime": 5.0, "endTime": 10.0, "predictions": {"probabilities": [9.625799046730776e-10, 8.364363091040161e-10], "logits": []}, "groundTruth": [0.0, 0.0]}, {"startTime": 10.0, "endTime": 15.0, "predictions": {"probabilities": [2.7281032544124173e-08, 7.209435807453701e-06], "logits": []}, "groundTruth": [0.0, 0.0]}, {"startTime": 15.0, "endTime": 20.0, "predictions": {"probabilities": [6.508723163278773e-05, 3.7698448522860417e-06], "logits": []}, "groundTruth": [0.0, 0.0]}]]}