{"modelName": "devise-220528-v0-ep33", "version": "1", "fileId": "8a699a8c54ac482a8c8d8dc41293c869", "classIds": ["Crex crex", "Scolopax rusticola"], "channels": [[{"startTime": 0.0, "endTime": 5.0, "predictions": {"probabilities": [-4.748232841491699, -9.66462230682373], "logits": [NaN, NaN]}, "groundTruth": [0.0, 0.0]}, {"startTime": 5.0, "endTime": 10.0, "predictions": {"probabilities": [-4.662187576293945, -13.272912979125977], "logits": [NaN, NaN]}, "groundTruth": [0.0, 0.0]}, {"startTime": 10.0, "endTime": 15.0, "predictions": {"probabilities": [-5.2430419921875, -8.914341926574707], "logits": [NaN, NaN]}, "groundTruth": [0.0, 0.0]}, {"startTime": 15.0, "endTime": 20.0, "predictions": {"probabilities": [-7.8176398277282715, -10.710946083068848], "logits": [NaN, NaN]}, "groundTruth": [0.0, 0.0]}]]}