{"modelName": "devise-220528-v0-ep33", "version": "1", "fileId": "8ac092d8db544e6faaed6e5a945b8400", "classIds": ["Crex crex", "Scolopax rusticola"], "channels": [[{"startTime": 0.0, "endTime": 5.0, "predictions": {"probabilities": [-10.287522315979004, -11.880889892578125], "logits": [NaN, NaN]}, "groundTruth": [0.0, 0.0]}, {"startTime": 5.0, "endTime": 10.0, "predictions": {"probabilities": [-13.282574653625488, -13.075030326843262], "logits": [NaN, NaN]}, "groundTruth": [0.0, 0.0]}, {"startTime": 10.0, "endTime": 15.0, "predictions": {"probabilities": [-12.719606399536133, -13.87537670135498], "logits": [NaN, NaN]}, "groundTruth": [0.0, 0.0]}, {"startTime": 15.0, "endTime": 20.0, "predictions": {"probabilities": [-13.179620742797852, -7.06657075881958], "logits": [NaN, NaN]}, "groundTruth": [0.0, 0.0]}]]}