{"modelName": "devise-220528-v0-ep33", "version": "1", "fileId": "8ac092d8db544e6faaed6e5a945b8400", "classIds": ["Crex crex", "Scolopax rusticola"], "channels": [[{"startTime": 0.0, "endTime": 5.0, "predictions": {"probabilities": [3.405422830837779e-05, 6.921370186319109e-06], "logits": []}, "groundTruth": [0.0, 0.0]}, {"startTime": 5.0, "endTime": 10.0, "predictions": {"probabilities": [1.7039245676642167e-06, 2.0969378056179266e-06], "logits": []}, "groundTruth": [0.0, 0.0]}, {"startTime": 10.0, "endTime": 15.0, "predictions": {"probabilities": [2.991877408931032e-06, 9.418897661817027e-07], "logits": []}, "groundTruth": [0.0, 0.0]}, {"startTime": 15.0, "endTime": 20.0, "predictions": {"probabilities": [1.8886985344579443e-06, 0.000852426455821842], "logits": []}, "groundTruth": [0.0, 0.0]}]]}