{"modelName": "devise-220528-v0-ep33", "version": "1", "fileId": "8c43f4c1486e4ec98f3bf40eb705e4be", "classIds": ["Crex crex", "Scolopax rusticola"], "channels": [[{"startTime": 0.0, "endTime": 5.0, "predictions": {"probabilities": [-9.237335205078125, -5.289658069610596], "logits": [NaN, NaN]}, "groundTruth": [0.0, 0.0]}, {"startTime": 5.0, "endTime": 10.0, "predictions": {"probabilities": [-10.154762268066406, -7.5214104652404785], "logits": [NaN, NaN]}, "groundTruth": [0.0, 0.0]}, {"startTime": 10.0, "endTime": 15.0, "predictions": {"probabilities": [-9.434256553649902, -5.1498308181762695], "logits": [NaN, NaN]}, "groundTruth": [0.0, 0.0]}, {"startTime": 15.0, "endTime": 20.0, "predictions": {"probabilities": [-8.497285842895508, -6.9837846755981445], "logits": [NaN, NaN]}, "groundTruth": [0.0, 0.0]}]]}