{"modelName": "devise-220528-v0-ep33", "version": "1", "fileId": "8c4fb4aa064448a9809406b9e19f262b", "classIds": ["Crex crex", "Scolopax rusticola"], "channels": [[{"startTime": 0.0, "endTime": 5.0, "predictions": {"probabilities": [9.825818096942385e-07, 0.9958939552307129], "logits": []}, "groundTruth": [0.0, 0.0]}, {"startTime": 5.0, "endTime": 10.0, "predictions": {"probabilities": [4.7398756919392326e-08, 1.0], "logits": []}, "groundTruth": [0.0, 0.0]}, {"startTime": 10.0, "endTime": 15.0, "predictions": {"probabilities": [1.6843206367411767e-06, 0.9999998807907104], "logits": []}, "groundTruth": [0.0, 0.0]}, {"startTime": 15.0, "endTime": 20.0, "predictions": {"probabilities": [2.51362089329632e-05, 0.0011705089127644897], "logits": []}, "groundTruth": [0.0, 0.0]}]]}