{"modelName": "devise-220528-v0-ep33", "version": "1", "fileId": "8cb33dba936c447295aae50ee49524bb", "classIds": ["Crex crex", "Scolopax rusticola"], "channels": [[{"startTime": 0.0, "endTime": 5.0, "predictions": {"probabilities": [2.6816820763997384e-08, 1.698243465853011e-07], "logits": []}, "groundTruth": [0.0, 1.0]}, {"startTime": 5.0, "endTime": 10.0, "predictions": {"probabilities": [3.15247816615738e-05, 0.05447786673903465], "logits": []}, "groundTruth": [0.0, 1.0]}, {"startTime": 10.0, "endTime": 15.0, "predictions": {"probabilities": [9.058007321982586e-08, 3.7767806659871894e-09], "logits": []}, "groundTruth": [0.0, 1.0]}, {"startTime": 11.0, "endTime": 16.0, "predictions": {"probabilities": [1.5932646135752293e-07, 2.900871320932197e-09], "logits": []}, "groundTruth": [0.0, 1.0]}]]}