{"modelName": "devise-220528-v0-ep33", "version": "1", "fileId": "8d09468ae84d4ae088f8baa1e75e438c", "classIds": ["Crex crex", "Scolopax rusticola"], "channels": [[{"startTime": 0.0, "endTime": 5.0, "predictions": {"probabilities": [-21.8631649017334, -24.65642547607422], "logits": [NaN, NaN]}, "groundTruth": [0.0, 0.0]}, {"startTime": 5.0, "endTime": 10.0, "predictions": {"probabilities": [-16.675458908081055, -8.988203048706055], "logits": [NaN, NaN]}, "groundTruth": [0.0, 0.0]}, {"startTime": 10.0, "endTime": 15.0, "predictions": {"probabilities": [-18.416885375976562, -20.879928588867188], "logits": [NaN, NaN]}, "groundTruth": [0.0, 0.0]}, {"startTime": 15.0, "endTime": 20.0, "predictions": {"probabilities": [-13.15087604522705, -15.496137619018555], "logits": [NaN, NaN]}, "groundTruth": [0.0, 0.0]}]]}