{"modelName": "devise-220528-v0-ep33", "version": "1", "fileId": "8d108622c3e8466888ea0cb27859000d", "classIds": ["Crex crex", "Scolopax rusticola"], "channels": [[{"startTime": 0.0, "endTime": 5.0, "predictions": {"probabilities": [-10.467061042785645, -9.70643138885498], "logits": [NaN, NaN]}, "groundTruth": [0.0, 0.0]}, {"startTime": 5.0, "endTime": 10.0, "predictions": {"probabilities": [-11.707898139953613, -9.300341606140137], "logits": [NaN, NaN]}, "groundTruth": [0.0, 0.0]}, {"startTime": 10.0, "endTime": 15.0, "predictions": {"probabilities": [-12.683645248413086, -9.313868522644043], "logits": [NaN, NaN]}, "groundTruth": [0.0, 0.0]}, {"startTime": 15.0, "endTime": 20.0, "predictions": {"probabilities": [-11.725885391235352, -8.916975975036621], "logits": [NaN, NaN]}, "groundTruth": [0.0, 0.0]}]]}