{"modelName": "devise-220528-v0-ep33", "version": "1", "fileId": "8d1bd10846394f85ba961644f8b436f5", "classIds": ["Crex crex", "Scolopax rusticola"], "channels": [[{"startTime": 0.0, "endTime": 5.0, "predictions": {"probabilities": [1.2322734619374387e-05, 0.00040012961835600436], "logits": []}, "groundTruth": [0.0, 0.0]}, {"startTime": 5.0, "endTime": 10.0, "predictions": {"probabilities": [1.2911583326058462e-05, 0.0003552698763087392], "logits": []}, "groundTruth": [0.0, 0.0]}, {"startTime": 10.0, "endTime": 15.0, "predictions": {"probabilities": [2.0448262148420326e-05, 0.0014620347646996379], "logits": []}, "groundTruth": [0.0, 0.0]}, {"startTime": 15.0, "endTime": 20.0, "predictions": {"probabilities": [1.8221129721496254e-05, 0.00014928662858437747], "logits": []}, "groundTruth": [0.0, 0.0]}]]}