{"modelName": "devise-220528-v0-ep33", "version": "1", "fileId": "8d1bd10846394f85ba961644f8b436f5", "classIds": ["Crex crex", "Scolopax rusticola"], "channels": [[{"startTime": 0.0, "endTime": 5.0, "predictions": {"probabilities": [-11.304052352905273, -7.82332181930542], "logits": [NaN, NaN]}, "groundTruth": [0.0, 0.0]}, {"startTime": 5.0, "endTime": 10.0, "predictions": {"probabilities": [-11.257372856140137, -7.942277431488037], "logits": [NaN, NaN]}, "groundTruth": [0.0, 0.0]}, {"startTime": 10.0, "endTime": 15.0, "predictions": {"probabilities": [-10.797592163085938, -6.526463031768799], "logits": [NaN, NaN]}, "groundTruth": [0.0, 0.0]}, {"startTime": 15.0, "endTime": 20.0, "predictions": {"probabilities": [-10.912910461425781, -8.809493064880371], "logits": [NaN, NaN]}, "groundTruth": [0.0, 0.0]}]]}