{"modelName": "devise-220528-v0-ep33", "version": "1", "fileId": "8d626958e8094dc18fcce6dcc2307022", "classIds": ["Crex crex", "Scolopax rusticola"], "channels": [[{"startTime": 0.0, "endTime": 5.0, "predictions": {"probabilities": [2.86922681169699e-08, 4.620696270052349e-09], "logits": []}, "groundTruth": [0.0, 0.0]}, {"startTime": 5.0, "endTime": 10.0, "predictions": {"probabilities": [7.263059131901173e-08, 6.429867767110409e-07], "logits": []}, "groundTruth": [0.0, 0.0]}, {"startTime": 10.0, "endTime": 15.0, "predictions": {"probabilities": [1.1530975143614342e-06, 4.20150625402016e-09], "logits": []}, "groundTruth": [0.0, 0.0]}, {"startTime": 14.0, "endTime": 19.0, "predictions": {"probabilities": [4.7152323645605065e-07, 6.925722217943076e-10], "logits": []}, "groundTruth": [0.0, 0.0]}]]}