{"modelName": "devise-220528-v0-ep33", "version": "1", "fileId": "8d8cf5cfb7554ca49820ae3796f6bc2a", "classIds": ["Crex crex", "Scolopax rusticola"], "channels": [[{"startTime": 0.0, "endTime": 5.0, "predictions": {"probabilities": [4.5650933033769547e-10, 1.575059940250867e-07], "logits": []}, "groundTruth": [0.0, 0.0]}, {"startTime": 5.0, "endTime": 10.0, "predictions": {"probabilities": [2.930948141965928e-07, 1.5559930943709332e-07], "logits": []}, "groundTruth": [0.0, 0.0]}, {"startTime": 10.0, "endTime": 15.0, "predictions": {"probabilities": [1.3065373423160054e-05, 0.00039833819027990103], "logits": []}, "groundTruth": [0.0, 0.0]}, {"startTime": 15.0, "endTime": 20.0, "predictions": {"probabilities": [2.4795248076969756e-09, 1.1914317622763182e-11], "logits": []}, "groundTruth": [0.0, 0.0]}]]}