{"modelName": "devise-220528-v0-ep33", "version": "1", "fileId": "8d8cf5cfb7554ca49820ae3796f6bc2a", "classIds": ["Crex crex", "Scolopax rusticola"], "channels": [[{"startTime": 0.0, "endTime": 5.0, "predictions": {"probabilities": [-21.50741195678711, -15.663802146911621], "logits": [NaN, NaN]}, "groundTruth": [0.0, 0.0]}, {"startTime": 5.0, "endTime": 10.0, "predictions": {"probabilities": [-15.042769432067871, -15.675981521606445], "logits": [NaN, NaN]}, "groundTruth": [0.0, 0.0]}, {"startTime": 10.0, "endTime": 15.0, "predictions": {"probabilities": [-11.245532035827637, -7.827810764312744], "logits": [NaN, NaN]}, "groundTruth": [0.0, 0.0]}, {"startTime": 15.0, "endTime": 20.0, "predictions": {"probabilities": [-19.81519889831543, -25.15328025817871], "logits": [NaN, NaN]}, "groundTruth": [0.0, 0.0]}]]}