{"modelName": "devise-220528-v0-ep33", "version": "1", "fileId": "8e2d785b6a4e41f2b2787e87b80e714e", "classIds": ["Crex crex", "Scolopax rusticola"], "channels": [[{"startTime": 0.0, "endTime": 5.0, "predictions": {"probabilities": [-11.62412166595459, -16.86852264404297], "logits": [NaN, NaN]}, "groundTruth": [0.0, 0.0]}, {"startTime": 5.0, "endTime": 10.0, "predictions": {"probabilities": [-10.200523376464844, -11.681968688964844], "logits": [NaN, NaN]}, "groundTruth": [0.0, 1.0]}, {"startTime": 8.0, "endTime": 13.0, "predictions": {"probabilities": [-10.22558307647705, -9.748943328857422], "logits": [NaN, NaN]}, "groundTruth": [0.0, 1.0]}]]}