{"modelName": "devise-220528-v0-ep33", "version": "1", "fileId": "8e2d785b6a4e41f2b2787e87b80e714e", "classIds": ["Crex crex", "Scolopax rusticola"], "channels": [[{"startTime": 0.0, "endTime": 5.0, "predictions": {"probabilities": [8.947551577875856e-06, 4.7216484944101467e-08], "logits": []}, "groundTruth": [0.0, 0.0]}, {"startTime": 5.0, "endTime": 10.0, "predictions": {"probabilities": [3.714948979904875e-05, 8.444652848993428e-06], "logits": []}, "groundTruth": [0.0, 1.0]}, {"startTime": 8.0, "endTime": 13.0, "predictions": {"probabilities": [3.6230136174708605e-05, 5.8352892665425315e-05], "logits": []}, "groundTruth": [0.0, 1.0]}]]}