{"modelName": "devise-220528-v0-ep33", "version": "1", "fileId": "8e6562c74f9e420783fefdce46a00855", "classIds": ["Crex crex", "Scolopax rusticola"], "channels": [[{"startTime": 0.0, "endTime": 5.0, "predictions": {"probabilities": [-11.213001251220703, -11.071352005004883], "logits": [NaN, NaN]}, "groundTruth": [0.0, 0.0]}, {"startTime": 5.0, "endTime": 10.0, "predictions": {"probabilities": [-17.911521911621094, -20.65458106994629], "logits": [NaN, NaN]}, "groundTruth": [0.0, 0.0]}, {"startTime": 10.0, "endTime": 15.0, "predictions": {"probabilities": [-6.207253456115723, -15.963680267333984], "logits": [NaN, NaN]}, "groundTruth": [0.0, 0.0]}, {"startTime": 15.0, "endTime": 20.0, "predictions": {"probabilities": [-7.468419551849365, -14.30708122253418], "logits": [NaN, NaN]}, "groundTruth": [0.0, 0.0]}]]}