{"modelName": "devise-220528-v0-ep33", "version": "1", "fileId": "8e6562c74f9e420783fefdce46a00855", "classIds": ["Crex crex", "Scolopax rusticola"], "channels": [[{"startTime": 0.0, "endTime": 5.0, "predictions": {"probabilities": [1.3497382497007493e-05, 1.555128073960077e-05], "logits": []}, "groundTruth": [0.0, 0.0]}, {"startTime": 5.0, "endTime": 10.0, "predictions": {"probabilities": [1.6638908917343542e-08, 1.071098543192761e-09], "logits": []}, "groundTruth": [0.0, 0.0]}, {"startTime": 10.0, "endTime": 15.0, "predictions": {"probabilities": [0.0020107124000787735, 1.1669754229615137e-07], "logits": []}, "groundTruth": [0.0, 0.0]}, {"startTime": 15.0, "endTime": 20.0, "predictions": {"probabilities": [0.000570504111237824, 6.116645749898453e-07], "logits": []}, "groundTruth": [0.0, 0.0]}]]}