{"modelName": "devise-220528-v0-ep33", "version": "1", "fileId": "8ed85e7759df461aa02d5a5febd4f540", "classIds": ["Crex crex", "Scolopax rusticola"], "channels": [[{"startTime": 0.0, "endTime": 5.0, "predictions": {"probabilities": [-12.156658172607422, -10.280762672424316], "logits": [NaN, NaN]}, "groundTruth": [0.0, 0.0]}, {"startTime": 5.0, "endTime": 10.0, "predictions": {"probabilities": [-12.363706588745117, -9.622713088989258], "logits": [NaN, NaN]}, "groundTruth": [0.0, 0.0]}, {"startTime": 10.0, "endTime": 15.0, "predictions": {"probabilities": [-13.06379508972168, -11.50034236907959], "logits": [NaN, NaN]}, "groundTruth": [0.0, 0.0]}, {"startTime": 15.0, "endTime": 20.0, "predictions": {"probabilities": [-14.871519088745117, 8.688241958618164], "logits": [NaN, NaN]}, "groundTruth": [0.0, 0.0]}]]}