{"modelName": "devise-220528-v0-ep33", "version": "1", "fileId": "8f10be23af134213847cb2bd1314d507", "classIds": ["Crex crex", "Scolopax rusticola"], "channels": [[{"startTime": 0.0, "endTime": 5.0, "predictions": {"probabilities": [-7.269646644592285, -8.359984397888184], "logits": [NaN, NaN]}, "groundTruth": [0.0, 0.0]}, {"startTime": 5.0, "endTime": 10.0, "predictions": {"probabilities": [-7.939687252044678, -8.53329086303711], "logits": [NaN, NaN]}, "groundTruth": [0.0, 0.0]}, {"startTime": 10.0, "endTime": 15.0, "predictions": {"probabilities": [-10.52630615234375, -6.233726978302002], "logits": [NaN, NaN]}, "groundTruth": [0.0, 0.0]}, {"startTime": 15.0, "endTime": 20.0, "predictions": {"probabilities": [-9.152753829956055, -7.628404140472412], "logits": [NaN, NaN]}, "groundTruth": [0.0, 0.0]}]]}