{"modelName": "devise-220528-v0-ep33", "version": "1", "fileId": "8f10be23af134213847cb2bd1314d507", "classIds": ["Crex crex", "Scolopax rusticola"], "channels": [[{"startTime": 0.0, "endTime": 5.0, "predictions": {"probabilities": [0.0006958734011277556, 0.0002339932252652943], "logits": []}, "groundTruth": [0.0, 0.0]}, {"startTime": 5.0, "endTime": 10.0, "predictions": {"probabilities": [0.00035619098343886435, 0.000196767519810237], "logits": []}, "groundTruth": [0.0, 0.0]}, {"startTime": 10.0, "endTime": 15.0, "predictions": {"probabilities": [2.682079684745986e-05, 0.001958283130079508], "logits": []}, "groundTruth": [0.0, 0.0]}, {"startTime": 15.0, "endTime": 20.0, "predictions": {"probabilities": [0.00010591647151159123, 0.00048620003508403897], "logits": []}, "groundTruth": [0.0, 0.0]}]]}