{"modelName": "devise-220528-v0-ep33", "version": "1", "fileId": "8f332823bb8c46189e43cac52348949b", "classIds": ["Crex crex", "Scolopax rusticola"], "channels": [[{"startTime": 0.0, "endTime": 5.0, "predictions": {"probabilities": [3.572135938156862e-07, 1.6715411277345993e-08], "logits": []}, "groundTruth": [0.0, 0.0]}, {"startTime": 5.0, "endTime": 10.0, "predictions": {"probabilities": [1.0472410394868348e-05, 9.260171296432418e-09], "logits": []}, "groundTruth": [0.0, 0.0]}, {"startTime": 10.0, "endTime": 15.0, "predictions": {"probabilities": [2.2689416709908983e-06, 3.2271557870444667e-07], "logits": []}, "groundTruth": [0.0, 0.0]}, {"startTime": 15.0, "endTime": 20.0, "predictions": {"probabilities": [1.6713661352696363e-06, 3.5452576430117233e-09], "logits": []}, "groundTruth": [0.0, 0.0]}]]}