{"modelName": "devise-220528-v0-ep33", "version": "1", "fileId": "8f3a26fe2ef5432fbc2b6c3f86bb055a", "classIds": ["Crex crex", "Scolopax rusticola"], "channels": [[{"startTime": 0.0, "endTime": 5.0, "predictions": {"probabilities": [4.404621734011016e-07, 6.915577159816166e-06], "logits": []}, "groundTruth": [0.0, 0.0]}, {"startTime": 5.0, "endTime": 10.0, "predictions": {"probabilities": [9.037166819325648e-06, 1.2472999060264556e-06], "logits": []}, "groundTruth": [0.0, 0.0]}, {"startTime": 10.0, "endTime": 15.0, "predictions": {"probabilities": [2.876015514630126e-06, 2.2268704924499616e-07], "logits": []}, "groundTruth": [0.0, 0.0]}, {"startTime": 15.0, "endTime": 20.0, "predictions": {"probabilities": [1.114660335588269e-05, 1.4787539839744568e-05], "logits": []}, "groundTruth": [0.0, 0.0]}]]}