{"modelName": "devise-220528-v0-ep33", "version": "1", "fileId": "8f3a26fe2ef5432fbc2b6c3f86bb055a", "classIds": ["Crex crex", "Scolopax rusticola"], "channels": [[{"startTime": 0.0, "endTime": 5.0, "predictions": {"probabilities": [-14.635440826416016, -11.88172721862793], "logits": [NaN, NaN]}, "groundTruth": [0.0, 0.0]}, {"startTime": 5.0, "endTime": 10.0, "predictions": {"probabilities": [-11.614155769348145, -13.594528198242188], "logits": [NaN, NaN]}, "groundTruth": [0.0, 0.0]}, {"startTime": 10.0, "endTime": 15.0, "predictions": {"probabilities": [-12.759101867675781, -15.317498207092285], "logits": [NaN, NaN]}, "groundTruth": [0.0, 0.0]}, {"startTime": 15.0, "endTime": 20.0, "predictions": {"probabilities": [-11.404364585876465, -11.121710777282715], "logits": [NaN, NaN]}, "groundTruth": [0.0, 0.0]}]]}