{"modelName": "devise-220528-v0-ep33", "version": "1", "fileId": "8f3b2ec6d2ff4beb9fa0568c06cfc660", "classIds": ["Crex crex", "Scolopax rusticola"], "channels": [[{"startTime": 0.0, "endTime": 5.0, "predictions": {"probabilities": [8.127296314341947e-05, 0.0015753762563690543], "logits": []}, "groundTruth": [0.0, 0.0]}, {"startTime": 5.0, "endTime": 10.0, "predictions": {"probabilities": [5.317345858202316e-05, 5.2309402235550806e-05], "logits": []}, "groundTruth": [0.0, 0.0]}, {"startTime": 10.0, "endTime": 15.0, "predictions": {"probabilities": [1.1589318091864698e-06, 4.967453787685372e-05], "logits": []}, "groundTruth": [0.0, 0.0]}, {"startTime": 15.0, "endTime": 20.0, "predictions": {"probabilities": [3.2222678783000447e-06, 5.673408850270789e-06], "logits": []}, "groundTruth": [0.0, 0.0]}]]}