{"modelName": "devise-220528-v0-ep33", "version": "1", "fileId": "8f3b2ec6d2ff4beb9fa0568c06cfc660", "classIds": ["Crex crex", "Scolopax rusticola"], "channels": [[{"startTime": 0.0, "endTime": 5.0, "predictions": {"probabilities": [-9.41761589050293, -6.451684474945068], "logits": [NaN, NaN]}, "groundTruth": [0.0, 0.0]}, {"startTime": 5.0, "endTime": 10.0, "predictions": {"probabilities": [-9.841897964477539, -9.858282089233398], "logits": [NaN, NaN]}, "groundTruth": [0.0, 0.0]}, {"startTime": 10.0, "endTime": 15.0, "predictions": {"probabilities": [-13.668010711669922, -9.909968376159668], "logits": [NaN, NaN]}, "groundTruth": [0.0, 0.0]}, {"startTime": 15.0, "endTime": 20.0, "predictions": {"probabilities": [-12.645421981811523, -12.07971477508545], "logits": [NaN, NaN]}, "groundTruth": [0.0, 0.0]}]]}