{"modelName": "devise-220528-v0-ep33", "version": "1", "fileId": "90cbac7a731843b88fff4f0a6bfbbc66", "classIds": ["Crex crex", "Scolopax rusticola"], "channels": [[{"startTime": 0.0, "endTime": 5.0, "predictions": {"probabilities": [-14.714486122131348, -5.5790696144104], "logits": [NaN, NaN]}, "groundTruth": [0.0, 1.0]}, {"startTime": 5.0, "endTime": 10.0, "predictions": {"probabilities": [-15.22462272644043, -4.560129165649414], "logits": [NaN, NaN]}, "groundTruth": [0.0, 1.0]}, {"startTime": 10.0, "endTime": 15.0, "predictions": {"probabilities": [-11.088468551635742, -1.7066755294799805], "logits": [NaN, NaN]}, "groundTruth": [0.0, 1.0]}, {"startTime": 12.0, "endTime": 17.0, "predictions": {"probabilities": [-10.526495933532715, 5.782566547393799], "logits": [NaN, NaN]}, "groundTruth": [0.0, 1.0]}]]}