{"modelName": "devise-220528-v0-ep33", "version": "1", "fileId": "91e39b1646034322a051950930972c85", "classIds": ["Crex crex", "Scolopax rusticola"], "channels": [[{"startTime": 0.0, "endTime": 5.0, "predictions": {"probabilities": [1.864141449914314e-05, 0.00015212700236588717], "logits": []}, "groundTruth": [0.0, 0.0]}, {"startTime": 5.0, "endTime": 10.0, "predictions": {"probabilities": [0.0001710558426566422, 0.0035698593128472567], "logits": []}, "groundTruth": [0.0, 0.0]}, {"startTime": 10.0, "endTime": 15.0, "predictions": {"probabilities": [6.768500315956771e-05, 0.3730691075325012], "logits": []}, "groundTruth": [0.0, 0.0]}, {"startTime": 15.0, "endTime": 20.0, "predictions": {"probabilities": [0.00012288203288335353, 0.0003909601946361363], "logits": []}, "groundTruth": [0.0, 0.0]}]]}