{"modelName": "devise-220528-v0-ep33", "version": "1", "fileId": "922a560685454b71ba2e43afcc82d3e3", "classIds": ["Crex crex", "Scolopax rusticola"], "channels": [[{"startTime": 0.0, "endTime": 5.0, "predictions": {"probabilities": [1.6197830632336263e-07, 0.00029858577181585133], "logits": []}, "groundTruth": [0.0, 0.0]}, {"startTime": 5.0, "endTime": 10.0, "predictions": {"probabilities": [4.543039437976404e-07, 3.8119626424304442e-06], "logits": []}, "groundTruth": [0.0, 0.0]}, {"startTime": 10.0, "endTime": 15.0, "predictions": {"probabilities": [1.2205747168536618e-07, 0.014864983037114143], "logits": []}, "groundTruth": [0.0, 0.0]}, {"startTime": 15.0, "endTime": 20.0, "predictions": {"probabilities": [2.837988176906947e-06, 6.3499255702481605e-06], "logits": []}, "groundTruth": [0.0, 0.0]}]]}