{"modelName": "devise-220528-v0-ep33", "version": "1", "fileId": "9234a7dc027c4d748364e41f6f38ca88", "classIds": ["Crex crex", "Scolopax rusticola"], "channels": [[{"startTime": 0.0, "endTime": 5.0, "predictions": {"probabilities": [-15.647226333618164, -17.683998107910156], "logits": [NaN, NaN]}, "groundTruth": [0.0, 0.0]}, {"startTime": 5.0, "endTime": 10.0, "predictions": {"probabilities": [-14.001931190490723, -9.448352813720703], "logits": [NaN, NaN]}, "groundTruth": [0.0, 0.0]}, {"startTime": 10.0, "endTime": 15.0, "predictions": {"probabilities": [-11.030787467956543, -5.265254974365234], "logits": [NaN, NaN]}, "groundTruth": [0.0, 0.0]}, {"startTime": 15.0, "endTime": 20.0, "predictions": {"probabilities": [-16.043258666992188, -12.55151653289795], "logits": [NaN, NaN]}, "groundTruth": [0.0, 0.0]}]]}