{"modelName": "devise-220528-v0-ep33", "version": "1", "fileId": "9362a74618214dcea60919d812f809a7", "classIds": ["Crex crex", "Scolopax rusticola"], "channels": [[{"startTime": 0.0, "endTime": 5.0, "predictions": {"probabilities": [-11.350236892700195, -6.488650798797607], "logits": [NaN, NaN]}, "groundTruth": [0.0, 0.0]}, {"startTime": 5.0, "endTime": 10.0, "predictions": {"probabilities": [-10.246053695678711, -6.271846771240234], "logits": [NaN, NaN]}, "groundTruth": [0.0, 0.0]}, {"startTime": 10.0, "endTime": 15.0, "predictions": {"probabilities": [-10.122336387634277, -7.16865873336792], "logits": [NaN, NaN]}, "groundTruth": [0.0, 0.0]}, {"startTime": 15.0, "endTime": 20.0, "predictions": {"probabilities": [-13.153629302978516, 5.4140944480896], "logits": [NaN, NaN]}, "groundTruth": [0.0, 0.0]}]]}