{"modelName": "devise-220528-v0-ep33", "version": "1", "fileId": "93b24c28d3b3417fa121961a3f501360", "classIds": ["Crex crex", "Scolopax rusticola"], "channels": [[{"startTime": 0.0, "endTime": 5.0, "predictions": {"probabilities": [-8.181047439575195, -7.407930850982666], "logits": [NaN, NaN]}, "groundTruth": [0.0, 0.0]}, {"startTime": 5.0, "endTime": 10.0, "predictions": {"probabilities": [-10.670997619628906, -6.825078964233398], "logits": [NaN, NaN]}, "groundTruth": [0.0, 0.0]}, {"startTime": 10.0, "endTime": 15.0, "predictions": {"probabilities": [-11.568750381469727, -8.251486778259277], "logits": [NaN, NaN]}, "groundTruth": [0.0, 0.0]}, {"startTime": 15.0, "endTime": 20.0, "predictions": {"probabilities": [-7.514183044433594, -6.704451084136963], "logits": [NaN, NaN]}, "groundTruth": [0.0, 0.0]}]]}