{"modelName": "devise-220528-v0-ep33", "version": "1", "fileId": "93d63f6fb90d4c46a7fd11bace7055c1", "classIds": ["Crex crex", "Scolopax rusticola"], "channels": [[{"startTime": 0.0, "endTime": 5.0, "predictions": {"probabilities": [3.09862980429898e-06, 0.9900428056716919], "logits": []}, "groundTruth": [0.0, 1.0]}, {"startTime": 5.0, "endTime": 10.0, "predictions": {"probabilities": [0.007980153895914555, 0.18025143444538116], "logits": []}, "groundTruth": [0.0, 1.0]}, {"startTime": 10.0, "endTime": 15.0, "predictions": {"probabilities": [0.00011741160415112972, 4.765752692037495e-06], "logits": []}, "groundTruth": [0.0, 1.0]}, {"startTime": 12.0, "endTime": 17.0, "predictions": {"probabilities": [0.001114001963287592, 0.015102720819413662], "logits": []}, "groundTruth": [0.0, 1.0]}]]}