{"modelName": "devise-220528-v0-ep33", "version": "1", "fileId": "93f1cc63dcad49ea9d739c3001ae7e1b", "classIds": ["Crex crex", "Scolopax rusticola"], "channels": [[{"startTime": 0.0, "endTime": 5.0, "predictions": {"probabilities": [5.016199224883167e-07, 0.0003347907913848758], "logits": []}, "groundTruth": [0.0, 0.0]}, {"startTime": 5.0, "endTime": 10.0, "predictions": {"probabilities": [1.7318525351583958e-05, 6.28176931058988e-05], "logits": []}, "groundTruth": [0.0, 0.0]}, {"startTime": 10.0, "endTime": 15.0, "predictions": {"probabilities": [8.857786326643691e-08, 3.971356132836945e-09], "logits": []}, "groundTruth": [0.0, 0.0]}, {"startTime": 15.0, "endTime": 20.0, "predictions": {"probabilities": [6.189093255670741e-06, 9.947124453901779e-06], "logits": []}, "groundTruth": [0.0, 0.0]}]]}