{"modelName": "devise-220528-v0-ep33", "version": "1", "fileId": "9401d1b520fb4258aa26ba2873db82c4", "classIds": ["Crex crex", "Scolopax rusticola"], "channels": [[{"startTime": 0.0, "endTime": 5.0, "predictions": {"probabilities": [-12.96316909790039, -13.7398042678833], "logits": [NaN, NaN]}, "groundTruth": [0.0, 0.0]}, {"startTime": 5.0, "endTime": 10.0, "predictions": {"probabilities": [-12.846136093139648, -9.619704246520996], "logits": [NaN, NaN]}, "groundTruth": [0.0, 0.0]}, {"startTime": 10.0, "endTime": 15.0, "predictions": {"probabilities": [-14.665044784545898, -13.047539710998535], "logits": [NaN, NaN]}, "groundTruth": [0.0, 0.0]}, {"startTime": 15.0, "endTime": 20.0, "predictions": {"probabilities": [-10.983784675598145, -5.251859188079834], "logits": [NaN, NaN]}, "groundTruth": [0.0, 0.0]}]]}