{"modelName": "devise-220528-v0-ep33", "version": "1", "fileId": "9435ee6fc1ef4d7c8fd169b6f9a55748", "classIds": ["Crex crex", "Scolopax rusticola"], "channels": [[{"startTime": 0.0, "endTime": 5.0, "predictions": {"probabilities": [-1.0017303228378296, -8.442551612854004], "logits": [NaN, NaN]}, "groundTruth": [0.0, 0.0]}, {"startTime": 5.0, "endTime": 10.0, "predictions": {"probabilities": [-0.24802646040916443, -12.407113075256348], "logits": [NaN, NaN]}, "groundTruth": [0.0, 0.0]}, {"startTime": 10.0, "endTime": 15.0, "predictions": {"probabilities": [-7.457451343536377, -2.8591394424438477], "logits": [NaN, NaN]}, "groundTruth": [0.0, 0.0]}, {"startTime": 15.0, "endTime": 20.0, "predictions": {"probabilities": [-9.916568756103516, -9.198710441589355], "logits": [NaN, NaN]}, "groundTruth": [0.0, 0.0]}]]}