{"modelName": "devise-220528-v0-ep33", "version": "1", "fileId": "947bff26e8c743b49d180578943d94a6", "classIds": ["Crex crex", "Scolopax rusticola"], "channels": [[{"startTime": 0.0, "endTime": 5.0, "predictions": {"probabilities": [9.974576187232742e-07, 0.045117005705833435], "logits": []}, "groundTruth": [0.0, 1.0]}, {"startTime": 5.0, "endTime": 10.0, "predictions": {"probabilities": [1.3568756003223825e-06, 0.9999957084655762], "logits": []}, "groundTruth": [0.0, 1.0]}, {"startTime": 8.0, "endTime": 13.0, "predictions": {"probabilities": [2.6489709853194654e-05, 0.030877050012350082], "logits": []}, "groundTruth": [0.0, 1.0]}]]}