{"modelName": "devise-220528-v0-ep33", "version": "1", "fileId": "94c5c417c3b241e2af3b78b836969334", "classIds": ["Crex crex", "Scolopax rusticola"], "channels": [[{"startTime": 0.0, "endTime": 5.0, "predictions": {"probabilities": [4.2611245589796454e-05, 4.168385657976614e-06], "logits": []}, "groundTruth": [0.0, 0.0]}, {"startTime": 5.0, "endTime": 10.0, "predictions": {"probabilities": [9.369670550540832e-08, 8.410139429315677e-08], "logits": []}, "groundTruth": [0.0, 0.0]}, {"startTime": 10.0, "endTime": 15.0, "predictions": {"probabilities": [6.462686087616021e-06, 1.439129704294828e-07], "logits": []}, "groundTruth": [0.0, 0.0]}, {"startTime": 15.0, "endTime": 20.0, "predictions": {"probabilities": [1.6641519096083357e-07, 4.899426642168692e-09], "logits": []}, "groundTruth": [0.0, 0.0]}]]}