{"modelName": "devise-220528-v0-ep33", "version": "1", "fileId": "9505ac728851423abed5fe8767f93f9b", "classIds": ["Crex crex", "Scolopax rusticola"], "channels": [[{"startTime": 0.0, "endTime": 5.0, "predictions": {"probabilities": [1.2226765022660402e-07, 7.383657418813527e-08], "logits": []}, "groundTruth": [0.0, 0.0]}, {"startTime": 5.0, "endTime": 10.0, "predictions": {"probabilities": [1.0918183761532418e-06, 8.303605682158377e-06], "logits": []}, "groundTruth": [0.0, 0.0]}, {"startTime": 10.0, "endTime": 15.0, "predictions": {"probabilities": [1.5214349957659579e-07, 0.00037938891910016537], "logits": []}, "groundTruth": [0.0, 0.0]}, {"startTime": 15.0, "endTime": 20.0, "predictions": {"probabilities": [9.120100912696216e-06, 5.962253908364801e-06], "logits": []}, "groundTruth": [0.0, 0.0]}]]}