{"modelName": "devise-220528-v0-ep33", "version": "1", "fileId": "9505ac728851423abed5fe8767f93f9b", "classIds": ["Crex crex", "Scolopax rusticola"], "channels": [[{"startTime": 0.0, "endTime": 5.0, "predictions": {"probabilities": [-15.91705322265625, -16.421411514282227], "logits": [NaN, NaN]}, "groundTruth": [0.0, 0.0]}, {"startTime": 5.0, "endTime": 10.0, "predictions": {"probabilities": [-13.727664947509766, -11.698812484741211], "logits": [NaN, NaN]}, "groundTruth": [0.0, 0.0]}, {"startTime": 10.0, "endTime": 15.0, "predictions": {"probabilities": [-15.698441505432129, -7.8765692710876465], "logits": [NaN, NaN]}, "groundTruth": [0.0, 0.0]}, {"startTime": 15.0, "endTime": 20.0, "predictions": {"probabilities": [-11.605020523071289, -12.03005599975586], "logits": [NaN, NaN]}, "groundTruth": [0.0, 0.0]}]]}