{"modelName": "devise-220528-v0-ep33", "version": "1", "fileId": "951289abf6524afe8fa8d9b2af18229c", "classIds": ["Crex crex", "Scolopax rusticola"], "channels": [[{"startTime": 0.0, "endTime": 5.0, "predictions": {"probabilities": [0.00016299838898703456, 0.0016726729227229953], "logits": []}, "groundTruth": [0.0, 0.0]}, {"startTime": 5.0, "endTime": 10.0, "predictions": {"probabilities": [0.0011672698892652988, 0.005316939204931259], "logits": []}, "groundTruth": [0.0, 0.0]}, {"startTime": 10.0, "endTime": 15.0, "predictions": {"probabilities": [0.00033128433278761804, 0.02118641883134842], "logits": []}, "groundTruth": [0.0, 0.0]}, {"startTime": 15.0, "endTime": 20.0, "predictions": {"probabilities": [0.00013216353545431048, 0.0010439114412292838], "logits": []}, "groundTruth": [0.0, 0.0]}]]}