{"modelName": "devise-220528-v0-ep33", "version": "1", "fileId": "9514aa539d6d4eccbbdb4425e230ade1", "classIds": ["Crex crex", "Scolopax rusticola"], "channels": [[{"startTime": 0.0, "endTime": 5.0, "predictions": {"probabilities": [-12.101417541503906, -1.3562253713607788], "logits": [NaN, NaN]}, "groundTruth": [0.0, 0.0]}, {"startTime": 5.0, "endTime": 10.0, "predictions": {"probabilities": [-9.093441009521484, -11.383027076721191], "logits": [NaN, NaN]}, "groundTruth": [0.0, 0.0]}, {"startTime": 10.0, "endTime": 15.0, "predictions": {"probabilities": [-10.35391902923584, -10.042695999145508], "logits": [NaN, NaN]}, "groundTruth": [0.0, 0.0]}]]}