{"modelName": "devise-220528-v0-ep33", "version": "1", "fileId": "959a866a90c9401f9a0f5202b3b37eab", "classIds": ["Crex crex", "Scolopax rusticola"], "channels": [[{"startTime": 0.0, "endTime": 5.0, "predictions": {"probabilities": [9.442776354262605e-05, 0.010309127159416676], "logits": []}, "groundTruth": [0.0, 1.0]}, {"startTime": 4.0, "endTime": 9.0, "predictions": {"probabilities": [1.0458917131472845e-05, 0.003690637880936265], "logits": []}, "groundTruth": [0.0, 1.0]}]]}