{"modelName": "devise-220528-v0-ep33", "version": "1", "fileId": "95b9d016da0d4c36ab8343668d4d0c91", "classIds": ["Crex crex", "Scolopax rusticola"], "channels": [[{"startTime": 0.0, "endTime": 5.0, "predictions": {"probabilities": [-19.141033172607422, -20.30632209777832], "logits": [NaN, NaN]}, "groundTruth": [0.0, 0.0]}, {"startTime": 5.0, "endTime": 10.0, "predictions": {"probabilities": [-17.007883071899414, -16.205608367919922], "logits": [NaN, NaN]}, "groundTruth": [0.0, 0.0]}, {"startTime": 10.0, "endTime": 15.0, "predictions": {"probabilities": [-16.33441162109375, -17.8165225982666], "logits": [NaN, NaN]}, "groundTruth": [0.0, 0.0]}, {"startTime": 15.0, "endTime": 20.0, "predictions": {"probabilities": [-11.663091659545898, -5.702667713165283], "logits": [NaN, NaN]}, "groundTruth": [0.0, 0.0]}]]}