{"modelName": "devise-220528-v0-ep33", "version": "1", "fileId": "95b9d016da0d4c36ab8343668d4d0c91", "classIds": ["Crex crex", "Scolopax rusticola"], "channels": [[{"startTime": 0.0, "endTime": 5.0, "predictions": {"probabilities": [4.8658073126262025e-09, 1.5173171608040548e-09], "logits": []}, "groundTruth": [0.0, 0.0]}, {"startTime": 5.0, "endTime": 10.0, "predictions": {"probabilities": [4.1074308398947323e-08, 9.162071989976539e-08], "logits": []}, "groundTruth": [0.0, 0.0]}, {"startTime": 10.0, "endTime": 15.0, "predictions": {"probabilities": [8.054806954760352e-08, 1.8297113157927924e-08], "logits": []}, "groundTruth": [0.0, 0.0]}, {"startTime": 15.0, "endTime": 20.0, "predictions": {"probabilities": [8.605575203546323e-06, 0.0033259522169828415], "logits": []}, "groundTruth": [0.0, 0.0]}]]}