{"modelName": "devise-220528-v0-ep33", "version": "1", "fileId": "960da8c7e32d4108855e193812ec44ec", "classIds": ["Crex crex", "Scolopax rusticola"], "channels": [[{"startTime": 0.0, "endTime": 5.0, "predictions": {"probabilities": [2.8133983505540527e-05, 0.0007841853657737374], "logits": []}, "groundTruth": [0.0, 0.0]}, {"startTime": 5.0, "endTime": 10.0, "predictions": {"probabilities": [4.517429624684155e-05, 0.003568787593394518], "logits": []}, "groundTruth": [0.0, 0.0]}, {"startTime": 10.0, "endTime": 15.0, "predictions": {"probabilities": [3.696339626912959e-05, 0.002557008992880583], "logits": []}, "groundTruth": [0.0, 0.0]}, {"startTime": 15.0, "endTime": 20.0, "predictions": {"probabilities": [6.2065114434517454e-06, 0.004161241929978132], "logits": []}, "groundTruth": [0.0, 0.0]}]]}