{"modelName": "devise-220528-v0-ep33", "version": "1", "fileId": "96240cac3e3344538ccac32c0f9002ab", "classIds": ["Crex crex", "Scolopax rusticola"], "channels": [[{"startTime": 0.0, "endTime": 5.0, "predictions": {"probabilities": [6.976586632845283e-07, 1.6706551832612604e-05], "logits": []}, "groundTruth": [0.0, 0.0]}, {"startTime": 5.0, "endTime": 10.0, "predictions": {"probabilities": [6.440699280574336e-07, 4.684056875703391e-06], "logits": []}, "groundTruth": [0.0, 0.0]}, {"startTime": 10.0, "endTime": 15.0, "predictions": {"probabilities": [3.7654757534255623e-07, 1.8312127849640092e-06], "logits": []}, "groundTruth": [0.0, 0.0]}, {"startTime": 15.0, "endTime": 20.0, "predictions": {"probabilities": [1.1266214414717979e-06, 6.618883617193205e-06], "logits": []}, "groundTruth": [0.0, 0.0]}]]}