{"modelName": "devise-220528-v0-ep33", "version": "1", "fileId": "9653f2555a1c425584c2acf3401d05f4", "classIds": ["Crex crex", "Scolopax rusticola"], "channels": [[{"startTime": 0.0, "endTime": 5.0, "predictions": {"probabilities": [-9.935141563415527, -7.94443416595459], "logits": [NaN, NaN]}, "groundTruth": [0.0, 0.0]}, {"startTime": 5.0, "endTime": 10.0, "predictions": {"probabilities": [-13.811159133911133, -10.417339324951172], "logits": [NaN, NaN]}, "groundTruth": [0.0, 0.0]}, {"startTime": 10.0, "endTime": 15.0, "predictions": {"probabilities": [-10.550564765930176, -10.102581977844238], "logits": [NaN, NaN]}, "groundTruth": [0.0, 0.0]}, {"startTime": 15.0, "endTime": 20.0, "predictions": {"probabilities": [-10.566079139709473, -11.242576599121094], "logits": [NaN, NaN]}, "groundTruth": [0.0, 0.0]}]]}