{"modelName": "devise-220528-v0-ep33", "version": "1", "fileId": "967a19cb31024594ab203a8ee49987a5", "classIds": ["Crex crex", "Scolopax rusticola"], "channels": [[{"startTime": 0.0, "endTime": 5.0, "predictions": {"probabilities": [-18.890512466430664, -12.97935962677002], "logits": [NaN, NaN]}, "groundTruth": [0.0, 0.0]}, {"startTime": 5.0, "endTime": 10.0, "predictions": {"probabilities": [-18.853599548339844, -21.48343276977539], "logits": [NaN, NaN]}, "groundTruth": [0.0, 0.0]}, {"startTime": 10.0, "endTime": 15.0, "predictions": {"probabilities": [-15.62513256072998, -20.58315658569336], "logits": [NaN, NaN]}, "groundTruth": [0.0, 0.0]}, {"startTime": 15.0, "endTime": 20.0, "predictions": {"probabilities": [-18.144826889038086, -23.81617546081543], "logits": [NaN, NaN]}, "groundTruth": [0.0, 0.0]}]]}