{"modelName": "devise-220528-v0-ep33", "version": "1", "fileId": "9815e739735f40248beea104bc9bc390", "classIds": ["Crex crex", "Scolopax rusticola"], "channels": [[{"startTime": 0.0, "endTime": 5.0, "predictions": {"probabilities": [-9.09899616241455, -3.2016398906707764], "logits": [NaN, NaN]}, "groundTruth": [0.0, 0.0]}, {"startTime": 5.0, "endTime": 10.0, "predictions": {"probabilities": [-6.238597869873047, -6.124790668487549], "logits": [NaN, NaN]}, "groundTruth": [0.0, 0.0]}, {"startTime": 10.0, "endTime": 15.0, "predictions": {"probabilities": [-8.33971118927002, -4.9961395263671875], "logits": [NaN, NaN]}, "groundTruth": [0.0, 0.0]}, {"startTime": 15.0, "endTime": 20.0, "predictions": {"probabilities": [-12.552525520324707, -12.8277587890625], "logits": [NaN, NaN]}, "groundTruth": [0.0, 0.0]}]]}