{"modelName": "devise-220528-v0-ep33", "version": "1", "fileId": "984c769cfbc448cc938c308bad12dc1e", "classIds": ["Crex crex", "Scolopax rusticola"], "channels": [[{"startTime": 0.0, "endTime": 5.0, "predictions": {"probabilities": [1.8087794160237536e-06, 2.166817921533948e-06], "logits": []}, "groundTruth": [0.0, 0.0]}, {"startTime": 5.0, "endTime": 10.0, "predictions": {"probabilities": [8.162697895386373e-08, 5.805644676115662e-08], "logits": []}, "groundTruth": [0.0, 0.0]}, {"startTime": 10.0, "endTime": 15.0, "predictions": {"probabilities": [1.160653823717439e-06, 2.7980049708276056e-06], "logits": []}, "groundTruth": [0.0, 0.0]}, {"startTime": 15.0, "endTime": 20.0, "predictions": {"probabilities": [5.907720151299145e-06, 7.440012268489227e-05], "logits": []}, "groundTruth": [0.0, 0.0]}]]}