{"modelName": "devise-220528-v0-ep33", "version": "1", "fileId": "98fdb390d31740499d8089c575178088", "classIds": ["Crex crex", "Scolopax rusticola"], "channels": [[{"startTime": 0.0, "endTime": 5.0, "predictions": {"probabilities": [5.301346755004488e-05, 0.00020541173580568284], "logits": []}, "groundTruth": [0.0, 0.0]}, {"startTime": 5.0, "endTime": 10.0, "predictions": {"probabilities": [2.3268116819963325e-06, 0.06560377031564713], "logits": []}, "groundTruth": [0.0, 0.0]}, {"startTime": 10.0, "endTime": 15.0, "predictions": {"probabilities": [0.00010055249731522053, 0.0012754506897181273], "logits": []}, "groundTruth": [0.0, 0.0]}, {"startTime": 15.0, "endTime": 20.0, "predictions": {"probabilities": [0.0001456477039027959, 0.011224332265555859], "logits": []}, "groundTruth": [0.0, 0.0]}]]}