{"modelName": "devise-220528-v0-ep33", "version": "1", "fileId": "99007d1f4478462496ede32b5f46582e", "classIds": ["Crex crex", "Scolopax rusticola"], "channels": [[{"startTime": 0.0, "endTime": 5.0, "predictions": {"probabilities": [-13.497963905334473, -12.733572006225586], "logits": [NaN, NaN]}, "groundTruth": [0.0, 0.0]}, {"startTime": 5.0, "endTime": 10.0, "predictions": {"probabilities": [-14.844749450683594, -10.275278091430664], "logits": [NaN, NaN]}, "groundTruth": [0.0, 0.0]}, {"startTime": 10.0, "endTime": 15.0, "predictions": {"probabilities": [-16.403522491455078, -15.636713027954102], "logits": [NaN, NaN]}, "groundTruth": [0.0, 0.0]}, {"startTime": 15.0, "endTime": 20.0, "predictions": {"probabilities": [-14.396627426147461, -9.512751579284668], "logits": [NaN, NaN]}, "groundTruth": [0.0, 0.0]}]]}