{"modelName": "devise-220528-v0-ep33", "version": "1", "fileId": "99007d1f4478462496ede32b5f46582e", "classIds": ["Crex crex", "Scolopax rusticola"], "channels": [[{"startTime": 0.0, "endTime": 5.0, "predictions": {"probabilities": [1.373751388200617e-06, 2.9503846690204227e-06], "logits": []}, "groundTruth": [0.0, 0.0]}, {"startTime": 5.0, "endTime": 10.0, "predictions": {"probabilities": [3.572786511085724e-07, 3.447374183451757e-05], "logits": []}, "groundTruth": [0.0, 0.0]}, {"startTime": 10.0, "endTime": 15.0, "predictions": {"probabilities": [7.516933209217314e-08, 1.6183101081423956e-07], "logits": []}, "groundTruth": [0.0, 0.0]}, {"startTime": 15.0, "endTime": 20.0, "predictions": {"probabilities": [5.592730758507969e-07, 7.389795064227656e-05], "logits": []}, "groundTruth": [0.0, 0.0]}]]}