{"modelName": "devise-220528-v0-ep33", "version": "1", "fileId": "9916ef41ec124180b531a8e03c8bf1e4", "classIds": ["Crex crex", "Scolopax rusticola"], "channels": [[{"startTime": 0.0, "endTime": 5.0, "predictions": {"probabilities": [1.3030702348260093e-06, 2.108123771904502e-05], "logits": []}, "groundTruth": [0.0, 0.0]}, {"startTime": 5.0, "endTime": 10.0, "predictions": {"probabilities": [2.5949455562113144e-07, 2.442522202272812e-07], "logits": []}, "groundTruth": [0.0, 0.0]}, {"startTime": 10.0, "endTime": 15.0, "predictions": {"probabilities": [3.4688900640844622e-09, 1.8911936461307732e-09], "logits": []}, "groundTruth": [0.0, 0.0]}, {"startTime": 15.0, "endTime": 20.0, "predictions": {"probabilities": [1.2016005712212063e-05, 3.2894768082769588e-06], "logits": []}, "groundTruth": [0.0, 0.0]}]]}