{"modelName": "devise-220528-v0-ep33", "version": "1", "fileId": "9916ef41ec124180b531a8e03c8bf1e4", "classIds": ["Crex crex", "Scolopax rusticola"], "channels": [[{"startTime": 0.0, "endTime": 5.0, "predictions": {"probabilities": [-13.550786018371582, -10.767106056213379], "logits": [NaN, NaN]}, "groundTruth": [0.0, 0.0]}, {"startTime": 5.0, "endTime": 10.0, "predictions": {"probabilities": [-15.164529800415039, -15.225064277648926], "logits": [NaN, NaN]}, "groundTruth": [0.0, 0.0]}, {"startTime": 10.0, "endTime": 15.0, "predictions": {"probabilities": [-19.47943115234375, -20.086057662963867], "logits": [NaN, NaN]}, "groundTruth": [0.0, 0.0]}, {"startTime": 15.0, "endTime": 20.0, "predictions": {"probabilities": [-11.329258918762207, -12.624778747558594], "logits": [NaN, NaN]}, "groundTruth": [0.0, 0.0]}]]}