{"modelName": "devise-220528-v0-ep33", "version": "1", "fileId": "9a0b1911a1654923a488f557a0d02226", "classIds": ["Crex crex", "Scolopax rusticola"], "channels": [[{"startTime": 0.0, "endTime": 5.0, "predictions": {"probabilities": [-8.269160270690918, -2.5222418308258057], "logits": [NaN, NaN]}, "groundTruth": [0.0, 0.0]}, {"startTime": 5.0, "endTime": 10.0, "predictions": {"probabilities": [-10.956637382507324, -2.5898067951202393], "logits": [NaN, NaN]}, "groundTruth": [0.0, 1.0]}, {"startTime": 10.0, "endTime": 15.0, "predictions": {"probabilities": [-10.228778839111328, -3.362597942352295], "logits": [NaN, NaN]}, "groundTruth": [0.0, 1.0]}, {"startTime": 11.0, "endTime": 16.0, "predictions": {"probabilities": [-9.683204650878906, -9.008466720581055], "logits": [NaN, NaN]}, "groundTruth": [0.0, 0.0]}]]}