{"modelName": "devise-220528-v0-ep33", "version": "1", "fileId": "9a3819c060ff402d8b29b0c0fb4cedd1", "classIds": ["Crex crex", "Scolopax rusticola"], "channels": [[{"startTime": 0.0, "endTime": 5.0, "predictions": {"probabilities": [2.5460708457103465e-06, 0.9999732971191406], "logits": []}, "groundTruth": [0.0, 0.0]}, {"startTime": 5.0, "endTime": 10.0, "predictions": {"probabilities": [2.0237396256561624e-06, 0.9999998807907104], "logits": []}, "groundTruth": [0.0, 0.0]}, {"startTime": 10.0, "endTime": 15.0, "predictions": {"probabilities": [4.496067731452058e-07, 0.9991662502288818], "logits": []}, "groundTruth": [0.0, 0.0]}, {"startTime": 15.0, "endTime": 20.0, "predictions": {"probabilities": [1.8790629837894812e-05, 0.004363824147731066], "logits": []}, "groundTruth": [0.0, 0.0]}]]}