{"modelName": "devise-220528-v0-ep33", "version": "1", "fileId": "9a3819c060ff402d8b29b0c0fb4cedd1", "classIds": ["Crex crex", "Scolopax rusticola"], "channels": [[{"startTime": 0.0, "endTime": 5.0, "predictions": {"probabilities": [-12.880956649780273, 10.532217979431152], "logits": [NaN, NaN]}, "groundTruth": [0.0, 0.0]}, {"startTime": 5.0, "endTime": 10.0, "predictions": {"probabilities": [-13.11056137084961, 15.581465721130371], "logits": [NaN, NaN]}, "groundTruth": [0.0, 0.0]}, {"startTime": 10.0, "endTime": 15.0, "predictions": {"probabilities": [-14.61489200592041, 7.0886688232421875], "logits": [NaN, NaN]}, "groundTruth": [0.0, 0.0]}, {"startTime": 15.0, "endTime": 20.0, "predictions": {"probabilities": [-10.882133483886719, -5.430033206939697], "logits": [NaN, NaN]}, "groundTruth": [0.0, 0.0]}]]}