{"modelName": "devise-220528-v0-ep33", "version": "1", "fileId": "9abf7cd87fbf4f3b80c419b1c3c8c818", "classIds": ["Crex crex", "Scolopax rusticola"], "channels": [[{"startTime": 0.0, "endTime": 5.0, "predictions": {"probabilities": [-16.768526077270508, -20.951152801513672], "logits": [NaN, NaN]}, "groundTruth": [0.0, 0.0]}, {"startTime": 5.0, "endTime": 10.0, "predictions": {"probabilities": [-17.0611629486084, -22.326656341552734], "logits": [NaN, NaN]}, "groundTruth": [0.0, 0.0]}, {"startTime": 10.0, "endTime": 15.0, "predictions": {"probabilities": [-16.519733428955078, -19.941364288330078], "logits": [NaN, NaN]}, "groundTruth": [0.0, 0.0]}, {"startTime": 15.0, "endTime": 20.0, "predictions": {"probabilities": [-13.269092559814453, -21.003284454345703], "logits": [NaN, NaN]}, "groundTruth": [0.0, 0.0]}]]}