{"modelName": "devise-220528-v0-ep33", "version": "1", "fileId": "9ac3086f1dc24e7f9aa799d8fdbfa666", "classIds": ["Crex crex", "Scolopax rusticola"], "channels": [[{"startTime": 0.0, "endTime": 5.0, "predictions": {"probabilities": [1.1047156931454083e-06, 3.849577115033753e-05], "logits": []}, "groundTruth": [0.0, 0.0]}, {"startTime": 5.0, "endTime": 10.0, "predictions": {"probabilities": [2.1142855075595435e-06, 6.696501486658235e-07], "logits": []}, "groundTruth": [0.0, 0.0]}, {"startTime": 10.0, "endTime": 15.0, "predictions": {"probabilities": [1.001873002337561e-07, 7.228108245271869e-08], "logits": []}, "groundTruth": [0.0, 0.0]}, {"startTime": 15.0, "endTime": 20.0, "predictions": {"probabilities": [2.3435429739038227e-06, 0.09411690384149551], "logits": []}, "groundTruth": [0.0, 0.0]}]]}