{"modelName": "devise-220528-v0-ep33", "version": "1", "fileId": "9b5d014636aa4d7daff1c0505f86a2ce", "classIds": ["Crex crex", "Scolopax rusticola"], "channels": [[{"startTime": 0.0, "endTime": 5.0, "predictions": {"probabilities": [-12.908219337463379, -11.687420845031738], "logits": [NaN, NaN]}, "groundTruth": [0.0, 0.0]}, {"startTime": 5.0, "endTime": 10.0, "predictions": {"probabilities": [-10.291037559509277, -8.552881240844727], "logits": [NaN, NaN]}, "groundTruth": [0.0, 0.0]}, {"startTime": 10.0, "endTime": 15.0, "predictions": {"probabilities": [-12.847588539123535, 3.9191646575927734], "logits": [NaN, NaN]}, "groundTruth": [0.0, 0.0]}, {"startTime": 15.0, "endTime": 20.0, "predictions": {"probabilities": [-11.06622314453125, -8.129158020019531], "logits": [NaN, NaN]}, "groundTruth": [0.0, 0.0]}]]}