{"modelName": "devise-220528-v0-ep33", "version": "1", "fileId": "9b93eba368754ef8b9598116ec1ae8f6", "classIds": ["Crex crex", "Scolopax rusticola"], "channels": [[{"startTime": 0.0, "endTime": 5.0, "predictions": {"probabilities": [2.1795137854496716e-06, 0.9877365231513977], "logits": []}, "groundTruth": [0.0, 0.0]}, {"startTime": 5.0, "endTime": 10.0, "predictions": {"probabilities": [9.496947939169331e-08, 0.9999992847442627], "logits": []}, "groundTruth": [0.0, 1.0]}, {"startTime": 10.0, "endTime": 15.0, "predictions": {"probabilities": [1.0107404335713e-07, 0.9999998807907104], "logits": []}, "groundTruth": [0.0, 1.0]}, {"startTime": 13.0, "endTime": 18.0, "predictions": {"probabilities": [1.8656444353837287e-06, 0.8120381832122803], "logits": []}, "groundTruth": [0.0, 0.0]}]]}