{"modelName": "devise-220528-v0-ep33", "version": "1", "fileId": "9bbb4e4614fd4bfa9e99c8c7c6f29e3b", "classIds": ["Crex crex", "Scolopax rusticola"], "channels": [[{"startTime": 0.0, "endTime": 5.0, "predictions": {"probabilities": [-14.21031665802002, 12.6769437789917], "logits": [NaN, NaN]}, "groundTruth": [0.0, 0.0]}, {"startTime": 5.0, "endTime": 10.0, "predictions": {"probabilities": [-13.682001113891602, 6.013762474060059], "logits": [NaN, NaN]}, "groundTruth": [0.0, 0.0]}, {"startTime": 10.0, "endTime": 15.0, "predictions": {"probabilities": [-14.720052719116211, -12.959888458251953], "logits": [NaN, NaN]}, "groundTruth": [0.0, 0.0]}, {"startTime": 13.0, "endTime": 18.0, "predictions": {"probabilities": [-15.395735740661621, -10.492157936096191], "logits": [NaN, NaN]}, "groundTruth": [0.0, 0.0]}]]}