{"modelName": "devise-220528-v0-ep33", "version": "1", "fileId": "9bbb4e4614fd4bfa9e99c8c7c6f29e3b", "classIds": ["Crex crex", "Scolopax rusticola"], "channels": [[{"startTime": 0.0, "endTime": 5.0, "predictions": {"probabilities": [6.738102342751517e-07, 0.9999969005584717], "logits": []}, "groundTruth": [0.0, 0.0]}, {"startTime": 5.0, "endTime": 10.0, "predictions": {"probabilities": [1.1428307971073082e-06, 0.9975610971450806], "logits": []}, "groundTruth": [0.0, 0.0]}, {"startTime": 10.0, "endTime": 15.0, "predictions": {"probabilities": [4.047269612783566e-07, 2.3528320980403805e-06], "logits": []}, "groundTruth": [0.0, 0.0]}, {"startTime": 13.0, "endTime": 18.0, "predictions": {"probabilities": [2.0592868565927347e-07, 2.7752470487030223e-05], "logits": []}, "groundTruth": [0.0, 0.0]}]]}