{"modelName": "devise-220528-v0-ep33", "version": "1", "fileId": "9bd70a5552d74635974616fd8b82500c", "classIds": ["Crex crex", "Scolopax rusticola"], "channels": [[{"startTime": 0.0, "endTime": 5.0, "predictions": {"probabilities": [-17.512840270996094, -21.69126319885254], "logits": [NaN, NaN]}, "groundTruth": [0.0, 0.0]}, {"startTime": 5.0, "endTime": 10.0, "predictions": {"probabilities": [-15.157130241394043, -14.86546516418457], "logits": [NaN, NaN]}, "groundTruth": [0.0, 0.0]}, {"startTime": 10.0, "endTime": 15.0, "predictions": {"probabilities": [-13.421245574951172, -8.802083015441895], "logits": [NaN, NaN]}, "groundTruth": [0.0, 0.0]}, {"startTime": 15.0, "endTime": 20.0, "predictions": {"probabilities": [-16.497774124145508, -12.662704467773438], "logits": [NaN, NaN]}, "groundTruth": [0.0, 0.0]}]]}