{"modelName": "devise-220528-v0-ep33", "version": "1", "fileId": "9bf14a4ea40d48bb8076483722905dca", "classIds": ["Crex crex", "Scolopax rusticola"], "channels": [[{"startTime": 0.0, "endTime": 5.0, "predictions": {"probabilities": [3.4170600571314935e-08, 3.739089152077213e-05], "logits": []}, "groundTruth": [0.0, 1.0]}, {"startTime": 5.0, "endTime": 10.0, "predictions": {"probabilities": [6.480718184320722e-08, 0.9997506737709045], "logits": []}, "groundTruth": [0.0, 1.0]}, {"startTime": 8.0, "endTime": 13.0, "predictions": {"probabilities": [2.2287371947982137e-08, 0.03361886739730835], "logits": []}, "groundTruth": [0.0, 1.0]}]]}