{"modelName": "devise-220528-v0-ep33", "version": "1", "fileId": "9bfd203e119b48069b90767ab0e4c5e2", "classIds": ["Crex crex", "Scolopax rusticola"], "channels": [[{"startTime": 0.0, "endTime": 5.0, "predictions": {"probabilities": [-16.22606658935547, -18.292011260986328], "logits": [NaN, NaN]}, "groundTruth": [0.0, 0.0]}, {"startTime": 5.0, "endTime": 10.0, "predictions": {"probabilities": [-19.066692352294922, -21.969579696655273], "logits": [NaN, NaN]}, "groundTruth": [0.0, 0.0]}, {"startTime": 10.0, "endTime": 15.0, "predictions": {"probabilities": [-15.557639122009277, -16.918678283691406], "logits": [NaN, NaN]}, "groundTruth": [0.0, 0.0]}, {"startTime": 15.0, "endTime": 20.0, "predictions": {"probabilities": [-15.557467460632324, -21.978174209594727], "logits": [NaN, NaN]}, "groundTruth": [0.0, 0.0]}]]}