{"modelName": "devise-220528-v0-ep33", "version": "1", "fileId": "9c278adff4bf41de9aa5916381ffbf44", "classIds": ["Crex crex", "Scolopax rusticola"], "channels": [[{"startTime": 0.0, "endTime": 5.0, "predictions": {"probabilities": [1.4538680659370584e-07, 1.1086145335070796e-08], "logits": []}, "groundTruth": [0.0, 0.0]}, {"startTime": 5.0, "endTime": 10.0, "predictions": {"probabilities": [3.86587817047257e-06, 2.2037582869671724e-09], "logits": []}, "groundTruth": [0.0, 0.0]}, {"startTime": 10.0, "endTime": 15.0, "predictions": {"probabilities": [1.0930216376436874e-06, 8.816685159729332e-10], "logits": []}, "groundTruth": [0.0, 0.0]}, {"startTime": 15.0, "endTime": 20.0, "predictions": {"probabilities": [2.552171807224113e-08, 1.662660634171864e-11], "logits": []}, "groundTruth": [0.0, 0.0]}]]}