{"modelName": "devise-220528-v0-ep33", "version": "1", "fileId": "9c992925cc7e41f885d097ea24c72385", "classIds": ["Crex crex", "Scolopax rusticola"], "channels": [[{"startTime": 0.0, "endTime": 5.0, "predictions": {"probabilities": [-15.486085891723633, -22.592382431030273], "logits": [NaN, NaN]}, "groundTruth": [0.0, 0.0]}, {"startTime": 5.0, "endTime": 10.0, "predictions": {"probabilities": [-16.858606338500977, -16.823671340942383], "logits": [NaN, NaN]}, "groundTruth": [0.0, 0.0]}, {"startTime": 10.0, "endTime": 15.0, "predictions": {"probabilities": [-14.37946605682373, -22.739927291870117], "logits": [NaN, NaN]}, "groundTruth": [0.0, 0.0]}, {"startTime": 15.0, "endTime": 20.0, "predictions": {"probabilities": [-14.869330406188965, -20.89476776123047], "logits": [NaN, NaN]}, "groundTruth": [0.0, 0.0]}]]}