{"modelName": "devise-220528-v0-ep33", "version": "1", "fileId": "9c992925cc7e41f885d097ea24c72385", "classIds": ["Crex crex", "Scolopax rusticola"], "channels": [[{"startTime": 0.0, "endTime": 5.0, "predictions": {"probabilities": [1.8813875612977426e-07, 1.5425986876760334e-10], "logits": []}, "groundTruth": [0.0, 0.0]}, {"startTime": 5.0, "endTime": 10.0, "predictions": {"probabilities": [4.768702766000388e-08, 4.9382414601950586e-08], "logits": []}, "groundTruth": [0.0, 0.0]}, {"startTime": 10.0, "endTime": 15.0, "predictions": {"probabilities": [5.689537942998868e-07, 1.330990873071869e-10], "logits": []}, "groundTruth": [0.0, 0.0]}, {"startTime": 15.0, "endTime": 20.0, "predictions": {"probabilities": [3.4860346431742073e-07, 8.423985953243118e-10], "logits": []}, "groundTruth": [0.0, 0.0]}]]}