{"modelName": "devise-220528-v0-ep33", "version": "1", "fileId": "9cb74f883db8454da6b1710f1bdcc3dc", "classIds": ["Crex crex", "Scolopax rusticola"], "channels": [[{"startTime": 0.0, "endTime": 5.0, "predictions": {"probabilities": [1.2604100447788369e-06, 1.512788912805263e-06], "logits": []}, "groundTruth": [0.0, 0.0]}, {"startTime": 5.0, "endTime": 10.0, "predictions": {"probabilities": [3.28693822666537e-05, 0.0004233050858601928], "logits": []}, "groundTruth": [0.0, 0.0]}, {"startTime": 10.0, "endTime": 15.0, "predictions": {"probabilities": [8.50441756483633e-06, 1.4997376638348214e-05], "logits": []}, "groundTruth": [0.0, 0.0]}, {"startTime": 15.0, "endTime": 20.0, "predictions": {"probabilities": [2.279727517873198e-09, 3.640871631960252e-11], "logits": []}, "groundTruth": [0.0, 0.0]}]]}