{"modelName": "devise-220528-v0-ep33", "version": "1", "fileId": "9e278f1780894d8daf4a4a5cae0cb11a", "classIds": ["Crex crex", "Scolopax rusticola"], "channels": [[{"startTime": 0.0, "endTime": 5.0, "predictions": {"probabilities": [7.849183748476207e-05, 4.233086325911017e-09], "logits": []}, "groundTruth": [0.0, 0.0]}, {"startTime": 5.0, "endTime": 10.0, "predictions": {"probabilities": [4.3224164869570814e-07, 3.4831263207024676e-08], "logits": []}, "groundTruth": [0.0, 0.0]}, {"startTime": 10.0, "endTime": 15.0, "predictions": {"probabilities": [9.007508197100833e-06, 0.000931446033064276], "logits": []}, "groundTruth": [0.0, 0.0]}, {"startTime": 15.0, "endTime": 20.0, "predictions": {"probabilities": [1.135753819880847e-07, 2.0314860904591114e-10], "logits": []}, "groundTruth": [0.0, 0.0]}]]}