{"modelName": "devise-220528-v0-ep33", "version": "1", "fileId": "9e278f1780894d8daf4a4a5cae0cb11a", "classIds": ["Crex crex", "Scolopax rusticola"], "channels": [[{"startTime": 0.0, "endTime": 5.0, "predictions": {"probabilities": [-9.452437400817871, -19.28033447265625], "logits": [NaN, NaN]}, "groundTruth": [0.0, 0.0]}, {"startTime": 5.0, "endTime": 10.0, "predictions": {"probabilities": [-14.654280662536621, -17.17275047302246], "logits": [NaN, NaN]}, "groundTruth": [0.0, 0.0]}, {"startTime": 10.0, "endTime": 15.0, "predictions": {"probabilities": [-11.617443084716797, -6.977840423583984], "logits": [NaN, NaN]}, "groundTruth": [0.0, 0.0]}, {"startTime": 15.0, "endTime": 20.0, "predictions": {"probabilities": [-15.990798950195312, -22.31708335876465], "logits": [NaN, NaN]}, "groundTruth": [0.0, 0.0]}]]}