{"modelName": "devise-220528-v0-ep33", "version": "1", "fileId": "9e3729f470b24d9b8701fd8def77551b", "classIds": ["Crex crex", "Scolopax rusticola"], "channels": [[{"startTime": 0.0, "endTime": 5.0, "predictions": {"probabilities": [6.230255866768175e-09, 9.358685701399416e-12], "logits": []}, "groundTruth": [0.0, 0.0]}, {"startTime": 5.0, "endTime": 10.0, "predictions": {"probabilities": [4.2898957985926245e-07, 1.3097292139718775e-09], "logits": []}, "groundTruth": [0.0, 0.0]}, {"startTime": 10.0, "endTime": 15.0, "predictions": {"probabilities": [1.1002792632552882e-07, 7.345525227719918e-05], "logits": []}, "groundTruth": [0.0, 0.0]}, {"startTime": 15.0, "endTime": 20.0, "predictions": {"probabilities": [1.5040353673612117e-07, 3.1545133083454857e-07], "logits": []}, "groundTruth": [0.0, 0.0]}]]}