{"modelName": "devise-220528-v0-ep33", "version": "1", "fileId": "9e9b368205e5494ba86bb3fdf1370964", "classIds": ["Crex crex", "Scolopax rusticola"], "channels": [[{"startTime": 0.0, "endTime": 5.0, "predictions": {"probabilities": [1.9472606709314277e-06, 1.878303947933091e-07], "logits": []}, "groundTruth": [0.0, 0.0]}, {"startTime": 5.0, "endTime": 10.0, "predictions": {"probabilities": [1.9727373000932857e-05, 6.609133561141789e-05], "logits": []}, "groundTruth": [0.0, 0.0]}, {"startTime": 10.0, "endTime": 15.0, "predictions": {"probabilities": [1.977011550025054e-07, 1.208728122037428e-07], "logits": []}, "groundTruth": [0.0, 0.0]}, {"startTime": 15.0, "endTime": 20.0, "predictions": {"probabilities": [1.1758419532270636e-05, 0.010674046352505684], "logits": []}, "groundTruth": [0.0, 0.0]}]]}