{"modelName": "devise-220528-v0-ep33", "version": "1", "fileId": "9ecba398aabe4f5a9feda9e9b2846b78", "classIds": ["Crex crex", "Scolopax rusticola"], "channels": [[{"startTime": 0.0, "endTime": 5.0, "predictions": {"probabilities": [-11.321929931640625, -2.352678060531616], "logits": [NaN, NaN]}, "groundTruth": [0.0, 0.0]}, {"startTime": 5.0, "endTime": 10.0, "predictions": {"probabilities": [-12.056571006774902, -11.317946434020996], "logits": [NaN, NaN]}, "groundTruth": [0.0, 0.0]}, {"startTime": 10.0, "endTime": 15.0, "predictions": {"probabilities": [-12.048188209533691, -10.686366081237793], "logits": [NaN, NaN]}, "groundTruth": [0.0, 0.0]}, {"startTime": 15.0, "endTime": 20.0, "predictions": {"probabilities": [-12.350752830505371, -11.23089599609375], "logits": [NaN, NaN]}, "groundTruth": [0.0, 0.0]}]]}