{"modelName": "devise-220528-v0-ep33", "version": "1", "fileId": "9ed66200eb474908b9408e5bbd31619c", "classIds": ["Crex crex", "Scolopax rusticola"], "channels": [[{"startTime": 0.0, "endTime": 5.0, "predictions": {"probabilities": [6.034837269908166e-07, 3.490006292850012e-07], "logits": []}, "groundTruth": [0.0, 0.0]}, {"startTime": 5.0, "endTime": 10.0, "predictions": {"probabilities": [7.719300043618205e-08, 1.9993825262076825e-08], "logits": []}, "groundTruth": [0.0, 0.0]}, {"startTime": 10.0, "endTime": 15.0, "predictions": {"probabilities": [5.508071581061813e-07, 7.621877529118137e-08], "logits": []}, "groundTruth": [0.0, 0.0]}, {"startTime": 15.0, "endTime": 20.0, "predictions": {"probabilities": [6.473406301665818e-06, 6.242008112167241e-06], "logits": []}, "groundTruth": [0.0, 0.0]}]]}