{"modelName": "devise-220528-v0-ep33", "version": "1", "fileId": "9eed57f196224d5385746d62b2989fb4", "classIds": ["Crex crex", "Scolopax rusticola"], "channels": [[{"startTime": 0.0, "endTime": 5.0, "predictions": {"probabilities": [-17.13603973388672, -21.816614151000977], "logits": [NaN, NaN]}, "groundTruth": [0.0, 0.0]}, {"startTime": 5.0, "endTime": 10.0, "predictions": {"probabilities": [-14.545592308044434, -18.7926082611084], "logits": [NaN, NaN]}, "groundTruth": [0.0, 0.0]}, {"startTime": 10.0, "endTime": 15.0, "predictions": {"probabilities": [-17.217727661132812, -17.413883209228516], "logits": [NaN, NaN]}, "groundTruth": [0.0, 0.0]}, {"startTime": 15.0, "endTime": 20.0, "predictions": {"probabilities": [-12.637300491333008, -18.334575653076172], "logits": [NaN, NaN]}, "groundTruth": [0.0, 0.0]}]]}