{"modelName": "devise-220528-v0-ep33", "version": "1", "fileId": "9f403fbcaa8541fa8c06cb25a481d3b2", "classIds": ["Crex crex", "Scolopax rusticola"], "channels": [[{"startTime": 0.0, "endTime": 5.0, "predictions": {"probabilities": [1.2064390375599032e-06, 6.202020813361742e-06], "logits": []}, "groundTruth": [0.0, 0.0]}, {"startTime": 5.0, "endTime": 10.0, "predictions": {"probabilities": [1.3725869507652533e-07, 2.9422308145399256e-08], "logits": []}, "groundTruth": [0.0, 0.0]}, {"startTime": 10.0, "endTime": 15.0, "predictions": {"probabilities": [3.198040587903961e-08, 1.6062631402746774e-07], "logits": []}, "groundTruth": [0.0, 0.0]}, {"startTime": 15.0, "endTime": 20.0, "predictions": {"probabilities": [6.899069262544799e-07, 0.48477721214294434], "logits": []}, "groundTruth": [0.0, 0.0]}]]}