{"modelName": "devise-220528-v0-ep33", "version": "1", "fileId": "9f403fbcaa8541fa8c06cb25a481d3b2", "classIds": ["Crex crex", "Scolopax rusticola"], "channels": [[{"startTime": 0.0, "endTime": 5.0, "predictions": {"probabilities": [-13.627836227416992, -11.990629196166992], "logits": [NaN, NaN]}, "groundTruth": [0.0, 0.0]}, {"startTime": 5.0, "endTime": 10.0, "predictions": {"probabilities": [-15.801398277282715, -17.34151268005371], "logits": [NaN, NaN]}, "groundTruth": [0.0, 0.0]}, {"startTime": 10.0, "endTime": 15.0, "predictions": {"probabilities": [-17.258142471313477, -15.644185066223145], "logits": [NaN, NaN]}, "groundTruth": [0.0, 0.0]}, {"startTime": 15.0, "endTime": 20.0, "predictions": {"probabilities": [-14.186708450317383, -0.06091000884771347], "logits": [NaN, NaN]}, "groundTruth": [0.0, 0.0]}]]}