{"modelName": "devise-220528-v0-ep33", "version": "1", "fileId": "a029871bca3f43af9a5ca4877b9ab5f3", "classIds": ["Crex crex", "Scolopax rusticola"], "channels": [[{"startTime": 0.0, "endTime": 5.0, "predictions": {"probabilities": [-15.169468879699707, -14.250021934509277], "logits": [NaN, NaN]}, "groundTruth": [0.0, 0.0]}, {"startTime": 5.0, "endTime": 10.0, "predictions": {"probabilities": [-13.007671356201172, -7.108709335327148], "logits": [NaN, NaN]}, "groundTruth": [0.0, 0.0]}, {"startTime": 10.0, "endTime": 15.0, "predictions": {"probabilities": [-14.115479469299316, -9.449130058288574], "logits": [NaN, NaN]}, "groundTruth": [0.0, 0.0]}, {"startTime": 15.0, "endTime": 20.0, "predictions": {"probabilities": [-10.978074073791504, -7.343740940093994], "logits": [NaN, NaN]}, "groundTruth": [0.0, 0.0]}]]}