{"modelName": "devise-220528-v0-ep33", "version": "1", "fileId": "a03ecc4bd64a4883ab90fd0493b50355", "classIds": ["Crex crex", "Scolopax rusticola"], "channels": [[{"startTime": 0.0, "endTime": 5.0, "predictions": {"probabilities": [5.73180805076845e-05, 0.00011385998368496075], "logits": []}, "groundTruth": [0.0, 0.0]}, {"startTime": 5.0, "endTime": 10.0, "predictions": {"probabilities": [3.933454536309e-06, 2.1216426830505952e-05], "logits": []}, "groundTruth": [0.0, 0.0]}, {"startTime": 10.0, "endTime": 15.0, "predictions": {"probabilities": [3.2140362691279734e-06, 3.075957647524774e-05], "logits": []}, "groundTruth": [0.0, 0.0]}, {"startTime": 15.0, "endTime": 20.0, "predictions": {"probabilities": [4.195277142571285e-06, 4.498694124777103e-06], "logits": []}, "groundTruth": [0.0, 0.0]}]]}