{"modelName": "devise-220528-v0-ep33", "version": "1", "fileId": "a0ed03fcbc384d7fb53f480afda010e9", "classIds": ["Crex crex", "Scolopax rusticola"], "channels": [[{"startTime": 0.0, "endTime": 5.0, "predictions": {"probabilities": [8.96973006092594e-07, 0.000291434524115175], "logits": []}, "groundTruth": [0.0, 0.0]}, {"startTime": 5.0, "endTime": 10.0, "predictions": {"probabilities": [4.503140735323541e-05, 0.05315998196601868], "logits": []}, "groundTruth": [0.0, 0.0]}, {"startTime": 10.0, "endTime": 15.0, "predictions": {"probabilities": [2.8690331532743585e-07, 2.1516127617360326e-06], "logits": []}, "groundTruth": [0.0, 0.0]}, {"startTime": 15.0, "endTime": 20.0, "predictions": {"probabilities": [1.748512477206532e-05, 3.932148956664605e-06], "logits": []}, "groundTruth": [0.0, 0.0]}]]}