{"modelName": "devise-220528-v0-ep33", "version": "1", "fileId": "a1301a5bddd749a8ab74df1b71a4bb4a", "classIds": ["Crex crex", "Scolopax rusticola"], "channels": [[{"startTime": 0.0, "endTime": 5.0, "predictions": {"probabilities": [-11.250377655029297, -5.962759971618652], "logits": [NaN, NaN]}, "groundTruth": [0.0, 0.0]}, {"startTime": 5.0, "endTime": 10.0, "predictions": {"probabilities": [-12.039019584655762, -5.49924373626709], "logits": [NaN, NaN]}, "groundTruth": [0.0, 0.0]}, {"startTime": 10.0, "endTime": 15.0, "predictions": {"probabilities": [-11.368577003479004, -8.884248733520508], "logits": [NaN, NaN]}, "groundTruth": [0.0, 0.0]}, {"startTime": 15.0, "endTime": 20.0, "predictions": {"probabilities": [-10.335155487060547, -6.958165645599365], "logits": [NaN, NaN]}, "groundTruth": [0.0, 0.0]}]]}