{"modelName": "devise-220528-v0-ep33", "version": "1", "fileId": "a1301a5bddd749a8ab74df1b71a4bb4a", "classIds": ["Crex crex", "Scolopax rusticola"], "channels": [[{"startTime": 0.0, "endTime": 5.0, "predictions": {"probabilities": [1.300221720157424e-05, 0.0025661990512162447], "logits": []}, "groundTruth": [0.0, 0.0]}, {"startTime": 5.0, "endTime": 10.0, "predictions": {"probabilities": [5.909050287300488e-06, 0.004073204472661018], "logits": []}, "groundTruth": [0.0, 0.0]}, {"startTime": 10.0, "endTime": 15.0, "predictions": {"probabilities": [1.155273275799118e-05, 0.00013853503332939], "logits": []}, "groundTruth": [0.0, 0.0]}, {"startTime": 15.0, "endTime": 20.0, "predictions": {"probabilities": [3.247019412810914e-05, 0.0009499358711764216], "logits": []}, "groundTruth": [0.0, 0.0]}]]}