{"modelName": "devise-220528-v0-ep33", "version": "1", "fileId": "a2325f92f7ed4b76b8d9604883226ef8", "classIds": ["Crex crex", "Scolopax rusticola"], "channels": [[{"startTime": 0.0, "endTime": 5.0, "predictions": {"probabilities": [-16.91879653930664, -4.300031661987305], "logits": [NaN, NaN]}, "groundTruth": [0.0, 0.0]}, {"startTime": 5.0, "endTime": 10.0, "predictions": {"probabilities": [-15.387810707092285, 5.366657257080078], "logits": [NaN, NaN]}, "groundTruth": [0.0, 0.0]}, {"startTime": 10.0, "endTime": 15.0, "predictions": {"probabilities": [-13.100181579589844, -17.611370086669922], "logits": [NaN, NaN]}, "groundTruth": [0.0, 0.0]}, {"startTime": 15.0, "endTime": 20.0, "predictions": {"probabilities": [-10.50308609008789, -9.48731803894043], "logits": [NaN, NaN]}, "groundTruth": [0.0, 0.0]}]]}