{"modelName": "devise-220528-v0-ep33", "version": "1", "fileId": "a2838ff5ef0b4373b11312541ec7b27f", "classIds": ["Crex crex", "Scolopax rusticola"], "channels": [[{"startTime": 0.0, "endTime": 5.0, "predictions": {"probabilities": [2.5178216674248688e-05, 0.0002418163203401491], "logits": []}, "groundTruth": [0.0, 0.0]}, {"startTime": 5.0, "endTime": 10.0, "predictions": {"probabilities": [0.0001477026380598545, 9.571126429364085e-05], "logits": []}, "groundTruth": [0.0, 0.0]}, {"startTime": 10.0, "endTime": 15.0, "predictions": {"probabilities": [7.36485599190928e-05, 0.002836312633007765], "logits": []}, "groundTruth": [0.0, 0.0]}, {"startTime": 15.0, "endTime": 20.0, "predictions": {"probabilities": [2.8888838642160408e-05, 0.9355749487876892], "logits": []}, "groundTruth": [0.0, 0.0]}]]}