{"modelName": "devise-220528-v0-ep33", "version": "1", "fileId": "a292bfef1f344b13b02f0e8a6540fa7b", "classIds": ["Crex crex", "Scolopax rusticola"], "channels": [[{"startTime": 0.0, "endTime": 5.0, "predictions": {"probabilities": [-15.600751876831055, -0.29842740297317505], "logits": [NaN, NaN]}, "groundTruth": [0.0, 1.0]}, {"startTime": 5.0, "endTime": 10.0, "predictions": {"probabilities": [-16.161392211914062, -13.775189399719238], "logits": [NaN, NaN]}, "groundTruth": [0.0, 0.0]}, {"startTime": 10.0, "endTime": 15.0, "predictions": {"probabilities": [-15.047661781311035, 22.434438705444336], "logits": [NaN, NaN]}, "groundTruth": [0.0, 1.0]}, {"startTime": 14.0, "endTime": 19.0, "predictions": {"probabilities": [-19.51503562927246, 20.12930679321289], "logits": [NaN, NaN]}, "groundTruth": [0.0, 1.0]}]]}