{"modelName": "devise-220528-v0-ep33", "version": "1", "fileId": "a3788938e61d45069bda7256a2654d8b", "classIds": ["Crex crex", "Scolopax rusticola"], "channels": [[{"startTime": 0.0, "endTime": 5.0, "predictions": {"probabilities": [-12.806355476379395, -16.19365119934082], "logits": [NaN, NaN]}, "groundTruth": [0.0, 0.0]}, {"startTime": 5.0, "endTime": 10.0, "predictions": {"probabilities": [-11.486356735229492, -8.66903305053711], "logits": [NaN, NaN]}, "groundTruth": [0.0, 0.0]}, {"startTime": 10.0, "endTime": 15.0, "predictions": {"probabilities": [-12.899493217468262, -15.94962215423584], "logits": [NaN, NaN]}, "groundTruth": [0.0, 0.0]}, {"startTime": 15.0, "endTime": 20.0, "predictions": {"probabilities": [-12.020745277404785, -12.253499984741211], "logits": [NaN, NaN]}, "groundTruth": [0.0, 0.0]}]]}