{"modelName": "devise-220528-v0-ep33", "version": "1", "fileId": "a37ae86506794861accee7dad974c241", "classIds": ["Crex crex", "Scolopax rusticola"], "channels": [[{"startTime": 0.0, "endTime": 5.0, "predictions": {"probabilities": [0.0005888178129680455, 0.00014335880405269563], "logits": []}, "groundTruth": [0.0, 0.0]}, {"startTime": 5.0, "endTime": 10.0, "predictions": {"probabilities": [0.00010843848576769233, 0.0006259059882722795], "logits": []}, "groundTruth": [0.0, 0.0]}, {"startTime": 10.0, "endTime": 15.0, "predictions": {"probabilities": [0.0034256409853696823, 3.569030923245009e-06], "logits": []}, "groundTruth": [0.0, 0.0]}, {"startTime": 15.0, "endTime": 20.0, "predictions": {"probabilities": [0.0005170368240214884, 0.00022331072250381112], "logits": []}, "groundTruth": [0.0, 0.0]}]]}