{"modelName": "devise-220528-v0-ep33", "version": "1", "fileId": "a4c76d4a1e2d4eab9bf623f4d2b7f74d", "classIds": ["Crex crex", "Scolopax rusticola"], "channels": [[{"startTime": 0.0, "endTime": 5.0, "predictions": {"probabilities": [1.3248191432779777e-09, 4.0952699564833495e-10], "logits": []}, "groundTruth": [0.0, 0.0]}, {"startTime": 5.0, "endTime": 10.0, "predictions": {"probabilities": [5.4422919504304446e-08, 4.5782929530835403e-11], "logits": []}, "groundTruth": [0.0, 0.0]}, {"startTime": 10.0, "endTime": 15.0, "predictions": {"probabilities": [1.0074652436742326e-06, 5.931651836377227e-10], "logits": []}, "groundTruth": [0.0, 0.0]}, {"startTime": 15.0, "endTime": 20.0, "predictions": {"probabilities": [4.323722180288314e-08, 1.3728971084980834e-11], "logits": []}, "groundTruth": [0.0, 0.0]}]]}