{"modelName": "devise-220528-v0-ep33", "version": "1", "fileId": "a4c76d4a1e2d4eab9bf623f4d2b7f74d", "classIds": ["Crex crex", "Scolopax rusticola"], "channels": [[{"startTime": 0.0, "endTime": 5.0, "predictions": {"probabilities": [-20.44198989868164, -21.616018295288086], "logits": [NaN, NaN]}, "groundTruth": [0.0, 0.0]}, {"startTime": 5.0, "endTime": 10.0, "predictions": {"probabilities": [-16.72648048400879, -23.807109832763672], "logits": [NaN, NaN]}, "groundTruth": [0.0, 0.0]}, {"startTime": 10.0, "endTime": 15.0, "predictions": {"probabilities": [-13.808072090148926, -21.245548248291016], "logits": [NaN, NaN]}, "groundTruth": [0.0, 0.0]}, {"startTime": 15.0, "endTime": 20.0, "predictions": {"probabilities": [-16.95656394958496, -25.011512756347656], "logits": [NaN, NaN]}, "groundTruth": [0.0, 0.0]}]]}