{"modelName": "devise-220528-v0-ep33", "version": "1", "fileId": "a4d61ea08c8d4b2283d169d3a157db8a", "classIds": ["Crex crex", "Scolopax rusticola"], "channels": [[{"startTime": 0.0, "endTime": 5.0, "predictions": {"probabilities": [-11.152945518493652, -16.336145401000977], "logits": [NaN, NaN]}, "groundTruth": [0.0, 0.0]}, {"startTime": 5.0, "endTime": 10.0, "predictions": {"probabilities": [-17.84409523010254, -24.82052993774414], "logits": [NaN, NaN]}, "groundTruth": [0.0, 0.0]}, {"startTime": 10.0, "endTime": 15.0, "predictions": {"probabilities": [-14.824922561645508, -18.744964599609375], "logits": [NaN, NaN]}, "groundTruth": [0.0, 0.0]}, {"startTime": 15.0, "endTime": 20.0, "predictions": {"probabilities": [-17.69171905517578, -19.761348724365234], "logits": [NaN, NaN]}, "groundTruth": [0.0, 0.0]}]]}