{"modelName": "devise-220528-v0-ep33", "version": "1", "fileId": "a5319006f0514364b377ce41abd5a183", "classIds": ["Crex crex", "Scolopax rusticola"], "channels": [[{"startTime": 0.0, "endTime": 5.0, "predictions": {"probabilities": [1.144763700722251e-06, 0.3388063609600067], "logits": []}, "groundTruth": [0.0, 1.0]}, {"startTime": 4.0, "endTime": 9.0, "predictions": {"probabilities": [9.557702469464857e-07, 0.21988144516944885], "logits": []}, "groundTruth": [0.0, 1.0]}]]}