{"modelName": "devise-220528-v0-ep33", "version": "1", "fileId": "a54be1fde27d4a99b2d1c88963298ead", "classIds": ["Crex crex", "Scolopax rusticola"], "channels": [[{"startTime": 0.0, "endTime": 5.0, "predictions": {"probabilities": [-15.475232124328613, -14.579205513000488], "logits": [NaN, NaN]}, "groundTruth": [0.0, 0.0]}, {"startTime": 5.0, "endTime": 10.0, "predictions": {"probabilities": [-11.084024429321289, -7.779540061950684], "logits": [NaN, NaN]}, "groundTruth": [0.0, 0.0]}, {"startTime": 10.0, "endTime": 15.0, "predictions": {"probabilities": [-13.944988250732422, -18.039796829223633], "logits": [NaN, NaN]}, "groundTruth": [0.0, 0.0]}, {"startTime": 15.0, "endTime": 20.0, "predictions": {"probabilities": [-14.10412311553955, -16.37639045715332], "logits": [NaN, NaN]}, "groundTruth": [0.0, 0.0]}]]}