{"modelName": "devise-220528-v0-ep33", "version": "1", "fileId": "a63716fef7024a4595170616734d619d", "classIds": ["Crex crex", "Scolopax rusticola"], "channels": [[{"startTime": 0.0, "endTime": 5.0, "predictions": {"probabilities": [1.2701583784746617e-07, 0.0002796401095110923], "logits": []}, "groundTruth": [0.0, 0.0]}, {"startTime": 5.0, "endTime": 10.0, "predictions": {"probabilities": [3.0844016691844445e-06, 5.584682867265656e-07], "logits": []}, "groundTruth": [0.0, 0.0]}, {"startTime": 10.0, "endTime": 15.0, "predictions": {"probabilities": [8.554758323953138e-07, 9.785420616026386e-07], "logits": []}, "groundTruth": [0.0, 0.0]}, {"startTime": 15.0, "endTime": 20.0, "predictions": {"probabilities": [4.081725251126045e-07, 6.254934987737215e-07], "logits": []}, "groundTruth": [0.0, 0.0]}]]}