{"modelName": "devise-220528-v0-ep33", "version": "1", "fileId": "a63716fef7024a4595170616734d619d", "classIds": ["Crex crex", "Scolopax rusticola"], "channels": [[{"startTime": 0.0, "endTime": 5.0, "predictions": {"probabilities": [-15.87895393371582, -8.181727409362793], "logits": [NaN, NaN]}, "groundTruth": [0.0, 0.0]}, {"startTime": 5.0, "endTime": 10.0, "predictions": {"probabilities": [-12.689149856567383, -14.398067474365234], "logits": [NaN, NaN]}, "groundTruth": [0.0, 0.0]}, {"startTime": 10.0, "endTime": 15.0, "predictions": {"probabilities": [-13.971607208251953, -13.837201118469238], "logits": [NaN, NaN]}, "groundTruth": [0.0, 0.0]}, {"startTime": 15.0, "endTime": 20.0, "predictions": {"probabilities": [-14.711575508117676, -14.284724235534668], "logits": [NaN, NaN]}, "groundTruth": [0.0, 0.0]}]]}