{"modelName": "devise-220528-v0-ep33", "version": "1", "fileId": "a683f884664a4a2fa28f5fdf82f88f31", "classIds": ["Crex crex", "Scolopax rusticola"], "channels": [[{"startTime": 0.0, "endTime": 5.0, "predictions": {"probabilities": [7.0046867222117726e-06, 0.0003661693772301078], "logits": []}, "groundTruth": [0.0, 0.0]}, {"startTime": 5.0, "endTime": 10.0, "predictions": {"probabilities": [0.00036549364449456334, 0.05040142312645912], "logits": []}, "groundTruth": [0.0, 0.0]}, {"startTime": 10.0, "endTime": 15.0, "predictions": {"probabilities": [7.99029294284992e-06, 8.829650141706225e-06], "logits": []}, "groundTruth": [0.0, 0.0]}, {"startTime": 15.0, "endTime": 20.0, "predictions": {"probabilities": [4.079140126123093e-05, 1.4997428934293566e-06], "logits": []}, "groundTruth": [0.0, 0.0]}]]}