{"modelName": "devise-220528-v0-ep33", "version": "1", "fileId": "a683f884664a4a2fa28f5fdf82f88f31", "classIds": ["Crex crex", "Scolopax rusticola"], "channels": [[{"startTime": 0.0, "endTime": 5.0, "predictions": {"probabilities": [-11.868924140930176, -7.91204833984375], "logits": [NaN, NaN]}, "groundTruth": [0.0, 0.0]}, {"startTime": 5.0, "endTime": 10.0, "predictions": {"probabilities": [-7.913896083831787, -2.9360198974609375], "logits": [NaN, NaN]}, "groundTruth": [0.0, 0.0]}, {"startTime": 10.0, "endTime": 15.0, "predictions": {"probabilities": [-11.737275123596191, -11.637386322021484], "logits": [NaN, NaN]}, "groundTruth": [0.0, 0.0]}, {"startTime": 15.0, "endTime": 20.0, "predictions": {"probabilities": [-10.106998443603516, -13.410215377807617], "logits": [NaN, NaN]}, "groundTruth": [0.0, 0.0]}]]}