{"modelName": "devise-220528-v0-ep33", "version": "1", "fileId": "a7199756e3f84cccbb2d36400eb19fe1", "classIds": ["Crex crex", "Scolopax rusticola"], "channels": [[{"startTime": 0.0, "endTime": 5.0, "predictions": {"probabilities": [1.2892412996734492e-05, 0.00027529694489203393], "logits": []}, "groundTruth": [0.0, 0.0]}, {"startTime": 5.0, "endTime": 10.0, "predictions": {"probabilities": [1.5362646081484854e-05, 9.505793968855869e-06], "logits": []}, "groundTruth": [0.0, 0.0]}, {"startTime": 10.0, "endTime": 15.0, "predictions": {"probabilities": [6.65104525978677e-05, 5.194755794946104e-05], "logits": []}, "groundTruth": [0.0, 0.0]}, {"startTime": 15.0, "endTime": 20.0, "predictions": {"probabilities": [3.27118432323914e-05, 5.152966423338512e-06], "logits": []}, "groundTruth": [0.0, 0.0]}]]}