{"modelName": "devise-220528-v0-ep33", "version": "1", "fileId": "a71c95a6aeb0414b9b198ec4e6c9d1b9", "classIds": ["Crex crex", "Scolopax rusticola"], "channels": [[{"startTime": 0.0, "endTime": 5.0, "predictions": {"probabilities": [0.0003109402605332434, 4.098686723352785e-09], "logits": []}, "groundTruth": [0.0, 0.0]}, {"startTime": 5.0, "endTime": 10.0, "predictions": {"probabilities": [6.870160973448947e-07, 1.9828604036487008e-10], "logits": []}, "groundTruth": [0.0, 0.0]}, {"startTime": 10.0, "endTime": 15.0, "predictions": {"probabilities": [4.394246104766353e-07, 2.2952330880343652e-07], "logits": []}, "groundTruth": [0.0, 0.0]}, {"startTime": 15.0, "endTime": 20.0, "predictions": {"probabilities": [6.379574415404932e-07, 4.662484442974346e-08], "logits": []}, "groundTruth": [0.0, 0.0]}]]}