{"modelName": "devise-220528-v0-ep33", "version": "1", "fileId": "a71c95a6aeb0414b9b198ec4e6c9d1b9", "classIds": ["Crex crex", "Scolopax rusticola"], "channels": [[{"startTime": 0.0, "endTime": 5.0, "predictions": {"probabilities": [-8.07559871673584, -19.312599182128906], "logits": [NaN, NaN]}, "groundTruth": [0.0, 0.0]}, {"startTime": 5.0, "endTime": 10.0, "predictions": {"probabilities": [-14.19090747833252, -22.341310501098633], "logits": [NaN, NaN]}, "groundTruth": [0.0, 0.0]}, {"startTime": 10.0, "endTime": 15.0, "predictions": {"probabilities": [-14.637799263000488, -15.287261009216309], "logits": [NaN, NaN]}, "groundTruth": [0.0, 0.0]}, {"startTime": 15.0, "endTime": 20.0, "predictions": {"probabilities": [-14.264993667602539, -16.881132125854492], "logits": [NaN, NaN]}, "groundTruth": [0.0, 0.0]}]]}