{"modelName": "devise-220528-v0-ep33", "version": "1", "fileId": "a72d646485fa49ccb70912d41c67552c", "classIds": ["Crex crex", "Scolopax rusticola"], "channels": [[{"startTime": 0.0, "endTime": 5.0, "predictions": {"probabilities": [-15.652148246765137, -13.24442195892334], "logits": [NaN, NaN]}, "groundTruth": [0.0, 0.0]}, {"startTime": 5.0, "endTime": 10.0, "predictions": {"probabilities": [-18.37791633605957, -17.614423751831055], "logits": [NaN, NaN]}, "groundTruth": [0.0, 0.0]}, {"startTime": 10.0, "endTime": 15.0, "predictions": {"probabilities": [-16.3724365234375, -12.67741584777832], "logits": [NaN, NaN]}, "groundTruth": [0.0, 0.0]}, {"startTime": 15.0, "endTime": 20.0, "predictions": {"probabilities": [-14.712078094482422, -22.710250854492188], "logits": [NaN, NaN]}, "groundTruth": [0.0, 0.0]}]]}