{"modelName": "devise-220528-v0-ep33", "version": "1", "fileId": "a75252df0f354d24a47d3fd2ded36d19", "classIds": ["Crex crex", "Scolopax rusticola"], "channels": [[{"startTime": 0.0, "endTime": 5.0, "predictions": {"probabilities": [2.967076397908386e-05, 0.9947060942649841], "logits": []}, "groundTruth": [0.0, 0.0]}, {"startTime": 5.0, "endTime": 10.0, "predictions": {"probabilities": [3.8497969967465906e-07, 0.9999909400939941], "logits": []}, "groundTruth": [0.0, 0.0]}, {"startTime": 10.0, "endTime": 15.0, "predictions": {"probabilities": [4.083919975528261e-06, 0.034421686083078384], "logits": []}, "groundTruth": [0.0, 0.0]}, {"startTime": 15.0, "endTime": 20.0, "predictions": {"probabilities": [0.000898103229701519, 0.021949246525764465], "logits": []}, "groundTruth": [0.0, 0.0]}]]}