{"modelName": "devise-220528-v0-ep33", "version": "1", "fileId": "a7d81ecab8984eec9c7704615346b4b6", "classIds": ["Crex crex", "Scolopax rusticola"], "channels": [[{"startTime": 0.0, "endTime": 5.0, "predictions": {"probabilities": [-10.929104804992676, -9.522897720336914], "logits": [NaN, NaN]}, "groundTruth": [0.0, 0.0]}, {"startTime": 5.0, "endTime": 10.0, "predictions": {"probabilities": [-11.609333038330078, -8.569272994995117], "logits": [NaN, NaN]}, "groundTruth": [0.0, 0.0]}, {"startTime": 10.0, "endTime": 15.0, "predictions": {"probabilities": [-11.222695350646973, -7.986631393432617], "logits": [NaN, NaN]}, "groundTruth": [0.0, 0.0]}, {"startTime": 15.0, "endTime": 20.0, "predictions": {"probabilities": [-11.968896865844727, -7.918136119842529], "logits": [NaN, NaN]}, "groundTruth": [0.0, 0.0]}]]}