{"modelName": "devise-220528-v0-ep33", "version": "1", "fileId": "a801288a2d70418599b831435b73c63f", "classIds": ["Crex crex", "Scolopax rusticola"], "channels": [[{"startTime": 0.0, "endTime": 5.0, "predictions": {"probabilities": [-14.424585342407227, -8.996459007263184], "logits": [NaN, NaN]}, "groundTruth": [0.0, 0.0]}, {"startTime": 5.0, "endTime": 10.0, "predictions": {"probabilities": [-19.907407760620117, -15.460952758789062], "logits": [NaN, NaN]}, "groundTruth": [0.0, 1.0]}, {"startTime": 8.384, "endTime": 13.384, "predictions": {"probabilities": [-19.109189987182617, -17.7011775970459], "logits": [NaN, NaN]}, "groundTruth": [0.0, 1.0]}]]}