{"modelName": "devise-220528-v0-ep33", "version": "1", "fileId": "a8134adbc1ca481fbdb7f173a91baffc", "classIds": ["Crex crex", "Scolopax rusticola"], "channels": [[{"startTime": 0.0, "endTime": 5.0, "predictions": {"probabilities": [1.7226672355263872e-07, 2.725017225202464e-07], "logits": []}, "groundTruth": [0.0, 0.0]}, {"startTime": 5.0, "endTime": 10.0, "predictions": {"probabilities": [7.621542863489594e-08, 2.698754144603299e-07], "logits": []}, "groundTruth": [0.0, 0.0]}, {"startTime": 10.0, "endTime": 15.0, "predictions": {"probabilities": [3.710294294023697e-08, 2.526092579557826e-08], "logits": []}, "groundTruth": [0.0, 0.0]}, {"startTime": 15.0, "endTime": 20.0, "predictions": {"probabilities": [1.3452208236230945e-08, 1.1622502071872987e-08], "logits": []}, "groundTruth": [0.0, 0.0]}]]}