{"modelName": "devise-220528-v0-ep33", "version": "1", "fileId": "a8278bcfb7c54d6fa3d855ecc1d855cd", "classIds": ["Crex crex", "Scolopax rusticola"], "channels": [[{"startTime": 0.0, "endTime": 5.0, "predictions": {"probabilities": [1.7466007875555078e-06, 0.956151008605957], "logits": []}, "groundTruth": [0.0, 0.0]}, {"startTime": 5.0, "endTime": 10.0, "predictions": {"probabilities": [1.891511601570528e-05, 5.609245636151172e-05], "logits": []}, "groundTruth": [0.0, 0.0]}, {"startTime": 10.0, "endTime": 15.0, "predictions": {"probabilities": [2.5648492737673223e-05, 0.9964587092399597], "logits": []}, "groundTruth": [0.0, 0.0]}, {"startTime": 15.0, "endTime": 20.0, "predictions": {"probabilities": [1.6619453163002618e-05, 0.00035132854827679694], "logits": []}, "groundTruth": [0.0, 0.0]}]]}