{"modelName": "devise-220528-v0-ep33", "version": "1", "fileId": "a8278bcfb7c54d6fa3d855ecc1d855cd", "classIds": ["Crex crex", "Scolopax rusticola"], "channels": [[{"startTime": 0.0, "endTime": 5.0, "predictions": {"probabilities": [-13.257837295532227, 3.0821638107299805], "logits": [NaN, NaN]}, "groundTruth": [0.0, 0.0]}, {"startTime": 5.0, "endTime": 10.0, "predictions": {"probabilities": [-10.875530242919922, -9.788453102111816], "logits": [NaN, NaN]}, "groundTruth": [0.0, 0.0]}, {"startTime": 10.0, "endTime": 15.0, "predictions": {"probabilities": [-10.571000099182129, 5.639727592468262], "logits": [NaN, NaN]}, "groundTruth": [0.0, 0.0]}, {"startTime": 15.0, "endTime": 20.0, "predictions": {"probabilities": [-11.00492000579834, -7.953437328338623], "logits": [NaN, NaN]}, "groundTruth": [0.0, 0.0]}]]}