{"modelName": "devise-220528-v0-ep33", "version": "1", "fileId": "a90e508d34684e27ace8ec10cc14a08c", "classIds": ["Crex crex", "Scolopax rusticola"], "channels": [[{"startTime": 0.0, "endTime": 5.0, "predictions": {"probabilities": [-11.981205940246582, -16.576927185058594], "logits": [NaN, NaN]}, "groundTruth": [0.0, 0.0]}, {"startTime": 5.0, "endTime": 10.0, "predictions": {"probabilities": [-12.628302574157715, -14.908397674560547], "logits": [NaN, NaN]}, "groundTruth": [0.0, 0.0]}, {"startTime": 10.0, "endTime": 15.0, "predictions": {"probabilities": [-14.356119155883789, -17.37995719909668], "logits": [NaN, NaN]}, "groundTruth": [0.0, 0.0]}, {"startTime": 15.0, "endTime": 20.0, "predictions": {"probabilities": [-11.906599998474121, -13.078022956848145], "logits": [NaN, NaN]}, "groundTruth": [0.0, 0.0]}]]}