{"modelName": "devise-220528-v0-ep33", "version": "1", "fileId": "a90e508d34684e27ace8ec10cc14a08c", "classIds": ["Crex crex", "Scolopax rusticola"], "channels": [[{"startTime": 0.0, "endTime": 5.0, "predictions": {"probabilities": [6.260740065044956e-06, 6.320216527910816e-08], "logits": []}, "groundTruth": [0.0, 0.0]}, {"startTime": 5.0, "endTime": 10.0, "predictions": {"probabilities": [3.2779057619336527e-06, 3.352470798745344e-07], "logits": []}, "groundTruth": [0.0, 0.0]}, {"startTime": 10.0, "endTime": 15.0, "predictions": {"probabilities": [5.823933975079854e-07, 2.831264822589219e-08], "logits": []}, "groundTruth": [0.0, 0.0]}, {"startTime": 15.0, "endTime": 20.0, "predictions": {"probabilities": [6.745690370735247e-06, 2.090671841870062e-06], "logits": []}, "groundTruth": [0.0, 0.0]}]]}