{"modelName": "devise-220528-v0-ep33", "version": "1", "fileId": "a970e0279a464be79316059947a9eac6", "classIds": ["Crex crex", "Scolopax rusticola"], "channels": [[{"startTime": 0.0, "endTime": 5.0, "predictions": {"probabilities": [-10.833633422851562, -11.902602195739746], "logits": [NaN, NaN]}, "groundTruth": [0.0, 0.0]}, {"startTime": 5.0, "endTime": 10.0, "predictions": {"probabilities": [-12.372214317321777, -4.884988307952881], "logits": [NaN, NaN]}, "groundTruth": [0.0, 0.0]}, {"startTime": 10.0, "endTime": 15.0, "predictions": {"probabilities": [-12.953388214111328, -11.698857307434082], "logits": [NaN, NaN]}, "groundTruth": [0.0, 0.0]}, {"startTime": 15.0, "endTime": 20.0, "predictions": {"probabilities": [-13.483160972595215, -12.721372604370117], "logits": [NaN, NaN]}, "groundTruth": [0.0, 0.0]}]]}