{"modelName": "devise-220528-v0-ep33", "version": "1", "fileId": "aa1dc68abcaf4818ad5c9cb887e635e1", "classIds": ["Crex crex", "Scolopax rusticola"], "channels": [[{"startTime": 0.0, "endTime": 5.0, "predictions": {"probabilities": [-11.621286392211914, 2.405606985092163], "logits": [NaN, NaN]}, "groundTruth": [0.0, 1.0]}, {"startTime": 5.0, "endTime": 10.0, "predictions": {"probabilities": [-19.130672454833984, 20.60281753540039], "logits": [NaN, NaN]}, "groundTruth": [0.0, 1.0]}, {"startTime": 10.0, "endTime": 15.0, "predictions": {"probabilities": [-19.692052841186523, 29.50560760498047], "logits": [NaN, NaN]}, "groundTruth": [0.0, 1.0]}, {"startTime": 13.0, "endTime": 18.0, "predictions": {"probabilities": [-19.062644958496094, 19.442180633544922], "logits": [NaN, NaN]}, "groundTruth": [0.0, 1.0]}]]}