{"modelName": "devise-220528-v0-ep33", "version": "1", "fileId": "aa3b7bbda26b49ea95e9143225612bb8", "classIds": ["Crex crex", "Scolopax rusticola"], "channels": [[{"startTime": 0.0, "endTime": 5.0, "predictions": {"probabilities": [3.44043769473501e-06, 0.0008862767717801034], "logits": []}, "groundTruth": [0.0, 0.0]}, {"startTime": 5.0, "endTime": 10.0, "predictions": {"probabilities": [4.670527005146141e-07, 0.00013517425395548344], "logits": []}, "groundTruth": [0.0, 0.0]}, {"startTime": 10.0, "endTime": 15.0, "predictions": {"probabilities": [1.1579209058254492e-06, 2.9558936631701727e-08], "logits": []}, "groundTruth": [0.0, 0.0]}, {"startTime": 15.0, "endTime": 20.0, "predictions": {"probabilities": [1.6438150396425044e-06, 2.2302411650798604e-07], "logits": []}, "groundTruth": [0.0, 0.0]}]]}