{"modelName": "devise-220528-v0-ep33", "version": "1", "fileId": "aa3b7bbda26b49ea95e9143225612bb8", "classIds": ["Crex crex", "Scolopax rusticola"], "channels": [[{"startTime": 0.0, "endTime": 5.0, "predictions": {"probabilities": [-12.57990837097168, -7.027594566345215], "logits": [NaN, NaN]}, "groundTruth": [0.0, 0.0]}, {"startTime": 5.0, "endTime": 10.0, "predictions": {"probabilities": [-14.576823234558105, -8.90881061553955], "logits": [NaN, NaN]}, "groundTruth": [0.0, 0.0]}, {"startTime": 10.0, "endTime": 15.0, "predictions": {"probabilities": [-13.668883323669434, -17.33687973022461], "logits": [NaN, NaN]}, "groundTruth": [0.0, 0.0]}, {"startTime": 15.0, "endTime": 20.0, "predictions": {"probabilities": [-13.318489074707031, -15.315985679626465], "logits": [NaN, NaN]}, "groundTruth": [0.0, 0.0]}]]}