{"modelName": "devise-220528-v0-ep33", "version": "1", "fileId": "aaa2e321554c432baaf94105c519498e", "classIds": ["Crex crex", "Scolopax rusticola"], "channels": [[{"startTime": 0.0, "endTime": 5.0, "predictions": {"probabilities": [1.016256010188954e-05, 0.0006966089713387191], "logits": []}, "groundTruth": [0.0, 0.0]}, {"startTime": 5.0, "endTime": 10.0, "predictions": {"probabilities": [1.1756609410440433e-06, 0.001934101921506226], "logits": []}, "groundTruth": [0.0, 0.0]}, {"startTime": 10.0, "endTime": 15.0, "predictions": {"probabilities": [1.9703795928194268e-08, 8.043488541886745e-09], "logits": []}, "groundTruth": [0.0, 0.0]}, {"startTime": 15.0, "endTime": 20.0, "predictions": {"probabilities": [2.0758812979693175e-07, 8.01521196081012e-07], "logits": []}, "groundTruth": [0.0, 0.0]}]]}