{"modelName": "devise-220528-v0-ep33", "version": "1", "fileId": "aafddd3e5e25454c8f310155df7ad38c", "classIds": ["Crex crex", "Scolopax rusticola"], "channels": [[{"startTime": 0.0, "endTime": 5.0, "predictions": {"probabilities": [7.613783236593008e-05, 9.671053703641519e-05], "logits": []}, "groundTruth": [0.0, 0.0]}, {"startTime": 5.0, "endTime": 10.0, "predictions": {"probabilities": [3.953145642299205e-05, 0.00029063705005683005], "logits": []}, "groundTruth": [0.0, 0.0]}, {"startTime": 10.0, "endTime": 15.0, "predictions": {"probabilities": [2.4069075152510777e-05, 0.0022531074937433004], "logits": []}, "groundTruth": [0.0, 0.0]}, {"startTime": 15.0, "endTime": 20.0, "predictions": {"probabilities": [3.703763650264591e-05, 0.0017402603989467025], "logits": []}, "groundTruth": [0.0, 0.0]}]]}