{"modelName": "devise-220528-v0-ep33", "version": "1", "fileId": "aafddd3e5e25454c8f310155df7ad38c", "classIds": ["Crex crex", "Scolopax rusticola"], "channels": [[{"startTime": 0.0, "endTime": 5.0, "predictions": {"probabilities": [-9.482889175415039, -9.243691444396973], "logits": [NaN, NaN]}, "groundTruth": [0.0, 0.0]}, {"startTime": 5.0, "endTime": 10.0, "predictions": {"probabilities": [-10.138374328613281, -8.143144607543945], "logits": [NaN, NaN]}, "groundTruth": [0.0, 0.0]}, {"startTime": 10.0, "endTime": 15.0, "predictions": {"probabilities": [-10.63455867767334, -6.093189239501953], "logits": [NaN, NaN]}, "groundTruth": [0.0, 0.0]}, {"startTime": 15.0, "endTime": 20.0, "predictions": {"probabilities": [-10.20353889465332, -6.351978778839111], "logits": [NaN, NaN]}, "groundTruth": [0.0, 0.0]}]]}