{"modelName": "devise-220528-v0-ep33", "version": "1", "fileId": "ab79d60d280347828707d21cc45df77c", "classIds": ["Crex crex", "Scolopax rusticola"], "channels": [[{"startTime": 0.0, "endTime": 5.0, "predictions": {"probabilities": [4.299614275726782e-10, 3.243024593757582e-06], "logits": []}, "groundTruth": [0.0, 0.0]}, {"startTime": 5.0, "endTime": 10.0, "predictions": {"probabilities": [1.0941162287281259e-07, 1.1912194564089873e-09], "logits": []}, "groundTruth": [0.0, 0.0]}, {"startTime": 10.0, "endTime": 15.0, "predictions": {"probabilities": [4.329817784309853e-07, 1.6481585589644965e-06], "logits": []}, "groundTruth": [0.0, 0.0]}, {"startTime": 15.0, "endTime": 20.0, "predictions": {"probabilities": [1.5433175803991617e-07, 9.259960052077076e-07], "logits": []}, "groundTruth": [0.0, 0.0]}]]}