{"modelName": "devise-220528-v0-ep33", "version": "1", "fileId": "ab893ddff9f9484580c52c8f471e89bc", "classIds": ["Crex crex", "Scolopax rusticola"], "channels": [[{"startTime": 0.0, "endTime": 5.0, "predictions": {"probabilities": [-16.927717208862305, -19.18023109436035], "logits": [NaN, NaN]}, "groundTruth": [0.0, 0.0]}, {"startTime": 5.0, "endTime": 10.0, "predictions": {"probabilities": [-14.906497955322266, -19.609861373901367], "logits": [NaN, NaN]}, "groundTruth": [0.0, 0.0]}, {"startTime": 10.0, "endTime": 15.0, "predictions": {"probabilities": [-14.844161033630371, -15.990682601928711], "logits": [NaN, NaN]}, "groundTruth": [0.0, 0.0]}, {"startTime": 15.0, "endTime": 20.0, "predictions": {"probabilities": [-15.356369972229004, -18.36305046081543], "logits": [NaN, NaN]}, "groundTruth": [0.0, 0.0]}]]}