{"modelName": "devise-220528-v0-ep33", "version": "1", "fileId": "ac2a9fc0153743faa8f4d80facab2fb7", "classIds": ["Crex crex", "Scolopax rusticola"], "channels": [[{"startTime": 0.0, "endTime": 5.0, "predictions": {"probabilities": [-14.337020874023438, -12.390350341796875], "logits": [NaN, NaN]}, "groundTruth": [0.0, 0.0]}, {"startTime": 5.0, "endTime": 10.0, "predictions": {"probabilities": [-11.394368171691895, -10.31204891204834], "logits": [NaN, NaN]}, "groundTruth": [0.0, 0.0]}, {"startTime": 10.0, "endTime": 15.0, "predictions": {"probabilities": [-13.153024673461914, -15.857669830322266], "logits": [NaN, NaN]}, "groundTruth": [0.0, 0.0]}, {"startTime": 15.0, "endTime": 20.0, "predictions": {"probabilities": [-12.264142036437988, -8.902217864990234], "logits": [NaN, NaN]}, "groundTruth": [0.0, 0.0]}]]}