{"modelName": "devise-220528-v0-ep33", "version": "1", "fileId": "ac2a9fc0153743faa8f4d80facab2fb7", "classIds": ["Crex crex", "Scolopax rusticola"], "channels": [[{"startTime": 0.0, "endTime": 5.0, "predictions": {"probabilities": [5.936229285907757e-07, 4.158506726525957e-06], "logits": []}, "groundTruth": [0.0, 0.0]}, {"startTime": 5.0, "endTime": 10.0, "predictions": {"probabilities": [1.1258586710027885e-05, 3.322918200865388e-05], "logits": []}, "groundTruth": [0.0, 0.0]}, {"startTime": 10.0, "endTime": 15.0, "predictions": {"probabilities": [1.9396043171582278e-06, 1.2974822993783164e-07], "logits": []}, "groundTruth": [0.0, 0.0]}, {"startTime": 15.0, "endTime": 20.0, "predictions": {"probabilities": [4.717900083051063e-06, 0.00013606825086753815], "logits": []}, "groundTruth": [0.0, 0.0]}]]}