{"modelName": "devise-220528-v0-ep33", "version": "1", "fileId": "ad061954a54547849a6c45d8315bd15c", "classIds": ["Crex crex", "Scolopax rusticola"], "channels": [[{"startTime": 0.0, "endTime": 5.0, "predictions": {"probabilities": [-10.527541160583496, -7.196613311767578], "logits": [NaN, NaN]}, "groundTruth": [0.0, 0.0]}, {"startTime": 5.0, "endTime": 10.0, "predictions": {"probabilities": [-9.420762062072754, -9.570161819458008], "logits": [NaN, NaN]}, "groundTruth": [0.0, 0.0]}, {"startTime": 10.0, "endTime": 15.0, "predictions": {"probabilities": [-10.2376708984375, -11.715665817260742], "logits": [NaN, NaN]}, "groundTruth": [0.0, 0.0]}, {"startTime": 15.0, "endTime": 20.0, "predictions": {"probabilities": [-12.814509391784668, -9.944235801696777], "logits": [NaN, NaN]}, "groundTruth": [0.0, 0.0]}]]}