{"modelName": "devise-220528-v0-ep33", "version": "1", "fileId": "ad2d40c4acf44dd6a6bda74a840fe45e", "classIds": ["Crex crex", "Scolopax rusticola"], "channels": [[{"startTime": 0.0, "endTime": 5.0, "predictions": {"probabilities": [-17.73127555847168, -15.379562377929688], "logits": [NaN, NaN]}, "groundTruth": [0.0, 1.0]}, {"startTime": 5.0, "endTime": 10.0, "predictions": {"probabilities": [-18.568384170532227, 21.205385208129883], "logits": [NaN, NaN]}, "groundTruth": [0.0, 1.0]}, {"startTime": 10.0, "endTime": 15.0, "predictions": {"probabilities": [-20.59217643737793, 37.06510543823242], "logits": [NaN, NaN]}, "groundTruth": [0.0, 1.0]}, {"startTime": 14.0, "endTime": 19.0, "predictions": {"probabilities": [-13.372371673583984, 12.93415641784668], "logits": [NaN, NaN]}, "groundTruth": [0.0, 0.0]}]]}