{"modelName": "devise-220528-v0-ep33", "version": "1", "fileId": "ad7b0666dbee42698af612a687347fd1", "classIds": ["Crex crex", "Scolopax rusticola"], "channels": [[{"startTime": 0.0, "endTime": 5.0, "predictions": {"probabilities": [0.000777469715103507, 0.007028118707239628], "logits": []}, "groundTruth": [0.0, 0.0]}, {"startTime": 5.0, "endTime": 10.0, "predictions": {"probabilities": [1.2540934221760835e-05, 4.213858119328506e-06], "logits": []}, "groundTruth": [0.0, 0.0]}, {"startTime": 10.0, "endTime": 15.0, "predictions": {"probabilities": [1.0534237162573845e-06, 2.5845805495805507e-09], "logits": []}, "groundTruth": [0.0, 0.0]}, {"startTime": 15.0, "endTime": 20.0, "predictions": {"probabilities": [0.0001462037325836718, 1.4508084859699011e-05], "logits": []}, "groundTruth": [0.0, 0.0]}]]}