{"modelName": "devise-220528-v0-ep33", "version": "1", "fileId": "ae03b9d788214b2c811a02a62c6261cd", "classIds": ["Crex crex", "Scolopax rusticola"], "channels": [[{"startTime": 0.0, "endTime": 5.0, "predictions": {"probabilities": [1.4246484170143958e-06, 4.529050056589767e-05], "logits": []}, "groundTruth": [0.0, 0.0]}, {"startTime": 5.0, "endTime": 10.0, "predictions": {"probabilities": [1.4087213457969483e-05, 0.00018172920681536198], "logits": []}, "groundTruth": [0.0, 0.0]}, {"startTime": 10.0, "endTime": 15.0, "predictions": {"probabilities": [2.9396891477517784e-05, 0.0005590380751527846], "logits": []}, "groundTruth": [0.0, 0.0]}, {"startTime": 15.0, "endTime": 20.0, "predictions": {"probabilities": [3.918068978236988e-05, 0.00022776560217607766], "logits": []}, "groundTruth": [0.0, 0.0]}]]}