{"modelName": "devise-220528-v0-ep33", "version": "1", "fileId": "ae3ebc64dcc146a8a263de8e3b4e0dd7", "classIds": ["Crex crex", "Scolopax rusticola"], "channels": [[{"startTime": 0.0, "endTime": 5.0, "predictions": {"probabilities": [1.0722533261287026e-05, 9.08061394966353e-07], "logits": []}, "groundTruth": [0.0, 0.0]}, {"startTime": 5.0, "endTime": 10.0, "predictions": {"probabilities": [1.3841125792168896e-06, 9.374141882290132e-06], "logits": []}, "groundTruth": [0.0, 0.0]}, {"startTime": 10.0, "endTime": 15.0, "predictions": {"probabilities": [2.464600038365461e-05, 0.03771736100316048], "logits": []}, "groundTruth": [0.0, 0.0]}, {"startTime": 15.0, "endTime": 20.0, "predictions": {"probabilities": [6.153212694925969e-08, 9.224091002124624e-08], "logits": []}, "groundTruth": [0.0, 0.0]}]]}