{"modelName": "devise-220528-v0-ep33", "version": "1", "fileId": "ae7e4f176dc64cb69d565add0537f31a", "classIds": ["Crex crex", "Scolopax rusticola"], "channels": [[{"startTime": 0.0, "endTime": 5.0, "predictions": {"probabilities": [2.736777787504252e-05, 0.9791520237922668], "logits": []}, "groundTruth": [0.0, 1.0]}, {"startTime": 5.0, "endTime": 10.0, "predictions": {"probabilities": [1.0437999264922837e-07, 0.9999992847442627], "logits": []}, "groundTruth": [0.0, 1.0]}, {"startTime": 10.0, "endTime": 15.0, "predictions": {"probabilities": [2.9674270990653895e-05, 0.07523202151060104], "logits": []}, "groundTruth": [0.0, 1.0]}, {"startTime": 13.0, "endTime": 18.0, "predictions": {"probabilities": [0.000597211008425802, 0.0006396777462214231], "logits": []}, "groundTruth": [0.0, 1.0]}]]}