{"modelName": "devise-220528-v0-ep33", "version": "1", "fileId": "ae9930ced43c4aa792692bfd09d45ad7", "classIds": ["Crex crex", "Scolopax rusticola"], "channels": [[{"startTime": 0.0, "endTime": 5.0, "predictions": {"probabilities": [-10.941180229187012, -9.632970809936523], "logits": [NaN, NaN]}, "groundTruth": [0.0, 0.0]}, {"startTime": 5.0, "endTime": 10.0, "predictions": {"probabilities": [-12.183440208435059, -9.292840003967285], "logits": [NaN, NaN]}, "groundTruth": [0.0, 0.0]}, {"startTime": 10.0, "endTime": 15.0, "predictions": {"probabilities": [-11.731778144836426, -9.804728507995605], "logits": [NaN, NaN]}, "groundTruth": [0.0, 0.0]}, {"startTime": 15.0, "endTime": 20.0, "predictions": {"probabilities": [-11.973428726196289, -1.1398929357528687], "logits": [NaN, NaN]}, "groundTruth": [0.0, 0.0]}]]}