{"modelName": "devise-220528-v0-ep33", "version": "1", "fileId": "ae9930ced43c4aa792692bfd09d45ad7", "classIds": ["Crex crex", "Scolopax rusticola"], "channels": [[{"startTime": 0.0, "endTime": 5.0, "predictions": {"probabilities": [1.7713244233164005e-05, 6.552778359036893e-05], "logits": []}, "groundTruth": [0.0, 0.0]}, {"startTime": 5.0, "endTime": 10.0, "predictions": {"probabilities": [5.114426585350884e-06, 9.207270340994e-05], "logits": []}, "groundTruth": [0.0, 0.0]}, {"startTime": 10.0, "endTime": 15.0, "predictions": {"probabilities": [8.034336133277975e-06, 5.518697071238421e-05], "logits": []}, "groundTruth": [0.0, 0.0]}, {"startTime": 15.0, "endTime": 20.0, "predictions": {"probabilities": [6.309620403044391e-06, 0.24234002828598022], "logits": []}, "groundTruth": [0.0, 0.0]}]]}