{"modelName": "devise-220528-v0-ep33", "version": "1", "fileId": "aee121437e9f4dbcb820238851d5e841", "classIds": ["Crex crex", "Scolopax rusticola"], "channels": [[{"startTime": 0.0, "endTime": 5.0, "predictions": {"probabilities": [-15.84989070892334, -19.389846801757812], "logits": [NaN, NaN]}, "groundTruth": [0.0, 0.0]}, {"startTime": 5.0, "endTime": 10.0, "predictions": {"probabilities": [-9.465498924255371, -11.864134788513184], "logits": [NaN, NaN]}, "groundTruth": [0.0, 0.0]}, {"startTime": 10.0, "endTime": 15.0, "predictions": {"probabilities": [-12.000673294067383, -16.84010887145996], "logits": [NaN, NaN]}, "groundTruth": [0.0, 0.0]}, {"startTime": 15.0, "endTime": 20.0, "predictions": {"probabilities": [-14.777976989746094, -19.864553451538086], "logits": [NaN, NaN]}, "groundTruth": [0.0, 0.0]}]]}