{"modelName": "devise-220528-v0-ep33", "version": "1", "fileId": "af296faccec54b838287be527de03871", "classIds": ["Crex crex", "Scolopax rusticola"], "channels": [[{"startTime": 0.0, "endTime": 5.0, "predictions": {"probabilities": [-11.715594291687012, -12.309491157531738], "logits": [NaN, NaN]}, "groundTruth": [0.0, 0.0]}, {"startTime": 5.0, "endTime": 10.0, "predictions": {"probabilities": [-9.937653541564941, -17.67083168029785], "logits": [NaN, NaN]}, "groundTruth": [0.0, 0.0]}, {"startTime": 10.0, "endTime": 15.0, "predictions": {"probabilities": [-14.627605438232422, -23.118104934692383], "logits": [NaN, NaN]}, "groundTruth": [0.0, 0.0]}, {"startTime": 15.0, "endTime": 20.0, "predictions": {"probabilities": [-11.132880210876465, -17.612287521362305], "logits": [NaN, NaN]}, "groundTruth": [0.0, 0.0]}]]}