{"modelName": "devise-220528-v0-ep33", "version": "1", "fileId": "afed90b89ff34fe3876346fd663cb20c", "classIds": ["Crex crex", "Scolopax rusticola"], "channels": [[{"startTime": 0.0, "endTime": 5.0, "predictions": {"probabilities": [-12.921123504638672, -11.134903907775879], "logits": [NaN, NaN]}, "groundTruth": [0.0, 1.0]}, {"startTime": 5.0, "endTime": 10.0, "predictions": {"probabilities": [-9.16583251953125, -5.141504764556885], "logits": [NaN, NaN]}, "groundTruth": [0.0, 1.0]}, {"startTime": 7.0, "endTime": 12.0, "predictions": {"probabilities": [-11.122340202331543, -9.226142883300781], "logits": [NaN, NaN]}, "groundTruth": [0.0, 1.0]}]]}