{"modelName": "devise-220528-v0-ep33", "version": "1", "fileId": "b02436bdf1944a71a56c63a1f27734b1", "classIds": ["Crex crex", "Scolopax rusticola"], "channels": [[{"startTime": 0.0, "endTime": 5.0, "predictions": {"probabilities": [1.0469003086654993e-07, 0.9082052707672119], "logits": []}, "groundTruth": [0.0, 0.0]}, {"startTime": 5.0, "endTime": 10.0, "predictions": {"probabilities": [8.573060199523752e-07, 2.3221630272018956e-06], "logits": []}, "groundTruth": [0.0, 0.0]}, {"startTime": 10.0, "endTime": 15.0, "predictions": {"probabilities": [1.6583485376031604e-06, 2.7306929041515104e-05], "logits": []}, "groundTruth": [0.0, 0.0]}, {"startTime": 15.0, "endTime": 20.0, "predictions": {"probabilities": [8.030498861444357e-07, 0.0011986707104369998], "logits": []}, "groundTruth": [0.0, 0.0]}]]}