{"modelName": "devise-220528-v0-ep33", "version": "1", "fileId": "b033b87d3e1a4347be7b35c61b71f100", "classIds": ["Crex crex", "Scolopax rusticola"], "channels": [[{"startTime": 0.0, "endTime": 5.0, "predictions": {"probabilities": [8.703964340384118e-07, 0.9802795648574829], "logits": []}, "groundTruth": [0.0, 1.0]}, {"startTime": 5.0, "endTime": 10.0, "predictions": {"probabilities": [6.843514199772471e-08, 0.9609290361404419], "logits": []}, "groundTruth": [0.0, 1.0]}, {"startTime": 10.0, "endTime": 15.0, "predictions": {"probabilities": [9.319533234020128e-08, 1.0], "logits": []}, "groundTruth": [0.0, 1.0]}]]}