{"modelName": "devise-220528-v0-ep33", "version": "1", "fileId": "b059fb10d0c94891bfe26d6b697f0b5e", "classIds": ["Crex crex", "Scolopax rusticola"], "channels": [[{"startTime": 0.0, "endTime": 5.0, "predictions": {"probabilities": [-12.424402236938477, -10.765518188476562], "logits": [NaN, NaN]}, "groundTruth": [0.0, 0.0]}, {"startTime": 5.0, "endTime": 10.0, "predictions": {"probabilities": [-10.186630249023438, -12.730473518371582], "logits": [NaN, NaN]}, "groundTruth": [0.0, 0.0]}, {"startTime": 10.0, "endTime": 15.0, "predictions": {"probabilities": [-9.162607192993164, -5.567848205566406], "logits": [NaN, NaN]}, "groundTruth": [0.0, 0.0]}, {"startTime": 15.0, "endTime": 20.0, "predictions": {"probabilities": [-12.218025207519531, -6.644714832305908], "logits": [NaN, NaN]}, "groundTruth": [0.0, 0.0]}]]}