{"modelName": "devise-220528-v0-ep33", "version": "1", "fileId": "b059fb10d0c94891bfe26d6b697f0b5e", "classIds": ["Crex crex", "Scolopax rusticola"], "channels": [[{"startTime": 0.0, "endTime": 5.0, "predictions": {"probabilities": [4.019285825052066e-06, 2.1114738046890125e-05], "logits": []}, "groundTruth": [0.0, 0.0]}, {"startTime": 5.0, "endTime": 10.0, "predictions": {"probabilities": [3.766919326153584e-05, 2.959540552183171e-06], "logits": []}, "groundTruth": [0.0, 0.0]}, {"startTime": 10.0, "endTime": 15.0, "predictions": {"probabilities": [0.00010487806866876781, 0.003804161911830306], "logits": []}, "groundTruth": [0.0, 0.0]}, {"startTime": 15.0, "endTime": 20.0, "predictions": {"probabilities": [4.940568487654673e-06, 0.0012991891708225012], "logits": []}, "groundTruth": [0.0, 0.0]}]]}