{"modelName": "devise-220528-v0-ep33", "version": "1", "fileId": "b070861230a54545982ee2c3f0336e5e", "classIds": ["Crex crex", "Scolopax rusticola"], "channels": [[{"startTime": 0.0, "endTime": 5.0, "predictions": {"probabilities": [-16.85584259033203, -22.051393508911133], "logits": [NaN, NaN]}, "groundTruth": [0.0, 0.0]}, {"startTime": 5.0, "endTime": 10.0, "predictions": {"probabilities": [-17.25609588623047, -17.298095703125], "logits": [NaN, NaN]}, "groundTruth": [0.0, 0.0]}, {"startTime": 10.0, "endTime": 15.0, "predictions": {"probabilities": [-14.445286750793457, -15.588908195495605], "logits": [NaN, NaN]}, "groundTruth": [0.0, 0.0]}, {"startTime": 15.0, "endTime": 20.0, "predictions": {"probabilities": [-17.337461471557617, -22.12683868408203], "logits": [NaN, NaN]}, "groundTruth": [0.0, 0.0]}]]}