{"modelName": "devise-220528-v0-ep33", "version": "1", "fileId": "b093f46b10a54aef90f8edef29adb042", "classIds": ["Crex crex", "Scolopax rusticola"], "channels": [[{"startTime": 0.0, "endTime": 5.0, "predictions": {"probabilities": [-12.654556274414062, -17.133243560791016], "logits": [NaN, NaN]}, "groundTruth": [0.0, 0.0]}, {"startTime": 5.0, "endTime": 10.0, "predictions": {"probabilities": [-10.175544738769531, -9.24767780303955], "logits": [NaN, NaN]}, "groundTruth": [0.0, 0.0]}, {"startTime": 10.0, "endTime": 15.0, "predictions": {"probabilities": [-12.56011962890625, -15.712733268737793], "logits": [NaN, NaN]}, "groundTruth": [0.0, 0.0]}, {"startTime": 15.0, "endTime": 20.0, "predictions": {"probabilities": [-12.313104629516602, -9.94094181060791], "logits": [NaN, NaN]}, "groundTruth": [0.0, 0.0]}]]}