{"modelName": "devise-220528-v0-ep33", "version": "1", "fileId": "b161d2f002f245eebb7dcb5f4f1def4b", "classIds": ["Crex crex", "Scolopax rusticola"], "channels": [[{"startTime": 0.0, "endTime": 5.0, "predictions": {"probabilities": [-12.156356811523438, -11.549713134765625], "logits": [NaN, NaN]}, "groundTruth": [0.0, 0.0]}, {"startTime": 5.0, "endTime": 10.0, "predictions": {"probabilities": [-12.023106575012207, -12.645907402038574], "logits": [NaN, NaN]}, "groundTruth": [0.0, 0.0]}, {"startTime": 10.0, "endTime": 15.0, "predictions": {"probabilities": [-14.141358375549316, -13.726117134094238], "logits": [NaN, NaN]}, "groundTruth": [0.0, 0.0]}, {"startTime": 15.0, "endTime": 20.0, "predictions": {"probabilities": [-9.002960205078125, -8.560869216918945], "logits": [NaN, NaN]}, "groundTruth": [0.0, 0.0]}]]}