{"modelName": "devise-220528-v0-ep33", "version": "1", "fileId": "b161d2f002f245eebb7dcb5f4f1def4b", "classIds": ["Crex crex", "Scolopax rusticola"], "channels": [[{"startTime": 0.0, "endTime": 5.0, "predictions": {"probabilities": [5.254834377410589e-06, 9.638714800530579e-06], "logits": []}, "groundTruth": [0.0, 0.0]}, {"startTime": 5.0, "endTime": 10.0, "predictions": {"probabilities": [6.003832368151052e-06, 3.220704002160346e-06], "logits": []}, "groundTruth": [0.0, 0.0]}, {"startTime": 10.0, "endTime": 15.0, "predictions": {"probabilities": [7.219145459202991e-07, 1.0935095815511886e-06], "logits": []}, "groundTruth": [0.0, 0.0]}, {"startTime": 15.0, "endTime": 20.0, "predictions": {"probabilities": [0.00012302988034207374, 0.0001914161694003269], "logits": []}, "groundTruth": [0.0, 0.0]}]]}