{"modelName": "devise-220528-v0-ep33", "version": "1", "fileId": "b18f60d44908460eaea5b4d9053d657f", "classIds": ["Crex crex", "Scolopax rusticola"], "channels": [[{"startTime": 0.0, "endTime": 5.0, "predictions": {"probabilities": [-13.830124855041504, 4.500391006469727], "logits": [NaN, NaN]}, "groundTruth": [0.0, 1.0]}, {"startTime": 5.0, "endTime": 10.0, "predictions": {"probabilities": [-14.312535285949707, 11.774641036987305], "logits": [NaN, NaN]}, "groundTruth": [0.0, 1.0]}, {"startTime": 8.0, "endTime": 13.0, "predictions": {"probabilities": [-9.575448036193848, 2.3844361305236816], "logits": [NaN, NaN]}, "groundTruth": [0.0, 1.0]}]]}