{"modelName": "devise-220528-v0-ep33", "version": "1", "fileId": "b1c5e30afcc74b8a97c2d4de9b970de6", "classIds": ["Crex crex", "Scolopax rusticola"], "channels": [[{"startTime": 0.0, "endTime": 5.0, "predictions": {"probabilities": [-12.034360885620117, -6.314175605773926], "logits": [NaN, NaN]}, "groundTruth": [0.0, 0.0]}, {"startTime": 5.0, "endTime": 10.0, "predictions": {"probabilities": [-9.944327354431152, 0.057938143610954285], "logits": [NaN, -2.7886950969696045]}, "groundTruth": [0.0, 0.0]}, {"startTime": 10.0, "endTime": 15.0, "predictions": {"probabilities": [-8.992673873901367, -4.370797157287598], "logits": [NaN, NaN]}, "groundTruth": [0.0, 0.0]}, {"startTime": 15.0, "endTime": 20.0, "predictions": {"probabilities": [-10.053354263305664, -2.0024561882019043], "logits": [NaN, NaN]}, "groundTruth": [0.0, 0.0]}]]}