{"modelName": "devise-220528-v0-ep33", "version": "1", "fileId": "b214d02980c6438db9a17cfcbec47196", "classIds": ["Crex crex", "Scolopax rusticola"], "channels": [[{"startTime": 0.0, "endTime": 5.0, "predictions": {"probabilities": [-8.563384056091309, -11.662996292114258], "logits": [NaN, NaN]}, "groundTruth": [0.0, 0.0]}, {"startTime": 5.0, "endTime": 10.0, "predictions": {"probabilities": [-16.660560607910156, -18.645713806152344], "logits": [NaN, NaN]}, "groundTruth": [0.0, 0.0]}, {"startTime": 10.0, "endTime": 15.0, "predictions": {"probabilities": [-13.990410804748535, -18.295150756835938], "logits": [NaN, NaN]}, "groundTruth": [0.0, 0.0]}, {"startTime": 15.0, "endTime": 20.0, "predictions": {"probabilities": [-14.590521812438965, -19.295928955078125], "logits": [NaN, NaN]}, "groundTruth": [0.0, 0.0]}]]}