{"modelName": "devise-220528-v0-ep33", "version": "1", "fileId": "b22e6d97e5fa4a7f997f1bed54a8cf08", "classIds": ["Crex crex", "Scolopax rusticola"], "channels": [[{"startTime": 0.0, "endTime": 5.0, "predictions": {"probabilities": [-8.963656425476074, -8.486350059509277], "logits": [NaN, NaN]}, "groundTruth": [0.0, 0.0]}, {"startTime": 5.0, "endTime": 10.0, "predictions": {"probabilities": [-9.983542442321777, -7.747452259063721], "logits": [NaN, NaN]}, "groundTruth": [0.0, 0.0]}, {"startTime": 10.0, "endTime": 15.0, "predictions": {"probabilities": [-11.35202407836914, -7.045135974884033], "logits": [NaN, NaN]}, "groundTruth": [0.0, 0.0]}, {"startTime": 15.0, "endTime": 20.0, "predictions": {"probabilities": [-10.930500984191895, -8.399916648864746], "logits": [NaN, NaN]}, "groundTruth": [0.0, 0.0]}]]}