{"modelName": "devise-220528-v0-ep33", "version": "1", "fileId": "b22e6d97e5fa4a7f997f1bed54a8cf08", "classIds": ["Crex crex", "Scolopax rusticola"], "channels": [[{"startTime": 0.0, "endTime": 5.0, "predictions": {"probabilities": [0.00012796108785551041, 0.00020622220472432673], "logits": []}, "groundTruth": [0.0, 0.0]}, {"startTime": 5.0, "endTime": 10.0, "predictions": {"probabilities": [4.6151155402185395e-05, 0.0004316549457143992], "logits": []}, "groundTruth": [0.0, 0.0]}, {"startTime": 10.0, "endTime": 15.0, "predictions": {"probabilities": [1.1745553820219357e-05, 0.0008708792738616467], "logits": []}, "groundTruth": [0.0, 0.0]}, {"startTime": 15.0, "endTime": 20.0, "predictions": {"probabilities": [1.7903419575304724e-05, 0.00022483550128526986], "logits": []}, "groundTruth": [0.0, 0.0]}]]}