{"modelName": "devise-220528-v0-ep33", "version": "1", "fileId": "b26223d0e0b9476c967982404b319177", "classIds": ["Crex crex", "Scolopax rusticola"], "channels": [[{"startTime": 0.0, "endTime": 5.0, "predictions": {"probabilities": [-17.154727935791016, -11.151137351989746], "logits": [NaN, NaN]}, "groundTruth": [0.0, 1.0]}, {"startTime": 4.0, "endTime": 9.0, "predictions": {"probabilities": [-12.224736213684082, -3.9633255004882812], "logits": [NaN, NaN]}, "groundTruth": [0.0, 1.0]}]]}