{"modelName": "devise-220528-v0-ep33", "version": "1", "fileId": "b26223d0e0b9476c967982404b319177", "classIds": ["Crex crex", "Scolopax rusticola"], "channels": [[{"startTime": 0.0, "endTime": 5.0, "predictions": {"probabilities": [3.546470139781377e-08, 1.4358740372699685e-05], "logits": []}, "groundTruth": [0.0, 1.0]}, {"startTime": 4.0, "endTime": 9.0, "predictions": {"probabilities": [4.907523361907806e-06, 0.01864556223154068], "logits": []}, "groundTruth": [0.0, 1.0]}]]}