{"modelName": "devise-220528-v0-ep33", "version": "1", "fileId": "b2cc5a9439614d93aae9528e073edc4d", "classIds": ["Crex crex", "Scolopax rusticola"], "channels": [[{"startTime": 0.0, "endTime": 5.0, "predictions": {"probabilities": [3.641256114406133e-07, 0.4529675841331482], "logits": []}, "groundTruth": [0.0, 0.0]}, {"startTime": 5.0, "endTime": 10.0, "predictions": {"probabilities": [1.841675754121752e-07, 1.4988225302658975e-05], "logits": []}, "groundTruth": [0.0, 0.0]}, {"startTime": 10.0, "endTime": 15.0, "predictions": {"probabilities": [4.3521126826817635e-06, 6.93803740432486e-05], "logits": []}, "groundTruth": [0.0, 0.0]}, {"startTime": 15.0, "endTime": 20.0, "predictions": {"probabilities": [5.060547664470505e-06, 2.780582508421503e-05], "logits": []}, "groundTruth": [0.0, 0.0]}]]}