{"modelName": "devise-220528-v0-ep33", "version": "1", "fileId": "b329bc8540b945b5bfe3f7ba782511b1", "classIds": ["Crex crex", "Scolopax rusticola"], "channels": [[{"startTime": 0.0, "endTime": 5.0, "predictions": {"probabilities": [4.778035389563229e-08, 2.9077252605702597e-08], "logits": []}, "groundTruth": [0.0, 0.0]}, {"startTime": 5.0, "endTime": 10.0, "predictions": {"probabilities": [1.5834256572588856e-08, 3.370664858337591e-09], "logits": []}, "groundTruth": [0.0, 0.0]}, {"startTime": 10.0, "endTime": 15.0, "predictions": {"probabilities": [2.493972260708688e-06, 2.719124267969164e-06], "logits": []}, "groundTruth": [0.0, 0.0]}, {"startTime": 15.0, "endTime": 20.0, "predictions": {"probabilities": [1.0759609949673177e-06, 5.204816488912911e-07], "logits": []}, "groundTruth": [0.0, 0.0]}]]}