{"modelName": "devise-220528-v0-ep33", "version": "1", "fileId": "b38cda5746a548f9a0d038d796036fcc", "classIds": ["Crex crex", "Scolopax rusticola"], "channels": [[{"startTime": 0.0, "endTime": 5.0, "predictions": {"probabilities": [2.4050283172982745e-05, 1.9433202851359965e-06], "logits": []}, "groundTruth": [0.0, 0.0]}, {"startTime": 5.0, "endTime": 10.0, "predictions": {"probabilities": [2.4383089112234302e-05, 8.962883413232703e-08], "logits": []}, "groundTruth": [0.0, 0.0]}, {"startTime": 10.0, "endTime": 15.0, "predictions": {"probabilities": [5.649867489410099e-06, 6.145987185846025e-08], "logits": []}, "groundTruth": [0.0, 0.0]}, {"startTime": 15.0, "endTime": 20.0, "predictions": {"probabilities": [0.0008738887263461947, 4.014486876258161e-08], "logits": []}, "groundTruth": [0.0, 0.0]}]]}