{"modelName": "devise-220528-v0-ep33", "version": "1", "fileId": "b38cda5746a548f9a0d038d796036fcc", "classIds": ["Crex crex", "Scolopax rusticola"], "channels": [[{"startTime": 0.0, "endTime": 5.0, "predictions": {"probabilities": [-10.635339736938477, -13.151110649108887], "logits": [NaN, NaN]}, "groundTruth": [0.0, 0.0]}, {"startTime": 5.0, "endTime": 10.0, "predictions": {"probabilities": [-10.621596336364746, -16.227588653564453], "logits": [NaN, NaN]}, "groundTruth": [0.0, 0.0]}, {"startTime": 10.0, "endTime": 15.0, "predictions": {"probabilities": [-12.08387279510498, -16.604881286621094], "logits": [NaN, NaN]}, "groundTruth": [0.0, 0.0]}, {"startTime": 15.0, "endTime": 20.0, "predictions": {"probabilities": [-7.041683197021484, -17.030771255493164], "logits": [NaN, NaN]}, "groundTruth": [0.0, 0.0]}]]}