{"modelName": "devise-220528-v0-ep33", "version": "1", "fileId": "b3c477c8b2644fa0a885ad6aae4e60cd", "classIds": ["Crex crex", "Scolopax rusticola"], "channels": [[{"startTime": 0.0, "endTime": 5.0, "predictions": {"probabilities": [2.0173442862869706e-06, 4.765778430737555e-05], "logits": []}, "groundTruth": [0.0, 0.0]}, {"startTime": 5.0, "endTime": 10.0, "predictions": {"probabilities": [2.1462257791426964e-05, 9.821596336223593e-08], "logits": []}, "groundTruth": [0.0, 0.0]}, {"startTime": 10.0, "endTime": 15.0, "predictions": {"probabilities": [1.3679007679456845e-05, 2.804857786031789e-06], "logits": []}, "groundTruth": [0.0, 0.0]}, {"startTime": 15.0, "endTime": 20.0, "predictions": {"probabilities": [2.142162702511996e-05, 4.6983270607370287e-08], "logits": []}, "groundTruth": [0.0, 0.0]}]]}