{"modelName": "devise-220528-v0-ep33", "version": "1", "fileId": "b3f80577604a4f4295273bb5c72de5ab", "classIds": ["Crex crex", "Scolopax rusticola"], "channels": [[{"startTime": 0.0, "endTime": 5.0, "predictions": {"probabilities": [-16.138458251953125, -19.57359504699707], "logits": [NaN, NaN]}, "groundTruth": [0.0, 0.0]}, {"startTime": 5.0, "endTime": 10.0, "predictions": {"probabilities": [-16.701217651367188, -16.21701431274414], "logits": [NaN, NaN]}, "groundTruth": [0.0, 0.0]}, {"startTime": 10.0, "endTime": 15.0, "predictions": {"probabilities": [-12.48452091217041, -12.94049072265625], "logits": [NaN, NaN]}, "groundTruth": [0.0, 0.0]}, {"startTime": 15.0, "endTime": 20.0, "predictions": {"probabilities": [-15.46129035949707, -16.720735549926758], "logits": [NaN, NaN]}, "groundTruth": [0.0, 0.0]}]]}