{"modelName": "devise-220528-v0-ep33", "version": "1", "fileId": "b3ffb994196d4048a10a5e34e9bad3ed", "classIds": ["Crex crex", "Scolopax rusticola"], "channels": [[{"startTime": 0.0, "endTime": 5.0, "predictions": {"probabilities": [-12.040634155273438, -10.57912826538086], "logits": [NaN, NaN]}, "groundTruth": [0.0, 0.0]}, {"startTime": 5.0, "endTime": 10.0, "predictions": {"probabilities": [-12.976819038391113, -13.911696434020996], "logits": [NaN, NaN]}, "groundTruth": [0.0, 0.0]}, {"startTime": 10.0, "endTime": 15.0, "predictions": {"probabilities": [-16.513530731201172, -9.197402954101562], "logits": [NaN, NaN]}, "groundTruth": [0.0, 0.0]}, {"startTime": 15.0, "endTime": 20.0, "predictions": {"probabilities": [-14.543818473815918, -8.576483726501465], "logits": [NaN, NaN]}, "groundTruth": [0.0, 0.0]}]]}