{"modelName": "devise-220528-v0-ep33", "version": "1", "fileId": "b3ff25725c3a452092c359aa0a6edd84", "classIds": ["Crex crex", "Scolopax rusticola"], "channels": [[{"startTime": 0.0, "endTime": 5.0, "predictions": {"probabilities": [-14.45010757446289, -17.10334587097168], "logits": [NaN, NaN]}, "groundTruth": [0.0, 0.0]}, {"startTime": 5.0, "endTime": 10.0, "predictions": {"probabilities": [-9.664196968078613, -20.628095626831055], "logits": [NaN, NaN]}, "groundTruth": [0.0, 0.0]}, {"startTime": 10.0, "endTime": 15.0, "predictions": {"probabilities": [-12.686762809753418, -17.04294204711914], "logits": [NaN, NaN]}, "groundTruth": [0.0, 0.0]}, {"startTime": 15.0, "endTime": 20.0, "predictions": {"probabilities": [-11.85034465789795, -16.02315330505371], "logits": [NaN, NaN]}, "groundTruth": [0.0, 0.0]}]]}