{"modelName": "devise-220528-v0-ep33", "version": "1", "fileId": "b3ff25725c3a452092c359aa0a6edd84", "classIds": ["Crex crex", "Scolopax rusticola"], "channels": [[{"startTime": 0.0, "endTime": 5.0, "predictions": {"probabilities": [5.301487817632733e-07, 3.7334579872094764e-08], "logits": []}, "groundTruth": [0.0, 0.0]}, {"startTime": 5.0, "endTime": 10.0, "predictions": {"probabilities": [6.351334741339087e-05, 1.0998459920585901e-09], "logits": []}, "groundTruth": [0.0, 0.0]}, {"startTime": 10.0, "endTime": 15.0, "predictions": {"probabilities": [3.0917728963686386e-06, 3.9659230566257975e-08], "logits": []}, "groundTruth": [0.0, 0.0]}, {"startTime": 15.0, "endTime": 20.0, "predictions": {"probabilities": [7.136045041988837e-06, 1.0995952948178456e-07], "logits": []}, "groundTruth": [0.0, 0.0]}]]}