{"modelName": "devise-220528-v0-ep33", "version": "1", "fileId": "b47dd2a7adec412f858b7597287899d3", "classIds": ["Crex crex", "Scolopax rusticola"], "channels": [[{"startTime": 0.0, "endTime": 5.0, "predictions": {"probabilities": [3.751581800770509e-08, 1.2196997545288468e-07], "logits": []}, "groundTruth": [0.0, 0.0]}, {"startTime": 5.0, "endTime": 10.0, "predictions": {"probabilities": [2.4460908321088937e-07, 8.72803056495286e-08], "logits": []}, "groundTruth": [0.0, 0.0]}, {"startTime": 10.0, "endTime": 15.0, "predictions": {"probabilities": [1.3411805888097206e-08, 1.1489685071419675e-11], "logits": []}, "groundTruth": [0.0, 0.0]}, {"startTime": 15.0, "endTime": 20.0, "predictions": {"probabilities": [5.2694071328573955e-09, 1.9837229081609564e-10], "logits": []}, "groundTruth": [0.0, 0.0]}]]}