{"modelName": "devise-220528-v0-ep33", "version": "1", "fileId": "b4ea34a99a434f6fa1826b522113a047", "classIds": ["Crex crex", "Scolopax rusticola"], "channels": [[{"startTime": 0.0, "endTime": 5.0, "predictions": {"probabilities": [1.3545984074880835e-05, 3.599715273594484e-05], "logits": []}, "groundTruth": [0.0, 1.0]}, {"startTime": 5.0, "endTime": 10.0, "predictions": {"probabilities": [9.769702824513615e-10, 0.9999992847442627], "logits": []}, "groundTruth": [0.0, 1.0]}, {"startTime": 8.0, "endTime": 13.0, "predictions": {"probabilities": [9.801292577549248e-08, 0.9951500296592712], "logits": []}, "groundTruth": [0.0, 1.0]}]]}