{"modelName": "devise-220528-v0-ep33", "version": "1", "fileId": "b4ffbe550b9b4f4c88759c3a8c0dc921", "classIds": ["Crex crex", "Scolopax rusticola"], "channels": [[{"startTime": 0.0, "endTime": 5.0, "predictions": {"probabilities": [-12.98033618927002, -11.317588806152344], "logits": [NaN, NaN]}, "groundTruth": [0.0, 0.0]}, {"startTime": 5.0, "endTime": 10.0, "predictions": {"probabilities": [-7.585628986358643, -5.596400737762451], "logits": [NaN, NaN]}, "groundTruth": [0.0, 0.0]}, {"startTime": 10.0, "endTime": 15.0, "predictions": {"probabilities": [-11.000580787658691, -10.159608840942383], "logits": [NaN, NaN]}, "groundTruth": [0.0, 0.0]}, {"startTime": 15.0, "endTime": 20.0, "predictions": {"probabilities": [-13.857372283935547, -15.239858627319336], "logits": [NaN, NaN]}, "groundTruth": [0.0, 0.0]}]]}