{"modelName": "devise-220528-v0-ep33", "version": "1", "fileId": "b50a95cad5104734975af9f0b3a0538d", "classIds": ["Crex crex", "Scolopax rusticola"], "channels": [[{"startTime": 0.0, "endTime": 5.0, "predictions": {"probabilities": [6.218380690370395e-07, 0.06364860385656357], "logits": []}, "groundTruth": [0.0, 1.0]}, {"startTime": 5.0, "endTime": 10.0, "predictions": {"probabilities": [6.492183679540631e-09, 1.0], "logits": []}, "groundTruth": [0.0, 1.0]}, {"startTime": 10.0, "endTime": 15.0, "predictions": {"probabilities": [4.1169371911564667e-07, 1.0], "logits": []}, "groundTruth": [0.0, 1.0]}, {"startTime": 13.0, "endTime": 18.0, "predictions": {"probabilities": [3.476347046671435e-05, 0.9997913241386414], "logits": []}, "groundTruth": [0.0, 1.0]}]]}