{"modelName": "devise-220528-v0-ep33", "version": "1", "fileId": "b5915441377f4ffcba935bb9a0ac60d5", "classIds": ["Crex crex", "Scolopax rusticola"], "channels": [[{"startTime": 0.0, "endTime": 5.0, "predictions": {"probabilities": [-14.224738121032715, -13.158153533935547], "logits": [NaN, NaN]}, "groundTruth": [0.0, 0.0]}, {"startTime": 5.0, "endTime": 10.0, "predictions": {"probabilities": [-11.42642879486084, -8.796845436096191], "logits": [NaN, NaN]}, "groundTruth": [0.0, 0.0]}, {"startTime": 10.0, "endTime": 15.0, "predictions": {"probabilities": [-10.173498153686523, -9.013467788696289], "logits": [NaN, NaN]}, "groundTruth": [0.0, 0.0]}, {"startTime": 15.0, "endTime": 20.0, "predictions": {"probabilities": [-13.01541805267334, -9.577859878540039], "logits": [NaN, NaN]}, "groundTruth": [0.0, 0.0]}]]}