{"modelName": "devise-220528-v0-ep33", "version": "1", "fileId": "b5bddcd62f7f43d7b6d92a5aa0ea2017", "classIds": ["Crex crex", "Scolopax rusticola"], "channels": [[{"startTime": 0.0, "endTime": 5.0, "predictions": {"probabilities": [-19.776607513427734, -20.773996353149414], "logits": [NaN, NaN]}, "groundTruth": [0.0, 0.0]}, {"startTime": 5.0, "endTime": 10.0, "predictions": {"probabilities": [-17.825454711914062, -15.165312767028809], "logits": [NaN, NaN]}, "groundTruth": [0.0, 0.0]}, {"startTime": 10.0, "endTime": 15.0, "predictions": {"probabilities": [-18.29124641418457, -17.955934524536133], "logits": [NaN, NaN]}, "groundTruth": [0.0, 0.0]}, {"startTime": 15.0, "endTime": 20.0, "predictions": {"probabilities": [-20.76850700378418, -20.47362518310547], "logits": [NaN, NaN]}, "groundTruth": [0.0, 0.0]}]]}