{"modelName": "devise-220528-v0-ep33", "version": "1", "fileId": "b5bddcd62f7f43d7b6d92a5aa0ea2017", "classIds": ["Crex crex", "Scolopax rusticola"], "channels": [[{"startTime": 0.0, "endTime": 5.0, "predictions": {"probabilities": [2.577083435539862e-09, 9.50534762012012e-10], "logits": []}, "groundTruth": [0.0, 0.0]}, {"startTime": 5.0, "endTime": 10.0, "predictions": {"probabilities": [1.813440775322306e-08, 2.5929145408554177e-07], "logits": []}, "groundTruth": [0.0, 0.0]}, {"startTime": 10.0, "endTime": 15.0, "predictions": {"probabilities": [1.138184302362788e-08, 1.5916102213964223e-08], "logits": []}, "groundTruth": [0.0, 0.0]}, {"startTime": 15.0, "endTime": 20.0, "predictions": {"probabilities": [9.557670210824654e-10, 1.283564032839024e-09], "logits": []}, "groundTruth": [0.0, 0.0]}]]}