{"modelName": "devise-220528-v0-ep33", "version": "1", "fileId": "b6230d30562d4dfeaeaa80c8397b1b0d", "classIds": ["Crex crex", "Scolopax rusticola"], "channels": [[{"startTime": 0.0, "endTime": 5.0, "predictions": {"probabilities": [-7.3551506996154785, -11.513022422790527], "logits": [NaN, NaN]}, "groundTruth": [0.0, 0.0]}, {"startTime": 5.0, "endTime": 10.0, "predictions": {"probabilities": [-6.618701457977295, -8.189626693725586], "logits": [NaN, NaN]}, "groundTruth": [0.0, 0.0]}, {"startTime": 10.0, "endTime": 15.0, "predictions": {"probabilities": [-12.102682113647461, -7.176478862762451], "logits": [NaN, NaN]}, "groundTruth": [0.0, 0.0]}, {"startTime": 15.0, "endTime": 20.0, "predictions": {"probabilities": [-8.87413501739502, -8.406286239624023], "logits": [NaN, NaN]}, "groundTruth": [0.0, 0.0]}]]}