{"modelName": "devise-220528-v0-ep33", "version": "1", "fileId": "b6d2b7915a834e4ab6a2432e8fb4be7c", "classIds": ["Crex crex", "Scolopax rusticola"], "channels": [[{"startTime": 0.0, "endTime": 5.0, "predictions": {"probabilities": [3.7239566097468924e-08, 3.7708446143369656e-07], "logits": []}, "groundTruth": [0.0, 0.0]}, {"startTime": 5.0, "endTime": 10.0, "predictions": {"probabilities": [5.840954031555157e-07, 6.2057183640717994e-06], "logits": []}, "groundTruth": [0.0, 0.0]}, {"startTime": 10.0, "endTime": 15.0, "predictions": {"probabilities": [4.3252535419924243e-07, 1.2167492968728766e-06], "logits": []}, "groundTruth": [0.0, 0.0]}, {"startTime": 15.0, "endTime": 20.0, "predictions": {"probabilities": [5.893840526738359e-09, 4.712593693056988e-07], "logits": []}, "groundTruth": [0.0, 0.0]}]]}