{"modelName": "devise-220528-v0-ep33", "version": "1", "fileId": "b7393031c12047879c830d2ab54d8240", "classIds": ["Crex crex", "Scolopax rusticola"], "channels": [[{"startTime": 0.0, "endTime": 5.0, "predictions": {"probabilities": [-11.780653953552246, -8.56364631652832], "logits": [NaN, NaN]}, "groundTruth": [0.0, 0.0]}, {"startTime": 5.0, "endTime": 10.0, "predictions": {"probabilities": [-9.901305198669434, -8.642524719238281], "logits": [NaN, NaN]}, "groundTruth": [0.0, 0.0]}, {"startTime": 10.0, "endTime": 15.0, "predictions": {"probabilities": [-8.924239158630371, -6.563936710357666], "logits": [NaN, NaN]}, "groundTruth": [0.0, 0.0]}, {"startTime": 15.0, "endTime": 20.0, "predictions": {"probabilities": [-10.286604881286621, -7.8961029052734375], "logits": [NaN, NaN]}, "groundTruth": [0.0, 0.0]}]]}