{"modelName": "devise-220528-v0-ep33", "version": "1", "fileId": "b7393031c12047879c830d2ab54d8240", "classIds": ["Crex crex", "Scolopax rusticola"], "channels": [[{"startTime": 0.0, "endTime": 5.0, "predictions": {"probabilities": [7.651095984329004e-06, 0.0001908854319481179], "logits": []}, "groundTruth": [0.0, 0.0]}, {"startTime": 5.0, "endTime": 10.0, "predictions": {"probabilities": [5.010672612115741e-05, 0.00017640973965171725], "logits": []}, "groundTruth": [0.0, 0.0]}, {"startTime": 10.0, "endTime": 15.0, "predictions": {"probabilities": [0.00013310500071384013, 0.0014083365676924586], "logits": []}, "groundTruth": [0.0, 0.0]}, {"startTime": 15.0, "endTime": 20.0, "predictions": {"probabilities": [3.408548582228832e-05, 0.00037205268745310605], "logits": []}, "groundTruth": [0.0, 0.0]}]]}