{"modelName": "devise-220528-v0-ep33", "version": "1", "fileId": "b7495ddc48224e66bcd53ff6ed7338ba", "classIds": ["Crex crex", "Scolopax rusticola"], "channels": [[{"startTime": 0.0, "endTime": 5.0, "predictions": {"probabilities": [-16.96080780029297, -20.686403274536133], "logits": [NaN, NaN]}, "groundTruth": [0.0, 0.0]}, {"startTime": 5.0, "endTime": 10.0, "predictions": {"probabilities": [-12.249964714050293, -4.092695713043213], "logits": [NaN, NaN]}, "groundTruth": [0.0, 0.0]}, {"startTime": 10.0, "endTime": 15.0, "predictions": {"probabilities": [-11.529810905456543, -13.275264739990234], "logits": [NaN, NaN]}, "groundTruth": [0.0, 0.0]}, {"startTime": 15.0, "endTime": 20.0, "predictions": {"probabilities": [-8.05185317993164, -6.88538932800293], "logits": [NaN, NaN]}, "groundTruth": [0.0, 0.0]}]]}