{"modelName": "devise-220528-v0-ep33", "version": "1", "fileId": "b7c0cf08cf844ae5a225683da8d8659b", "classIds": ["Crex crex", "Scolopax rusticola"], "channels": [[{"startTime": 0.0, "endTime": 5.0, "predictions": {"probabilities": [0.0012695241020992398, 0.009555531665682793], "logits": []}, "groundTruth": [0.0, 0.0]}, {"startTime": 5.0, "endTime": 10.0, "predictions": {"probabilities": [0.0002175564441131428, 0.00015879042621236295], "logits": []}, "groundTruth": [0.0, 0.0]}, {"startTime": 10.0, "endTime": 15.0, "predictions": {"probabilities": [1.0750895853561815e-05, 0.00023817786131985486], "logits": []}, "groundTruth": [0.0, 0.0]}, {"startTime": 15.0, "endTime": 20.0, "predictions": {"probabilities": [1.801699363568332e-05, 0.00021600871696136892], "logits": []}, "groundTruth": [0.0, 0.0]}]]}