{"modelName": "devise-220528-v0-ep33", "version": "1", "fileId": "b7fa53a262f049b5b6f6c109890403bb", "classIds": ["Crex crex", "Scolopax rusticola"], "channels": [[{"startTime": 0.0, "endTime": 5.0, "predictions": {"probabilities": [2.0845308768002724e-07, 3.50489995071257e-06], "logits": []}, "groundTruth": [0.0, 1.0]}, {"startTime": 5.0, "endTime": 10.0, "predictions": {"probabilities": [5.483438414444208e-08, 1.3365098361362016e-08], "logits": []}, "groundTruth": [0.0, 1.0]}, {"startTime": 10.0, "endTime": 15.0, "predictions": {"probabilities": [1.3648451613335055e-07, 4.430848275660537e-05], "logits": []}, "groundTruth": [0.0, 1.0]}, {"startTime": 13.0, "endTime": 18.0, "predictions": {"probabilities": [1.1454452497616785e-08, 1.3301076906557796e-10], "logits": []}, "groundTruth": [0.0, 1.0]}]]}