{"modelName": "devise-220528-v0-ep33", "version": "1", "fileId": "b7fad8b587e34b44a8fa8a2b78793e1d", "classIds": ["Crex crex", "Scolopax rusticola"], "channels": [[{"startTime": 0.0, "endTime": 5.0, "predictions": {"probabilities": [7.711788384767715e-06, 0.0005691891419701278], "logits": []}, "groundTruth": [0.0, 0.0]}, {"startTime": 5.0, "endTime": 10.0, "predictions": {"probabilities": [2.899078572227154e-05, 0.00035646886681206524], "logits": []}, "groundTruth": [0.0, 0.0]}, {"startTime": 10.0, "endTime": 15.0, "predictions": {"probabilities": [7.182623903645435e-06, 0.4948156774044037], "logits": []}, "groundTruth": [0.0, 0.0]}, {"startTime": 15.0, "endTime": 20.0, "predictions": {"probabilities": [9.560450962453615e-06, 0.00018840057600755244], "logits": []}, "groundTruth": [0.0, 0.0]}]]}