{"modelName": "devise-220528-v0-ep33", "version": "1", "fileId": "b83e1977ad2c4bf89f2f1327a14722ef", "classIds": ["Crex crex", "Scolopax rusticola"], "channels": [[{"startTime": 0.0, "endTime": 5.0, "predictions": {"probabilities": [-10.984654426574707, -10.749606132507324], "logits": [NaN, NaN]}, "groundTruth": [0.0, 0.0]}, {"startTime": 5.0, "endTime": 10.0, "predictions": {"probabilities": [-9.717731475830078, -9.113421440124512], "logits": [NaN, NaN]}, "groundTruth": [0.0, 0.0]}, {"startTime": 10.0, "endTime": 15.0, "predictions": {"probabilities": [-10.488844871520996, -8.13918685913086], "logits": [NaN, NaN]}, "groundTruth": [0.0, 0.0]}, {"startTime": 15.0, "endTime": 20.0, "predictions": {"probabilities": [-17.684612274169922, 32.344635009765625], "logits": [NaN, NaN]}, "groundTruth": [0.0, 0.0]}]]}