{"modelName": "devise-220528-v0-ep33", "version": "1", "fileId": "b87af03880824138a1dcb306d01d6b36", "classIds": ["Crex crex", "Scolopax rusticola"], "channels": [[{"startTime": 0.0, "endTime": 5.0, "predictions": {"probabilities": [-10.72730827331543, -8.439730644226074], "logits": [NaN, NaN]}, "groundTruth": [0.0, 0.0]}, {"startTime": 5.0, "endTime": 10.0, "predictions": {"probabilities": [-12.450793266296387, -9.157360076904297], "logits": [NaN, NaN]}, "groundTruth": [0.0, 0.0]}, {"startTime": 10.0, "endTime": 15.0, "predictions": {"probabilities": [-7.743819236755371, -5.0022077560424805], "logits": [NaN, NaN]}, "groundTruth": [0.0, 0.0]}, {"startTime": 15.0, "endTime": 20.0, "predictions": {"probabilities": [-10.155862808227539, 4.92080545425415], "logits": [NaN, NaN]}, "groundTruth": [0.0, 0.0]}]]}