{"modelName": "devise-220528-v0-ep33", "version": "1", "fileId": "b87af03880824138a1dcb306d01d6b36", "classIds": ["Crex crex", "Scolopax rusticola"], "channels": [[{"startTime": 0.0, "endTime": 5.0, "predictions": {"probabilities": [2.1937123165116645e-05, 0.00021606165682896972], "logits": []}, "groundTruth": [0.0, 0.0]}, {"startTime": 5.0, "endTime": 10.0, "predictions": {"probabilities": [3.914600711141247e-06, 0.00010542976815486327], "logits": []}, "groundTruth": [0.0, 0.0]}, {"startTime": 10.0, "endTime": 15.0, "predictions": {"probabilities": [0.00043322533019818366, 0.006678189616650343], "logits": []}, "groundTruth": [0.0, 0.0]}, {"startTime": 15.0, "endTime": 20.0, "predictions": {"probabilities": [3.884614852722734e-05, 0.9927595853805542], "logits": []}, "groundTruth": [0.0, 0.0]}]]}