{"modelName": "devise-220528-v0-ep33", "version": "1", "fileId": "b8cd7773f55b45fb8dc14731c9fc625b", "classIds": ["Crex crex", "Scolopax rusticola"], "channels": [[{"startTime": 0.0, "endTime": 5.0, "predictions": {"probabilities": [-17.19544219970703, -14.720871925354004], "logits": [NaN, NaN]}, "groundTruth": [0.0, 0.0]}, {"startTime": 5.0, "endTime": 10.0, "predictions": {"probabilities": [-16.150981903076172, -12.269771575927734], "logits": [NaN, NaN]}, "groundTruth": [0.0, 0.0]}, {"startTime": 10.0, "endTime": 15.0, "predictions": {"probabilities": [-13.785724639892578, -17.78728675842285], "logits": [NaN, NaN]}, "groundTruth": [0.0, 0.0]}, {"startTime": 15.0, "endTime": 20.0, "predictions": {"probabilities": [-14.126758575439453, -15.597976684570312], "logits": [NaN, NaN]}, "groundTruth": [0.0, 0.0]}]]}