{"modelName": "devise-220528-v0-ep33", "version": "1", "fileId": "b8d4a58f823d458caf565f4476a3221a", "classIds": ["Crex crex", "Scolopax rusticola"], "channels": [[{"startTime": 0.0, "endTime": 5.0, "predictions": {"probabilities": [4.799765520147048e-06, 1.6800406399397616e-07], "logits": []}, "groundTruth": [0.0, 0.0]}, {"startTime": 5.0, "endTime": 10.0, "predictions": {"probabilities": [1.6151678039477702e-07, 5.538062630011664e-12], "logits": []}, "groundTruth": [0.0, 0.0]}, {"startTime": 10.0, "endTime": 15.0, "predictions": {"probabilities": [1.1440880598456715e-06, 1.6018573489873233e-07], "logits": []}, "groundTruth": [0.0, 0.0]}, {"startTime": 15.0, "endTime": 20.0, "predictions": {"probabilities": [3.8792404666310176e-07, 7.653722633449433e-08], "logits": []}, "groundTruth": [0.0, 0.0]}]]}