{"modelName": "devise-220528-v0-ep33", "version": "1", "fileId": "b8d649d816ed455da8b47713263993d3", "classIds": ["Crex crex", "Scolopax rusticola"], "channels": [[{"startTime": 0.0, "endTime": 5.0, "predictions": {"probabilities": [2.3715163024462527e-06, 4.3708365637940005e-07], "logits": []}, "groundTruth": [0.0, 0.0]}, {"startTime": 5.0, "endTime": 10.0, "predictions": {"probabilities": [6.633069278905168e-05, 2.2974783860263415e-05], "logits": []}, "groundTruth": [0.0, 0.0]}, {"startTime": 10.0, "endTime": 15.0, "predictions": {"probabilities": [5.318429884937359e-06, 4.716797775472514e-06], "logits": []}, "groundTruth": [0.0, 0.0]}, {"startTime": 15.0, "endTime": 20.0, "predictions": {"probabilities": [3.152956878693658e-06, 9.698885605757823e-07], "logits": []}, "groundTruth": [0.0, 0.0]}]]}