{"modelName": "devise-220528-v0-ep33", "version": "1", "fileId": "b8e999c49f39496e8fd9a375ee0cbba3", "classIds": ["Crex crex", "Scolopax rusticola"], "channels": [[{"startTime": 0.0, "endTime": 5.0, "predictions": {"probabilities": [-9.099339485168457, -5.367822647094727], "logits": [NaN, NaN]}, "groundTruth": [0.0, 0.0]}, {"startTime": 5.0, "endTime": 10.0, "predictions": {"probabilities": [-11.44876480102539, -9.246434211730957], "logits": [NaN, NaN]}, "groundTruth": [0.0, 0.0]}, {"startTime": 10.0, "endTime": 15.0, "predictions": {"probabilities": [-8.35517406463623, -6.305432319641113], "logits": [NaN, NaN]}, "groundTruth": [0.0, 0.0]}, {"startTime": 15.0, "endTime": 20.0, "predictions": {"probabilities": [-10.112859725952148, -9.282958984375], "logits": [NaN, NaN]}, "groundTruth": [0.0, 0.0]}]]}