{"modelName": "devise-220528-v0-ep33", "version": "1", "fileId": "b8ff9af96b364f8bb96733f303532c6d", "classIds": ["Crex crex", "Scolopax rusticola"], "channels": [[{"startTime": 0.0, "endTime": 5.0, "predictions": {"probabilities": [8.914531690606964e-08, 3.5883755966636954e-09], "logits": []}, "groundTruth": [0.0, 0.0]}, {"startTime": 5.0, "endTime": 10.0, "predictions": {"probabilities": [4.6350070448397673e-08, 1.2649182812296544e-09], "logits": []}, "groundTruth": [0.0, 0.0]}, {"startTime": 10.0, "endTime": 15.0, "predictions": {"probabilities": [1.2453913456056398e-08, 5.387845725124407e-10], "logits": []}, "groundTruth": [0.0, 0.0]}, {"startTime": 15.0, "endTime": 20.0, "predictions": {"probabilities": [1.3768985063222772e-08, 7.76930755819194e-06], "logits": []}, "groundTruth": [0.0, 0.0]}]]}