{"modelName": "devise-220528-v0-ep33", "version": "1", "fileId": "b9470148b80a4014af096752ca7cf643", "classIds": ["Crex crex", "Scolopax rusticola"], "channels": [[{"startTime": 0.0, "endTime": 5.0, "predictions": {"probabilities": [-14.241145133972168, -17.552581787109375], "logits": [NaN, NaN]}, "groundTruth": [0.0, 0.0]}, {"startTime": 5.0, "endTime": 10.0, "predictions": {"probabilities": [-10.779629707336426, -9.569072723388672], "logits": [NaN, NaN]}, "groundTruth": [0.0, 0.0]}, {"startTime": 10.0, "endTime": 15.0, "predictions": {"probabilities": [-11.361580848693848, -17.589120864868164], "logits": [NaN, NaN]}, "groundTruth": [0.0, 0.0]}, {"startTime": 15.0, "endTime": 20.0, "predictions": {"probabilities": [-12.818668365478516, -14.478485107421875], "logits": [NaN, NaN]}, "groundTruth": [0.0, 0.0]}]]}