{"modelName": "devise-220528-v0-ep33", "version": "1", "fileId": "b97bcd2f243443f99c810e83ec36a7f8", "classIds": ["Crex crex", "Scolopax rusticola"], "channels": [[{"startTime": 0.0, "endTime": 5.0, "predictions": {"probabilities": [6.234070315258577e-05, 2.2122500809018675e-07], "logits": []}, "groundTruth": [0.0, 0.0]}, {"startTime": 5.0, "endTime": 10.0, "predictions": {"probabilities": [5.659454416218068e-08, 3.2069799593692494e-10], "logits": []}, "groundTruth": [0.0, 0.0]}, {"startTime": 10.0, "endTime": 15.0, "predictions": {"probabilities": [2.553255740167515e-07, 1.3335529347457964e-09], "logits": []}, "groundTruth": [0.0, 0.0]}, {"startTime": 15.0, "endTime": 20.0, "predictions": {"probabilities": [2.7592009246291127e-06, 8.222692713388824e-07], "logits": []}, "groundTruth": [0.0, 0.0]}]]}