{"modelName": "devise-220528-v0-ep33", "version": "1", "fileId": "b9939e1c5ac3498aa550450ad15ca9a7", "classIds": ["Crex crex", "Scolopax rusticola"], "channels": [[{"startTime": 0.0, "endTime": 5.0, "predictions": {"probabilities": [3.502653100895259e-08, 5.758042789238971e-07], "logits": []}, "groundTruth": [0.0, 0.0]}, {"startTime": 5.0, "endTime": 10.0, "predictions": {"probabilities": [6.033278054928815e-07, 3.741768228593401e-09], "logits": []}, "groundTruth": [0.0, 0.0]}, {"startTime": 10.0, "endTime": 15.0, "predictions": {"probabilities": [6.94476284479606e-07, 1.0674870054572239e-06], "logits": []}, "groundTruth": [0.0, 0.0]}, {"startTime": 15.0, "endTime": 20.0, "predictions": {"probabilities": [2.4388862129853806e-07, 5.612435671764615e-08], "logits": []}, "groundTruth": [0.0, 0.0]}]]}