{"modelName": "devise-220528-v0-ep33", "version": "1", "fileId": "bac98d24ac6c4594833d67266da164ef", "classIds": ["Crex crex", "Scolopax rusticola"], "channels": [[{"startTime": 0.0, "endTime": 5.0, "predictions": {"probabilities": [-12.797745704650879, -15.84343433380127], "logits": [NaN, NaN]}, "groundTruth": [0.0, 0.0]}, {"startTime": 5.0, "endTime": 10.0, "predictions": {"probabilities": [-15.024005889892578, -22.21990394592285], "logits": [NaN, NaN]}, "groundTruth": [0.0, 0.0]}, {"startTime": 10.0, "endTime": 15.0, "predictions": {"probabilities": [-6.0555315017700195, -15.956588745117188], "logits": [NaN, NaN]}, "groundTruth": [0.0, 0.0]}, {"startTime": 15.0, "endTime": 20.0, "predictions": {"probabilities": [-13.119675636291504, -20.06382179260254], "logits": [NaN, NaN]}, "groundTruth": [0.0, 0.0]}]]}