{"modelName": "devise-220528-v0-ep33", "version": "1", "fileId": "bb7b318bdf3848debb8841135682e9ad", "classIds": ["Crex crex", "Scolopax rusticola"], "channels": [[{"startTime": 0.0, "endTime": 5.0, "predictions": {"probabilities": [-17.919971466064453, -24.399707794189453], "logits": [NaN, NaN]}, "groundTruth": [0.0, 0.0]}, {"startTime": 5.0, "endTime": 10.0, "predictions": {"probabilities": [-17.519298553466797, -23.374752044677734], "logits": [NaN, NaN]}, "groundTruth": [0.0, 0.0]}, {"startTime": 10.0, "endTime": 15.0, "predictions": {"probabilities": [-17.672189712524414, -20.03459358215332], "logits": [NaN, NaN]}, "groundTruth": [0.0, 0.0]}, {"startTime": 15.0, "endTime": 20.0, "predictions": {"probabilities": [-15.325910568237305, -4.463014125823975], "logits": [NaN, NaN]}, "groundTruth": [0.0, 0.0]}]]}