{"modelName": "devise-220528-v0-ep33", "version": "1", "fileId": "bc0a50e03c4b4570bf0eeeca9a01d0da", "classIds": ["Crex crex", "Scolopax rusticola"], "channels": [[{"startTime": 0.0, "endTime": 5.0, "predictions": {"probabilities": [3.833983100776095e-06, 2.4388065867242403e-05], "logits": []}, "groundTruth": [0.0, 0.0]}, {"startTime": 5.0, "endTime": 10.0, "predictions": {"probabilities": [9.22601373076759e-07, 8.146568575284618e-08], "logits": []}, "groundTruth": [0.0, 0.0]}, {"startTime": 10.0, "endTime": 15.0, "predictions": {"probabilities": [1.9277247247373452e-06, 0.00015134656860027462], "logits": []}, "groundTruth": [0.0, 0.0]}, {"startTime": 15.0, "endTime": 20.0, "predictions": {"probabilities": [6.071349503145029e-07, 1.3560334082285408e-06], "logits": []}, "groundTruth": [0.0, 0.0]}]]}