{"modelName": "devise-220528-v0-ep33", "version": "1", "fileId": "bc413e4f2ffe44b3aad917283dbe9b58", "classIds": ["Crex crex", "Scolopax rusticola"], "channels": [[{"startTime": 0.0, "endTime": 5.0, "predictions": {"probabilities": [-10.773627281188965, -7.751040458679199], "logits": [NaN, NaN]}, "groundTruth": [0.0, 0.0]}, {"startTime": 5.0, "endTime": 10.0, "predictions": {"probabilities": [-13.842140197753906, -7.243599891662598], "logits": [NaN, NaN]}, "groundTruth": [0.0, 0.0]}, {"startTime": 10.0, "endTime": 15.0, "predictions": {"probabilities": [-16.36067771911621, -17.79437828063965], "logits": [NaN, NaN]}, "groundTruth": [0.0, 0.0]}, {"startTime": 15.0, "endTime": 20.0, "predictions": {"probabilities": [-12.42284870147705, -10.534289360046387], "logits": [NaN, NaN]}, "groundTruth": [0.0, 0.0]}]]}