{"modelName": "devise-220528-v0-ep33", "version": "1", "fileId": "bd05c001ace842f4ab09e7feb001e6b3", "classIds": ["Crex crex", "Scolopax rusticola"], "channels": [[{"startTime": 0.0, "endTime": 5.0, "predictions": {"probabilities": [-21.372949600219727, -8.864745140075684], "logits": [NaN, NaN]}, "groundTruth": [0.0, 0.0]}, {"startTime": 5.0, "endTime": 10.0, "predictions": {"probabilities": [-17.20547103881836, -18.054140090942383], "logits": [NaN, NaN]}, "groundTruth": [0.0, 0.0]}, {"startTime": 10.0, "endTime": 15.0, "predictions": {"probabilities": [-13.592591285705566, -13.857686996459961], "logits": [NaN, NaN]}, "groundTruth": [0.0, 0.0]}, {"startTime": 15.0, "endTime": 20.0, "predictions": {"probabilities": [-20.765901565551758, -25.10094451904297], "logits": [NaN, NaN]}, "groundTruth": [0.0, 0.0]}]]}