{"modelName": "devise-220528-v0-ep33", "version": "1", "fileId": "bd05c001ace842f4ab09e7feb001e6b3", "classIds": ["Crex crex", "Scolopax rusticola"], "channels": [[{"startTime": 0.0, "endTime": 5.0, "predictions": {"probabilities": [5.222108856450802e-10, 0.00014126310998108238], "logits": []}, "groundTruth": [0.0, 0.0]}, {"startTime": 5.0, "endTime": 10.0, "predictions": {"probabilities": [3.3710009006426844e-08, 1.4427350869539168e-08], "logits": []}, "groundTruth": [0.0, 0.0]}, {"startTime": 10.0, "endTime": 15.0, "predictions": {"probabilities": [1.249718138751632e-06, 9.586997293808963e-07], "logits": []}, "groundTruth": [0.0, 0.0]}, {"startTime": 15.0, "endTime": 20.0, "predictions": {"probabilities": [9.582603599511685e-10, 1.255446701459162e-11], "logits": []}, "groundTruth": [0.0, 0.0]}]]}