{"modelName": "devise-220528-v0-ep33", "version": "1", "fileId": "bdb17cb70f7d483b9bd3e54b4a675f8e", "classIds": ["Crex crex", "Scolopax rusticola"], "channels": [[{"startTime": 0.0, "endTime": 5.0, "predictions": {"probabilities": [-11.28677749633789, -8.831239700317383], "logits": [NaN, NaN]}, "groundTruth": [0.0, 0.0]}, {"startTime": 5.0, "endTime": 10.0, "predictions": {"probabilities": [-17.95079231262207, -9.99008560180664], "logits": [NaN, NaN]}, "groundTruth": [0.0, 0.0]}, {"startTime": 10.0, "endTime": 15.0, "predictions": {"probabilities": [-13.231204986572266, -11.701542854309082], "logits": [NaN, NaN]}, "groundTruth": [0.0, 0.0]}, {"startTime": 15.0, "endTime": 20.0, "predictions": {"probabilities": [-19.478822708129883, -19.73675537109375], "logits": [NaN, NaN]}, "groundTruth": [0.0, 0.0]}]]}