{"modelName": "devise-220528-v0-ep33", "version": "1", "fileId": "becd17f6f2594a27b9d3052481d8d418", "classIds": ["Crex crex", "Scolopax rusticola"], "channels": [[{"startTime": 0.0, "endTime": 5.0, "predictions": {"probabilities": [4.735087259177817e-06, 7.031095719867153e-06], "logits": []}, "groundTruth": [0.0, 0.0]}, {"startTime": 5.0, "endTime": 10.0, "predictions": {"probabilities": [6.587904977095604e-07, 2.5304188966401853e-06], "logits": []}, "groundTruth": [0.0, 0.0]}, {"startTime": 10.0, "endTime": 15.0, "predictions": {"probabilities": [2.6489644824323477e-06, 5.46068758922047e-06], "logits": []}, "groundTruth": [0.0, 0.0]}, {"startTime": 15.0, "endTime": 20.0, "predictions": {"probabilities": [1.5207084516077884e-06, 8.965309348241135e-07], "logits": []}, "groundTruth": [0.0, 0.0]}]]}