{"modelName": "devise-220528-v0-ep33", "version": "1", "fileId": "bee93a969d7b40d080431e3872149c12", "classIds": ["Crex crex", "Scolopax rusticola"], "channels": [[{"startTime": 0.0, "endTime": 5.0, "predictions": {"probabilities": [3.7927400171611225e-06, 1.650580884415831e-06], "logits": []}, "groundTruth": [0.0, 0.0]}, {"startTime": 5.0, "endTime": 10.0, "predictions": {"probabilities": [1.741702391200306e-07, 3.467335318418918e-06], "logits": []}, "groundTruth": [0.0, 0.0]}, {"startTime": 10.0, "endTime": 15.0, "predictions": {"probabilities": [1.3864467973689898e-07, 4.4208572802517665e-08], "logits": []}, "groundTruth": [0.0, 0.0]}, {"startTime": 15.0, "endTime": 20.0, "predictions": {"probabilities": [3.2131936222867807e-06, 5.568655069509987e-06], "logits": []}, "groundTruth": [0.0, 0.0]}]]}