{"modelName": "devise-220528-v0-ep33", "version": "1", "fileId": "beffe68464a64be6a9a4375c8622fea4", "classIds": ["Crex crex", "Scolopax rusticola"], "channels": [[{"startTime": 0.0, "endTime": 5.0, "predictions": {"probabilities": [-16.310243606567383, -8.035635948181152], "logits": [NaN, NaN]}, "groundTruth": [0.0, 1.0]}, {"startTime": 5.0, "endTime": 10.0, "predictions": {"probabilities": [-14.658721923828125, 2.686554193496704], "logits": [NaN, NaN]}, "groundTruth": [0.0, 1.0]}, {"startTime": 7.0, "endTime": 12.0, "predictions": {"probabilities": [-13.836647987365723, 5.495031833648682], "logits": [NaN, NaN]}, "groundTruth": [0.0, 1.0]}]]}