{"modelName": "devise-220528-v0-ep33", "version": "1", "fileId": "bf241955f83346f4bdec7625afbfa182", "classIds": ["Crex crex", "Scolopax rusticola"], "channels": [[{"startTime": 0.0, "endTime": 5.0, "predictions": {"probabilities": [-14.489190101623535, -12.943962097167969], "logits": [NaN, NaN]}, "groundTruth": [0.0, 0.0]}, {"startTime": 5.0, "endTime": 10.0, "predictions": {"probabilities": [-11.512551307678223, -6.1287431716918945], "logits": [NaN, NaN]}, "groundTruth": [0.0, 0.0]}, {"startTime": 10.0, "endTime": 15.0, "predictions": {"probabilities": [-14.290307998657227, -13.887510299682617], "logits": [NaN, NaN]}, "groundTruth": [0.0, 0.0]}, {"startTime": 15.0, "endTime": 20.0, "predictions": {"probabilities": [-11.110262870788574, -6.972962856292725], "logits": [NaN, NaN]}, "groundTruth": [0.0, 0.0]}]]}