{"modelName": "devise-220528-v0-ep33", "version": "1", "fileId": "bf241955f83346f4bdec7625afbfa182", "classIds": ["Crex crex", "Scolopax rusticola"], "channels": [[{"startTime": 0.0, "endTime": 5.0, "predictions": {"probabilities": [5.098289079796814e-07, 2.3906040951260366e-06], "logits": []}, "groundTruth": [0.0, 0.0]}, {"startTime": 5.0, "endTime": 10.0, "predictions": {"probabilities": [1.0003642273659352e-05, 0.0021745790727436543], "logits": []}, "groundTruth": [0.0, 0.0]}, {"startTime": 10.0, "endTime": 15.0, "predictions": {"probabilities": [6.220106456567009e-07, 9.305302341999777e-07], "logits": []}, "groundTruth": [0.0, 0.0]}, {"startTime": 15.0, "endTime": 20.0, "predictions": {"probabilities": [1.495779724791646e-05, 0.0009359960095025599], "logits": []}, "groundTruth": [0.0, 0.0]}]]}