{"modelName": "devise-220528-v0-ep33", "version": "1", "fileId": "bf98c482fe8f4ee68671f44dffce793f", "classIds": ["Crex crex", "Scolopax rusticola"], "channels": [[{"startTime": 0.0, "endTime": 5.0, "predictions": {"probabilities": [-2.9538283348083496, -11.72242259979248], "logits": [NaN, NaN]}, "groundTruth": [0.0, 0.0]}, {"startTime": 5.0, "endTime": 10.0, "predictions": {"probabilities": [-6.850915431976318, -17.266712188720703], "logits": [NaN, NaN]}, "groundTruth": [0.0, 0.0]}, {"startTime": 10.0, "endTime": 15.0, "predictions": {"probabilities": [-10.080582618713379, -20.507017135620117], "logits": [NaN, NaN]}, "groundTruth": [0.0, 0.0]}, {"startTime": 15.0, "endTime": 20.0, "predictions": {"probabilities": [-13.864005088806152, -23.96172332763672], "logits": [NaN, NaN]}, "groundTruth": [0.0, 0.0]}]]}