{"modelName": "devise-220528-v0-ep33", "version": "1", "fileId": "bf98c482fe8f4ee68671f44dffce793f", "classIds": ["Crex crex", "Scolopax rusticola"], "channels": [[{"startTime": 0.0, "endTime": 5.0, "predictions": {"probabilities": [0.049555886536836624, 8.109854206850287e-06], "logits": []}, "groundTruth": [0.0, 0.0]}, {"startTime": 5.0, "endTime": 10.0, "predictions": {"probabilities": [0.0010573670733720064, 3.1707511283229906e-08], "logits": []}, "groundTruth": [0.0, 0.0]}, {"startTime": 10.0, "endTime": 15.0, "predictions": {"probabilities": [4.188325328868814e-05, 1.2414110850400562e-09], "logits": []}, "groundTruth": [0.0, 0.0]}, {"startTime": 15.0, "endTime": 20.0, "predictions": {"probabilities": [9.526616508992447e-07, 3.922435293235438e-11], "logits": []}, "groundTruth": [0.0, 0.0]}]]}