{"modelName": "devise-220528-v0-ep33", "version": "1", "fileId": "c09354e8bbf94c1f8eeeceabcbdeff84", "classIds": ["Crex crex", "Scolopax rusticola"], "channels": [[{"startTime": 0.0, "endTime": 5.0, "predictions": {"probabilities": [-12.265938758850098, -7.995650291442871], "logits": [NaN, NaN]}, "groundTruth": [0.0, 1.0]}, {"startTime": 5.0, "endTime": 10.0, "predictions": {"probabilities": [-16.817968368530273, 9.413942337036133], "logits": [NaN, NaN]}, "groundTruth": [0.0, 1.0]}, {"startTime": 10.0, "endTime": 15.0, "predictions": {"probabilities": [-28.24186134338379, 41.79726791381836], "logits": [NaN, NaN]}, "groundTruth": [0.0, 1.0]}, {"startTime": 14.0, "endTime": 19.0, "predictions": {"probabilities": [-18.721725463867188, 23.17245101928711], "logits": [NaN, NaN]}, "groundTruth": [0.0, 1.0]}]]}