{"modelName": "devise-220528-v0-ep33", "version": "1", "fileId": "c0abe88dc65b4276a1d8d950c498909a", "classIds": ["Crex crex", "Scolopax rusticola"], "channels": [[{"startTime": 0.0, "endTime": 5.0, "predictions": {"probabilities": [-12.372014999389648, -7.114318370819092], "logits": [NaN, NaN]}, "groundTruth": [0.0, 0.0]}, {"startTime": 5.0, "endTime": 10.0, "predictions": {"probabilities": [-15.61631965637207, -17.277450561523438], "logits": [NaN, NaN]}, "groundTruth": [0.0, 0.0]}, {"startTime": 10.0, "endTime": 15.0, "predictions": {"probabilities": [-14.076203346252441, -12.945230484008789], "logits": [NaN, NaN]}, "groundTruth": [0.0, 0.0]}, {"startTime": 15.0, "endTime": 20.0, "predictions": {"probabilities": [-18.154592514038086, -17.11758804321289], "logits": [NaN, NaN]}, "groundTruth": [0.0, 0.0]}]]}