{"modelName": "devise-220528-v0-ep33", "version": "1", "fileId": "c0c5bfc1adb4499b8caf9159e1b1d38e", "classIds": ["Crex crex", "Scolopax rusticola"], "channels": [[{"startTime": 0.0, "endTime": 5.0, "predictions": {"probabilities": [-11.203688621520996, -8.936270713806152], "logits": [NaN, NaN]}, "groundTruth": [0.0, 0.0]}, {"startTime": 5.0, "endTime": 10.0, "predictions": {"probabilities": [-9.80099868774414, -7.530215740203857], "logits": [NaN, NaN]}, "groundTruth": [0.0, 0.0]}, {"startTime": 10.0, "endTime": 15.0, "predictions": {"probabilities": [-10.346179008483887, -8.549337387084961], "logits": [NaN, NaN]}, "groundTruth": [0.0, 0.0]}, {"startTime": 15.0, "endTime": 20.0, "predictions": {"probabilities": [-9.97010612487793, -8.082070350646973], "logits": [NaN, NaN]}, "groundTruth": [0.0, 0.0]}]]}