{"modelName": "devise-220528-v0-ep33", "version": "1", "fileId": "c142f724313640a18689532a62779074", "classIds": ["Crex crex", "Scolopax rusticola"], "channels": [[{"startTime": 0.0, "endTime": 5.0, "predictions": {"probabilities": [5.085493626211246e-07, 7.927494038995064e-08], "logits": []}, "groundTruth": [0.0, 0.0]}, {"startTime": 5.0, "endTime": 10.0, "predictions": {"probabilities": [4.819217451768054e-07, 2.903087761296774e-07], "logits": []}, "groundTruth": [0.0, 0.0]}, {"startTime": 10.0, "endTime": 15.0, "predictions": {"probabilities": [3.7306681406334974e-06, 4.021586846647551e-06], "logits": []}, "groundTruth": [0.0, 0.0]}, {"startTime": 15.0, "endTime": 20.0, "predictions": {"probabilities": [9.216691978508607e-07, 1.577371403982397e-05], "logits": []}, "groundTruth": [0.0, 0.0]}]]}