{"modelName": "devise-220528-v0-ep33", "version": "1", "fileId": "c1c8f800f32a4aa7b959324ab204ef23", "classIds": ["Crex crex", "Scolopax rusticola"], "channels": [[{"startTime": 0.0, "endTime": 5.0, "predictions": {"probabilities": [1.9226195945520885e-05, 0.9985230565071106], "logits": []}, "groundTruth": [0.0, 0.0]}, {"startTime": 5.0, "endTime": 10.0, "predictions": {"probabilities": [5.04040508531034e-05, 0.005290673580020666], "logits": []}, "groundTruth": [0.0, 0.0]}, {"startTime": 10.0, "endTime": 15.0, "predictions": {"probabilities": [0.0006243322277441621, 0.0015147323720157146], "logits": []}, "groundTruth": [0.0, 0.0]}, {"startTime": 15.0, "endTime": 20.0, "predictions": {"probabilities": [0.0001482751249568537, 0.0011931003537029028], "logits": []}, "groundTruth": [0.0, 0.0]}]]}