{"modelName": "devise-220528-v0-ep33", "version": "1", "fileId": "c1c8f800f32a4aa7b959324ab204ef23", "classIds": ["Crex crex", "Scolopax rusticola"], "channels": [[{"startTime": 0.0, "endTime": 5.0, "predictions": {"probabilities": [-10.859217643737793, 6.516322612762451], "logits": [NaN, NaN]}, "groundTruth": [0.0, 0.0]}, {"startTime": 5.0, "endTime": 10.0, "predictions": {"probabilities": [-9.89538860321045, -5.236505031585693], "logits": [NaN, NaN]}, "groundTruth": [0.0, 0.0]}, {"startTime": 10.0, "endTime": 15.0, "predictions": {"probabilities": [-7.378203392028809, -6.491000652313232], "logits": [NaN, NaN]}, "groundTruth": [0.0, 0.0]}, {"startTime": 15.0, "endTime": 20.0, "predictions": {"probabilities": [-8.816292762756348, -6.730006217956543], "logits": [NaN, NaN]}, "groundTruth": [0.0, 0.0]}]]}