{"modelName": "devise-220528-v0-ep33", "version": "1", "fileId": "c1de0b728bad48219265c58c1710e53f", "classIds": ["Crex crex", "Scolopax rusticola"], "channels": [[{"startTime": 0.0, "endTime": 5.0, "predictions": {"probabilities": [5.9579570006462745e-06, 2.94636402031756e-06], "logits": []}, "groundTruth": [0.0, 1.0]}, {"startTime": 5.0, "endTime": 10.0, "predictions": {"probabilities": [8.393399753003905e-07, 1.9323931610415457e-07], "logits": []}, "groundTruth": [0.0, 1.0]}, {"startTime": 10.0, "endTime": 15.0, "predictions": {"probabilities": [2.174694964196533e-05, 0.17994099855422974], "logits": []}, "groundTruth": [0.0, 1.0]}, {"startTime": 13.0, "endTime": 18.0, "predictions": {"probabilities": [1.6340416095772525e-06, 0.0012029175413772464], "logits": []}, "groundTruth": [0.0, 1.0]}]]}