{"modelName": "devise-220528-v0-ep33", "version": "1", "fileId": "c239609de2124a10a9bd07821feb309f", "classIds": ["Crex crex", "Scolopax rusticola"], "channels": [[{"startTime": 0.0, "endTime": 5.0, "predictions": {"probabilities": [-17.79410743713379, 15.581007957458496], "logits": [NaN, NaN]}, "groundTruth": [0.0, 1.0]}, {"startTime": 5.0, "endTime": 10.0, "predictions": {"probabilities": [-18.46308135986328, 24.468828201293945], "logits": [NaN, NaN]}, "groundTruth": [0.0, 1.0]}, {"startTime": 6.0, "endTime": 11.0, "predictions": {"probabilities": [-15.748952865600586, 13.18854808807373], "logits": [NaN, NaN]}, "groundTruth": [0.0, 1.0]}]]}