{"modelName": "devise-220528-v0-ep33", "version": "1", "fileId": "c24bc6cb183948438068a131a4959d26", "classIds": ["Crex crex", "Scolopax rusticola"], "channels": [[{"startTime": 0.0, "endTime": 5.0, "predictions": {"probabilities": [2.1275246808727388e-07, 2.7836176741402596e-05], "logits": []}, "groundTruth": [0.0, 0.0]}, {"startTime": 5.0, "endTime": 10.0, "predictions": {"probabilities": [6.988359473325545e-07, 8.32843579701148e-06], "logits": []}, "groundTruth": [0.0, 0.0]}, {"startTime": 10.0, "endTime": 15.0, "predictions": {"probabilities": [2.6609958680978707e-08, 0.016609977930784225], "logits": []}, "groundTruth": [0.0, 0.0]}, {"startTime": 15.0, "endTime": 20.0, "predictions": {"probabilities": [1.7024157727973943e-07, 6.363214197335765e-06], "logits": []}, "groundTruth": [0.0, 0.0]}]]}