{"modelName": "devise-220528-v0-ep33", "version": "1", "fileId": "c289d2cc957441f9a9db035886450360", "classIds": ["Crex crex", "Scolopax rusticola"], "channels": [[{"startTime": 0.0, "endTime": 5.0, "predictions": {"probabilities": [4.7536905185552314e-05, 8.91829768079333e-06], "logits": []}, "groundTruth": [0.0, 0.0]}, {"startTime": 5.0, "endTime": 10.0, "predictions": {"probabilities": [5.303121724864468e-05, 1.0638583262334578e-05], "logits": []}, "groundTruth": [0.0, 0.0]}, {"startTime": 10.0, "endTime": 15.0, "predictions": {"probabilities": [6.454670074163005e-05, 8.815568435238674e-05], "logits": []}, "groundTruth": [0.0, 0.0]}, {"startTime": 15.0, "endTime": 20.0, "predictions": {"probabilities": [1.4199594261299353e-05, 1.0679507795430254e-05], "logits": []}, "groundTruth": [0.0, 0.0]}]]}