{"modelName": "devise-220528-v0-ep33", "version": "1", "fileId": "c289722445cd47c8b2e0814c19fe5ce9", "classIds": ["Crex crex", "Scolopax rusticola"], "channels": [[{"startTime": 0.0, "endTime": 5.0, "predictions": {"probabilities": [8.934319950526515e-10, 1.016506656625893e-09], "logits": []}, "groundTruth": [0.0, 0.0]}, {"startTime": 5.0, "endTime": 10.0, "predictions": {"probabilities": [1.7643175809212153e-08, 1.21686838383539e-07], "logits": []}, "groundTruth": [0.0, 0.0]}, {"startTime": 10.0, "endTime": 15.0, "predictions": {"probabilities": [6.894558168824005e-08, 1.599157286591435e-07], "logits": []}, "groundTruth": [0.0, 0.0]}, {"startTime": 15.0, "endTime": 20.0, "predictions": {"probabilities": [3.555206617988915e-08, 2.9323297123795555e-09], "logits": []}, "groundTruth": [0.0, 0.0]}]]}