{"modelName": "devise-220528-v0-ep33", "version": "1", "fileId": "c2a7aa192eff475a8534bf3265237add", "classIds": ["Crex crex", "Scolopax rusticola"], "channels": [[{"startTime": 0.0, "endTime": 5.0, "predictions": {"probabilities": [4.517653906077612e-06, 1.2227585102664307e-05], "logits": []}, "groundTruth": [0.0, 0.0]}, {"startTime": 5.0, "endTime": 10.0, "predictions": {"probabilities": [3.0699748094775714e-06, 1.7869427892946987e-06], "logits": []}, "groundTruth": [0.0, 0.0]}, {"startTime": 10.0, "endTime": 15.0, "predictions": {"probabilities": [5.2374755199480205e-08, 1.0905576175446186e-07], "logits": []}, "groundTruth": [0.0, 0.0]}, {"startTime": 15.0, "endTime": 20.0, "predictions": {"probabilities": [1.033376611303538e-05, 2.3301927285501733e-05], "logits": []}, "groundTruth": [0.0, 0.0]}]]}