{"modelName": "devise-220528-v0-ep33", "version": "1", "fileId": "c2a7cf7687bb4cbfa8e06ee176fb98c8", "classIds": ["Crex crex", "Scolopax rusticola"], "channels": [[{"startTime": 0.0, "endTime": 5.0, "predictions": {"probabilities": [4.889090519100137e-07, 1.1088364892941627e-08], "logits": []}, "groundTruth": [0.0, 0.0]}, {"startTime": 5.0, "endTime": 10.0, "predictions": {"probabilities": [9.923013521984103e-08, 3.7239971106828307e-09], "logits": []}, "groundTruth": [0.0, 0.0]}, {"startTime": 10.0, "endTime": 15.0, "predictions": {"probabilities": [2.5463419817128852e-08, 5.353399501473177e-09], "logits": []}, "groundTruth": [0.0, 0.0]}, {"startTime": 15.0, "endTime": 20.0, "predictions": {"probabilities": [1.3550754829338985e-06, 4.035964877857623e-07], "logits": []}, "groundTruth": [0.0, 0.0]}]]}