{"modelName": "devise-220528-v0-ep33", "version": "1", "fileId": "c2eee23598794eb491dbaa217861cd91", "classIds": ["Crex crex", "Scolopax rusticola"], "channels": [[{"startTime": 0.0, "endTime": 5.0, "predictions": {"probabilities": [-14.27243423461914, -11.641613960266113], "logits": [NaN, NaN]}, "groundTruth": [0.0, 0.0]}, {"startTime": 5.0, "endTime": 10.0, "predictions": {"probabilities": [-13.625653266906738, -7.684225082397461], "logits": [NaN, NaN]}, "groundTruth": [0.0, 0.0]}, {"startTime": 10.0, "endTime": 15.0, "predictions": {"probabilities": [-6.610309600830078, -13.544660568237305], "logits": [NaN, NaN]}, "groundTruth": [0.0, 0.0]}, {"startTime": 15.0, "endTime": 20.0, "predictions": {"probabilities": [-9.783041954040527, -7.355413913726807], "logits": [NaN, NaN]}, "groundTruth": [0.0, 0.0]}]]}