{"modelName": "devise-220528-v0-ep33", "version": "1", "fileId": "c2eee23598794eb491dbaa217861cd91", "classIds": ["Crex crex", "Scolopax rusticola"], "channels": [[{"startTime": 0.0, "endTime": 5.0, "predictions": {"probabilities": [6.332282396215305e-07, 8.792400876700412e-06], "logits": []}, "groundTruth": [0.0, 0.0]}, {"startTime": 5.0, "endTime": 10.0, "predictions": {"probabilities": [1.2090755490135052e-06, 0.0004598155792336911], "logits": []}, "groundTruth": [0.0, 0.0]}, {"startTime": 10.0, "endTime": 15.0, "predictions": {"probabilities": [0.0013446047669276595, 1.3110767440593918e-06], "logits": []}, "groundTruth": [0.0, 0.0]}, {"startTime": 15.0, "endTime": 20.0, "predictions": {"probabilities": [5.639678784064017e-05, 0.000638714584056288], "logits": []}, "groundTruth": [0.0, 0.0]}]]}