{"modelName": "devise-220528-v0-ep33", "version": "1", "fileId": "c314c3e239f7440284cfce0344c9556b", "classIds": ["Crex crex", "Scolopax rusticola"], "channels": [[{"startTime": 0.0, "endTime": 5.0, "predictions": {"probabilities": [-17.418437957763672, -18.254526138305664], "logits": [NaN, NaN]}, "groundTruth": [0.0, 0.0]}, {"startTime": 5.0, "endTime": 10.0, "predictions": {"probabilities": [-14.12082576751709, -14.193252563476562], "logits": [NaN, NaN]}, "groundTruth": [0.0, 0.0]}, {"startTime": 10.0, "endTime": 15.0, "predictions": {"probabilities": [-15.556809425354004, -17.15583038330078], "logits": [NaN, NaN]}, "groundTruth": [0.0, 0.0]}, {"startTime": 15.0, "endTime": 20.0, "predictions": {"probabilities": [-14.122844696044922, -6.216785907745361], "logits": [NaN, NaN]}, "groundTruth": [0.0, 0.0]}]]}