{"modelName": "devise-220528-v0-ep33", "version": "1", "fileId": "c3474f6db6f34f37b61fe0f242d66908", "classIds": ["Crex crex", "Scolopax rusticola"], "channels": [[{"startTime": 0.0, "endTime": 5.0, "predictions": {"probabilities": [-17.6520938873291, 16.565841674804688], "logits": [NaN, NaN]}, "groundTruth": [0.0, 1.0]}, {"startTime": 5.0, "endTime": 10.0, "predictions": {"probabilities": [-17.389419555664062, 24.832090377807617], "logits": [NaN, NaN]}, "groundTruth": [0.0, 1.0]}, {"startTime": 10.0, "endTime": 15.0, "predictions": {"probabilities": [-17.65423011779785, 22.325485229492188], "logits": [NaN, NaN]}, "groundTruth": [0.0, 1.0]}, {"startTime": 11.0, "endTime": 16.0, "predictions": {"probabilities": [-17.445356369018555, 5.186631202697754], "logits": [NaN, NaN]}, "groundTruth": [0.0, 1.0]}]]}