{"modelName": "devise-220528-v0-ep33", "version": "1", "fileId": "c3f7cd8812144d82a8c68cf5ecec963e", "classIds": ["Crex crex", "Scolopax rusticola"], "channels": [[{"startTime": 0.0, "endTime": 5.0, "predictions": {"probabilities": [-11.678777694702148, -10.304400444030762], "logits": [NaN, NaN]}, "groundTruth": [0.0, 0.0]}, {"startTime": 5.0, "endTime": 10.0, "predictions": {"probabilities": [-10.191176414489746, -9.728179931640625], "logits": [NaN, NaN]}, "groundTruth": [0.0, 0.0]}, {"startTime": 10.0, "endTime": 15.0, "predictions": {"probabilities": [-9.095099449157715, -6.69922399520874], "logits": [NaN, NaN]}, "groundTruth": [0.0, 0.0]}, {"startTime": 15.0, "endTime": 20.0, "predictions": {"probabilities": [-11.895843505859375, -9.961216926574707], "logits": [NaN, NaN]}, "groundTruth": [0.0, 0.0]}]]}