{"modelName": "devise-220528-v0-ep33", "version": "1", "fileId": "c3f7cd8812144d82a8c68cf5ecec963e", "classIds": ["Crex crex", "Scolopax rusticola"], "channels": [[{"startTime": 0.0, "endTime": 5.0, "predictions": {"probabilities": [8.47164210426854e-06, 3.348429891047999e-05], "logits": []}, "groundTruth": [0.0, 0.0]}, {"startTime": 5.0, "endTime": 10.0, "predictions": {"probabilities": [3.749833922483958e-05, 5.9577087085926905e-05], "logits": []}, "groundTruth": [0.0, 0.0]}, {"startTime": 10.0, "endTime": 15.0, "predictions": {"probabilities": [0.00011220177839277312, 0.00123035185970366], "logits": []}, "groundTruth": [0.0, 0.0]}, {"startTime": 15.0, "endTime": 20.0, "predictions": {"probabilities": [6.818641395511804e-06, 4.7193043428706005e-05], "logits": []}, "groundTruth": [0.0, 0.0]}]]}