{"modelName": "devise-220528-v0-ep33", "version": "1", "fileId": "c4b902f839a04b3688faa77c8bf4b012", "classIds": ["Crex crex", "Scolopax rusticola"], "channels": [[{"startTime": 0.0, "endTime": 5.0, "predictions": {"probabilities": [3.212597619040025e-07, 2.4814340576995164e-05], "logits": []}, "groundTruth": [0.0, 0.0]}, {"startTime": 5.0, "endTime": 10.0, "predictions": {"probabilities": [5.014465287445091e-09, 5.409789838317636e-10], "logits": []}, "groundTruth": [0.0, 0.0]}, {"startTime": 10.0, "endTime": 15.0, "predictions": {"probabilities": [1.4035545063961763e-05, 0.00012027952470816672], "logits": []}, "groundTruth": [0.0, 0.0]}, {"startTime": 15.0, "endTime": 20.0, "predictions": {"probabilities": [2.7944770408794284e-06, 0.00028846284840255976], "logits": []}, "groundTruth": [0.0, 0.0]}]]}