{"modelName": "devise-220528-v0-ep33", "version": "1", "fileId": "c5a14614b74d4c889b603c3d0ef9c047", "classIds": ["Crex crex", "Scolopax rusticola"], "channels": [[{"startTime": 0.0, "endTime": 5.0, "predictions": {"probabilities": [-15.701873779296875, -13.06625747680664], "logits": [NaN, NaN]}, "groundTruth": [0.0, 0.0]}, {"startTime": 5.0, "endTime": 10.0, "predictions": {"probabilities": [-18.4637393951416, -21.894807815551758], "logits": [NaN, NaN]}, "groundTruth": [0.0, 0.0]}, {"startTime": 10.0, "endTime": 15.0, "predictions": {"probabilities": [-18.022212982177734, -20.450973510742188], "logits": [NaN, NaN]}, "groundTruth": [0.0, 0.0]}, {"startTime": 15.0, "endTime": 20.0, "predictions": {"probabilities": [-16.022369384765625, -19.951128005981445], "logits": [NaN, NaN]}, "groundTruth": [0.0, 0.0]}]]}