{"modelName": "devise-220528-v0-ep33", "version": "1", "fileId": "c638d588fcc3489ca4cb78f73f986fee", "classIds": ["Crex crex", "Scolopax rusticola"], "channels": [[{"startTime": 0.0, "endTime": 5.0, "predictions": {"probabilities": [4.88657349251298e-07, 0.001362076960504055], "logits": []}, "groundTruth": [0.0, 0.0]}, {"startTime": 5.0, "endTime": 10.0, "predictions": {"probabilities": [2.771686240521376e-07, 7.004334179327998e-08], "logits": []}, "groundTruth": [0.0, 0.0]}, {"startTime": 10.0, "endTime": 15.0, "predictions": {"probabilities": [0.00015046607586555183, 0.00038793645217083395], "logits": []}, "groundTruth": [0.0, 0.0]}, {"startTime": 15.0, "endTime": 20.0, "predictions": {"probabilities": [4.504223397816531e-06, 3.111190835625166e-06], "logits": []}, "groundTruth": [0.0, 0.0]}]]}