{"modelName": "devise-220528-v0-ep33", "version": "1", "fileId": "c638d588fcc3489ca4cb78f73f986fee", "classIds": ["Crex crex", "Scolopax rusticola"], "channels": [[{"startTime": 0.0, "endTime": 5.0, "predictions": {"probabilities": [-14.531603813171387, -6.597381591796875], "logits": [NaN, NaN]}, "groundTruth": [0.0, 0.0]}, {"startTime": 5.0, "endTime": 10.0, "predictions": {"probabilities": [-15.098639488220215, -16.474151611328125], "logits": [NaN, NaN]}, "groundTruth": [0.0, 0.0]}, {"startTime": 10.0, "endTime": 15.0, "predictions": {"probabilities": [-8.80162239074707, -7.854280948638916], "logits": [NaN, NaN]}, "groundTruth": [0.0, 0.0]}, {"startTime": 15.0, "endTime": 20.0, "predictions": {"probabilities": [-12.310490608215332, -12.680501937866211], "logits": [NaN, NaN]}, "groundTruth": [0.0, 0.0]}]]}