{"modelName": "devise-220528-v0-ep33", "version": "1", "fileId": "c64e2b1ffa5942fb936f8fd99acaf19d", "classIds": ["Crex crex", "Scolopax rusticola"], "channels": [[{"startTime": 0.0, "endTime": 5.0, "predictions": {"probabilities": [0.0002478365786373615, 0.09027665108442307], "logits": []}, "groundTruth": [0.0, 0.0]}, {"startTime": 5.0, "endTime": 10.0, "predictions": {"probabilities": [3.7837216950720176e-05, 0.0007356425630860031], "logits": []}, "groundTruth": [0.0, 0.0]}, {"startTime": 10.0, "endTime": 15.0, "predictions": {"probabilities": [3.5901002775062807e-06, 4.128308137296699e-05], "logits": []}, "groundTruth": [0.0, 0.0]}, {"startTime": 15.0, "endTime": 20.0, "predictions": {"probabilities": [5.598025836661691e-06, 4.6309294702950865e-05], "logits": []}, "groundTruth": [0.0, 0.0]}]]}