{"modelName": "devise-220528-v0-ep33", "version": "1", "fileId": "c64e2b1ffa5942fb936f8fd99acaf19d", "classIds": ["Crex crex", "Scolopax rusticola"], "channels": [[{"startTime": 0.0, "endTime": 5.0, "predictions": {"probabilities": [-8.30249309539795, -2.3102617263793945], "logits": [NaN, NaN]}, "groundTruth": [0.0, 0.0]}, {"startTime": 5.0, "endTime": 10.0, "predictions": {"probabilities": [-10.18217945098877, -7.2140302658081055], "logits": [NaN, NaN]}, "groundTruth": [0.0, 0.0]}, {"startTime": 10.0, "endTime": 15.0, "predictions": {"probabilities": [-12.53732681274414, -10.095016479492188], "logits": [NaN, NaN]}, "groundTruth": [0.0, 0.0]}, {"startTime": 15.0, "endTime": 20.0, "predictions": {"probabilities": [-12.093091011047363, -9.980121612548828], "logits": [NaN, NaN]}, "groundTruth": [0.0, 0.0]}]]}