{"modelName": "devise-220528-v0-ep33", "version": "1", "fileId": "c67ec942ff2c45b999a20ed78aa76d89", "classIds": ["Crex crex", "Scolopax rusticola"], "channels": [[{"startTime": 0.0, "endTime": 5.0, "predictions": {"probabilities": [2.577056193331373e-06, 8.327982504852116e-05], "logits": []}, "groundTruth": [0.0, 0.0]}, {"startTime": 5.0, "endTime": 10.0, "predictions": {"probabilities": [0.0006619264022447169, 0.4635412096977234], "logits": []}, "groundTruth": [0.0, 0.0]}, {"startTime": 10.0, "endTime": 15.0, "predictions": {"probabilities": [2.340896116947988e-06, 2.220611122538685e-06], "logits": []}, "groundTruth": [0.0, 0.0]}, {"startTime": 15.0, "endTime": 20.0, "predictions": {"probabilities": [2.1214787921053357e-05, 0.00023913082259241492], "logits": []}, "groundTruth": [0.0, 0.0]}]]}