{"modelName": "devise-220528-v0-ep33", "version": "1", "fileId": "c67ec942ff2c45b999a20ed78aa76d89", "classIds": ["Crex crex", "Scolopax rusticola"], "channels": [[{"startTime": 0.0, "endTime": 5.0, "predictions": {"probabilities": [-12.868860244750977, -9.393220901489258], "logits": [NaN, NaN]}, "groundTruth": [0.0, 0.0]}, {"startTime": 5.0, "endTime": 10.0, "predictions": {"probabilities": [-7.3196940422058105, -0.14609447121620178], "logits": [NaN, NaN]}, "groundTruth": [0.0, 0.0]}, {"startTime": 10.0, "endTime": 15.0, "predictions": {"probabilities": [-12.964974403381348, -13.017725944519043], "logits": [NaN, NaN]}, "groundTruth": [0.0, 0.0]}, {"startTime": 15.0, "endTime": 20.0, "predictions": {"probabilities": [-10.760790824890137, -8.338260650634766], "logits": [NaN, NaN]}, "groundTruth": [0.0, 0.0]}]]}