{"modelName": "devise-220528-v0-ep33", "version": "1", "fileId": "c6d3830f783c4e719141780c89f78e48", "classIds": ["Crex crex", "Scolopax rusticola"], "channels": [[{"startTime": 0.0, "endTime": 5.0, "predictions": {"probabilities": [-8.643467903137207, -6.431868076324463], "logits": [NaN, NaN]}, "groundTruth": [0.0, 0.0]}, {"startTime": 5.0, "endTime": 10.0, "predictions": {"probabilities": [-11.512535095214844, -13.650079727172852], "logits": [NaN, NaN]}, "groundTruth": [0.0, 0.0]}, {"startTime": 10.0, "endTime": 15.0, "predictions": {"probabilities": [-8.482202529907227, -12.479740142822266], "logits": [NaN, NaN]}, "groundTruth": [0.0, 0.0]}, {"startTime": 15.0, "endTime": 20.0, "predictions": {"probabilities": [-4.139645099639893, -9.153824806213379], "logits": [NaN, NaN]}, "groundTruth": [0.0, 0.0]}]]}