{"modelName": "devise-220528-v0-ep33", "version": "1", "fileId": "c79c236086d74b0f84e8f6495a0af745", "classIds": ["Crex crex", "Scolopax rusticola"], "channels": [[{"startTime": 0.0, "endTime": 5.0, "predictions": {"probabilities": [-12.13924503326416, -8.40088939666748], "logits": [NaN, NaN]}, "groundTruth": [0.0, 0.0]}, {"startTime": 5.0, "endTime": 10.0, "predictions": {"probabilities": [-12.840080261230469, -8.53438663482666], "logits": [NaN, NaN]}, "groundTruth": [0.0, 0.0]}, {"startTime": 10.0, "endTime": 15.0, "predictions": {"probabilities": [-10.85474967956543, -7.568470001220703], "logits": [NaN, NaN]}, "groundTruth": [0.0, 0.0]}, {"startTime": 15.0, "endTime": 20.0, "predictions": {"probabilities": [-10.347939491271973, -8.40013313293457], "logits": [NaN, NaN]}, "groundTruth": [0.0, 0.0]}]]}