{"modelName": "devise-220528-v0-ep33", "version": "1", "fileId": "c79c236086d74b0f84e8f6495a0af745", "classIds": ["Crex crex", "Scolopax rusticola"], "channels": [[{"startTime": 0.0, "endTime": 5.0, "predictions": {"probabilities": [5.345527370081982e-06, 0.00022461694607045501], "logits": []}, "groundTruth": [0.0, 0.0]}, {"startTime": 5.0, "endTime": 10.0, "predictions": {"probabilities": [2.652301191119477e-06, 0.0001965520641533658], "logits": []}, "groundTruth": [0.0, 0.0]}, {"startTime": 10.0, "endTime": 15.0, "predictions": {"probabilities": [1.931228871399071e-05, 0.0005162154557183385], "logits": []}, "groundTruth": [0.0, 0.0]}, {"startTime": 15.0, "endTime": 20.0, "predictions": {"probabilities": [3.205775283277035e-05, 0.00022478685423266143], "logits": []}, "groundTruth": [0.0, 0.0]}]]}