{"modelName": "devise-220528-v0-ep33", "version": "1", "fileId": "c89b58b08c3c475d8a65220a21aa2cba", "classIds": ["Crex crex", "Scolopax rusticola"], "channels": [[{"startTime": 0.0, "endTime": 5.0, "predictions": {"probabilities": [-11.341425895690918, -13.546492576599121], "logits": [NaN, NaN]}, "groundTruth": [0.0, 0.0]}, {"startTime": 5.0, "endTime": 10.0, "predictions": {"probabilities": [-14.892748832702637, -14.891975402832031], "logits": [NaN, NaN]}, "groundTruth": [0.0, 0.0]}, {"startTime": 10.0, "endTime": 15.0, "predictions": {"probabilities": [-14.075794219970703, -12.240887641906738], "logits": [NaN, NaN]}, "groundTruth": [0.0, 0.0]}, {"startTime": 15.0, "endTime": 20.0, "predictions": {"probabilities": [-14.963034629821777, -14.30225944519043], "logits": [NaN, NaN]}, "groundTruth": [0.0, 0.0]}]]}