{"modelName": "devise-220528-v0-ep33", "version": "1", "fileId": "c89b58b08c3c475d8a65220a21aa2cba", "classIds": ["Crex crex", "Scolopax rusticola"], "channels": [[{"startTime": 0.0, "endTime": 5.0, "predictions": {"probabilities": [1.1870695743709803e-05, 1.308677042288764e-06], "logits": []}, "groundTruth": [0.0, 0.0]}, {"startTime": 5.0, "endTime": 10.0, "predictions": {"probabilities": [3.405345978535479e-07, 3.4079806709996774e-07], "logits": []}, "groundTruth": [0.0, 0.0]}, {"startTime": 10.0, "endTime": 15.0, "predictions": {"probabilities": [7.708323437327635e-07, 4.828897090192186e-06], "logits": []}, "groundTruth": [0.0, 0.0]}, {"startTime": 15.0, "endTime": 20.0, "predictions": {"probabilities": [3.1742160899739247e-07, 6.14620944361377e-07], "logits": []}, "groundTruth": [0.0, 0.0]}]]}