{"modelName": "devise-220528-v0-ep33", "version": "1", "fileId": "c8b031099cd645f4a36f785a27721d16", "classIds": ["Crex crex", "Scolopax rusticola"], "channels": [[{"startTime": 0.0, "endTime": 5.0, "predictions": {"probabilities": [-9.939042091369629, -10.127847671508789], "logits": [NaN, NaN]}, "groundTruth": [0.0, 0.0]}, {"startTime": 5.0, "endTime": 10.0, "predictions": {"probabilities": [-10.999494552612305, -10.838800430297852], "logits": [NaN, NaN]}, "groundTruth": [0.0, 0.0]}, {"startTime": 10.0, "endTime": 15.0, "predictions": {"probabilities": [-11.563737869262695, -11.737004280090332], "logits": [NaN, NaN]}, "groundTruth": [0.0, 0.0]}, {"startTime": 15.0, "endTime": 20.0, "predictions": {"probabilities": [-11.148432731628418, -12.785273551940918], "logits": [NaN, NaN]}, "groundTruth": [0.0, 0.0]}]]}