{"modelName": "devise-220528-v0-ep33", "version": "1", "fileId": "c968080bc0174c2e9e1d696d36a80e3a", "classIds": ["Crex crex", "Scolopax rusticola"], "channels": [[{"startTime": 0.0, "endTime": 5.0, "predictions": {"probabilities": [1.5238298146869056e-05, 4.4685250031761825e-05], "logits": []}, "groundTruth": [0.0, 0.0]}, {"startTime": 5.0, "endTime": 10.0, "predictions": {"probabilities": [8.127258297463413e-06, 1.1757372249121545e-06], "logits": []}, "groundTruth": [0.0, 0.0]}, {"startTime": 10.0, "endTime": 15.0, "predictions": {"probabilities": [1.379555669700494e-06, 1.6382858802899136e-06], "logits": []}, "groundTruth": [0.0, 0.0]}, {"startTime": 15.0, "endTime": 20.0, "predictions": {"probabilities": [5.0514972826931626e-06, 6.720902661072614e-07], "logits": []}, "groundTruth": [0.0, 0.0]}]]}