{"modelName": "devise-220528-v0-ep33", "version": "1", "fileId": "c9865151e5294f33bd6dd46b2aa53fe2", "classIds": ["Crex crex", "Scolopax rusticola"], "channels": [[{"startTime": 0.0, "endTime": 5.0, "predictions": {"probabilities": [0.0024814303033053875, 0.079962819814682], "logits": []}, "groundTruth": [0.0, 0.0]}, {"startTime": 5.0, "endTime": 10.0, "predictions": {"probabilities": [0.023008782416582108, 0.005986078642308712], "logits": []}, "groundTruth": [0.0, 0.0]}, {"startTime": 10.0, "endTime": 15.0, "predictions": {"probabilities": [0.0005567592452280223, 0.7810143232345581], "logits": []}, "groundTruth": [0.0, 0.0]}, {"startTime": 15.0, "endTime": 20.0, "predictions": {"probabilities": [0.003947176039218903, 0.028417503461241722], "logits": []}, "groundTruth": [0.0, 0.0]}]]}