{"modelName": "devise-220528-v0-ep33", "version": "1", "fileId": "c9c23064c1aa485ebbfd0048e330ca27", "classIds": ["Crex crex", "Scolopax rusticola"], "channels": [[{"startTime": 0.0, "endTime": 5.0, "predictions": {"probabilities": [3.947042932850309e-05, 2.229386336694006e-05], "logits": []}, "groundTruth": [0.0, 0.0]}, {"startTime": 5.0, "endTime": 10.0, "predictions": {"probabilities": [3.474004188319668e-05, 9.258580575988162e-06], "logits": []}, "groundTruth": [0.0, 0.0]}, {"startTime": 10.0, "endTime": 15.0, "predictions": {"probabilities": [1.3565818335337099e-06, 3.0140897706587566e-06], "logits": []}, "groundTruth": [0.0, 0.0]}, {"startTime": 15.0, "endTime": 20.0, "predictions": {"probabilities": [9.042978490469977e-06, 0.0001247155450982973], "logits": []}, "groundTruth": [0.0, 0.0]}]]}