{"modelName": "devise-220528-v0-ep33", "version": "1", "fileId": "c9c23064c1aa485ebbfd0048e330ca27", "classIds": ["Crex crex", "Scolopax rusticola"], "channels": [[{"startTime": 0.0, "endTime": 5.0, "predictions": {"probabilities": [-10.13991928100586, -10.711176872253418], "logits": [NaN, NaN]}, "groundTruth": [0.0, 0.0]}, {"startTime": 5.0, "endTime": 10.0, "predictions": {"probabilities": [-10.267582893371582, -11.589950561523438], "logits": [NaN, NaN]}, "groundTruth": [0.0, 0.0]}, {"startTime": 10.0, "endTime": 15.0, "predictions": {"probabilities": [-13.510540962219238, -12.712209701538086], "logits": [NaN, NaN]}, "groundTruth": [0.0, 0.0]}, {"startTime": 15.0, "endTime": 20.0, "predictions": {"probabilities": [-11.613512992858887, -8.989350318908691], "logits": [NaN, NaN]}, "groundTruth": [0.0, 0.0]}]]}