{"modelName": "devise-220528-v0-ep33", "version": "1", "fileId": "c9e215f7b7ed4347839b35cc8c5a9496", "classIds": ["Crex crex", "Scolopax rusticola"], "channels": [[{"startTime": 0.0, "endTime": 5.0, "predictions": {"probabilities": [1.928092387970537e-06, 0.0008886978612281382], "logits": []}, "groundTruth": [0.0, 0.0]}, {"startTime": 5.0, "endTime": 10.0, "predictions": {"probabilities": [4.8841737765314974e-08, 1.7827201759246236e-07], "logits": []}, "groundTruth": [0.0, 0.0]}, {"startTime": 10.0, "endTime": 15.0, "predictions": {"probabilities": [0.0001118055370170623, 0.022352023050189018], "logits": []}, "groundTruth": [0.0, 0.0]}, {"startTime": 15.0, "endTime": 20.0, "predictions": {"probabilities": [9.329923159384634e-06, 0.3049095571041107], "logits": []}, "groundTruth": [0.0, 0.0]}]]}