{"modelName": "devise-220528-v0-ep33", "version": "1", "fileId": "ca58d9fc5ee74d37b00de1e852b462ac", "classIds": ["Crex crex", "Scolopax rusticola"], "channels": [[{"startTime": 0.0, "endTime": 5.0, "predictions": {"probabilities": [8.671329851495102e-05, 0.5285993814468384], "logits": []}, "groundTruth": [0.0, 1.0]}, {"startTime": 5.0, "endTime": 10.0, "predictions": {"probabilities": [3.2328608767784317e-07, 0.9999985694885254], "logits": []}, "groundTruth": [0.0, 1.0]}, {"startTime": 8.0, "endTime": 13.0, "predictions": {"probabilities": [6.698370302871126e-09, 0.5149659514427185], "logits": []}, "groundTruth": [0.0, 1.0]}]]}