{"modelName": "devise-220528-v0-ep33", "version": "1", "fileId": "cb421e7e06a14b7795eea9491a2c343f", "classIds": ["Crex crex", "Scolopax rusticola"], "channels": [[{"startTime": 0.0, "endTime": 5.0, "predictions": {"probabilities": [1.4001664112583967e-06, 2.1277905034366995e-05], "logits": []}, "groundTruth": [0.0, 0.0]}, {"startTime": 5.0, "endTime": 10.0, "predictions": {"probabilities": [4.656637884181691e-06, 6.602297617064323e-06], "logits": []}, "groundTruth": [0.0, 0.0]}, {"startTime": 10.0, "endTime": 15.0, "predictions": {"probabilities": [1.3275043784233276e-05, 0.00024012167705222964], "logits": []}, "groundTruth": [0.0, 0.0]}, {"startTime": 15.0, "endTime": 20.0, "predictions": {"probabilities": [5.105858690512832e-06, 7.345084304688498e-05], "logits": []}, "groundTruth": [0.0, 0.0]}]]}