{"modelName": "devise-220528-v0-ep33", "version": "1", "fileId": "cb436233b1054aaba188e64dfe47d787", "classIds": ["Crex crex", "Scolopax rusticola"], "channels": [[{"startTime": 0.0, "endTime": 5.0, "predictions": {"probabilities": [0.001401372835971415, 1.980209162866231e-06], "logits": []}, "groundTruth": [0.0, 0.0]}, {"startTime": 5.0, "endTime": 10.0, "predictions": {"probabilities": [0.011076259426772594, 9.056674571183976e-06], "logits": []}, "groundTruth": [0.0, 0.0]}, {"startTime": 10.0, "endTime": 15.0, "predictions": {"probabilities": [0.02905927039682865, 0.00026964672724716365], "logits": []}, "groundTruth": [0.0, 0.0]}, {"startTime": 15.0, "endTime": 20.0, "predictions": {"probabilities": [0.04159030318260193, 5.6930006394395605e-05], "logits": []}, "groundTruth": [0.0, 0.0]}]]}