{"modelName": "devise-220528-v0-ep33", "version": "1", "fileId": "cb436233b1054aaba188e64dfe47d787", "classIds": ["Crex crex", "Scolopax rusticola"], "channels": [[{"startTime": 0.0, "endTime": 5.0, "predictions": {"probabilities": [-6.5689005851745605, -13.132306098937988], "logits": [NaN, NaN]}, "groundTruth": [0.0, 0.0]}, {"startTime": 5.0, "endTime": 10.0, "predictions": {"probabilities": [-4.4918131828308105, -11.61199951171875], "logits": [NaN, NaN]}, "groundTruth": [0.0, 0.0]}, {"startTime": 10.0, "endTime": 15.0, "predictions": {"probabilities": [-3.508927822113037, -8.218128204345703], "logits": [NaN, NaN]}, "groundTruth": [0.0, 0.0]}, {"startTime": 15.0, "endTime": 20.0, "predictions": {"probabilities": [-3.1374082565307617, -9.77363109588623], "logits": [NaN, NaN]}, "groundTruth": [0.0, 0.0]}]]}