{"modelName": "devise-220528-v0-ep33", "version": "1", "fileId": "cc888c29eb9c4e1bb65209509101ec74", "classIds": ["Crex crex", "Scolopax rusticola"], "channels": [[{"startTime": 0.0, "endTime": 5.0, "predictions": {"probabilities": [7.769107668309516e-08, 4.00882498752253e-07], "logits": []}, "groundTruth": [0.0, 0.0]}, {"startTime": 5.0, "endTime": 10.0, "predictions": {"probabilities": [3.511052227622713e-06, 0.00014684740744996816], "logits": []}, "groundTruth": [0.0, 0.0]}, {"startTime": 10.0, "endTime": 15.0, "predictions": {"probabilities": [1.0052184862274771e-08, 5.074138016425422e-07], "logits": []}, "groundTruth": [0.0, 0.0]}, {"startTime": 15.0, "endTime": 20.0, "predictions": {"probabilities": [1.505167688264919e-06, 3.7983941183483694e-06], "logits": []}, "groundTruth": [0.0, 0.0]}]]}