{"modelName": "devise-220528-v0-ep33", "version": "1", "fileId": "cc9e8b2854334a0586351ada9762fc86", "classIds": ["Crex crex", "Scolopax rusticola"], "channels": [[{"startTime": 0.0, "endTime": 5.0, "predictions": {"probabilities": [-5.791750431060791, -15.148634910583496], "logits": [NaN, NaN]}, "groundTruth": [0.0, 0.0]}, {"startTime": 5.0, "endTime": 10.0, "predictions": {"probabilities": [-13.423664093017578, -18.700284957885742], "logits": [NaN, NaN]}, "groundTruth": [0.0, 0.0]}, {"startTime": 10.0, "endTime": 15.0, "predictions": {"probabilities": [-11.892982482910156, -15.080679893493652], "logits": [NaN, NaN]}, "groundTruth": [0.0, 0.0]}, {"startTime": 15.0, "endTime": 20.0, "predictions": {"probabilities": [-12.158768653869629, -8.866015434265137], "logits": [NaN, NaN]}, "groundTruth": [0.0, 0.0]}]]}