{"modelName": "devise-220528-v0-ep33", "version": "1", "fileId": "cd3fbe8bda544c7e90f087e7f66334ce", "classIds": ["Crex crex", "Scolopax rusticola"], "channels": [[{"startTime": 0.0, "endTime": 5.0, "predictions": {"probabilities": [1.293331308716006e-07, 9.420759994327454e-08], "logits": []}, "groundTruth": [0.0, 0.0]}, {"startTime": 5.0, "endTime": 10.0, "predictions": {"probabilities": [1.1426052424212685e-06, 0.4182093143463135], "logits": []}, "groundTruth": [0.0, 0.0]}, {"startTime": 10.0, "endTime": 15.0, "predictions": {"probabilities": [1.2681782379786455e-07, 1.0], "logits": []}, "groundTruth": [0.0, 0.0]}, {"startTime": 15.0, "endTime": 20.0, "predictions": {"probabilities": [9.946691248430284e-10, 1.0], "logits": []}, "groundTruth": [0.0, 0.0]}]]}