{"modelName": "devise-220528-v0-ep33", "version": "1", "fileId": "ce3a09f7e46544b3be1fc4d6212e52a2", "classIds": ["Crex crex", "Scolopax rusticola"], "channels": [[{"startTime": 0.0, "endTime": 5.0, "predictions": {"probabilities": [-10.978523254394531, -8.131723403930664], "logits": [NaN, NaN]}, "groundTruth": [0.0, 0.0]}, {"startTime": 5.0, "endTime": 10.0, "predictions": {"probabilities": [-9.105912208557129, -8.69162368774414], "logits": [NaN, NaN]}, "groundTruth": [0.0, 0.0]}, {"startTime": 10.0, "endTime": 15.0, "predictions": {"probabilities": [-9.641406059265137, -6.324579238891602], "logits": [NaN, NaN]}, "groundTruth": [0.0, 0.0]}, {"startTime": 15.0, "endTime": 20.0, "predictions": {"probabilities": [-9.389932632446289, -6.24225378036499], "logits": [NaN, NaN]}, "groundTruth": [0.0, 0.0]}]]}