{"modelName": "devise-220528-v0-ep33", "version": "1", "fileId": "ceb4a8b5e8644a05acc8052dc708893d", "classIds": ["Crex crex", "Scolopax rusticola"], "channels": [[{"startTime": 0.0, "endTime": 5.0, "predictions": {"probabilities": [-17.605375289916992, -19.67475700378418], "logits": [NaN, NaN]}, "groundTruth": [0.0, 0.0]}, {"startTime": 5.0, "endTime": 10.0, "predictions": {"probabilities": [-16.017595291137695, -13.6235933303833], "logits": [NaN, NaN]}, "groundTruth": [0.0, 0.0]}, {"startTime": 10.0, "endTime": 15.0, "predictions": {"probabilities": [-17.07781410217285, -16.428762435913086], "logits": [NaN, NaN]}, "groundTruth": [0.0, 0.0]}, {"startTime": 15.0, "endTime": 20.0, "predictions": {"probabilities": [-18.448461532592773, -17.222240447998047], "logits": [NaN, NaN]}, "groundTruth": [0.0, 0.0]}]]}