{"modelName": "devise-220528-v0-ep33", "version": "1", "fileId": "ceb4a8b5e8644a05acc8052dc708893d", "classIds": ["Crex crex", "Scolopax rusticola"], "channels": [[{"startTime": 0.0, "endTime": 5.0, "predictions": {"probabilities": [2.259865716780496e-08, 2.853392855328707e-09], "logits": []}, "groundTruth": [0.0, 0.0]}, {"startTime": 5.0, "endTime": 10.0, "predictions": {"probabilities": [1.1057238680223236e-07, 1.2115687013647403e-06], "logits": []}, "groundTruth": [0.0, 0.0]}, {"startTime": 10.0, "endTime": 15.0, "predictions": {"probabilities": [3.8300072446872946e-08, 7.329580142823033e-08], "logits": []}, "groundTruth": [0.0, 0.0]}, {"startTime": 15.0, "endTime": 20.0, "predictions": {"probabilities": [9.726015548494615e-09, 3.314942631504891e-08], "logits": []}, "groundTruth": [0.0, 0.0]}]]}