{"modelName": "devise-220528-v0-ep33", "version": "1", "fileId": "cf19fd9e756949cb899482361893e157", "classIds": ["Crex crex", "Scolopax rusticola"], "channels": [[{"startTime": 0.0, "endTime": 5.0, "predictions": {"probabilities": [-17.154621124267578, -25.550024032592773], "logits": [NaN, NaN]}, "groundTruth": [0.0, 0.0]}, {"startTime": 5.0, "endTime": 10.0, "predictions": {"probabilities": [-15.788678169250488, -13.997217178344727], "logits": [NaN, NaN]}, "groundTruth": [0.0, 0.0]}, {"startTime": 10.0, "endTime": 15.0, "predictions": {"probabilities": [-17.343189239501953, -20.050830841064453], "logits": [NaN, NaN]}, "groundTruth": [0.0, 0.0]}, {"startTime": 15.0, "endTime": 20.0, "predictions": {"probabilities": [-17.357818603515625, -18.12606430053711], "logits": [NaN, NaN]}, "groundTruth": [0.0, 0.0]}]]}