{"modelName": "devise-220528-v0-ep33", "version": "1", "fileId": "d0390910d9e044b8b2dc749564c22ac1", "classIds": ["Crex crex", "Scolopax rusticola"], "channels": [[{"startTime": 0.0, "endTime": 5.0, "predictions": {"probabilities": [5.873755171137418e-08, 0.008290108293294907], "logits": []}, "groundTruth": [0.0, 1.0]}, {"startTime": 5.0, "endTime": 10.0, "predictions": {"probabilities": [1.1310799408192906e-07, 0.998661994934082], "logits": []}, "groundTruth": [0.0, 1.0]}, {"startTime": 8.0, "endTime": 13.0, "predictions": {"probabilities": [5.787348072772147e-06, 0.999975323677063], "logits": []}, "groundTruth": [0.0, 1.0]}]]}