{"modelName": "devise-220528-v0-ep33", "version": "1", "fileId": "d0390910d9e044b8b2dc749564c22ac1", "classIds": ["Crex crex", "Scolopax rusticola"], "channels": [[{"startTime": 0.0, "endTime": 5.0, "predictions": {"probabilities": [-16.65018653869629, -4.784367561340332], "logits": [NaN, NaN]}, "groundTruth": [0.0, 1.0]}, {"startTime": 5.0, "endTime": 10.0, "predictions": {"probabilities": [-15.994922637939453, 6.615223407745361], "logits": [NaN, NaN]}, "groundTruth": [0.0, 1.0]}, {"startTime": 8.0, "endTime": 13.0, "predictions": {"probabilities": [-12.059830665588379, 10.610015869140625], "logits": [NaN, NaN]}, "groundTruth": [0.0, 1.0]}]]}