{"modelName": "devise-220528-v0-ep33", "version": "1", "fileId": "d0910be7453346c88f3356ae3407f0c4", "classIds": ["Crex crex", "Scolopax rusticola"], "channels": [[{"startTime": 0.0, "endTime": 5.0, "predictions": {"probabilities": [-19.5201358795166, -20.596250534057617], "logits": [NaN, NaN]}, "groundTruth": [0.0, 0.0]}, {"startTime": 5.0, "endTime": 10.0, "predictions": {"probabilities": [-15.37231159210205, -16.393714904785156], "logits": [NaN, NaN]}, "groundTruth": [0.0, 0.0]}, {"startTime": 10.0, "endTime": 15.0, "predictions": {"probabilities": [-14.917600631713867, -18.179731369018555], "logits": [NaN, NaN]}, "groundTruth": [0.0, 0.0]}, {"startTime": 15.0, "endTime": 20.0, "predictions": {"probabilities": [-20.90805435180664, -22.843204498291016], "logits": [NaN, NaN]}, "groundTruth": [0.0, 0.0]}]]}