{"modelName": "devise-220528-v0-ep33", "version": "1", "fileId": "d17602a3736040f7b9feeb8c06fd5eb6", "classIds": ["Crex crex", "Scolopax rusticola"], "channels": [[{"startTime": 0.0, "endTime": 5.0, "predictions": {"probabilities": [-10.306173324584961, -5.022907257080078], "logits": [NaN, NaN]}, "groundTruth": [0.0, 1.0]}, {"startTime": 5.0, "endTime": 10.0, "predictions": {"probabilities": [-13.1926908493042, 3.4634222984313965], "logits": [NaN, NaN]}, "groundTruth": [0.0, 1.0]}, {"startTime": 6.0, "endTime": 11.0, "predictions": {"probabilities": [-11.79405689239502, -6.465492248535156], "logits": [NaN, NaN]}, "groundTruth": [0.0, 1.0]}]]}