{"modelName": "devise-220528-v0-ep33", "version": "1", "fileId": "d17602a3736040f7b9feeb8c06fd5eb6", "classIds": ["Crex crex", "Scolopax rusticola"], "channels": [[{"startTime": 0.0, "endTime": 5.0, "predictions": {"probabilities": [3.3424988941987976e-05, 0.0065422700718045235], "logits": []}, "groundTruth": [0.0, 1.0]}, {"startTime": 5.0, "endTime": 10.0, "predictions": {"probabilities": [1.8641735550772864e-06, 0.9696289300918579], "logits": []}, "groundTruth": [0.0, 1.0]}, {"startTime": 6.0, "endTime": 11.0, "predictions": {"probabilities": [7.5492343967198394e-06, 0.0015538070583716035], "logits": []}, "groundTruth": [0.0, 1.0]}]]}