{"modelName": "devise-220528-v0-ep33", "version": "1", "fileId": "d1edc84476fd4186b8f065c9fee04695", "classIds": ["Crex crex", "Scolopax rusticola"], "channels": [[{"startTime": 0.0, "endTime": 5.0, "predictions": {"probabilities": [-11.014966011047363, -8.658581733703613], "logits": [NaN, NaN]}, "groundTruth": [0.0, 0.0]}, {"startTime": 5.0, "endTime": 10.0, "predictions": {"probabilities": [-11.768699645996094, -10.079498291015625], "logits": [NaN, NaN]}, "groundTruth": [0.0, 0.0]}, {"startTime": 10.0, "endTime": 15.0, "predictions": {"probabilities": [-12.6369047164917, -6.040407657623291], "logits": [NaN, NaN]}, "groundTruth": [0.0, 0.0]}, {"startTime": 15.0, "endTime": 20.0, "predictions": {"probabilities": [-15.420181274414062, -11.116837501525879], "logits": [NaN, NaN]}, "groundTruth": [0.0, 0.0]}]]}