{"modelName": "devise-220528-v0-ep33", "version": "1", "fileId": "d1edc84476fd4186b8f065c9fee04695", "classIds": ["Crex crex", "Scolopax rusticola"], "channels": [[{"startTime": 0.0, "endTime": 5.0, "predictions": {"probabilities": [1.6453333955723792e-05, 0.00017360024503432214], "logits": []}, "groundTruth": [0.0, 0.0]}, {"startTime": 5.0, "endTime": 10.0, "predictions": {"probabilities": [7.743107744317967e-06, 4.1928691643988714e-05], "logits": []}, "groundTruth": [0.0, 0.0]}, {"startTime": 10.0, "endTime": 15.0, "predictions": {"probabilities": [3.2498296604899224e-06, 0.002374934498220682], "logits": []}, "groundTruth": [0.0, 0.0]}, {"startTime": 15.0, "endTime": 20.0, "predictions": {"probabilities": [2.0095568231681682e-07, 1.4859779184916988e-05], "logits": []}, "groundTruth": [0.0, 0.0]}]]}