{"modelName": "devise-220528-v0-ep33", "version": "1", "fileId": "d237c7ba67d448169d4a7e2df99952c5", "classIds": ["Crex crex", "Scolopax rusticola"], "channels": [[{"startTime": 0.0, "endTime": 5.0, "predictions": {"probabilities": [-13.269429206848145, -8.738037109375], "logits": [NaN, NaN]}, "groundTruth": [0.0, 1.0]}, {"startTime": 5.0, "endTime": 10.0, "predictions": {"probabilities": [-16.102310180664062, 16.31161117553711], "logits": [NaN, NaN]}, "groundTruth": [0.0, 1.0]}, {"startTime": 8.0, "endTime": 13.0, "predictions": {"probabilities": [-17.98601531982422, 4.365603446960449], "logits": [NaN, NaN]}, "groundTruth": [0.0, 1.0]}]]}