{"modelName": "devise-220528-v0-ep33", "version": "1", "fileId": "d2b99f5ebf7c4385875a18cef4d73e5a", "classIds": ["Crex crex", "Scolopax rusticola"], "channels": [[{"startTime": 0.0, "endTime": 5.0, "predictions": {"probabilities": [-13.17495059967041, 4.506368637084961], "logits": [NaN, NaN]}, "groundTruth": [0.0, 0.0]}, {"startTime": 5.0, "endTime": 10.0, "predictions": {"probabilities": [-11.121593475341797, -10.06175708770752], "logits": [NaN, NaN]}, "groundTruth": [0.0, 0.0]}, {"startTime": 10.0, "endTime": 15.0, "predictions": {"probabilities": [-9.977956771850586, -8.073708534240723], "logits": [NaN, NaN]}, "groundTruth": [0.0, 0.0]}, {"startTime": 15.0, "endTime": 20.0, "predictions": {"probabilities": [-9.787317276000977, -7.714700698852539], "logits": [NaN, NaN]}, "groundTruth": [0.0, 0.0]}]]}