{"modelName": "devise-220528-v0-ep33", "version": "1", "fileId": "d2eee490cd9c44d7a98438bfb21ee20b", "classIds": ["Crex crex", "Scolopax rusticola"], "channels": [[{"startTime": 0.0, "endTime": 5.0, "predictions": {"probabilities": [4.102918683202006e-05, 6.115536052675452e-06], "logits": []}, "groundTruth": [0.0, 0.0]}, {"startTime": 5.0, "endTime": 10.0, "predictions": {"probabilities": [0.19720979034900665, 2.1052024749224074e-05], "logits": []}, "groundTruth": [0.0, 0.0]}, {"startTime": 10.0, "endTime": 15.0, "predictions": {"probabilities": [7.759652362437919e-06, 9.673837666923646e-06], "logits": []}, "groundTruth": [0.0, 0.0]}, {"startTime": 15.0, "endTime": 20.0, "predictions": {"probabilities": [0.00011543972505023703, 1.6187426808755845e-05], "logits": []}, "groundTruth": [0.0, 0.0]}]]}