{"modelName": "devise-220528-v0-ep33", "version": "1", "fileId": "d3bc08dc792d44f39cc3dbe95ae8c66e", "classIds": ["Crex crex", "Scolopax rusticola"], "channels": [[{"startTime": 0.0, "endTime": 5.0, "predictions": {"probabilities": [2.999326227381971e-07, 2.6100201111489696e-08], "logits": []}, "groundTruth": [0.0, 0.0]}, {"startTime": 5.0, "endTime": 10.0, "predictions": {"probabilities": [5.264148967398796e-06, 7.614472679051687e-07], "logits": []}, "groundTruth": [0.0, 0.0]}, {"startTime": 10.0, "endTime": 15.0, "predictions": {"probabilities": [4.1666339711809997e-08, 5.848499018412667e-09], "logits": []}, "groundTruth": [0.0, 0.0]}, {"startTime": 15.0, "endTime": 20.0, "predictions": {"probabilities": [1.8366295989835635e-05, 7.491514224966522e-06], "logits": []}, "groundTruth": [0.0, 0.0]}]]}