{"modelName": "devise-220528-v0-ep33", "version": "1", "fileId": "d3bc08dc792d44f39cc3dbe95ae8c66e", "classIds": ["Crex crex", "Scolopax rusticola"], "channels": [[{"startTime": 0.0, "endTime": 5.0, "predictions": {"probabilities": [-15.019707679748535, -17.461322784423828], "logits": [NaN, NaN]}, "groundTruth": [0.0, 0.0]}, {"startTime": 5.0, "endTime": 10.0, "predictions": {"probabilities": [-12.154585838317871, -14.088044166564941], "logits": [NaN, NaN]}, "groundTruth": [0.0, 0.0]}, {"startTime": 10.0, "endTime": 15.0, "predictions": {"probabilities": [-16.993572235107422, -18.957080841064453], "logits": [NaN, NaN]}, "groundTruth": [0.0, 0.0]}, {"startTime": 15.0, "endTime": 20.0, "predictions": {"probabilities": [-10.904974937438965, -11.801732063293457], "logits": [NaN, NaN]}, "groundTruth": [0.0, 0.0]}]]}