{"modelName": "devise-220528-v0-ep33", "version": "1", "fileId": "d3c154fa18f54064964e0db79af3ff10", "classIds": ["Crex crex", "Scolopax rusticola"], "channels": [[{"startTime": 0.0, "endTime": 5.0, "predictions": {"probabilities": [2.5699247999000363e-05, 1.3026841770624742e-05], "logits": []}, "groundTruth": [0.0, 0.0]}, {"startTime": 5.0, "endTime": 10.0, "predictions": {"probabilities": [1.3313130011738394e-06, 1.471026962462929e-06], "logits": []}, "groundTruth": [0.0, 0.0]}, {"startTime": 10.0, "endTime": 15.0, "predictions": {"probabilities": [1.2993875316169579e-05, 0.0003286929859314114], "logits": []}, "groundTruth": [0.0, 0.0]}, {"startTime": 15.0, "endTime": 20.0, "predictions": {"probabilities": [0.0012394835939630866, 0.0048010824248194695], "logits": []}, "groundTruth": [0.0, 0.0]}]]}