{"modelName": "devise-220528-v0-ep33", "version": "1", "fileId": "d46f4dec14d64a40ab1a170c25765194", "classIds": ["Crex crex", "Scolopax rusticola"], "channels": [[{"startTime": 0.0, "endTime": 5.0, "predictions": {"probabilities": [-9.044515609741211, -5.8607497215271], "logits": [NaN, NaN]}, "groundTruth": [0.0, 0.0]}, {"startTime": 5.0, "endTime": 10.0, "predictions": {"probabilities": [-9.728804588317871, -4.0821943283081055], "logits": [NaN, NaN]}, "groundTruth": [0.0, 0.0]}, {"startTime": 10.0, "endTime": 15.0, "predictions": {"probabilities": [-9.766705513000488, -9.420255661010742], "logits": [NaN, NaN]}, "groundTruth": [0.0, 0.0]}, {"startTime": 15.0, "endTime": 20.0, "predictions": {"probabilities": [-8.419026374816895, -6.989561080932617], "logits": [NaN, NaN]}, "groundTruth": [0.0, 0.0]}]]}