{"modelName": "devise-220528-v0-ep33", "version": "1", "fileId": "d4d60c22bbbf4c7992f5932902c27b48", "classIds": ["Crex crex", "Scolopax rusticola"], "channels": [[{"startTime": 0.0, "endTime": 5.0, "predictions": {"probabilities": [-11.992813110351562, 11.792668342590332], "logits": [NaN, NaN]}, "groundTruth": [0.0, 0.0]}, {"startTime": 5.0, "endTime": 10.0, "predictions": {"probabilities": [-11.426653861999512, -5.223179340362549], "logits": [NaN, NaN]}, "groundTruth": [0.0, 0.0]}, {"startTime": 10.0, "endTime": 15.0, "predictions": {"probabilities": [-13.264274597167969, -16.275312423706055], "logits": [NaN, NaN]}, "groundTruth": [0.0, 0.0]}, {"startTime": 15.0, "endTime": 20.0, "predictions": {"probabilities": [-11.315232276916504, -9.822552680969238], "logits": [NaN, NaN]}, "groundTruth": [0.0, 0.0]}]]}