{"modelName": "devise-220528-v0-ep33", "version": "1", "fileId": "d507e85445cc420392ca089a8234f75e", "classIds": ["Crex crex", "Scolopax rusticola"], "channels": [[{"startTime": 0.0, "endTime": 5.0, "predictions": {"probabilities": [2.524000819903449e-06, 0.995130181312561], "logits": []}, "groundTruth": [0.0, 0.0]}, {"startTime": 5.0, "endTime": 10.0, "predictions": {"probabilities": [0.0003250658919569105, 0.00753446202725172], "logits": []}, "groundTruth": [0.0, 0.0]}, {"startTime": 10.0, "endTime": 15.0, "predictions": {"probabilities": [0.0008396946941502392, 0.0007382550975307822], "logits": []}, "groundTruth": [0.0, 0.0]}, {"startTime": 15.0, "endTime": 20.0, "predictions": {"probabilities": [6.164113437989727e-05, 0.0022571985609829426], "logits": []}, "groundTruth": [0.0, 0.0]}]]}