{"modelName": "devise-220528-v0-ep33", "version": "1", "fileId": "d50c275231fd4f81b48b8f009c8672c4", "classIds": ["Crex crex", "Scolopax rusticola"], "channels": [[{"startTime": 0.0, "endTime": 5.0, "predictions": {"probabilities": [-10.104110717773438, -7.492208957672119], "logits": [NaN, NaN]}, "groundTruth": [0.0, 0.0]}, {"startTime": 5.0, "endTime": 10.0, "predictions": {"probabilities": [-16.563690185546875, 18.903926849365234], "logits": [NaN, NaN]}, "groundTruth": [0.0, 1.0]}, {"startTime": 10.0, "endTime": 15.0, "predictions": {"probabilities": [-11.083017349243164, 4.570884704589844], "logits": [NaN, NaN]}, "groundTruth": [0.0, 1.0]}, {"startTime": 13.0, "endTime": 18.0, "predictions": {"probabilities": [-10.996821403503418, -1.0803673267364502], "logits": [NaN, NaN]}, "groundTruth": [0.0, 1.0]}]]}