{"modelName": "devise-220528-v0-ep33", "version": "1", "fileId": "d58234a7107c4203b4377fcce2fd6663", "classIds": ["Crex crex", "Scolopax rusticola"], "channels": [[{"startTime": 0.0, "endTime": 5.0, "predictions": {"probabilities": [5.104472222683398e-08, 3.3367036911258197e-10], "logits": []}, "groundTruth": [0.0, 0.0]}, {"startTime": 5.0, "endTime": 10.0, "predictions": {"probabilities": [3.453796750818583e-07, 8.654008524899837e-06], "logits": []}, "groundTruth": [0.0, 0.0]}, {"startTime": 10.0, "endTime": 15.0, "predictions": {"probabilities": [1.6973902461359103e-07, 5.85544376008329e-06], "logits": []}, "groundTruth": [0.0, 0.0]}, {"startTime": 15.0, "endTime": 20.0, "predictions": {"probabilities": [3.109309254512027e-09, 1.4704702380186063e-06], "logits": []}, "groundTruth": [0.0, 0.0]}]]}