{"modelName": "devise-220528-v0-ep33", "version": "1", "fileId": "d5881a44aaf044639bf97b9f055591df", "classIds": ["Crex crex", "Scolopax rusticola"], "channels": [[{"startTime": 0.0, "endTime": 5.0, "predictions": {"probabilities": [0.006463033612817526, 3.3456915389251662e-06], "logits": []}, "groundTruth": [0.0, 0.0]}, {"startTime": 5.0, "endTime": 10.0, "predictions": {"probabilities": [0.09829749166965485, 4.607674418366514e-05], "logits": []}, "groundTruth": [0.0, 0.0]}, {"startTime": 10.0, "endTime": 15.0, "predictions": {"probabilities": [0.0009766629664227366, 0.06104166805744171], "logits": []}, "groundTruth": [0.0, 0.0]}, {"startTime": 15.0, "endTime": 20.0, "predictions": {"probabilities": [3.5427190141490428e-06, 0.6241733431816101], "logits": []}, "groundTruth": [0.0, 0.0]}]]}