{"modelName": "devise-220528-v0-ep33", "version": "1", "fileId": "d5881a44aaf044639bf97b9f055591df", "classIds": ["Crex crex", "Scolopax rusticola"], "channels": [[{"startTime": 0.0, "endTime": 5.0, "predictions": {"probabilities": [-5.035172462463379, -12.607833862304688], "logits": [NaN, NaN]}, "groundTruth": [0.0, 0.0]}, {"startTime": 5.0, "endTime": 10.0, "predictions": {"probabilities": [-2.2162861824035645, -9.985156059265137], "logits": [NaN, NaN]}, "groundTruth": [0.0, 0.0]}, {"startTime": 10.0, "endTime": 15.0, "predictions": {"probabilities": [-6.930391788482666, -2.7332143783569336], "logits": [NaN, NaN]}, "groundTruth": [0.0, 0.0]}, {"startTime": 15.0, "endTime": 20.0, "predictions": {"probabilities": [-12.550612449645996, 0.5073000192642212], "logits": [NaN, 0.02920212410390377]}, "groundTruth": [0.0, 0.0]}]]}