{"modelName": "devise-220528-v0-ep33", "version": "1", "fileId": "d6324bb31e144347a56a2f140ea54560", "classIds": ["Crex crex", "Scolopax rusticola"], "channels": [[{"startTime": 0.0, "endTime": 5.0, "predictions": {"probabilities": [-13.811665534973145, -13.657928466796875], "logits": [NaN, NaN]}, "groundTruth": [0.0, 1.0]}, {"startTime": 5.0, "endTime": 10.0, "predictions": {"probabilities": [-17.593381881713867, 11.165668487548828], "logits": [NaN, NaN]}, "groundTruth": [0.0, 1.0]}, {"startTime": 10.0, "endTime": 15.0, "predictions": {"probabilities": [-13.429365158081055, -5.156132221221924], "logits": [NaN, NaN]}, "groundTruth": [0.0, 1.0]}, {"startTime": 11.0, "endTime": 16.0, "predictions": {"probabilities": [-14.196783065795898, -6.051275253295898], "logits": [NaN, NaN]}, "groundTruth": [0.0, 1.0]}]]}