{"modelName": "devise-220528-v0-ep33", "version": "1", "fileId": "d6c6af70643b4a50a7b8ccbc4d7f0c67", "classIds": ["Crex crex", "Scolopax rusticola"], "channels": [[{"startTime": 0.0, "endTime": 5.0, "predictions": {"probabilities": [-9.29127025604248, -7.689085006713867], "logits": [NaN, NaN]}, "groundTruth": [0.0, 0.0]}, {"startTime": 5.0, "endTime": 10.0, "predictions": {"probabilities": [-8.136451721191406, -8.544386863708496], "logits": [NaN, NaN]}, "groundTruth": [0.0, 0.0]}, {"startTime": 10.0, "endTime": 15.0, "predictions": {"probabilities": [-13.868436813354492, -13.473699569702148], "logits": [NaN, NaN]}, "groundTruth": [0.0, 0.0]}, {"startTime": 15.0, "endTime": 20.0, "predictions": {"probabilities": [-16.41345977783203, -15.372411727905273], "logits": [NaN, NaN]}, "groundTruth": [0.0, 0.0]}]]}