{"modelName": "devise-220528-v0-ep33", "version": "1", "fileId": "d70a66f2a6ef472da57918f0d4ccfbd5", "classIds": ["Crex crex", "Scolopax rusticola"], "channels": [[{"startTime": 0.0, "endTime": 5.0, "predictions": {"probabilities": [2.9189087058512087e-07, 4.831987965303597e-08], "logits": []}, "groundTruth": [0.0, 0.0]}, {"startTime": 5.0, "endTime": 10.0, "predictions": {"probabilities": [1.2297249440962332e-06, 9.362396440337761e-07], "logits": []}, "groundTruth": [0.0, 0.0]}, {"startTime": 10.0, "endTime": 15.0, "predictions": {"probabilities": [6.844805398031895e-07, 1.1345624670866528e-06], "logits": []}, "groundTruth": [0.0, 0.0]}, {"startTime": 15.0, "endTime": 20.0, "predictions": {"probabilities": [1.1870166360949952e-07, 0.0007255672826431692], "logits": []}, "groundTruth": [0.0, 0.0]}]]}