{"modelName": "devise-220528-v0-ep33", "version": "1", "fileId": "d7421b70ee624e26a1031eafa323e340", "classIds": ["Crex crex", "Scolopax rusticola"], "channels": [[{"startTime": 0.0, "endTime": 5.0, "predictions": {"probabilities": [1.0648886018316261e-05, 4.214995897200424e-06], "logits": []}, "groundTruth": [0.0, 0.0]}, {"startTime": 5.0, "endTime": 10.0, "predictions": {"probabilities": [0.001326928031630814, 0.00011038453521905467], "logits": []}, "groundTruth": [0.0, 0.0]}, {"startTime": 10.0, "endTime": 15.0, "predictions": {"probabilities": [0.0001406154769938439, 0.0007595359347760677], "logits": []}, "groundTruth": [0.0, 0.0]}, {"startTime": 15.0, "endTime": 20.0, "predictions": {"probabilities": [3.524669637045008e-06, 1.9250761397415772e-05], "logits": []}, "groundTruth": [0.0, 0.0]}]]}