{"modelName": "devise-220528-v0-ep33", "version": "1", "fileId": "d74c21a34c814d17bf00be592ed883e9", "classIds": ["Crex crex", "Scolopax rusticola"], "channels": [[{"startTime": 0.0, "endTime": 5.0, "predictions": {"probabilities": [-9.714728355407715, -13.711448669433594], "logits": [NaN, NaN]}, "groundTruth": [0.0, 0.0]}, {"startTime": 5.0, "endTime": 10.0, "predictions": {"probabilities": [-12.811738014221191, -16.06279945373535], "logits": [NaN, NaN]}, "groundTruth": [0.0, 0.0]}, {"startTime": 10.0, "endTime": 15.0, "predictions": {"probabilities": [-16.300092697143555, -17.463314056396484], "logits": [NaN, NaN]}, "groundTruth": [0.0, 0.0]}, {"startTime": 15.0, "endTime": 20.0, "predictions": {"probabilities": [-17.01910972595215, -12.035982131958008], "logits": [NaN, NaN]}, "groundTruth": [0.0, 0.0]}]]}