{"modelName": "devise-220528-v0-ep33", "version": "1", "fileId": "d8c42eb45c9840bab12ab48268adb196", "classIds": ["Crex crex", "Scolopax rusticola"], "channels": [[{"startTime": 0.0, "endTime": 5.0, "predictions": {"probabilities": [-11.352218627929688, -19.969131469726562], "logits": [NaN, NaN]}, "groundTruth": [0.0, 0.0]}, {"startTime": 5.0, "endTime": 10.0, "predictions": {"probabilities": [-11.630611419677734, -14.947115898132324], "logits": [NaN, NaN]}, "groundTruth": [0.0, 0.0]}, {"startTime": 10.0, "endTime": 15.0, "predictions": {"probabilities": [-9.231891632080078, -8.438382148742676], "logits": [NaN, NaN]}, "groundTruth": [0.0, 0.0]}, {"startTime": 15.0, "endTime": 20.0, "predictions": {"probabilities": [-13.347010612487793, -23.771343231201172], "logits": [NaN, NaN]}, "groundTruth": [0.0, 0.0]}]]}