{"modelName": "devise-220528-v0-ep33", "version": "1", "fileId": "d9c811093383496dacf6df525e1357f2", "classIds": ["Crex crex", "Scolopax rusticola"], "channels": [[{"startTime": 0.0, "endTime": 5.0, "predictions": {"probabilities": [-13.854443550109863, -7.869813919067383], "logits": [NaN, NaN]}, "groundTruth": [0.0, 0.0]}, {"startTime": 5.0, "endTime": 10.0, "predictions": {"probabilities": [-11.965636253356934, -11.425454139709473], "logits": [NaN, NaN]}, "groundTruth": [0.0, 0.0]}, {"startTime": 10.0, "endTime": 15.0, "predictions": {"probabilities": [-12.210312843322754, -12.304332733154297], "logits": [NaN, NaN]}, "groundTruth": [0.0, 0.0]}, {"startTime": 15.0, "endTime": 20.0, "predictions": {"probabilities": [-9.57875919342041, -13.010320663452148], "logits": [NaN, NaN]}, "groundTruth": [0.0, 0.0]}]]}