{"modelName": "devise-220528-v0-ep33", "version": "1", "fileId": "d9fd6cc74856442f91eb7f0968e23361", "classIds": ["Crex crex", "Scolopax rusticola"], "channels": [[{"startTime": 0.0, "endTime": 5.0, "predictions": {"probabilities": [5.791118383058347e-06, 7.68045367749437e-07], "logits": []}, "groundTruth": [0.0, 0.0]}, {"startTime": 5.0, "endTime": 10.0, "predictions": {"probabilities": [3.619603603510768e-06, 2.7751835659728386e-05], "logits": []}, "groundTruth": [0.0, 0.0]}, {"startTime": 10.0, "endTime": 15.0, "predictions": {"probabilities": [5.461419618768559e-07, 1.7594769815332256e-05], "logits": []}, "groundTruth": [0.0, 0.0]}, {"startTime": 15.0, "endTime": 20.0, "predictions": {"probabilities": [2.8211362135266427e-08, 0.0008183183381333947], "logits": []}, "groundTruth": [0.0, 0.0]}]]}