{"modelName": "devise-220528-v0-ep33", "version": "1", "fileId": "d9fd6cc74856442f91eb7f0968e23361", "classIds": ["Crex crex", "Scolopax rusticola"], "channels": [[{"startTime": 0.0, "endTime": 5.0, "predictions": {"probabilities": [-12.059179306030273, -14.079416275024414], "logits": [NaN, NaN]}, "groundTruth": [0.0, 0.0]}, {"startTime": 5.0, "endTime": 10.0, "predictions": {"probabilities": [-12.529142379760742, -10.492180824279785], "logits": [NaN, NaN]}, "groundTruth": [0.0, 0.0]}, {"startTime": 10.0, "endTime": 15.0, "predictions": {"probabilities": [-14.42038631439209, -10.947891235351562], "logits": [NaN, NaN]}, "groundTruth": [0.0, 0.0]}, {"startTime": 15.0, "endTime": 20.0, "predictions": {"probabilities": [-17.383541107177734, -7.10744047164917], "logits": [NaN, NaN]}, "groundTruth": [0.0, 0.0]}]]}