{"modelName": "devise-220528-v0-ep33", "version": "1", "fileId": "da611015418c471b9b7f296df9f8a1b1", "classIds": ["Crex crex", "Scolopax rusticola"], "channels": [[{"startTime": 0.0, "endTime": 5.0, "predictions": {"probabilities": [3.8892816519364715e-05, 0.00059946981491521], "logits": []}, "groundTruth": [0.0, 0.0]}, {"startTime": 5.0, "endTime": 10.0, "predictions": {"probabilities": [3.5972687328467146e-05, 0.005531690549105406], "logits": []}, "groundTruth": [0.0, 0.0]}, {"startTime": 10.0, "endTime": 15.0, "predictions": {"probabilities": [0.0004136401112191379, 2.4987670258269645e-05], "logits": []}, "groundTruth": [0.0, 0.0]}, {"startTime": 15.0, "endTime": 20.0, "predictions": {"probabilities": [0.0002907179878093302, 0.0008711834088899195], "logits": []}, "groundTruth": [0.0, 0.0]}]]}