{"modelName": "devise-220528-v0-ep33", "version": "1", "fileId": "dad2e76cf92b43b49961e6071e70dc00", "classIds": ["Crex crex", "Scolopax rusticola"], "channels": [[{"startTime": 0.0, "endTime": 5.0, "predictions": {"probabilities": [2.2122026166471187e-06, 1.3521465689336765e-06], "logits": []}, "groundTruth": [0.0, 0.0]}, {"startTime": 5.0, "endTime": 10.0, "predictions": {"probabilities": [5.743953806813806e-06, 5.280206096358597e-05], "logits": []}, "groundTruth": [0.0, 0.0]}, {"startTime": 10.0, "endTime": 15.0, "predictions": {"probabilities": [0.00012297535431571305, 0.0008164264145307243], "logits": []}, "groundTruth": [0.0, 0.0]}, {"startTime": 15.0, "endTime": 20.0, "predictions": {"probabilities": [0.004568576812744141, 0.006850567180663347], "logits": []}, "groundTruth": [0.0, 0.0]}]]}