{"modelName": "devise-220528-v0-ep33", "version": "1", "fileId": "dad2e76cf92b43b49961e6071e70dc00", "classIds": ["Crex crex", "Scolopax rusticola"], "channels": [[{"startTime": 0.0, "endTime": 5.0, "predictions": {"probabilities": [-13.021519660949707, -13.513815879821777], "logits": [NaN, NaN]}, "groundTruth": [0.0, 0.0]}, {"startTime": 5.0, "endTime": 10.0, "predictions": {"probabilities": [-12.067357063293457, -9.848907470703125], "logits": [NaN, NaN]}, "groundTruth": [0.0, 0.0]}, {"startTime": 10.0, "endTime": 15.0, "predictions": {"probabilities": [-9.003403663635254, -7.109756946563721], "logits": [NaN, NaN]}, "groundTruth": [0.0, 0.0]}, {"startTime": 15.0, "endTime": 20.0, "predictions": {"probabilities": [-5.383974552154541, -4.9765496253967285], "logits": [NaN, NaN]}, "groundTruth": [0.0, 0.0]}]]}