{"modelName": "devise-220528-v0-ep33", "version": "1", "fileId": "daee34e5755c4d64b4d59fbacbc07107", "classIds": ["Crex crex", "Scolopax rusticola"], "channels": [[{"startTime": 0.0, "endTime": 5.0, "predictions": {"probabilities": [2.6773258809953404e-07, 0.8726904988288879], "logits": []}, "groundTruth": [0.0, 1.0]}, {"startTime": 5.0, "endTime": 10.0, "predictions": {"probabilities": [0.00025387690402567387, 0.08392561227083206], "logits": []}, "groundTruth": [0.0, 1.0]}, {"startTime": 7.0, "endTime": 12.0, "predictions": {"probabilities": [9.319745731772855e-05, 0.043151888996362686], "logits": []}, "groundTruth": [0.0, 1.0]}]]}