{"modelName": "devise-220528-v0-ep33", "version": "1", "fileId": "db68408925a3414d860244ccbeea0705", "classIds": ["Crex crex", "Scolopax rusticola"], "channels": [[{"startTime": 0.0, "endTime": 5.0, "predictions": {"probabilities": [3.4748918551485986e-05, 9.457591659156606e-05], "logits": []}, "groundTruth": [0.0, 0.0]}, {"startTime": 5.0, "endTime": 10.0, "predictions": {"probabilities": [2.104097347910283e-06, 2.59908432553857e-07], "logits": []}, "groundTruth": [0.0, 0.0]}, {"startTime": 10.0, "endTime": 15.0, "predictions": {"probabilities": [5.029020940128248e-06, 9.031420518113009e-07], "logits": []}, "groundTruth": [0.0, 0.0]}, {"startTime": 15.0, "endTime": 20.0, "predictions": {"probabilities": [0.0004398899036459625, 2.81142931157774e-08], "logits": []}, "groundTruth": [0.0, 0.0]}]]}