{"modelName": "devise-220528-v0-ep33", "version": "1", "fileId": "db68408925a3414d860244ccbeea0705", "classIds": ["Crex crex", "Scolopax rusticola"], "channels": [[{"startTime": 0.0, "endTime": 5.0, "predictions": {"probabilities": [-10.267327308654785, -9.266013145446777], "logits": [NaN, NaN]}, "groundTruth": [0.0, 0.0]}, {"startTime": 5.0, "endTime": 10.0, "predictions": {"probabilities": [-13.071621894836426, -15.162936210632324], "logits": [NaN, NaN]}, "groundTruth": [0.0, 0.0]}, {"startTime": 10.0, "endTime": 15.0, "predictions": {"probabilities": [-12.20028018951416, -13.91738510131836], "logits": [NaN, NaN]}, "groundTruth": [0.0, 0.0]}, {"startTime": 15.0, "endTime": 20.0, "predictions": {"probabilities": [-7.728546142578125, -17.386987686157227], "logits": [NaN, NaN]}, "groundTruth": [0.0, 0.0]}]]}