{"modelName": "devise-220528-v0-ep33", "version": "1", "fileId": "dbaf8ca55ad34c66bae3d8b3b378569a", "classIds": ["Crex crex", "Scolopax rusticola"], "channels": [[{"startTime": 0.0, "endTime": 5.0, "predictions": {"probabilities": [8.95782341103768e-06, 0.006512190215289593], "logits": []}, "groundTruth": [0.0, 1.0]}, {"startTime": 5.0, "endTime": 10.0, "predictions": {"probabilities": [4.708887146875895e-08, 0.9999995231628418], "logits": []}, "groundTruth": [0.0, 1.0]}, {"startTime": 10.0, "endTime": 15.0, "predictions": {"probabilities": [1.0111257324751932e-05, 0.9717004299163818], "logits": []}, "groundTruth": [0.0, 1.0]}, {"startTime": 15.0, "endTime": 20.0, "predictions": {"probabilities": [3.2717199616172365e-08, 0.9877840876579285], "logits": []}, "groundTruth": [0.0, 1.0]}]]}