{"modelName": "devise-220528-v0-ep33", "version": "1", "fileId": "dc160ed8cea7496a9fdbd70dffda2292", "classIds": ["Crex crex", "Scolopax rusticola"], "channels": [[{"startTime": 0.0, "endTime": 5.0, "predictions": {"probabilities": [2.308474966739027e-09, 2.6509422434983776e-10], "logits": []}, "groundTruth": [0.0, 0.0]}, {"startTime": 5.0, "endTime": 10.0, "predictions": {"probabilities": [0.00010528479469940066, 1.1112809261248913e-05], "logits": []}, "groundTruth": [0.0, 0.0]}, {"startTime": 10.0, "endTime": 15.0, "predictions": {"probabilities": [3.2177405184796726e-09, 4.315724166925605e-11], "logits": []}, "groundTruth": [0.0, 0.0]}, {"startTime": 15.0, "endTime": 20.0, "predictions": {"probabilities": [2.0254512378414802e-07, 4.183435819982151e-08], "logits": []}, "groundTruth": [0.0, 0.0]}]]}