{"modelName": "devise-220528-v0-ep33", "version": "1", "fileId": "dc160ed8cea7496a9fdbd70dffda2292", "classIds": ["Crex crex", "Scolopax rusticola"], "channels": [[{"startTime": 0.0, "endTime": 5.0, "predictions": {"probabilities": [-19.88667869567871, -22.050935745239258], "logits": [NaN, NaN]}, "groundTruth": [0.0, 0.0]}, {"startTime": 5.0, "endTime": 10.0, "predictions": {"probabilities": [-9.158736228942871, -11.407401084899902], "logits": [NaN, NaN]}, "groundTruth": [0.0, 0.0]}, {"startTime": 10.0, "endTime": 15.0, "predictions": {"probabilities": [-19.55458641052246, -23.86617088317871], "logits": [NaN, NaN]}, "groundTruth": [0.0, 0.0]}, {"startTime": 15.0, "endTime": 20.0, "predictions": {"probabilities": [-15.41230297088623, -16.989547729492188], "logits": [NaN, NaN]}, "groundTruth": [0.0, 0.0]}]]}