{"modelName": "devise-220528-v0-ep33", "version": "1", "fileId": "dc22f17f8b86480098ca7ce009066b2d", "classIds": ["Crex crex", "Scolopax rusticola"], "channels": [[{"startTime": 0.0, "endTime": 5.0, "predictions": {"probabilities": [-15.149758338928223, -19.913644790649414], "logits": [NaN, NaN]}, "groundTruth": [0.0, 0.0]}, {"startTime": 5.0, "endTime": 10.0, "predictions": {"probabilities": [-13.698321342468262, -22.513431549072266], "logits": [NaN, NaN]}, "groundTruth": [0.0, 0.0]}, {"startTime": 10.0, "endTime": 15.0, "predictions": {"probabilities": [-12.564349174499512, -21.174039840698242], "logits": [NaN, NaN]}, "groundTruth": [0.0, 0.0]}, {"startTime": 15.0, "endTime": 20.0, "predictions": {"probabilities": [-11.798407554626465, -21.92898941040039], "logits": [NaN, NaN]}, "groundTruth": [0.0, 0.0]}]]}