{"modelName": "devise-220528-v0-ep33", "version": "1", "fileId": "dcc2f3a99ed64c7bb32b79a29e0ca080", "classIds": ["Crex crex", "Scolopax rusticola"], "channels": [[{"startTime": 0.0, "endTime": 5.0, "predictions": {"probabilities": [-20.0380802154541, 7.923662185668945], "logits": [NaN, NaN]}, "groundTruth": [0.0, 1.0]}, {"startTime": 5.0, "endTime": 10.0, "predictions": {"probabilities": [-15.270411491394043, 14.942902565002441], "logits": [NaN, NaN]}, "groundTruth": [0.0, 1.0]}, {"startTime": 10.0, "endTime": 15.0, "predictions": {"probabilities": [-15.122653007507324, 31.256235122680664], "logits": [NaN, NaN]}, "groundTruth": [0.0, 1.0]}, {"startTime": 15.0, "endTime": 20.0, "predictions": {"probabilities": [-18.834293365478516, 10.665655136108398], "logits": [NaN, NaN]}, "groundTruth": [0.0, 1.0]}]]}