{"modelName": "devise-220528-v0-ep33", "version": "1", "fileId": "dcc2988ceb774edebde44e2ad58c7d80", "classIds": ["Crex crex", "Scolopax rusticola"], "channels": [[{"startTime": 0.0, "endTime": 5.0, "predictions": {"probabilities": [-11.4517183303833, -9.36879825592041], "logits": [NaN, NaN]}, "groundTruth": [0.0, 0.0]}, {"startTime": 5.0, "endTime": 10.0, "predictions": {"probabilities": [-10.398368835449219, -10.534747123718262], "logits": [NaN, NaN]}, "groundTruth": [0.0, 0.0]}, {"startTime": 10.0, "endTime": 15.0, "predictions": {"probabilities": [-10.525341987609863, -8.7741117477417], "logits": [NaN, NaN]}, "groundTruth": [0.0, 0.0]}, {"startTime": 15.0, "endTime": 20.0, "predictions": {"probabilities": [-17.31865119934082, -19.78575325012207], "logits": [NaN, NaN]}, "groundTruth": [0.0, 0.0]}]]}