{"modelName": "devise-220528-v0-ep33", "version": "1", "fileId": "dcc2f3a99ed64c7bb32b79a29e0ca080", "classIds": ["Crex crex", "Scolopax rusticola"], "channels": [[{"startTime": 0.0, "endTime": 5.0, "predictions": {"probabilities": [1.9841401854847618e-09, 0.9996380805969238], "logits": []}, "groundTruth": [0.0, 1.0]}, {"startTime": 5.0, "endTime": 10.0, "predictions": {"probabilities": [2.3342343524745957e-07, 0.9999996423721313], "logits": []}, "groundTruth": [0.0, 1.0]}, {"startTime": 10.0, "endTime": 15.0, "predictions": {"probabilities": [2.70592096285327e-07, 1.0], "logits": []}, "groundTruth": [0.0, 1.0]}, {"startTime": 15.0, "endTime": 20.0, "predictions": {"probabilities": [6.612570491171255e-09, 0.999976634979248], "logits": []}, "groundTruth": [0.0, 1.0]}]]}