{"modelName": "devise-220528-v0-ep33", "version": "1", "fileId": "dcc2988ceb774edebde44e2ad58c7d80", "classIds": ["Crex crex", "Scolopax rusticola"], "channels": [[{"startTime": 0.0, "endTime": 5.0, "predictions": {"probabilities": [1.0631078112055548e-05, 8.533860818715766e-05], "logits": []}, "groundTruth": [0.0, 0.0]}, {"startTime": 5.0, "endTime": 10.0, "predictions": {"probabilities": [3.0481234716717154e-05, 2.6595360395731404e-05], "logits": []}, "groundTruth": [0.0, 0.0]}, {"startTime": 10.0, "endTime": 15.0, "predictions": {"probabilities": [2.6846668333746493e-05, 0.00015466230979654938], "logits": []}, "groundTruth": [0.0, 0.0]}, {"startTime": 15.0, "endTime": 20.0, "predictions": {"probabilities": [3.010269367109686e-08, 2.5536215364496684e-09], "logits": []}, "groundTruth": [0.0, 0.0]}]]}