{"modelName": "devise-220528-v0-ep33", "version": "1", "fileId": "ddd24d674b394db4834f2252cc4e64f2", "classIds": ["Crex crex", "Scolopax rusticola"], "channels": [[{"startTime": 0.0, "endTime": 5.0, "predictions": {"probabilities": [-12.633259773254395, -11.511645317077637], "logits": [NaN, NaN]}, "groundTruth": [0.0, 0.0]}, {"startTime": 5.0, "endTime": 10.0, "predictions": {"probabilities": [-9.899320602416992, -7.352417945861816], "logits": [NaN, NaN]}, "groundTruth": [0.0, 0.0]}, {"startTime": 10.0, "endTime": 15.0, "predictions": {"probabilities": [-10.892396926879883, -12.582751274108887], "logits": [NaN, NaN]}, "groundTruth": [0.0, 0.0]}, {"startTime": 15.0, "endTime": 20.0, "predictions": {"probabilities": [-11.91440486907959, -8.626463890075684], "logits": [NaN, NaN]}, "groundTruth": [0.0, 0.0]}]]}