{"modelName": "devise-220528-v0-ep33", "version": "1", "fileId": "de2439067a56495da75c13eb2fd1b9e0", "classIds": ["Crex crex", "Scolopax rusticola"], "channels": [[{"startTime": 0.0, "endTime": 5.0, "predictions": {"probabilities": [9.832697833189741e-05, 7.35599096515216e-05], "logits": []}, "groundTruth": [0.0, 0.0]}, {"startTime": 5.0, "endTime": 10.0, "predictions": {"probabilities": [5.0262260629097e-06, 0.0005456787766888738], "logits": []}, "groundTruth": [0.0, 0.0]}, {"startTime": 10.0, "endTime": 15.0, "predictions": {"probabilities": [4.685977330609603e-07, 1.1402984227970592e-06], "logits": []}, "groundTruth": [0.0, 0.0]}, {"startTime": 15.0, "endTime": 20.0, "predictions": {"probabilities": [1.8034321328741498e-05, 0.004966461565345526], "logits": []}, "groundTruth": [0.0, 0.0]}]]}