{"modelName": "devise-220528-v0-ep33", "version": "1", "fileId": "de2439067a56495da75c13eb2fd1b9e0", "classIds": ["Crex crex", "Scolopax rusticola"], "channels": [[{"startTime": 0.0, "endTime": 5.0, "predictions": {"probabilities": [-9.227113723754883, -9.51733684539795], "logits": [NaN, NaN]}, "groundTruth": [0.0, 0.0]}, {"startTime": 5.0, "endTime": 10.0, "predictions": {"probabilities": [-12.200836181640625, -7.51293420791626], "logits": [NaN, NaN]}, "groundTruth": [0.0, 0.0]}, {"startTime": 10.0, "endTime": 15.0, "predictions": {"probabilities": [-14.57352066040039, -13.684219360351562], "logits": [NaN, NaN]}, "groundTruth": [0.0, 0.0]}, {"startTime": 15.0, "endTime": 20.0, "predictions": {"probabilities": [-10.923215866088867, -5.3000688552856445], "logits": [NaN, NaN]}, "groundTruth": [0.0, 0.0]}]]}