{"modelName": "devise-220528-v0-ep33", "version": "1", "fileId": "de85bb78221542c09007513cf6a93ed2", "classIds": ["Crex crex", "Scolopax rusticola"], "channels": [[{"startTime": 0.0, "endTime": 5.0, "predictions": {"probabilities": [1.285090149849566e-07, 0.9995556473731995], "logits": []}, "groundTruth": [0.0, 1.0]}, {"startTime": 5.0, "endTime": 10.0, "predictions": {"probabilities": [6.628193460755938e-08, 0.999311089515686], "logits": []}, "groundTruth": [0.0, 1.0]}, {"startTime": 10.0, "endTime": 15.0, "predictions": {"probabilities": [3.062338873860426e-05, 0.25994545221328735], "logits": []}, "groundTruth": [0.0, 1.0]}, {"startTime": 12.0, "endTime": 17.0, "predictions": {"probabilities": [3.078174813708756e-06, 0.03655944764614105], "logits": []}, "groundTruth": [0.0, 1.0]}]]}