{"modelName": "devise-220528-v0-ep33", "version": "1", "fileId": "de85bb78221542c09007513cf6a93ed2", "classIds": ["Crex crex", "Scolopax rusticola"], "channels": [[{"startTime": 0.0, "endTime": 5.0, "predictions": {"probabilities": [-15.867266654968262, 7.718533992767334], "logits": [NaN, NaN]}, "groundTruth": [0.0, 1.0]}, {"startTime": 5.0, "endTime": 10.0, "predictions": {"probabilities": [-16.529348373413086, 7.279693126678467], "logits": [NaN, NaN]}, "groundTruth": [0.0, 1.0]}, {"startTime": 10.0, "endTime": 15.0, "predictions": {"probabilities": [-10.393715858459473, -1.0462521314620972], "logits": [NaN, NaN]}, "groundTruth": [0.0, 1.0]}, {"startTime": 12.0, "endTime": 17.0, "predictions": {"probabilities": [-12.691170692443848, -3.271571159362793], "logits": [NaN, NaN]}, "groundTruth": [0.0, 1.0]}]]}