{"modelName": "devise-220528-v0-ep33", "version": "1", "fileId": "de9686267f49462b9a9c9327858cea2d", "classIds": ["Crex crex", "Scolopax rusticola"], "channels": [[{"startTime": 0.0, "endTime": 5.0, "predictions": {"probabilities": [-11.318156242370605, -11.902742385864258], "logits": [NaN, NaN]}, "groundTruth": [0.0, 0.0]}, {"startTime": 5.0, "endTime": 10.0, "predictions": {"probabilities": [-14.148698806762695, -15.962146759033203], "logits": [NaN, NaN]}, "groundTruth": [0.0, 0.0]}, {"startTime": 10.0, "endTime": 15.0, "predictions": {"probabilities": [-12.795443534851074, -14.556939125061035], "logits": [NaN, NaN]}, "groundTruth": [0.0, 0.0]}, {"startTime": 15.0, "endTime": 20.0, "predictions": {"probabilities": [-12.58285903930664, -11.452332496643066], "logits": [NaN, NaN]}, "groundTruth": [0.0, 0.0]}]]}