{"modelName": "devise-220528-v0-ep33", "version": "1", "fileId": "df5e445d2cf24fea98b5e326793c4f89", "classIds": ["Crex crex", "Scolopax rusticola"], "channels": [[{"startTime": 0.0, "endTime": 5.0, "predictions": {"probabilities": [-10.123515129089355, -8.472362518310547], "logits": [NaN, NaN]}, "groundTruth": [0.0, 0.0]}, {"startTime": 5.0, "endTime": 10.0, "predictions": {"probabilities": [-10.832453727722168, -9.902524948120117], "logits": [NaN, NaN]}, "groundTruth": [0.0, 0.0]}, {"startTime": 10.0, "endTime": 15.0, "predictions": {"probabilities": [-5.6036458015441895, -8.071033477783203], "logits": [NaN, NaN]}, "groundTruth": [0.0, 0.0]}, {"startTime": 15.0, "endTime": 20.0, "predictions": {"probabilities": [-6.50335693359375, -6.732345104217529], "logits": [NaN, NaN]}, "groundTruth": [0.0, 0.0]}]]}