{"modelName": "devise-220528-v0-ep33", "version": "1", "fileId": "df818ff2bf5549a18e02d50e27509793", "classIds": ["Crex crex", "Scolopax rusticola"], "channels": [[{"startTime": 0.0, "endTime": 5.0, "predictions": {"probabilities": [-6.796631336212158, -7.451120376586914], "logits": [NaN, NaN]}, "groundTruth": [0.0, 0.0]}, {"startTime": 5.0, "endTime": 10.0, "predictions": {"probabilities": [-12.850995063781738, -15.21049976348877], "logits": [NaN, NaN]}, "groundTruth": [0.0, 0.0]}, {"startTime": 10.0, "endTime": 15.0, "predictions": {"probabilities": [-11.529534339904785, -12.704962730407715], "logits": [NaN, NaN]}, "groundTruth": [0.0, 0.0]}, {"startTime": 15.0, "endTime": 20.0, "predictions": {"probabilities": [-11.975980758666992, -7.864540100097656], "logits": [NaN, NaN]}, "groundTruth": [0.0, 0.0]}]]}