{"modelName": "devise-220528-v0-ep33", "version": "1", "fileId": "dfb465f88f3849a7bbd10c1c046a8d57", "classIds": ["Crex crex", "Scolopax rusticola"], "channels": [[{"startTime": 0.0, "endTime": 5.0, "predictions": {"probabilities": [-16.53582763671875, -11.90693187713623], "logits": [NaN, NaN]}, "groundTruth": [0.0, 0.0]}, {"startTime": 5.0, "endTime": 10.0, "predictions": {"probabilities": [-17.111732482910156, -13.891724586486816], "logits": [NaN, NaN]}, "groundTruth": [0.0, 0.0]}, {"startTime": 10.0, "endTime": 15.0, "predictions": {"probabilities": [-16.89193344116211, -14.715270042419434], "logits": [NaN, NaN]}, "groundTruth": [0.0, 0.0]}, {"startTime": 15.0, "endTime": 20.0, "predictions": {"probabilities": [-15.991714477539062, -14.770739555358887], "logits": [NaN, NaN]}, "groundTruth": [0.0, 0.0]}]]}