{"modelName": "devise-220528-v0-ep33", "version": "1", "fileId": "dfe6d6e8e8cb42d8a5f9579a3e075a23", "classIds": ["Crex crex", "Scolopax rusticola"], "channels": [[{"startTime": 0.0, "endTime": 5.0, "predictions": {"probabilities": [9.595965093467385e-05, 1.85308615674451e-10], "logits": []}, "groundTruth": [0.0, 0.0]}, {"startTime": 5.0, "endTime": 10.0, "predictions": {"probabilities": [0.00011083088611485437, 4.36073310794427e-09], "logits": []}, "groundTruth": [0.0, 0.0]}, {"startTime": 10.0, "endTime": 15.0, "predictions": {"probabilities": [0.0002848686126526445, 9.518365914118476e-06], "logits": []}, "groundTruth": [0.0, 0.0]}, {"startTime": 15.0, "endTime": 20.0, "predictions": {"probabilities": [4.7506782721029595e-06, 3.114860902542205e-08], "logits": []}, "groundTruth": [0.0, 0.0]}]]}