{"modelName": "devise-220528-v0-ep33", "version": "1", "fileId": "e014693bab1342e1891b49432fed30bc", "classIds": ["Crex crex", "Scolopax rusticola"], "channels": [[{"startTime": 0.0, "endTime": 5.0, "predictions": {"probabilities": [0.00013897006283514202, 0.00012084791524102911], "logits": []}, "groundTruth": [0.0, 0.0]}, {"startTime": 5.0, "endTime": 10.0, "predictions": {"probabilities": [3.6138106224825606e-05, 7.664184522582218e-05], "logits": []}, "groundTruth": [0.0, 0.0]}, {"startTime": 10.0, "endTime": 15.0, "predictions": {"probabilities": [3.229167759855045e-06, 8.713211173017044e-06], "logits": []}, "groundTruth": [0.0, 0.0]}, {"startTime": 15.0, "endTime": 20.0, "predictions": {"probabilities": [7.989515324879903e-06, 0.00015661427460145205], "logits": []}, "groundTruth": [0.0, 0.0]}]]}