{"modelName": "devise-220528-v0-ep33", "version": "1", "fileId": "e02342af51554a5a8889cd6553b22f3d", "classIds": ["Crex crex", "Scolopax rusticola"], "channels": [[{"startTime": 0.0, "endTime": 5.0, "predictions": {"probabilities": [7.967032615852077e-06, 1.6443453265679864e-09], "logits": []}, "groundTruth": [0.0, 0.0]}, {"startTime": 5.0, "endTime": 10.0, "predictions": {"probabilities": [1.9166387573932298e-05, 4.9437716143074795e-09], "logits": []}, "groundTruth": [0.0, 0.0]}, {"startTime": 10.0, "endTime": 15.0, "predictions": {"probabilities": [2.773201003947179e-06, 1.7550412394484738e-06], "logits": []}, "groundTruth": [0.0, 0.0]}, {"startTime": 15.0, "endTime": 20.0, "predictions": {"probabilities": [1.5123742258538186e-08, 0.2519562244415283], "logits": []}, "groundTruth": [0.0, 0.0]}]]}