{"modelName": "devise-220528-v0-ep33", "version": "1", "fileId": "e02342af51554a5a8889cd6553b22f3d", "classIds": ["Crex crex", "Scolopax rusticola"], "channels": [[{"startTime": 0.0, "endTime": 5.0, "predictions": {"probabilities": [-11.740190505981445, -20.225923538208008], "logits": [NaN, NaN]}, "groundTruth": [0.0, 0.0]}, {"startTime": 5.0, "endTime": 10.0, "predictions": {"probabilities": [-10.862333297729492, -19.125137329101562], "logits": [NaN, NaN]}, "groundTruth": [0.0, 0.0]}, {"startTime": 10.0, "endTime": 15.0, "predictions": {"probabilities": [-12.79550552368164, -13.253016471862793], "logits": [NaN, NaN]}, "groundTruth": [0.0, 0.0]}, {"startTime": 15.0, "endTime": 20.0, "predictions": {"probabilities": [-18.006999969482422, -1.088206171989441], "logits": [NaN, NaN]}, "groundTruth": [0.0, 0.0]}]]}