{"modelName": "devise-220528-v0-ep33", "version": "1", "fileId": "e06a4bd2f2994c4ab117363b0bf056e1", "classIds": ["Crex crex", "Scolopax rusticola"], "channels": [[{"startTime": 0.0, "endTime": 5.0, "predictions": {"probabilities": [1.9494370917527704e-07, 4.3862569132357976e-10], "logits": []}, "groundTruth": [0.0, 0.0]}, {"startTime": 5.0, "endTime": 10.0, "predictions": {"probabilities": [2.755521677499928e-08, 3.7981587865942856e-06], "logits": []}, "groundTruth": [0.0, 0.0]}, {"startTime": 10.0, "endTime": 15.0, "predictions": {"probabilities": [3.246507063181525e-08, 0.9758657217025757], "logits": []}, "groundTruth": [0.0, 0.0]}, {"startTime": 15.0, "endTime": 20.0, "predictions": {"probabilities": [5.978473716083954e-09, 8.284487762466597e-09], "logits": []}, "groundTruth": [0.0, 0.0]}]]}