{"modelName": "devise-220528-v0-ep33", "version": "1", "fileId": "e15cf3866713412cb7b18a2e432dfdc8", "classIds": ["Crex crex", "Scolopax rusticola"], "channels": [[{"startTime": 0.0, "endTime": 5.0, "predictions": {"probabilities": [3.629424827522598e-05, 3.098131492151879e-05], "logits": []}, "groundTruth": [0.0, 0.0]}, {"startTime": 5.0, "endTime": 10.0, "predictions": {"probabilities": [8.949549373937771e-05, 4.2859272070927545e-05], "logits": []}, "groundTruth": [0.0, 0.0]}, {"startTime": 10.0, "endTime": 15.0, "predictions": {"probabilities": [6.287810538196936e-05, 0.00029597911634482443], "logits": []}, "groundTruth": [0.0, 0.0]}, {"startTime": 15.0, "endTime": 20.0, "predictions": {"probabilities": [4.526355769485235e-05, 8.499985415255651e-05], "logits": []}, "groundTruth": [0.0, 0.0]}]]}