{"modelName": "devise-220528-v0-ep33", "version": "1", "fileId": "e15cf3866713412cb7b18a2e432dfdc8", "classIds": ["Crex crex", "Scolopax rusticola"], "channels": [[{"startTime": 0.0, "endTime": 5.0, "predictions": {"probabilities": [-10.223814964294434, -10.382095336914062], "logits": [NaN, NaN]}, "groundTruth": [0.0, 0.0]}, {"startTime": 5.0, "endTime": 10.0, "predictions": {"probabilities": [-9.321232795715332, -10.05754566192627], "logits": [NaN, NaN]}, "groundTruth": [0.0, 0.0]}, {"startTime": 10.0, "endTime": 15.0, "predictions": {"probabilities": [-9.674249649047852, -8.12492561340332], "logits": [NaN, NaN]}, "groundTruth": [0.0, 0.0]}, {"startTime": 15.0, "endTime": 20.0, "predictions": {"probabilities": [-10.002963066101074, -9.37277603149414], "logits": [NaN, NaN]}, "groundTruth": [0.0, 0.0]}]]}