{"modelName": "devise-220528-v0-ep33", "version": "1", "fileId": "e1b694c613fb4c6bb218c2307281b313", "classIds": ["Crex crex", "Scolopax rusticola"], "channels": [[{"startTime": 0.0, "endTime": 5.0, "predictions": {"probabilities": [1.8300068404641934e-05, 1.529472865513526e-05], "logits": []}, "groundTruth": [0.0, 1.0]}, {"startTime": 5.0, "endTime": 10.0, "predictions": {"probabilities": [2.672448317753151e-06, 0.8958494663238525], "logits": []}, "groundTruth": [0.0, 1.0]}, {"startTime": 10.0, "endTime": 15.0, "predictions": {"probabilities": [1.5974090672443708e-07, 0.9996532201766968], "logits": []}, "groundTruth": [0.0, 1.0]}, {"startTime": 13.0, "endTime": 18.0, "predictions": {"probabilities": [3.29878821503371e-06, 0.2791450321674347], "logits": []}, "groundTruth": [0.0, 0.0]}]]}