{"modelName": "devise-220528-v0-ep33", "version": "1", "fileId": "e1b694c613fb4c6bb218c2307281b313", "classIds": ["Crex crex", "Scolopax rusticola"], "channels": [[{"startTime": 0.0, "endTime": 5.0, "predictions": {"probabilities": [-10.908587455749512, -11.087986946105957], "logits": [NaN, NaN]}, "groundTruth": [0.0, 1.0]}, {"startTime": 5.0, "endTime": 10.0, "predictions": {"probabilities": [-12.832512855529785, 2.1519346237182617], "logits": [NaN, NaN]}, "groundTruth": [0.0, 1.0]}, {"startTime": 10.0, "endTime": 15.0, "predictions": {"probabilities": [-15.649712562561035, 7.966479778289795], "logits": [NaN, NaN]}, "groundTruth": [0.0, 1.0]}, {"startTime": 13.0, "endTime": 18.0, "predictions": {"probabilities": [-12.621952056884766, -0.9487064480781555], "logits": [NaN, NaN]}, "groundTruth": [0.0, 0.0]}]]}