{"modelName": "devise-220528-v0-ep33", "version": "1", "fileId": "e2330440b46c444ea0dcd698bead909f", "classIds": ["Crex crex", "Scolopax rusticola"], "channels": [[{"startTime": 0.0, "endTime": 5.0, "predictions": {"probabilities": [-8.56690788269043, -11.716184616088867], "logits": [NaN, NaN]}, "groundTruth": [0.0, 0.0]}, {"startTime": 5.0, "endTime": 10.0, "predictions": {"probabilities": [-7.433590888977051, -10.151869773864746], "logits": [NaN, NaN]}, "groundTruth": [0.0, 0.0]}, {"startTime": 10.0, "endTime": 15.0, "predictions": {"probabilities": [-4.163500785827637, -15.313684463500977], "logits": [NaN, NaN]}, "groundTruth": [0.0, 0.0]}, {"startTime": 15.0, "endTime": 20.0, "predictions": {"probabilities": [-15.967885971069336, -9.003296852111816], "logits": [NaN, NaN]}, "groundTruth": [0.0, 0.0]}]]}