{"modelName": "devise-220528-v0-ep33", "version": "1", "fileId": "e269844038854694aa5d73876589c966", "classIds": ["Crex crex", "Scolopax rusticola"], "channels": [[{"startTime": 0.0, "endTime": 5.0, "predictions": {"probabilities": [-16.35664939880371, -15.45193099975586], "logits": [NaN, NaN]}, "groundTruth": [0.0, 0.0]}, {"startTime": 5.0, "endTime": 10.0, "predictions": {"probabilities": [-11.228843688964844, -6.924047470092773], "logits": [NaN, NaN]}, "groundTruth": [0.0, 0.0]}, {"startTime": 10.0, "endTime": 15.0, "predictions": {"probabilities": [-16.69965171813965, -12.372674942016602], "logits": [NaN, NaN]}, "groundTruth": [0.0, 0.0]}, {"startTime": 15.0, "endTime": 20.0, "predictions": {"probabilities": [-13.220443725585938, -11.76260757446289], "logits": [NaN, NaN]}, "groundTruth": [0.0, 0.0]}]]}