{"modelName": "devise-220528-v0-ep33", "version": "1", "fileId": "e27264360f1b4bbb9a2ee517a16db9ec", "classIds": ["Crex crex", "Scolopax rusticola"], "channels": [[{"startTime": 0.0, "endTime": 5.0, "predictions": {"probabilities": [2.6003982611655374e-07, 0.0030327504500746727], "logits": []}, "groundTruth": [0.0, 0.0]}, {"startTime": 5.0, "endTime": 10.0, "predictions": {"probabilities": [1.7634665709920228e-05, 6.9227010790484655e-09], "logits": []}, "groundTruth": [0.0, 0.0]}, {"startTime": 10.0, "endTime": 15.0, "predictions": {"probabilities": [7.688046252951608e-07, 3.569578257156536e-05], "logits": []}, "groundTruth": [0.0, 0.0]}, {"startTime": 15.0, "endTime": 20.0, "predictions": {"probabilities": [1.7784982446755748e-06, 1.877178945619562e-08], "logits": []}, "groundTruth": [0.0, 0.0]}]]}