{"modelName": "devise-220528-v0-ep33", "version": "1", "fileId": "e27264360f1b4bbb9a2ee517a16db9ec", "classIds": ["Crex crex", "Scolopax rusticola"], "channels": [[{"startTime": 0.0, "endTime": 5.0, "predictions": {"probabilities": [-15.162430763244629, -5.795248031616211], "logits": [NaN, NaN]}, "groundTruth": [0.0, 0.0]}, {"startTime": 5.0, "endTime": 10.0, "predictions": {"probabilities": [-10.945626258850098, -18.78845977783203], "logits": [NaN, NaN]}, "groundTruth": [0.0, 0.0]}, {"startTime": 10.0, "endTime": 15.0, "predictions": {"probabilities": [-14.078428268432617, -10.240442276000977], "logits": [NaN, NaN]}, "groundTruth": [0.0, 0.0]}, {"startTime": 15.0, "endTime": 20.0, "predictions": {"probabilities": [-13.239739418029785, -17.790910720825195], "logits": [NaN, NaN]}, "groundTruth": [0.0, 0.0]}]]}