{"modelName": "devise-220528-v0-ep33", "version": "1", "fileId": "e28c469426444fa8ade5facaabf37829", "classIds": ["Crex crex", "Scolopax rusticola"], "channels": [[{"startTime": 0.0, "endTime": 5.0, "predictions": {"probabilities": [2.958474567549274e-07, 9.841882274486125e-05], "logits": []}, "groundTruth": [0.0, 0.0]}, {"startTime": 5.0, "endTime": 10.0, "predictions": {"probabilities": [1.6869474848135724e-06, 5.949054866505321e-07], "logits": []}, "groundTruth": [0.0, 0.0]}, {"startTime": 10.0, "endTime": 15.0, "predictions": {"probabilities": [3.790331959407922e-07, 3.036317082205642e-07], "logits": []}, "groundTruth": [0.0, 0.0]}, {"startTime": 15.0, "endTime": 20.0, "predictions": {"probabilities": [1.2894289511677925e-06, 0.0015234542079269886], "logits": []}, "groundTruth": [0.0, 0.0]}]]}