{"modelName": "devise-220528-v0-ep33", "version": "1", "fileId": "e2bf8104b8b34526a064cb48fcf9be62", "classIds": ["Crex crex", "Scolopax rusticola"], "channels": [[{"startTime": 0.0, "endTime": 5.0, "predictions": {"probabilities": [-13.70966625213623, -14.541306495666504], "logits": [NaN, NaN]}, "groundTruth": [0.0, 0.0]}, {"startTime": 5.0, "endTime": 10.0, "predictions": {"probabilities": [-7.52264928817749, -4.253503322601318], "logits": [NaN, NaN]}, "groundTruth": [0.0, 0.0]}, {"startTime": 10.0, "endTime": 15.0, "predictions": {"probabilities": [-12.81253433227539, -12.520352363586426], "logits": [NaN, NaN]}, "groundTruth": [0.0, 0.0]}, {"startTime": 15.0, "endTime": 20.0, "predictions": {"probabilities": [-9.554787635803223, -7.783093452453613], "logits": [NaN, NaN]}, "groundTruth": [0.0, 0.0]}]]}