{"modelName": "devise-220528-v0-ep33", "version": "1", "fileId": "e2bf8104b8b34526a064cb48fcf9be62", "classIds": ["Crex crex", "Scolopax rusticola"], "channels": [[{"startTime": 0.0, "endTime": 5.0, "predictions": {"probabilities": [1.1116475207018084e-06, 4.839390044253378e-07], "logits": []}, "groundTruth": [0.0, 0.0]}, {"startTime": 5.0, "endTime": 10.0, "predictions": {"probabilities": [0.0005404059775173664, 0.014015132561326027], "logits": []}, "groundTruth": [0.0, 0.0]}, {"startTime": 10.0, "endTime": 15.0, "predictions": {"probabilities": [2.7263765787211014e-06, 3.651560291473288e-06], "logits": []}, "groundTruth": [0.0, 0.0]}, {"startTime": 15.0, "endTime": 20.0, "predictions": {"probabilities": [7.085617107804865e-05, 0.0004165474674664438], "logits": []}, "groundTruth": [0.0, 0.0]}]]}