{"modelName": "devise-220528-v0-ep33", "version": "1", "fileId": "e3622ef523f543dba54434585d2ac0f6", "classIds": ["Crex crex", "Scolopax rusticola"], "channels": [[{"startTime": 0.0, "endTime": 5.0, "predictions": {"probabilities": [-13.577406883239746, -13.689398765563965], "logits": [NaN, NaN]}, "groundTruth": [0.0, 0.0]}, {"startTime": 5.0, "endTime": 10.0, "predictions": {"probabilities": [-12.2715482711792, -15.881326675415039], "logits": [NaN, NaN]}, "groundTruth": [0.0, 0.0]}, {"startTime": 10.0, "endTime": 15.0, "predictions": {"probabilities": [-14.7589111328125, -8.208934783935547], "logits": [NaN, NaN]}, "groundTruth": [0.0, 0.0]}, {"startTime": 15.0, "endTime": 20.0, "predictions": {"probabilities": [-14.682937622070312, -12.982579231262207], "logits": [NaN, NaN]}, "groundTruth": [0.0, 0.0]}]]}