{"modelName": "devise-220528-v0-ep33", "version": "1", "fileId": "e3be7dee9f214369b26736d55762a649", "classIds": ["Crex crex", "Scolopax rusticola"], "channels": [[{"startTime": 0.0, "endTime": 5.0, "predictions": {"probabilities": [6.3081370171858e-07, 2.7390735795052024e-06], "logits": []}, "groundTruth": [0.0, 0.0]}, {"startTime": 5.0, "endTime": 10.0, "predictions": {"probabilities": [2.322200771232019e-06, 6.394250249286415e-06], "logits": []}, "groundTruth": [0.0, 0.0]}, {"startTime": 10.0, "endTime": 15.0, "predictions": {"probabilities": [9.200305157719413e-07, 1.6815500202937983e-05], "logits": []}, "groundTruth": [0.0, 0.0]}, {"startTime": 15.0, "endTime": 20.0, "predictions": {"probabilities": [3.0113601496850606e-06, 3.213074887753464e-05], "logits": []}, "groundTruth": [0.0, 0.0]}]]}