{"modelName": "devise-220528-v0-ep33", "version": "1", "fileId": "e3fec68a777e4c158a713d61006591f4", "classIds": ["Crex crex", "Scolopax rusticola"], "channels": [[{"startTime": 0.0, "endTime": 5.0, "predictions": {"probabilities": [-18.406404495239258, -17.62871551513672], "logits": [NaN, NaN]}, "groundTruth": [0.0, 0.0]}, {"startTime": 5.0, "endTime": 10.0, "predictions": {"probabilities": [-13.433886528015137, -9.235668182373047], "logits": [NaN, NaN]}, "groundTruth": [0.0, 0.0]}, {"startTime": 10.0, "endTime": 15.0, "predictions": {"probabilities": [-15.749428749084473, -16.564985275268555], "logits": [NaN, NaN]}, "groundTruth": [0.0, 0.0]}, {"startTime": 15.0, "endTime": 20.0, "predictions": {"probabilities": [-13.619508743286133, -9.760416030883789], "logits": [NaN, NaN]}, "groundTruth": [0.0, 0.0]}]]}