{"modelName": "devise-220528-v0-ep33", "version": "1", "fileId": "e645495736984abf81d64da6934c7911", "classIds": ["Crex crex", "Scolopax rusticola"], "channels": [[{"startTime": 0.0, "endTime": 5.0, "predictions": {"probabilities": [-15.71520709991455, -21.760265350341797], "logits": [NaN, NaN]}, "groundTruth": [0.0, 0.0]}, {"startTime": 5.0, "endTime": 10.0, "predictions": {"probabilities": [-14.125649452209473, -21.644359588623047], "logits": [NaN, NaN]}, "groundTruth": [0.0, 0.0]}, {"startTime": 10.0, "endTime": 15.0, "predictions": {"probabilities": [-19.003562927246094, -21.748289108276367], "logits": [NaN, NaN]}, "groundTruth": [0.0, 0.0]}, {"startTime": 15.0, "endTime": 20.0, "predictions": {"probabilities": [-16.656585693359375, -20.78697967529297], "logits": [NaN, NaN]}, "groundTruth": [0.0, 0.0]}]]}