{"modelName": "devise-220528-v0-ep33", "version": "1", "fileId": "e67e0531e4ad4c5cae9b914ccddb108e", "classIds": ["Crex crex", "Scolopax rusticola"], "channels": [[{"startTime": 0.0, "endTime": 5.0, "predictions": {"probabilities": [9.934818990586791e-06, 0.00011353971058269963], "logits": []}, "groundTruth": [0.0, 0.0]}, {"startTime": 5.0, "endTime": 10.0, "predictions": {"probabilities": [3.110626948910067e-06, 5.908621915295953e-06], "logits": []}, "groundTruth": [0.0, 0.0]}, {"startTime": 10.0, "endTime": 15.0, "predictions": {"probabilities": [3.952816769015044e-06, 1.3768882126896642e-05], "logits": []}, "groundTruth": [0.0, 0.0]}, {"startTime": 15.0, "endTime": 20.0, "predictions": {"probabilities": [5.888618375138321e-07, 7.206680834315193e-07], "logits": []}, "groundTruth": [0.0, 0.0]}]]}