{"modelName": "devise-220528-v0-ep33", "version": "1", "fileId": "e67e0531e4ad4c5cae9b914ccddb108e", "classIds": ["Crex crex", "Scolopax rusticola"], "channels": [[{"startTime": 0.0, "endTime": 5.0, "predictions": {"probabilities": [-11.519454956054688, -9.083244323730469], "logits": [NaN, NaN]}, "groundTruth": [0.0, 0.0]}, {"startTime": 5.0, "endTime": 10.0, "predictions": {"probabilities": [-12.680683135986328, -12.039092063903809], "logits": [NaN, NaN]}, "groundTruth": [0.0, 0.0]}, {"startTime": 10.0, "endTime": 15.0, "predictions": {"probabilities": [-12.441078186035156, -11.193085670471191], "logits": [NaN, NaN]}, "groundTruth": [0.0, 0.0]}, {"startTime": 15.0, "endTime": 20.0, "predictions": {"probabilities": [-14.345073699951172, -14.143086433410645], "logits": [NaN, NaN]}, "groundTruth": [0.0, 0.0]}]]}