{"modelName": "devise-220528-v0-ep33", "version": "1", "fileId": "e72a4d7c8d174c04830b1cf9de796280", "classIds": ["Crex crex", "Scolopax rusticola"], "channels": [[{"startTime": 0.0, "endTime": 5.0, "predictions": {"probabilities": [6.966239743633196e-05, 0.00013262811989989132], "logits": []}, "groundTruth": [0.0, 1.0]}, {"startTime": 5.0, "endTime": 10.0, "predictions": {"probabilities": [7.71534087107284e-06, 1.0299281711922958e-05], "logits": []}, "groundTruth": [0.0, 1.0]}, {"startTime": 10.0, "endTime": 15.0, "predictions": {"probabilities": [2.3824311938369647e-05, 0.00017269699310418218], "logits": []}, "groundTruth": [0.0, 1.0]}, {"startTime": 12.0, "endTime": 17.0, "predictions": {"probabilities": [1.31650194816757e-05, 0.0005685235955752432], "logits": []}, "groundTruth": [0.0, 1.0]}]]}