{"modelName": "devise-220528-v0-ep33", "version": "1", "fileId": "e72a4d7c8d174c04830b1cf9de796280", "classIds": ["Crex crex", "Scolopax rusticola"], "channels": [[{"startTime": 0.0, "endTime": 5.0, "predictions": {"probabilities": [-9.57178020477295, -8.927828788757324], "logits": [NaN, NaN]}, "groundTruth": [0.0, 1.0]}, {"startTime": 5.0, "endTime": 10.0, "predictions": {"probabilities": [-11.772292137145996, -11.483426094055176], "logits": [NaN, NaN]}, "groundTruth": [0.0, 1.0]}, {"startTime": 10.0, "endTime": 15.0, "predictions": {"probabilities": [-10.644780158996582, -8.663799285888672], "logits": [NaN, NaN]}, "groundTruth": [0.0, 1.0]}, {"startTime": 12.0, "endTime": 17.0, "predictions": {"probabilities": [-11.237934112548828, -7.471899032592773], "logits": [NaN, NaN]}, "groundTruth": [0.0, 1.0]}]]}