{"modelName": "devise-220528-v0-ep33", "version": "1", "fileId": "e757af6858d0462c92914c84e94b3b83", "classIds": ["Crex crex", "Scolopax rusticola"], "channels": [[{"startTime": 0.0, "endTime": 5.0, "predictions": {"probabilities": [-7.174947738647461, -8.266439437866211], "logits": [NaN, NaN]}, "groundTruth": [0.0, 1.0]}, {"startTime": 5.0, "endTime": 10.0, "predictions": {"probabilities": [-5.902821063995361, -8.148012161254883], "logits": [NaN, NaN]}, "groundTruth": [0.0, 1.0]}, {"startTime": 9.0, "endTime": 14.0, "predictions": {"probabilities": [-9.644826889038086, -13.957304954528809], "logits": [NaN, NaN]}, "groundTruth": [0.0, 0.0]}]]}