{"modelName": "devise-220528-v0-ep33", "version": "1", "fileId": "e76dba92e1a746df98103c542199f6ad", "classIds": ["Crex crex", "Scolopax rusticola"], "channels": [[{"startTime": 0.0, "endTime": 5.0, "predictions": {"probabilities": [-12.840118408203125, -12.080020904541016], "logits": [NaN, NaN]}, "groundTruth": [0.0, 0.0]}, {"startTime": 5.0, "endTime": 10.0, "predictions": {"probabilities": [-14.95020580291748, -6.36571741104126], "logits": [NaN, NaN]}, "groundTruth": [0.0, 0.0]}, {"startTime": 10.0, "endTime": 15.0, "predictions": {"probabilities": [-16.9119930267334, -16.65696144104004], "logits": [NaN, NaN]}, "groundTruth": [0.0, 0.0]}, {"startTime": 15.0, "endTime": 20.0, "predictions": {"probabilities": [-12.033414840698242, -14.07658863067627], "logits": [NaN, NaN]}, "groundTruth": [0.0, 0.0]}]]}