{"modelName": "devise-220528-v0-ep33", "version": "1", "fileId": "e792c27c866747399895c9d500bcb475", "classIds": ["Crex crex", "Scolopax rusticola"], "channels": [[{"startTime": 0.0, "endTime": 5.0, "predictions": {"probabilities": [-15.588690757751465, -15.788492202758789], "logits": [NaN, NaN]}, "groundTruth": [0.0, 0.0]}, {"startTime": 5.0, "endTime": 10.0, "predictions": {"probabilities": [-19.090572357177734, -18.205087661743164], "logits": [NaN, NaN]}, "groundTruth": [0.0, 0.0]}, {"startTime": 10.0, "endTime": 15.0, "predictions": {"probabilities": [-14.176806449890137, -19.25640296936035], "logits": [NaN, NaN]}, "groundTruth": [0.0, 0.0]}, {"startTime": 15.0, "endTime": 20.0, "predictions": {"probabilities": [-15.149222373962402, -16.38745880126953], "logits": [NaN, NaN]}, "groundTruth": [0.0, 0.0]}]]}