{"modelName": "devise-220528-v0-ep33", "version": "1", "fileId": "e7e846d7031f46668a1c829c18f1d4b0", "classIds": ["Crex crex", "Scolopax rusticola"], "channels": [[{"startTime": 0.0, "endTime": 5.0, "predictions": {"probabilities": [2.422039869998116e-05, 2.453439992677886e-05], "logits": []}, "groundTruth": [0.0, 0.0]}, {"startTime": 5.0, "endTime": 10.0, "predictions": {"probabilities": [0.00012609813711605966, 2.648484496603487e-06], "logits": []}, "groundTruth": [0.0, 0.0]}, {"startTime": 10.0, "endTime": 15.0, "predictions": {"probabilities": [1.0293352943335776e-06, 4.355969807079418e-09], "logits": []}, "groundTruth": [0.0, 0.0]}, {"startTime": 15.0, "endTime": 20.0, "predictions": {"probabilities": [2.51384653893183e-06, 1.718543174433762e-08], "logits": []}, "groundTruth": [0.0, 0.0]}]]}