{"modelName": "devise-220528-v0-ep33", "version": "1", "fileId": "e7f7eccf22f9456383f6497f94a686ef", "classIds": ["Crex crex", "Scolopax rusticola"], "channels": [[{"startTime": 0.0, "endTime": 5.0, "predictions": {"probabilities": [2.532115286157932e-05, 0.00043237031786702573], "logits": []}, "groundTruth": [0.0, 0.0]}, {"startTime": 5.0, "endTime": 10.0, "predictions": {"probabilities": [1.730662006593775e-05, 0.0004587290168274194], "logits": []}, "groundTruth": [0.0, 0.0]}, {"startTime": 10.0, "endTime": 15.0, "predictions": {"probabilities": [5.949487604084425e-05, 0.0018709352007135749], "logits": []}, "groundTruth": [0.0, 0.0]}, {"startTime": 15.0, "endTime": 20.0, "predictions": {"probabilities": [3.825391104328446e-05, 0.001661789370700717], "logits": []}, "groundTruth": [0.0, 0.0]}]]}