{"modelName": "devise-220528-v0-ep33", "version": "1", "fileId": "e80f1940f1aa40fc899448ecc9153bfb", "classIds": ["Crex crex", "Scolopax rusticola"], "channels": [[{"startTime": 0.0, "endTime": 5.0, "predictions": {"probabilities": [-10.71621322631836, -8.132925987243652], "logits": [NaN, NaN]}, "groundTruth": [0.0, 0.0]}, {"startTime": 5.0, "endTime": 10.0, "predictions": {"probabilities": [-10.141324043273926, -10.485888481140137], "logits": [NaN, NaN]}, "groundTruth": [0.0, 0.0]}, {"startTime": 10.0, "endTime": 15.0, "predictions": {"probabilities": [-9.776022911071777, -10.068503379821777], "logits": [NaN, NaN]}, "groundTruth": [0.0, 0.0]}, {"startTime": 15.0, "endTime": 20.0, "predictions": {"probabilities": [-8.900537490844727, -7.894805431365967], "logits": [NaN, NaN]}, "groundTruth": [0.0, 0.0]}]]}