{"modelName": "devise-220528-v0-ep33", "version": "1", "fileId": "e8176345203b447d8eeca1ee58f8117a", "classIds": ["Crex crex", "Scolopax rusticola"], "channels": [[{"startTime": 0.0, "endTime": 5.0, "predictions": {"probabilities": [1.651590173423756e-05, 0.0031535972375422716], "logits": []}, "groundTruth": [0.0, 0.0]}, {"startTime": 5.0, "endTime": 10.0, "predictions": {"probabilities": [0.003840666264295578, 0.7437725067138672], "logits": []}, "groundTruth": [0.0, 0.0]}, {"startTime": 10.0, "endTime": 15.0, "predictions": {"probabilities": [0.00019532108854036778, 0.012321770191192627], "logits": []}, "groundTruth": [0.0, 0.0]}, {"startTime": 15.0, "endTime": 20.0, "predictions": {"probabilities": [1.6698428225936368e-05, 0.0006170403794385493], "logits": []}, "groundTruth": [0.0, 0.0]}]]}