{"modelName": "devise-220528-v0-ep33", "version": "1", "fileId": "e86c507524fb4b17b6461fb4da8ae356", "classIds": ["Crex crex", "Scolopax rusticola"], "channels": [[{"startTime": 0.0, "endTime": 5.0, "predictions": {"probabilities": [6.872093649690214e-07, 5.799645919069008e-07], "logits": []}, "groundTruth": [0.0, 0.0]}, {"startTime": 5.0, "endTime": 10.0, "predictions": {"probabilities": [8.473811590192781e-07, 4.143103193854358e-09], "logits": []}, "groundTruth": [0.0, 0.0]}, {"startTime": 10.0, "endTime": 15.0, "predictions": {"probabilities": [4.5023881511951913e-07, 3.0082358826177824e-09], "logits": []}, "groundTruth": [0.0, 0.0]}, {"startTime": 15.0, "endTime": 20.0, "predictions": {"probabilities": [1.0866789779129249e-07, 1.4754455435195268e-07], "logits": []}, "groundTruth": [0.0, 0.0]}]]}