{"modelName": "devise-220528-v0-ep33", "version": "1", "fileId": "e8777cdf511445938cb489780767bc9e", "classIds": ["Crex crex", "Scolopax rusticola"], "channels": [[{"startTime": 0.0, "endTime": 5.0, "predictions": {"probabilities": [1.2033338236960844e-07, 1.882490892057831e-06], "logits": []}, "groundTruth": [0.0, 0.0]}, {"startTime": 5.0, "endTime": 10.0, "predictions": {"probabilities": [2.4903377493501466e-07, 4.35271613241639e-05], "logits": []}, "groundTruth": [0.0, 0.0]}, {"startTime": 10.0, "endTime": 15.0, "predictions": {"probabilities": [1.4722746755069238e-06, 1.0739199751697015e-06], "logits": []}, "groundTruth": [0.0, 0.0]}, {"startTime": 15.0, "endTime": 20.0, "predictions": {"probabilities": [6.487463792836934e-07, 6.793754323553003e-07], "logits": []}, "groundTruth": [0.0, 0.0]}]]}