{"modelName": "devise-220528-v0-ep33", "version": "1", "fileId": "e8fdff58735a4b9ca0282aa13eb0bd4a", "classIds": ["Crex crex", "Scolopax rusticola"], "channels": [[{"startTime": 0.0, "endTime": 5.0, "predictions": {"probabilities": [2.2362890705895921e-10, 1.2245844338565348e-09], "logits": []}, "groundTruth": [0.0, 1.0]}, {"startTime": 5.0, "endTime": 10.0, "predictions": {"probabilities": [9.197768768842707e-09, 1.0], "logits": []}, "groundTruth": [0.0, 1.0]}, {"startTime": 10.0, "endTime": 15.0, "predictions": {"probabilities": [4.246625806558768e-08, 0.0006382442079484463], "logits": []}, "groundTruth": [0.0, 1.0]}, {"startTime": 15.0, "endTime": 20.0, "predictions": {"probabilities": [2.7521076972902847e-08, 9.785578569676545e-09], "logits": []}, "groundTruth": [0.0, 1.0]}]]}