{"modelName": "devise-220528-v0-ep33", "version": "1", "fileId": "e9269f443ba343099da5dd3aa36a8000", "classIds": ["Crex crex", "Scolopax rusticola"], "channels": [[{"startTime": 0.0, "endTime": 5.0, "predictions": {"probabilities": [5.626037022921082e-07, 1.501568789308294e-07], "logits": []}, "groundTruth": [0.0, 0.0]}, {"startTime": 5.0, "endTime": 10.0, "predictions": {"probabilities": [1.3201718047639588e-06, 0.808899462223053], "logits": []}, "groundTruth": [0.0, 0.0]}, {"startTime": 10.0, "endTime": 15.0, "predictions": {"probabilities": [4.348178208601894e-07, 4.662844003178179e-05], "logits": []}, "groundTruth": [0.0, 0.0]}, {"startTime": 15.0, "endTime": 20.0, "predictions": {"probabilities": [2.078089210044709e-06, 4.201940100756474e-06], "logits": []}, "groundTruth": [0.0, 0.0]}]]}