{"modelName": "devise-220528-v0-ep33", "version": "1", "fileId": "e9269f443ba343099da5dd3aa36a8000", "classIds": ["Crex crex", "Scolopax rusticola"], "channels": [[{"startTime": 0.0, "endTime": 5.0, "predictions": {"probabilities": [-14.390689849853516, -15.71158504486084], "logits": [NaN, NaN]}, "groundTruth": [0.0, 0.0]}, {"startTime": 5.0, "endTime": 10.0, "predictions": {"probabilities": [-13.537747383117676, 1.4428752660751343], "logits": [NaN, NaN]}, "groundTruth": [0.0, 0.0]}, {"startTime": 10.0, "endTime": 15.0, "predictions": {"probabilities": [-14.648338317871094, -9.97325325012207], "logits": [NaN, NaN]}, "groundTruth": [0.0, 0.0]}, {"startTime": 15.0, "endTime": 20.0, "predictions": {"probabilities": [-13.084059715270996, -12.379960060119629], "logits": [NaN, NaN]}, "groundTruth": [0.0, 0.0]}]]}