{"modelName": "devise-220528-v0-ep33", "version": "1", "fileId": "e95e7f2bffce493090fb545ae922ed7e", "classIds": ["Crex crex", "Scolopax rusticola"], "channels": [[{"startTime": 0.0, "endTime": 5.0, "predictions": {"probabilities": [-13.708020210266113, -16.7402286529541], "logits": [NaN, NaN]}, "groundTruth": [0.0, 0.0]}, {"startTime": 5.0, "endTime": 10.0, "predictions": {"probabilities": [-14.351886749267578, -19.697158813476562], "logits": [NaN, NaN]}, "groundTruth": [0.0, 0.0]}, {"startTime": 10.0, "endTime": 15.0, "predictions": {"probabilities": [-13.490105628967285, -10.63211441040039], "logits": [NaN, NaN]}, "groundTruth": [0.0, 0.0]}, {"startTime": 15.0, "endTime": 20.0, "predictions": {"probabilities": [-17.1051082611084, -16.768983840942383], "logits": [NaN, NaN]}, "groundTruth": [0.0, 0.0]}]]}