{"modelName": "devise-220528-v0-ep33", "version": "1", "fileId": "ea1bd92a4b0047009ebbdcc19c3ed618", "classIds": ["Crex crex", "Scolopax rusticola"], "channels": [[{"startTime": 0.0, "endTime": 5.0, "predictions": {"probabilities": [3.15197729028327e-10, 1.1295131496780186e-10], "logits": []}, "groundTruth": [0.0, 0.0]}, {"startTime": 5.0, "endTime": 10.0, "predictions": {"probabilities": [9.028750191930612e-09, 4.266394171281718e-08], "logits": []}, "groundTruth": [0.0, 0.0]}, {"startTime": 10.0, "endTime": 15.0, "predictions": {"probabilities": [5.3458843467524275e-06, 1.777046600182075e-05], "logits": []}, "groundTruth": [0.0, 0.0]}, {"startTime": 15.0, "endTime": 20.0, "predictions": {"probabilities": [1.472077482134182e-08, 1.4861592512183108e-10], "logits": []}, "groundTruth": [0.0, 0.0]}]]}