{"modelName": "devise-220528-v0-ep33", "version": "1", "fileId": "ea27a252145a4bce923dc85f4171d509", "classIds": ["Crex crex", "Scolopax rusticola"], "channels": [[{"startTime": 0.0, "endTime": 5.0, "predictions": {"probabilities": [-15.436361312866211, -21.110790252685547], "logits": [NaN, NaN]}, "groundTruth": [0.0, 0.0]}, {"startTime": 5.0, "endTime": 10.0, "predictions": {"probabilities": [-15.742809295654297, -13.457793235778809], "logits": [NaN, NaN]}, "groundTruth": [0.0, 0.0]}, {"startTime": 10.0, "endTime": 15.0, "predictions": {"probabilities": [-13.523335456848145, -10.461429595947266], "logits": [NaN, NaN]}, "groundTruth": [0.0, 0.0]}, {"startTime": 15.0, "endTime": 20.0, "predictions": {"probabilities": [-14.272043228149414, -9.79859733581543], "logits": [NaN, NaN]}, "groundTruth": [0.0, 0.0]}]]}