{"modelName": "devise-220528-v0-ep33", "version": "1", "fileId": "ea27a252145a4bce923dc85f4171d509", "classIds": ["Crex crex", "Scolopax rusticola"], "channels": [[{"startTime": 0.0, "endTime": 5.0, "predictions": {"probabilities": [1.9773037251979986e-07, 6.787350681491944e-10], "logits": []}, "groundTruth": [0.0, 0.0]}, {"startTime": 5.0, "endTime": 10.0, "predictions": {"probabilities": [1.4554079541539977e-07, 1.4300593420557561e-06], "logits": []}, "groundTruth": [0.0, 0.0]}, {"startTime": 10.0, "endTime": 15.0, "predictions": {"probabilities": [1.3393356539381784e-06, 2.8618469514185563e-05], "logits": []}, "groundTruth": [0.0, 0.0]}, {"startTime": 15.0, "endTime": 20.0, "predictions": {"probabilities": [6.334759063975071e-07, 5.552635411731899e-05], "logits": []}, "groundTruth": [0.0, 0.0]}]]}