{"modelName": "devise-220528-v0-ep33", "version": "1", "fileId": "ea5ff74d06fc48b4a457897ae61b3315", "classIds": ["Crex crex", "Scolopax rusticola"], "channels": [[{"startTime": 0.0, "endTime": 5.0, "predictions": {"probabilities": [-13.476418495178223, -13.116117477416992], "logits": [NaN, NaN]}, "groundTruth": [0.0, 0.0]}, {"startTime": 5.0, "endTime": 10.0, "predictions": {"probabilities": [-15.254976272583008, 6.074934959411621], "logits": [NaN, NaN]}, "groundTruth": [0.0, 0.0]}, {"startTime": 10.0, "endTime": 15.0, "predictions": {"probabilities": [-13.191519737243652, -14.367175102233887], "logits": [NaN, NaN]}, "groundTruth": [0.0, 0.0]}, {"startTime": 15.0, "endTime": 20.0, "predictions": {"probabilities": [-12.535758972167969, -8.554327964782715], "logits": [NaN, NaN]}, "groundTruth": [0.0, 0.0]}]]}