{"modelName": "devise-220528-v0-ep33", "version": "1", "fileId": "ebb6d1949a35402a959a282aa2f5d177", "classIds": ["Crex crex", "Scolopax rusticola"], "channels": [[{"startTime": 0.0, "endTime": 5.0, "predictions": {"probabilities": [0.007786565460264683, 3.7189030877016194e-07], "logits": []}, "groundTruth": [0.0, 0.0]}, {"startTime": 5.0, "endTime": 10.0, "predictions": {"probabilities": [1.959813744178973e-06, 1.67854577459714e-10], "logits": []}, "groundTruth": [0.0, 0.0]}, {"startTime": 10.0, "endTime": 15.0, "predictions": {"probabilities": [0.001638547983020544, 2.189959991127921e-09], "logits": []}, "groundTruth": [0.0, 0.0]}, {"startTime": 15.0, "endTime": 20.0, "predictions": {"probabilities": [2.8436226784833707e-05, 6.517149131468614e-08], "logits": []}, "groundTruth": [0.0, 0.0]}]]}