{"modelName": "devise-220528-v0-ep33", "version": "1", "fileId": "ebb6d1949a35402a959a282aa2f5d177", "classIds": ["Crex crex", "Scolopax rusticola"], "channels": [[{"startTime": 0.0, "endTime": 5.0, "predictions": {"probabilities": [-4.847538471221924, -14.804666519165039], "logits": [NaN, NaN]}, "groundTruth": [0.0, 0.0]}, {"startTime": 5.0, "endTime": 10.0, "predictions": {"probabilities": [-13.142659187316895, -22.507923126220703], "logits": [NaN, NaN]}, "groundTruth": [0.0, 0.0]}, {"startTime": 10.0, "endTime": 15.0, "predictions": {"probabilities": [-6.412304878234863, -19.939382553100586], "logits": [NaN, NaN]}, "groundTruth": [0.0, 0.0]}, {"startTime": 15.0, "endTime": 20.0, "predictions": {"probabilities": [-10.467818260192871, -16.54624366760254], "logits": [NaN, NaN]}, "groundTruth": [0.0, 0.0]}]]}