{"modelName": "devise-220528-v0-ep33", "version": "1", "fileId": "ebcce9debbcc4ed79d6bc6ae406e3a7a", "classIds": ["Crex crex", "Scolopax rusticola"], "channels": [[{"startTime": 0.0, "endTime": 5.0, "predictions": {"probabilities": [-16.921630859375, -0.21922992169857025], "logits": [NaN, NaN]}, "groundTruth": [0.0, 1.0]}, {"startTime": 5.0, "endTime": 10.0, "predictions": {"probabilities": [-21.894628524780273, 16.51341438293457], "logits": [NaN, NaN]}, "groundTruth": [0.0, 1.0]}, {"startTime": 10.0, "endTime": 15.0, "predictions": {"probabilities": [-18.084260940551758, 4.165556907653809], "logits": [NaN, NaN]}, "groundTruth": [0.0, 1.0]}, {"startTime": 13.0, "endTime": 18.0, "predictions": {"probabilities": [-16.05414390563965, -1.2297898530960083], "logits": [NaN, NaN]}, "groundTruth": [0.0, 1.0]}]]}