{"modelName": "devise-220528-v0-ep33", "version": "1", "fileId": "ec000f70cf32431bab5a04add32596be", "classIds": ["Crex crex", "Scolopax rusticola"], "channels": [[{"startTime": 0.0, "endTime": 5.0, "predictions": {"probabilities": [-12.533369064331055, -11.63232135772705], "logits": [NaN, NaN]}, "groundTruth": [0.0, 0.0]}, {"startTime": 5.0, "endTime": 10.0, "predictions": {"probabilities": [-11.446528434753418, -7.698716640472412], "logits": [NaN, NaN]}, "groundTruth": [0.0, 0.0]}, {"startTime": 10.0, "endTime": 15.0, "predictions": {"probabilities": [-8.59224796295166, -10.667222023010254], "logits": [NaN, NaN]}, "groundTruth": [0.0, 0.0]}, {"startTime": 15.0, "endTime": 20.0, "predictions": {"probabilities": [-9.94601821899414, -9.890460014343262], "logits": [NaN, NaN]}, "groundTruth": [0.0, 0.0]}]]}