{"modelName": "devise-220528-v0-ep33", "version": "1", "fileId": "ec2ba8c8429045918ba26794bba1a8b8", "classIds": ["Crex crex", "Scolopax rusticola"], "channels": [[{"startTime": 0.0, "endTime": 5.0, "predictions": {"probabilities": [-13.007732391357422, -14.264408111572266], "logits": [NaN, NaN]}, "groundTruth": [0.0, 0.0]}, {"startTime": 5.0, "endTime": 10.0, "predictions": {"probabilities": [-11.570180892944336, -12.903735160827637], "logits": [NaN, NaN]}, "groundTruth": [0.0, 0.0]}, {"startTime": 10.0, "endTime": 15.0, "predictions": {"probabilities": [-11.468550682067871, -11.575185775756836], "logits": [NaN, NaN]}, "groundTruth": [0.0, 0.0]}, {"startTime": 15.0, "endTime": 20.0, "predictions": {"probabilities": [-13.798684120178223, -17.752878189086914], "logits": [NaN, NaN]}, "groundTruth": [0.0, 0.0]}]]}