{"modelName": "devise-220528-v0-ep33", "version": "1", "fileId": "ec2ba8c8429045918ba26794bba1a8b8", "classIds": ["Crex crex", "Scolopax rusticola"], "channels": [[{"startTime": 0.0, "endTime": 5.0, "predictions": {"probabilities": [2.242913978989236e-06, 6.383310733326653e-07], "logits": []}, "groundTruth": [0.0, 0.0]}, {"startTime": 5.0, "endTime": 10.0, "predictions": {"probabilities": [9.443439012102317e-06, 2.4887308427423704e-06], "logits": []}, "groundTruth": [0.0, 0.0]}, {"startTime": 10.0, "endTime": 15.0, "predictions": {"probabilities": [1.045363114826614e-05, 9.396293535246514e-06], "logits": []}, "groundTruth": [0.0, 0.0]}, {"startTime": 15.0, "endTime": 20.0, "predictions": {"probabilities": [1.016967758005194e-06, 1.9499475811812772e-08], "logits": []}, "groundTruth": [0.0, 0.0]}]]}