{"modelName": "devise-220528-v0-ep33", "version": "1", "fileId": "ec917bd8aae6467d91e8496e12dc8734", "classIds": ["Crex crex", "Scolopax rusticola"], "channels": [[{"startTime": 0.0, "endTime": 5.0, "predictions": {"probabilities": [-17.210254669189453, -15.803433418273926], "logits": [NaN, NaN]}, "groundTruth": [0.0, 0.0]}, {"startTime": 5.0, "endTime": 10.0, "predictions": {"probabilities": [-10.814346313476562, -12.075992584228516], "logits": [NaN, NaN]}, "groundTruth": [0.0, 0.0]}, {"startTime": 10.0, "endTime": 15.0, "predictions": {"probabilities": [-15.356282234191895, -17.137773513793945], "logits": [NaN, NaN]}, "groundTruth": [0.0, 0.0]}, {"startTime": 15.0, "endTime": 20.0, "predictions": {"probabilities": [-15.174461364746094, -9.949179649353027], "logits": [NaN, NaN]}, "groundTruth": [0.0, 0.0]}]]}