{"modelName": "devise-220528-v0-ep33", "version": "1", "fileId": "ec917bd8aae6467d91e8496e12dc8734", "classIds": ["Crex crex", "Scolopax rusticola"], "channels": [[{"startTime": 0.0, "endTime": 5.0, "predictions": {"probabilities": [3.35491350256234e-08, 1.369796365224829e-07], "logits": []}, "groundTruth": [0.0, 0.0]}, {"startTime": 5.0, "endTime": 10.0, "predictions": {"probabilities": [2.010853131650947e-05, 5.69456506127608e-06], "logits": []}, "groundTruth": [0.0, 0.0]}, {"startTime": 10.0, "endTime": 15.0, "predictions": {"probabilities": [2.1421570295387937e-07, 3.607111054293455e-08], "logits": []}, "groundTruth": [0.0, 0.0]}, {"startTime": 15.0, "endTime": 20.0, "predictions": {"probabilities": [2.569301500443544e-07, 4.776452260557562e-05], "logits": []}, "groundTruth": [0.0, 0.0]}]]}