{"modelName": "devise-220528-v0-ep33", "version": "1", "fileId": "ed18856d186149fe996595ba59dfaeab", "classIds": ["Crex crex", "Scolopax rusticola"], "channels": [[{"startTime": 0.0, "endTime": 5.0, "predictions": {"probabilities": [4.0547220123698935e-05, 0.00025849344092421234], "logits": []}, "groundTruth": [0.0, 0.0]}, {"startTime": 5.0, "endTime": 10.0, "predictions": {"probabilities": [0.00027892383513972163, 0.0006968602538108826], "logits": []}, "groundTruth": [0.0, 0.0]}, {"startTime": 10.0, "endTime": 15.0, "predictions": {"probabilities": [0.0001553488546051085, 8.71506636030972e-05], "logits": []}, "groundTruth": [0.0, 0.0]}, {"startTime": 15.0, "endTime": 20.0, "predictions": {"probabilities": [0.00011611969239311293, 0.0006564488867297769], "logits": []}, "groundTruth": [0.0, 0.0]}]]}