{"modelName": "devise-220528-v0-ep33", "version": "1", "fileId": "ee3cbc2abd05426faccfe82af2c30d6d", "classIds": ["Crex crex", "Scolopax rusticola"], "channels": [[{"startTime": 0.0, "endTime": 5.0, "predictions": {"probabilities": [-8.704559326171875, -9.570267677307129], "logits": [NaN, NaN]}, "groundTruth": [0.0, 0.0]}, {"startTime": 5.0, "endTime": 10.0, "predictions": {"probabilities": [-12.274087905883789, -12.623897552490234], "logits": [NaN, NaN]}, "groundTruth": [0.0, 0.0]}, {"startTime": 10.0, "endTime": 15.0, "predictions": {"probabilities": [-11.232035636901855, -8.555441856384277], "logits": [NaN, NaN]}, "groundTruth": [0.0, 0.0]}, {"startTime": 15.0, "endTime": 20.0, "predictions": {"probabilities": [-12.114357948303223, -12.597646713256836], "logits": [NaN, NaN]}, "groundTruth": [0.0, 0.0]}]]}