{"modelName": "devise-220528-v0-ep33", "version": "1", "fileId": "ee9bae8473ae494fa33e175d2416d78e", "classIds": ["Crex crex", "Scolopax rusticola"], "channels": [[{"startTime": 0.0, "endTime": 5.0, "predictions": {"probabilities": [2.808779527185834e-06, 2.3669512927426695e-07], "logits": []}, "groundTruth": [0.0, 0.0]}, {"startTime": 5.0, "endTime": 10.0, "predictions": {"probabilities": [0.0006629134295508265, 5.9262998547637835e-05], "logits": []}, "groundTruth": [0.0, 0.0]}, {"startTime": 10.0, "endTime": 15.0, "predictions": {"probabilities": [1.6551191492908401e-06, 8.443713568340172e-07], "logits": []}, "groundTruth": [0.0, 0.0]}, {"startTime": 15.0, "endTime": 20.0, "predictions": {"probabilities": [0.00019880858599208295, 1.9929993868572637e-06], "logits": []}, "groundTruth": [0.0, 0.0]}]]}