{"modelName": "devise-220528-v0-ep33", "version": "1", "fileId": "eed2288f1b04447f9d544345be7ce039", "classIds": ["Crex crex", "Scolopax rusticola"], "channels": [[{"startTime": 0.0, "endTime": 5.0, "predictions": {"probabilities": [2.590791609691223e-06, 1.8446072544975323e-06], "logits": []}, "groundTruth": [0.0, 0.0]}, {"startTime": 5.0, "endTime": 10.0, "predictions": {"probabilities": [1.772507829400638e-07, 4.838720712996292e-08], "logits": []}, "groundTruth": [0.0, 0.0]}, {"startTime": 10.0, "endTime": 15.0, "predictions": {"probabilities": [1.259537725672999e-06, 1.007847640721593e-05], "logits": []}, "groundTruth": [0.0, 0.0]}, {"startTime": 15.0, "endTime": 20.0, "predictions": {"probabilities": [2.538409376029449e-07, 3.6864100820821477e-06], "logits": []}, "groundTruth": [0.0, 0.0]}]]}