{"modelName": "devise-220528-v0-ep33", "version": "1", "fileId": "eed7f3c6b3ec408894b29ce2e5593018", "classIds": ["Crex crex", "Scolopax rusticola"], "channels": [[{"startTime": 0.0, "endTime": 5.0, "predictions": {"probabilities": [-11.395289421081543, -13.102481842041016], "logits": [NaN, NaN]}, "groundTruth": [0.0, 0.0]}, {"startTime": 5.0, "endTime": 10.0, "predictions": {"probabilities": [-11.273102760314941, -12.979058265686035], "logits": [NaN, NaN]}, "groundTruth": [0.0, 0.0]}, {"startTime": 10.0, "endTime": 15.0, "predictions": {"probabilities": [-10.381867408752441, -9.753763198852539], "logits": [NaN, NaN]}, "groundTruth": [0.0, 0.0]}, {"startTime": 15.0, "endTime": 20.0, "predictions": {"probabilities": [-10.94009780883789, -12.601691246032715], "logits": [NaN, NaN]}, "groundTruth": [0.0, 0.0]}]]}