{"modelName": "devise-220528-v0-ep33", "version": "1", "fileId": "eedb0a73b0194a4da1076d9c6dc90516", "classIds": ["Crex crex", "Scolopax rusticola"], "channels": [[{"startTime": 0.0, "endTime": 5.0, "predictions": {"probabilities": [-12.752278327941895, -10.885661125183105], "logits": [NaN, NaN]}, "groundTruth": [0.0, 0.0]}, {"startTime": 5.0, "endTime": 10.0, "predictions": {"probabilities": [-13.773528099060059, -12.186579704284668], "logits": [NaN, NaN]}, "groundTruth": [0.0, 0.0]}, {"startTime": 10.0, "endTime": 15.0, "predictions": {"probabilities": [-17.560091018676758, -17.514368057250977], "logits": [NaN, NaN]}, "groundTruth": [0.0, 0.0]}, {"startTime": 15.0, "endTime": 20.0, "predictions": {"probabilities": [-23.680931091308594, -21.516685485839844], "logits": [NaN, NaN]}, "groundTruth": [0.0, 0.0]}]]}