{"modelName": "devise-220528-v0-ep33", "version": "1", "fileId": "ef01192ed4d94cce8456a68225a94021", "classIds": ["Crex crex", "Scolopax rusticola"], "channels": [[{"startTime": 0.0, "endTime": 5.0, "predictions": {"probabilities": [2.984440641284891e-07, 6.191377906361595e-06], "logits": []}, "groundTruth": [0.0, 0.0]}, {"startTime": 5.0, "endTime": 10.0, "predictions": {"probabilities": [2.228393611858337e-07, 5.377391516958596e-06], "logits": []}, "groundTruth": [0.0, 0.0]}, {"startTime": 10.0, "endTime": 15.0, "predictions": {"probabilities": [3.9232713788805995e-06, 4.101843842363451e-06], "logits": []}, "groundTruth": [0.0, 0.0]}, {"startTime": 15.0, "endTime": 20.0, "predictions": {"probabilities": [4.8577562665741425e-06, 1.905296085169539e-05], "logits": []}, "groundTruth": [0.0, 0.0]}]]}