{"modelName": "devise-220528-v0-ep33", "version": "1", "fileId": "ef0a4af6f13d4e65a0ed4bff54907ddb", "classIds": ["Crex crex", "Scolopax rusticola"], "channels": [[{"startTime": 0.0, "endTime": 5.0, "predictions": {"probabilities": [-10.575618743896484, -7.791566371917725], "logits": [NaN, NaN]}, "groundTruth": [0.0, 0.0]}, {"startTime": 5.0, "endTime": 10.0, "predictions": {"probabilities": [-9.857588768005371, -4.608059883117676], "logits": [NaN, NaN]}, "groundTruth": [0.0, 0.0]}, {"startTime": 7.0, "endTime": 12.0, "predictions": {"probabilities": [-11.685758590698242, -7.9534220695495605], "logits": [NaN, NaN]}, "groundTruth": [0.0, 0.0]}]]}