{"modelName": "devise-220528-v0-ep33", "version": "1", "fileId": "ef892c35e6a4451fa4ee99e50ed29a9d", "classIds": ["Crex crex", "Scolopax rusticola"], "channels": [[{"startTime": 0.0, "endTime": 5.0, "predictions": {"probabilities": [3.0162002673250754e-08, 0.9999991655349731], "logits": []}, "groundTruth": [0.0, 1.0]}, {"startTime": 5.0, "endTime": 10.0, "predictions": {"probabilities": [3.2867966681671135e-10, 1.0], "logits": []}, "groundTruth": [0.0, 1.0]}, {"startTime": 10.0, "endTime": 15.0, "predictions": {"probabilities": [3.462425457456675e-09, 0.9842180013656616], "logits": []}, "groundTruth": [0.0, 1.0]}, {"startTime": 13.0, "endTime": 18.0, "predictions": {"probabilities": [1.746428779370035e-08, 0.0007979125948622823], "logits": []}, "groundTruth": [0.0, 1.0]}]]}