{"modelName": "devise-220528-v0-ep33", "version": "1", "fileId": "ef923107f6a141a194fab3ab3e7fcebc", "classIds": ["Crex crex", "Scolopax rusticola"], "channels": [[{"startTime": 0.0, "endTime": 5.0, "predictions": {"probabilities": [7.727579941274598e-06, 5.985578172840178e-05], "logits": []}, "groundTruth": [0.0, 0.0]}, {"startTime": 5.0, "endTime": 10.0, "predictions": {"probabilities": [5.00753276355681e-06, 1.4411531310543069e-06], "logits": []}, "groundTruth": [0.0, 0.0]}, {"startTime": 10.0, "endTime": 15.0, "predictions": {"probabilities": [4.975041065335972e-06, 6.374282861543179e-07], "logits": []}, "groundTruth": [0.0, 0.0]}, {"startTime": 15.0, "endTime": 20.0, "predictions": {"probabilities": [8.951366908149794e-06, 0.9669481515884399], "logits": []}, "groundTruth": [0.0, 0.0]}]]}