{"modelName": "devise-220528-v0-ep33", "version": "1", "fileId": "f05b3bcbbb0145788ae41f8ed0d8e0e7", "classIds": ["Crex crex", "Scolopax rusticola"], "channels": [[{"startTime": 0.0, "endTime": 5.0, "predictions": {"probabilities": [-11.496962547302246, -10.2488431930542], "logits": [NaN, NaN]}, "groundTruth": [0.0, 0.0]}, {"startTime": 5.0, "endTime": 10.0, "predictions": {"probabilities": [-12.62581729888916, -11.690086364746094], "logits": [NaN, NaN]}, "groundTruth": [0.0, 0.0]}, {"startTime": 10.0, "endTime": 15.0, "predictions": {"probabilities": [-10.504016876220703, -10.802898406982422], "logits": [NaN, NaN]}, "groundTruth": [0.0, 0.0]}, {"startTime": 15.0, "endTime": 20.0, "predictions": {"probabilities": [-10.526312828063965, -9.494037628173828], "logits": [NaN, NaN]}, "groundTruth": [0.0, 0.0]}]]}