{"modelName": "devise-220528-v0-ep33", "version": "1", "fileId": "f1420c0bdfbd4945accea957b9c1354c", "classIds": ["Crex crex", "Scolopax rusticola"], "channels": [[{"startTime": 0.0, "endTime": 5.0, "predictions": {"probabilities": [-15.376099586486816, 5.208847522735596], "logits": [NaN, NaN]}, "groundTruth": [0.0, 1.0]}, {"startTime": 5.0, "endTime": 10.0, "predictions": {"probabilities": [-13.483172416687012, 2.9684414863586426], "logits": [NaN, NaN]}, "groundTruth": [0.0, 1.0]}, {"startTime": 8.0, "endTime": 13.0, "predictions": {"probabilities": [-10.87064266204834, -6.35963249206543], "logits": [NaN, NaN]}, "groundTruth": [0.0, 1.0]}]]}