{"modelName": "devise-220528-v0-ep33", "version": "1", "fileId": "f2662a211ce54d859e3e0db90fee876d", "classIds": ["Crex crex", "Scolopax rusticola"], "channels": [[{"startTime": 0.0, "endTime": 5.0, "predictions": {"probabilities": [2.7046518880524673e-05, 2.330273673578631e-06], "logits": []}, "groundTruth": [0.0, 0.0]}, {"startTime": 5.0, "endTime": 10.0, "predictions": {"probabilities": [4.126802650716854e-06, 2.2986951080383733e-06], "logits": []}, "groundTruth": [0.0, 0.0]}, {"startTime": 10.0, "endTime": 15.0, "predictions": {"probabilities": [2.383953869866673e-06, 3.3681074000924127e-06], "logits": []}, "groundTruth": [0.0, 0.0]}, {"startTime": 15.0, "endTime": 20.0, "predictions": {"probabilities": [7.687409379286692e-06, 2.0362090253911447e-06], "logits": []}, "groundTruth": [0.0, 0.0]}]]}