{"modelName": "devise-220528-v0-ep33", "version": "1", "fileId": "f281de2ab1f34696bd89da0054d8f960", "classIds": ["Crex crex", "Scolopax rusticola"], "channels": [[{"startTime": 0.0, "endTime": 5.0, "predictions": {"probabilities": [6.394372121576453e-06, 0.0014861106174066663], "logits": []}, "groundTruth": [0.0, 0.0]}, {"startTime": 5.0, "endTime": 10.0, "predictions": {"probabilities": [0.00010463863145560026, 0.013589983806014061], "logits": []}, "groundTruth": [0.0, 0.0]}, {"startTime": 10.0, "endTime": 15.0, "predictions": {"probabilities": [6.334859335765941e-06, 0.00040965902735479176], "logits": []}, "groundTruth": [0.0, 0.0]}, {"startTime": 15.0, "endTime": 20.0, "predictions": {"probabilities": [2.0357980247354135e-05, 7.43423224776052e-05], "logits": []}, "groundTruth": [0.0, 0.0]}]]}