{"modelName": "devise-220528-v0-ep33", "version": "1", "fileId": "f281de2ab1f34696bd89da0054d8f960", "classIds": ["Crex crex", "Scolopax rusticola"], "channels": [[{"startTime": 0.0, "endTime": 5.0, "predictions": {"probabilities": [-11.96008586883545, -6.510105609893799], "logits": [NaN, NaN]}, "groundTruth": [0.0, 0.0]}, {"startTime": 5.0, "endTime": 10.0, "predictions": {"probabilities": [-9.16489315032959, -4.284739017486572], "logits": [NaN, NaN]}, "groundTruth": [0.0, 0.0]}, {"startTime": 10.0, "endTime": 15.0, "predictions": {"probabilities": [-11.969436645507812, -7.79977560043335], "logits": [NaN, NaN]}, "groundTruth": [0.0, 0.0]}, {"startTime": 15.0, "endTime": 20.0, "predictions": {"probabilities": [-10.802017211914062, -9.506755828857422], "logits": [NaN, NaN]}, "groundTruth": [0.0, 0.0]}]]}