{"modelName": "devise-220528-v0-ep33", "version": "1", "fileId": "f307f65e595f457dbd9bad8e5ff42679", "classIds": ["Crex crex", "Scolopax rusticola"], "channels": [[{"startTime": 0.0, "endTime": 5.0, "predictions": {"probabilities": [-13.241082191467285, -18.889516830444336], "logits": [NaN, NaN]}, "groundTruth": [0.0, 0.0]}, {"startTime": 5.0, "endTime": 10.0, "predictions": {"probabilities": [-15.129152297973633, -13.172149658203125], "logits": [NaN, NaN]}, "groundTruth": [0.0, 0.0]}, {"startTime": 10.0, "endTime": 15.0, "predictions": {"probabilities": [-16.424440383911133, -14.006108283996582], "logits": [NaN, NaN]}, "groundTruth": [0.0, 0.0]}, {"startTime": 15.0, "endTime": 20.0, "predictions": {"probabilities": [-13.963847160339355, -15.284393310546875], "logits": [NaN, NaN]}, "groundTruth": [0.0, 0.0]}]]}