{"modelName": "devise-220528-v0-ep33", "version": "1", "fileId": "f378c4c198e848349a9e39eaeefb42e7", "classIds": ["Crex crex", "Scolopax rusticola"], "channels": [[{"startTime": 0.0, "endTime": 5.0, "predictions": {"probabilities": [-9.021093368530273, 1.8126052618026733], "logits": [NaN, NaN]}, "groundTruth": [0.0, 0.0]}, {"startTime": 5.0, "endTime": 10.0, "predictions": {"probabilities": [-8.49022388458252, -1.9740773439407349], "logits": [NaN, NaN]}, "groundTruth": [0.0, 0.0]}, {"startTime": 10.0, "endTime": 15.0, "predictions": {"probabilities": [-11.220803260803223, -6.314332008361816], "logits": [NaN, NaN]}, "groundTruth": [0.0, 0.0]}, {"startTime": 15.0, "endTime": 20.0, "predictions": {"probabilities": [-7.810679912567139, -5.332913398742676], "logits": [NaN, NaN]}, "groundTruth": [0.0, 0.0]}]]}