{"modelName": "devise-220528-v0-ep33", "version": "1", "fileId": "f3b6c87631e24816ab695cd58d0fa2c4", "classIds": ["Crex crex", "Scolopax rusticola"], "channels": [[{"startTime": 0.0, "endTime": 5.0, "predictions": {"probabilities": [8.154962927164888e-08, 0.5118126273155212], "logits": []}, "groundTruth": [0.0, 1.0]}, {"startTime": 5.0, "endTime": 10.0, "predictions": {"probabilities": [1.7641831107084727e-08, 0.16861027479171753], "logits": []}, "groundTruth": [0.0, 1.0]}, {"startTime": 10.0, "endTime": 15.0, "predictions": {"probabilities": [5.3101176789027704e-09, 2.3544191662949743e-06], "logits": []}, "groundTruth": [0.0, 1.0]}, {"startTime": 13.0, "endTime": 18.0, "predictions": {"probabilities": [9.611937912268331e-08, 1.8954956431116443e-06], "logits": []}, "groundTruth": [0.0, 0.0]}]]}