{"modelName": "devise-220528-v0-ep33", "version": "1", "fileId": "f3b6c87631e24816ab695cd58d0fa2c4", "classIds": ["Crex crex", "Scolopax rusticola"], "channels": [[{"startTime": 0.0, "endTime": 5.0, "predictions": {"probabilities": [-16.322053909301758, 0.04725918918848038], "logits": [NaN, -3.0036957263946533]}, "groundTruth": [0.0, 1.0]}, {"startTime": 5.0, "endTime": 10.0, "predictions": {"probabilities": [-17.85299301147461, -1.5955086946487427], "logits": [NaN, NaN]}, "groundTruth": [0.0, 1.0]}, {"startTime": 10.0, "endTime": 15.0, "predictions": {"probabilities": [-19.053651809692383, -12.959214210510254], "logits": [NaN, NaN]}, "groundTruth": [0.0, 1.0]}, {"startTime": 13.0, "endTime": 18.0, "predictions": {"probabilities": [-16.15767478942871, -13.17602825164795], "logits": [NaN, NaN]}, "groundTruth": [0.0, 0.0]}]]}