{"modelName": "devise-220528-v0-ep33", "version": "1", "fileId": "f4367a6680e24fb194acf95dd502feed", "classIds": ["Crex crex", "Scolopax rusticola"], "channels": [[{"startTime": 0.0, "endTime": 5.0, "predictions": {"probabilities": [-14.802225112915039, -13.299654006958008], "logits": [NaN, NaN]}, "groundTruth": [0.0, 0.0]}, {"startTime": 5.0, "endTime": 10.0, "predictions": {"probabilities": [-12.749878883361816, -15.491204261779785], "logits": [NaN, NaN]}, "groundTruth": [0.0, 0.0]}, {"startTime": 10.0, "endTime": 15.0, "predictions": {"probabilities": [-14.076714515686035, -14.208600997924805], "logits": [NaN, NaN]}, "groundTruth": [0.0, 0.0]}, {"startTime": 15.0, "endTime": 20.0, "predictions": {"probabilities": [-12.126697540283203, -11.796996116638184], "logits": [NaN, NaN]}, "groundTruth": [0.0, 0.0]}]]}