{"modelName": "devise-220528-v0-ep33", "version": "1", "fileId": "f470efa5be324010957a8dab4e7151d0", "classIds": ["Crex crex", "Scolopax rusticola"], "channels": [[{"startTime": 0.0, "endTime": 5.0, "predictions": {"probabilities": [-11.346832275390625, -21.670413970947266], "logits": [NaN, NaN]}, "groundTruth": [0.0, 0.0]}, {"startTime": 5.0, "endTime": 10.0, "predictions": {"probabilities": [-7.814053058624268, -15.647350311279297], "logits": [NaN, NaN]}, "groundTruth": [0.0, 0.0]}, {"startTime": 10.0, "endTime": 15.0, "predictions": {"probabilities": [-6.945952415466309, -22.057960510253906], "logits": [NaN, NaN]}, "groundTruth": [0.0, 0.0]}, {"startTime": 15.0, "endTime": 20.0, "predictions": {"probabilities": [-11.9189453125, -14.309225082397461], "logits": [NaN, NaN]}, "groundTruth": [0.0, 0.0]}]]}