{"modelName": "devise-220528-v0-ep33", "version": "1", "fileId": "f4ac888da78a4de6be5a0d1402263b1a", "classIds": ["Crex crex", "Scolopax rusticola"], "channels": [[{"startTime": 0.0, "endTime": 5.0, "predictions": {"probabilities": [-11.523416519165039, -10.809922218322754], "logits": [NaN, NaN]}, "groundTruth": [0.0, 1.0]}, {"startTime": 5.0, "endTime": 10.0, "predictions": {"probabilities": [-19.62175941467285, 36.102783203125], "logits": [NaN, NaN]}, "groundTruth": [0.0, 1.0]}, {"startTime": 10.0, "endTime": 15.0, "predictions": {"probabilities": [-17.649829864501953, 29.271923065185547], "logits": [NaN, NaN]}, "groundTruth": [0.0, 1.0]}, {"startTime": 13.0, "endTime": 18.0, "predictions": {"probabilities": [-12.518586158752441, 0.15759393572807312], "logits": [NaN, -1.6762404441833496]}, "groundTruth": [0.0, 1.0]}]]}