{"modelName": "devise-220528-v0-ep33", "version": "1", "fileId": "f4ac888da78a4de6be5a0d1402263b1a", "classIds": ["Crex crex", "Scolopax rusticola"], "channels": [[{"startTime": 0.0, "endTime": 5.0, "predictions": {"probabilities": [9.895540642901324e-06, 2.0197687263134867e-05], "logits": []}, "groundTruth": [0.0, 1.0]}, {"startTime": 5.0, "endTime": 10.0, "predictions": {"probabilities": [3.0086950708607674e-09, 1.0], "logits": []}, "groundTruth": [0.0, 1.0]}, {"startTime": 10.0, "endTime": 15.0, "predictions": {"probabilities": [2.1616047618522316e-08, 1.0], "logits": []}, "groundTruth": [0.0, 1.0]}, {"startTime": 13.0, "endTime": 18.0, "predictions": {"probabilities": [3.6580154301191214e-06, 0.5393171310424805], "logits": []}, "groundTruth": [0.0, 1.0]}]]}