{"modelName": "devise-220528-v0-ep33", "version": "1", "fileId": "f59aa5542388470689dae3ea2a1d52cd", "classIds": ["Crex crex", "Scolopax rusticola"], "channels": [[{"startTime": 0.0, "endTime": 5.0, "predictions": {"probabilities": [1.5635811223546625e-06, 1.208642243000213e-05], "logits": []}, "groundTruth": [0.0, 0.0]}, {"startTime": 5.0, "endTime": 10.0, "predictions": {"probabilities": [4.992684353055665e-06, 6.235558430489618e-06], "logits": []}, "groundTruth": [0.0, 0.0]}, {"startTime": 10.0, "endTime": 15.0, "predictions": {"probabilities": [1.1407324791434803e-06, 1.4862004718452226e-05], "logits": []}, "groundTruth": [0.0, 0.0]}, {"startTime": 15.0, "endTime": 20.0, "predictions": {"probabilities": [4.060242645209655e-06, 0.0020243292674422264], "logits": []}, "groundTruth": [0.0, 0.0]}]]}