{"modelName": "devise-220528-v0-ep33", "version": "1", "fileId": "f5dec87ffc6c46539ce8863da599383c", "classIds": ["Crex crex", "Scolopax rusticola"], "channels": [[{"startTime": 0.0, "endTime": 5.0, "predictions": {"probabilities": [0.01690923608839512, 0.1279875636100769], "logits": []}, "groundTruth": [0.0, 0.0]}, {"startTime": 5.0, "endTime": 10.0, "predictions": {"probabilities": [0.03249380737543106, 0.0007012331625446677], "logits": []}, "groundTruth": [0.0, 0.0]}, {"startTime": 10.0, "endTime": 15.0, "predictions": {"probabilities": [0.0019265558803454041, 0.0016492410795763135], "logits": []}, "groundTruth": [0.0, 0.0]}, {"startTime": 15.0, "endTime": 20.0, "predictions": {"probabilities": [0.0008275443105958402, 2.2092714061727747e-05], "logits": []}, "groundTruth": [0.0, 0.0]}]]}