{"modelName": "devise-220528-v0-ep33", "version": "1", "fileId": "f5f06718b6e54c1dbaefaf11a052c453", "classIds": ["Crex crex", "Scolopax rusticola"], "channels": [[{"startTime": 0.0, "endTime": 5.0, "predictions": {"probabilities": [-12.508746147155762, -9.542699813842773], "logits": [NaN, NaN]}, "groundTruth": [0.0, 0.0]}, {"startTime": 5.0, "endTime": 10.0, "predictions": {"probabilities": [-22.066638946533203, -23.10372543334961], "logits": [NaN, NaN]}, "groundTruth": [0.0, 0.0]}, {"startTime": 10.0, "endTime": 15.0, "predictions": {"probabilities": [-11.436371803283691, -10.07235050201416], "logits": [NaN, NaN]}, "groundTruth": [0.0, 0.0]}, {"startTime": 15.0, "endTime": 20.0, "predictions": {"probabilities": [-17.58086585998535, -10.514195442199707], "logits": [NaN, NaN]}, "groundTruth": [0.0, 0.0]}]]}