{"modelName": "devise-220528-v0-ep33", "version": "1", "fileId": "f5f06718b6e54c1dbaefaf11a052c453", "classIds": ["Crex crex", "Scolopax rusticola"], "channels": [[{"startTime": 0.0, "endTime": 5.0, "predictions": {"probabilities": [3.6941878533980343e-06, 7.171780453063548e-05], "logits": []}, "groundTruth": [0.0, 0.0]}, {"startTime": 5.0, "endTime": 10.0, "predictions": {"probabilities": [2.60963917142476e-10, 9.250804983151895e-11], "logits": []}, "groundTruth": [0.0, 0.0]}, {"startTime": 10.0, "endTime": 15.0, "predictions": {"probabilities": [1.0795484740810934e-05, 4.222944698994979e-05], "logits": []}, "groundTruth": [0.0, 0.0]}, {"startTime": 15.0, "endTime": 20.0, "predictions": {"probabilities": [2.315938196773004e-08, 2.7147580112796277e-05], "logits": []}, "groundTruth": [0.0, 0.0]}]]}