{"modelName": "devise-220528-v0-ep33", "version": "1", "fileId": "f615ff3cd3b145428e0521c6e9a5d2fd", "classIds": ["Crex crex", "Scolopax rusticola"], "channels": [[{"startTime": 0.0, "endTime": 5.0, "predictions": {"probabilities": [3.1467059216083726e-06, 1.361373278996325e-06], "logits": []}, "groundTruth": [0.0, 0.0]}, {"startTime": 5.0, "endTime": 10.0, "predictions": {"probabilities": [1.6834695770739927e-06, 1.17660317755508e-06], "logits": []}, "groundTruth": [0.0, 0.0]}, {"startTime": 10.0, "endTime": 15.0, "predictions": {"probabilities": [1.0256303539790679e-06, 1.5798574395375908e-06], "logits": []}, "groundTruth": [0.0, 0.0]}, {"startTime": 15.0, "endTime": 20.0, "predictions": {"probabilities": [2.903189624703373e-06, 6.813330060140288e-07], "logits": []}, "groundTruth": [0.0, 0.0]}]]}