{"modelName": "devise-220528-v0-ep33", "version": "1", "fileId": "f62dc27a71fd4deabc93358ed66f18a0", "classIds": ["Crex crex", "Scolopax rusticola"], "channels": [[{"startTime": 0.0, "endTime": 5.0, "predictions": {"probabilities": [-9.418798446655273, -9.13286018371582], "logits": [NaN, NaN]}, "groundTruth": [0.0, 0.0]}, {"startTime": 5.0, "endTime": 10.0, "predictions": {"probabilities": [-11.534316062927246, -8.09390640258789], "logits": [NaN, NaN]}, "groundTruth": [0.0, 0.0]}, {"startTime": 10.0, "endTime": 15.0, "predictions": {"probabilities": [-9.319175720214844, -8.479990005493164], "logits": [NaN, NaN]}, "groundTruth": [0.0, 0.0]}, {"startTime": 15.0, "endTime": 20.0, "predictions": {"probabilities": [-8.44902229309082, -5.922207355499268], "logits": [NaN, NaN]}, "groundTruth": [0.0, 0.0]}]]}