{"modelName": "devise-220528-v0-ep33", "version": "1", "fileId": "f62dc27a71fd4deabc93358ed66f18a0", "classIds": ["Crex crex", "Scolopax rusticola"], "channels": [[{"startTime": 0.0, "endTime": 5.0, "predictions": {"probabilities": [8.117692050291225e-05, 0.00010804441262735054], "logits": []}, "groundTruth": [0.0, 0.0]}, {"startTime": 5.0, "endTime": 10.0, "predictions": {"probabilities": [9.788269380806014e-06, 0.00030530118965543807], "logits": []}, "groundTruth": [0.0, 0.0]}, {"startTime": 10.0, "endTime": 15.0, "predictions": {"probabilities": [8.967976464191452e-05, 0.0002075376978609711], "logits": []}, "groundTruth": [0.0, 0.0]}, {"startTime": 15.0, "endTime": 20.0, "predictions": {"probabilities": [0.00021406382438726723, 0.0026721199974417686], "logits": []}, "groundTruth": [0.0, 0.0]}]]}