{"modelName": "devise-220528-v0-ep33", "version": "1", "fileId": "f645b41feb7a40d29eec3c6355675a27", "classIds": ["Crex crex", "Scolopax rusticola"], "channels": [[{"startTime": 0.0, "endTime": 5.0, "predictions": {"probabilities": [-12.549460411071777, -4.392310619354248], "logits": [NaN, NaN]}, "groundTruth": [0.0, 0.0]}, {"startTime": 5.0, "endTime": 10.0, "predictions": {"probabilities": [-11.432684898376465, -8.893335342407227], "logits": [NaN, NaN]}, "groundTruth": [0.0, 0.0]}, {"startTime": 10.0, "endTime": 15.0, "predictions": {"probabilities": [-11.79500961303711, -10.37489128112793], "logits": [NaN, NaN]}, "groundTruth": [0.0, 0.0]}, {"startTime": 15.0, "endTime": 20.0, "predictions": {"probabilities": [-10.963117599487305, -9.508796691894531], "logits": [NaN, NaN]}, "groundTruth": [0.0, 0.0]}]]}