{"modelName": "devise-220528-v0-ep33", "version": "1", "fileId": "f688bcdc121547d286347f77d5c16b2b", "classIds": ["Crex crex", "Scolopax rusticola"], "channels": [[{"startTime": 0.0, "endTime": 5.0, "predictions": {"probabilities": [1.6882214737279355e-08, 1.8184561412226685e-08], "logits": []}, "groundTruth": [0.0, 1.0]}, {"startTime": 5.0, "endTime": 10.0, "predictions": {"probabilities": [1.70610956473638e-08, 0.999984860420227], "logits": []}, "groundTruth": [0.0, 1.0]}, {"startTime": 10.0, "endTime": 15.0, "predictions": {"probabilities": [2.8323883682901396e-08, 3.1407873848365853e-06], "logits": []}, "groundTruth": [0.0, 1.0]}]]}