{"modelName": "devise-220528-v0-ep33", "version": "1", "fileId": "f6cff45f9e3e4ee1bc8cefe6a5351756", "classIds": ["Crex crex", "Scolopax rusticola"], "channels": [[{"startTime": 0.0, "endTime": 5.0, "predictions": {"probabilities": [0.00103462440893054, 0.0009784698486328125], "logits": []}, "groundTruth": [0.0, 0.0]}, {"startTime": 5.0, "endTime": 10.0, "predictions": {"probabilities": [0.0021970700472593307, 0.0010426973458379507], "logits": []}, "groundTruth": [0.0, 0.0]}, {"startTime": 10.0, "endTime": 15.0, "predictions": {"probabilities": [3.1464740459341556e-05, 0.0004503896343521774], "logits": []}, "groundTruth": [0.0, 0.0]}, {"startTime": 15.0, "endTime": 20.0, "predictions": {"probabilities": [2.572116045485018e-06, 0.998019814491272], "logits": []}, "groundTruth": [0.0, 0.0]}]]}