{"modelName": "devise-220528-v0-ep33", "version": "1", "fileId": "f726c9e46db14da2b90954db2cb8a2d3", "classIds": ["Crex crex", "Scolopax rusticola"], "channels": [[{"startTime": 0.0, "endTime": 5.0, "predictions": {"probabilities": [9.260028491553385e-06, 0.9252209067344666], "logits": []}, "groundTruth": [0.0, 1.0]}, {"startTime": 5.0, "endTime": 10.0, "predictions": {"probabilities": [0.00019636306387837976, 0.9795470833778381], "logits": []}, "groundTruth": [0.0, 1.0]}, {"startTime": 7.0, "endTime": 12.0, "predictions": {"probabilities": [2.0509583009697963e-06, 0.9958242177963257], "logits": []}, "groundTruth": [0.0, 0.0]}]]}