{"modelName": "devise-220528-v0-ep33", "version": "1", "fileId": "f77a7ec925f24cd98d68b82edf4c789d", "classIds": ["Crex crex", "Scolopax rusticola"], "channels": [[{"startTime": 0.0, "endTime": 5.0, "predictions": {"probabilities": [-19.25108528137207, 12.147564888000488], "logits": [NaN, NaN]}, "groundTruth": [0.0, 1.0]}, {"startTime": 5.0, "endTime": 10.0, "predictions": {"probabilities": [-20.1883602142334, 19.88103485107422], "logits": [NaN, NaN]}, "groundTruth": [0.0, 1.0]}, {"startTime": 10.0, "endTime": 15.0, "predictions": {"probabilities": [-14.648987770080566, 13.796329498291016], "logits": [NaN, NaN]}, "groundTruth": [0.0, 1.0]}, {"startTime": 15.0, "endTime": 20.0, "predictions": {"probabilities": [-14.250618934631348, 11.830899238586426], "logits": [NaN, NaN]}, "groundTruth": [0.0, 0.0]}]]}