{"modelName": "devise-220528-v0-ep33", "version": "1", "fileId": "f7a7c6df587a46b684e02c8553dcd2e6", "classIds": ["Crex crex", "Scolopax rusticola"], "channels": [[{"startTime": 0.0, "endTime": 5.0, "predictions": {"probabilities": [4.1320927834931354e-07, 7.562172754660423e-07], "logits": []}, "groundTruth": [0.0, 0.0]}, {"startTime": 5.0, "endTime": 10.0, "predictions": {"probabilities": [4.2134677642025054e-05, 7.529001777584199e-06], "logits": []}, "groundTruth": [0.0, 0.0]}, {"startTime": 10.0, "endTime": 15.0, "predictions": {"probabilities": [6.488070312116179e-07, 2.733942892518826e-06], "logits": []}, "groundTruth": [0.0, 0.0]}, {"startTime": 15.0, "endTime": 20.0, "predictions": {"probabilities": [2.192371617582012e-09, 7.476251653315558e-07], "logits": []}, "groundTruth": [0.0, 0.0]}]]}