{"modelName": "devise-220528-v0-ep33", "version": "1", "fileId": "f804a003bb444f098276024df3ed7808", "classIds": ["Crex crex", "Scolopax rusticola"], "channels": [[{"startTime": 0.0, "endTime": 5.0, "predictions": {"probabilities": [2.933056464371475e-07, 0.06184585765004158], "logits": []}, "groundTruth": [0.0, 1.0]}, {"startTime": 5.0, "endTime": 10.0, "predictions": {"probabilities": [6.354636070682318e-07, 0.7465500831604004], "logits": []}, "groundTruth": [0.0, 1.0]}, {"startTime": 10.0, "endTime": 15.0, "predictions": {"probabilities": [3.4834633879654575e-06, 0.8177739381790161], "logits": []}, "groundTruth": [0.0, 1.0]}]]}