{"modelName": "devise-220528-v0-ep33", "version": "1", "fileId": "f8d870dbece2412784b979d9c2783183", "classIds": ["Crex crex", "Scolopax rusticola"], "channels": [[{"startTime": 0.0, "endTime": 5.0, "predictions": {"probabilities": [-14.757087707519531, -13.223468780517578], "logits": [NaN, NaN]}, "groundTruth": [0.0, 0.0]}, {"startTime": 5.0, "endTime": 10.0, "predictions": {"probabilities": [-10.434930801391602, -9.692140579223633], "logits": [NaN, NaN]}, "groundTruth": [0.0, 0.0]}, {"startTime": 10.0, "endTime": 15.0, "predictions": {"probabilities": [-13.777207374572754, -10.040460586547852], "logits": [NaN, NaN]}, "groundTruth": [0.0, 0.0]}, {"startTime": 15.0, "endTime": 20.0, "predictions": {"probabilities": [-12.370465278625488, -8.356191635131836], "logits": [NaN, NaN]}, "groundTruth": [0.0, 0.0]}]]}