{"modelName": "devise-220528-v0-ep33", "version": "1", "fileId": "f8d870dbece2412784b979d9c2783183", "classIds": ["Crex crex", "Scolopax rusticola"], "channels": [[{"startTime": 0.0, "endTime": 5.0, "predictions": {"probabilities": [3.9001210438982525e-07, 1.8076722199111828e-06], "logits": []}, "groundTruth": [0.0, 0.0]}, {"startTime": 5.0, "endTime": 10.0, "predictions": {"probabilities": [2.9386939786490984e-05, 6.176323222462088e-05], "logits": []}, "groundTruth": [0.0, 0.0]}, {"startTime": 10.0, "endTime": 15.0, "predictions": {"probabilities": [1.0390450597697054e-06, 4.359778540674597e-05], "logits": []}, "groundTruth": [0.0, 0.0]}, {"startTime": 15.0, "endTime": 20.0, "predictions": {"probabilities": [4.242026079737116e-06, 0.00023488218721468002], "logits": []}, "groundTruth": [0.0, 0.0]}]]}