{"modelName": "devise-220528-v0-ep33", "version": "1", "fileId": "f99defc31ab440549f4e231b928f671d", "classIds": ["Crex crex", "Scolopax rusticola"], "channels": [[{"startTime": 0.0, "endTime": 5.0, "predictions": {"probabilities": [9.620582659408683e-07, 5.342882104741875e-06], "logits": []}, "groundTruth": [0.0, 0.0]}, {"startTime": 5.0, "endTime": 10.0, "predictions": {"probabilities": [7.473411096725613e-05, 0.00018440069106873125], "logits": []}, "groundTruth": [0.0, 0.0]}, {"startTime": 10.0, "endTime": 15.0, "predictions": {"probabilities": [4.544321564026177e-05, 0.0002867173752747476], "logits": []}, "groundTruth": [0.0, 0.0]}, {"startTime": 15.0, "endTime": 20.0, "predictions": {"probabilities": [3.96969198845909e-06, 1.742789027048275e-05], "logits": []}, "groundTruth": [0.0, 0.0]}]]}