{"modelName": "devise-220528-v0-ep33", "version": "1", "fileId": "f99defc31ab440549f4e231b928f671d", "classIds": ["Crex crex", "Scolopax rusticola"], "channels": [[{"startTime": 0.0, "endTime": 5.0, "predictions": {"probabilities": [-13.8541898727417, -12.139739990234375], "logits": [NaN, NaN]}, "groundTruth": [0.0, 0.0]}, {"startTime": 5.0, "endTime": 10.0, "predictions": {"probabilities": [-9.50149917602539, -8.598215103149414], "logits": [NaN, NaN]}, "groundTruth": [0.0, 0.0]}, {"startTime": 10.0, "endTime": 15.0, "predictions": {"probabilities": [-9.999001502990723, -8.156726837158203], "logits": [NaN, NaN]}, "groundTruth": [0.0, 0.0]}, {"startTime": 15.0, "endTime": 20.0, "predictions": {"probabilities": [-12.43681812286377, -10.95742130279541], "logits": [NaN, NaN]}, "groundTruth": [0.0, 0.0]}]]}