{"modelName": "devise-220528-v0-ep33", "version": "1", "fileId": "f9c30e15e3a7406189cec8a6e1565383", "classIds": ["Crex crex", "Scolopax rusticola"], "channels": [[{"startTime": 0.0, "endTime": 5.0, "predictions": {"probabilities": [3.3116420716794437e-09, 5.4487183660967276e-05], "logits": []}, "groundTruth": [0.0, 0.0]}, {"startTime": 5.0, "endTime": 10.0, "predictions": {"probabilities": [2.9323856676199966e-09, 2.714465949793521e-07], "logits": []}, "groundTruth": [0.0, 0.0]}, {"startTime": 10.0, "endTime": 15.0, "predictions": {"probabilities": [5.759289933848777e-08, 6.579159617103869e-08], "logits": []}, "groundTruth": [0.0, 0.0]}, {"startTime": 15.0, "endTime": 20.0, "predictions": {"probabilities": [0.00012898448039777577, 2.6289592369721504e-06], "logits": []}, "groundTruth": [0.0, 0.0]}]]}