{"modelName": "devise-220528-v0-ep33", "version": "1", "fileId": "f9c30e15e3a7406189cec8a6e1565383", "classIds": ["Crex crex", "Scolopax rusticola"], "channels": [[{"startTime": 0.0, "endTime": 5.0, "predictions": {"probabilities": [-19.525821685791016, -9.817490577697754], "logits": [NaN, NaN]}, "groundTruth": [0.0, 0.0]}, {"startTime": 5.0, "endTime": 10.0, "predictions": {"probabilities": [-19.647449493408203, -15.119500160217285], "logits": [NaN, NaN]}, "groundTruth": [0.0, 0.0]}, {"startTime": 10.0, "endTime": 15.0, "predictions": {"probabilities": [-16.66986656188965, -16.536773681640625], "logits": [NaN, NaN]}, "groundTruth": [0.0, 0.0]}, {"startTime": 15.0, "endTime": 20.0, "predictions": {"probabilities": [-8.955689430236816, -12.848919868469238], "logits": [NaN, NaN]}, "groundTruth": [0.0, 0.0]}]]}