{"modelName": "devise-220528-v0-ep33", "version": "1", "fileId": "fa979409e2b64a298302b18ffa7ac3c9", "classIds": ["Crex crex", "Scolopax rusticola"], "channels": [[{"startTime": 0.0, "endTime": 5.0, "predictions": {"probabilities": [-15.605412483215332, -17.126453399658203], "logits": [NaN, NaN]}, "groundTruth": [0.0, 0.0]}, {"startTime": 5.0, "endTime": 10.0, "predictions": {"probabilities": [-3.8302195072174072, -8.063150405883789], "logits": [NaN, NaN]}, "groundTruth": [0.0, 0.0]}, {"startTime": 10.0, "endTime": 15.0, "predictions": {"probabilities": [-15.972519874572754, -21.063873291015625], "logits": [NaN, NaN]}, "groundTruth": [0.0, 0.0]}, {"startTime": 15.0, "endTime": 20.0, "predictions": {"probabilities": [-9.930317878723145, -19.476947784423828], "logits": [NaN, NaN]}, "groundTruth": [0.0, 0.0]}]]}