{"modelName": "devise-220528-v0-ep33", "version": "1", "fileId": "fa979409e2b64a298302b18ffa7ac3c9", "classIds": ["Crex crex", "Scolopax rusticola"], "channels": [[{"startTime": 0.0, "endTime": 5.0, "predictions": {"probabilities": [1.6697651972208405e-07, 3.648175805892606e-08], "logits": []}, "groundTruth": [0.0, 0.0]}, {"startTime": 5.0, "endTime": 10.0, "predictions": {"probabilities": [0.021243758499622345, 0.00031483391649089754], "logits": []}, "groundTruth": [0.0, 0.0]}, {"startTime": 10.0, "endTime": 15.0, "predictions": {"probabilities": [1.1567052382588372e-07, 7.113380440237904e-10], "logits": []}, "groundTruth": [0.0, 0.0]}, {"startTime": 15.0, "endTime": 20.0, "predictions": {"probabilities": [4.867395182373002e-05, 3.477515386762775e-09], "logits": []}, "groundTruth": [0.0, 0.0]}]]}