{"modelName": "devise-220528-v0-ep33", "version": "1", "fileId": "faab338b9ec54850a1c405b1bdee3f6f", "classIds": ["Crex crex", "Scolopax rusticola"], "channels": [[{"startTime": 0.0, "endTime": 5.0, "predictions": {"probabilities": [-10.674853324890137, -9.851360321044922], "logits": [NaN, NaN]}, "groundTruth": [0.0, 0.0]}, {"startTime": 5.0, "endTime": 10.0, "predictions": {"probabilities": [-11.92171573638916, -9.137170791625977], "logits": [NaN, NaN]}, "groundTruth": [0.0, 0.0]}, {"startTime": 10.0, "endTime": 15.0, "predictions": {"probabilities": [-13.084894180297852, -14.7719144821167], "logits": [NaN, NaN]}, "groundTruth": [0.0, 0.0]}, {"startTime": 15.0, "endTime": 20.0, "predictions": {"probabilities": [-9.804505348205566, -10.238743782043457], "logits": [NaN, NaN]}, "groundTruth": [0.0, 0.0]}]]}