{"modelName": "devise-220528-v0-ep33", "version": "1", "fileId": "fb7e85ce16cc4e20b704d94b3b3d14d8", "classIds": ["Crex crex", "Scolopax rusticola"], "channels": [[{"startTime": 0.0, "endTime": 5.0, "predictions": {"probabilities": [-12.145307540893555, -13.149785041809082], "logits": [NaN, NaN]}, "groundTruth": [0.0, 0.0]}, {"startTime": 5.0, "endTime": 10.0, "predictions": {"probabilities": [-10.553522109985352, -7.883546352386475], "logits": [NaN, NaN]}, "groundTruth": [0.0, 0.0]}, {"startTime": 10.0, "endTime": 15.0, "predictions": {"probabilities": [-9.481127738952637, -5.724314212799072], "logits": [NaN, NaN]}, "groundTruth": [0.0, 0.0]}, {"startTime": 15.0, "endTime": 20.0, "predictions": {"probabilities": [-11.46145248413086, -9.925559997558594], "logits": [NaN, NaN]}, "groundTruth": [0.0, 0.0]}]]}