{"modelName": "devise-220528-v0-ep33", "version": "1", "fileId": "fbdfd8bbd2dc442d97b43b41862a0dc8", "classIds": ["Crex crex", "Scolopax rusticola"], "channels": [[{"startTime": 0.0, "endTime": 5.0, "predictions": {"probabilities": [0.0001746407215250656, 0.0001378734887111932], "logits": []}, "groundTruth": [0.0, 0.0]}, {"startTime": 5.0, "endTime": 10.0, "predictions": {"probabilities": [0.00030224205693230033, 0.0005512181087397039], "logits": []}, "groundTruth": [0.0, 0.0]}, {"startTime": 10.0, "endTime": 15.0, "predictions": {"probabilities": [6.286671123234555e-05, 0.008298658765852451], "logits": []}, "groundTruth": [0.0, 0.0]}, {"startTime": 15.0, "endTime": 20.0, "predictions": {"probabilities": [0.00012719612277578562, 0.0014376910403370857], "logits": []}, "groundTruth": [0.0, 0.0]}]]}