{"modelName": "devise-220528-v0-ep33", "version": "1", "fileId": "fbdfd8bbd2dc442d97b43b41862a0dc8", "classIds": ["Crex crex", "Scolopax rusticola"], "channels": [[{"startTime": 0.0, "endTime": 5.0, "predictions": {"probabilities": [-8.652605056762695, -8.889036178588867], "logits": [NaN, NaN]}, "groundTruth": [0.0, 0.0]}, {"startTime": 5.0, "endTime": 10.0, "predictions": {"probabilities": [-8.10398006439209, -7.502828598022461], "logits": [NaN, NaN]}, "groundTruth": [0.0, 0.0]}, {"startTime": 10.0, "endTime": 15.0, "predictions": {"probabilities": [-9.674430847167969, -4.783328056335449], "logits": [NaN, NaN]}, "groundTruth": [0.0, 0.0]}, {"startTime": 15.0, "endTime": 20.0, "predictions": {"probabilities": [-8.969653129577637, -6.543278217315674], "logits": [NaN, NaN]}, "groundTruth": [0.0, 0.0]}]]}