{"modelName": "devise-220528-v0-ep33", "version": "1", "fileId": "fc0677754f124799bdb07fad53dcbd98", "classIds": ["Crex crex", "Scolopax rusticola"], "channels": [[{"startTime": 0.0, "endTime": 5.0, "predictions": {"probabilities": [-11.875564575195312, -9.713739395141602], "logits": [NaN, NaN]}, "groundTruth": [0.0, 0.0]}, {"startTime": 5.0, "endTime": 10.0, "predictions": {"probabilities": [-11.765867233276367, -9.50277042388916], "logits": [NaN, NaN]}, "groundTruth": [0.0, 0.0]}, {"startTime": 10.0, "endTime": 15.0, "predictions": {"probabilities": [-15.592268943786621, -8.974936485290527], "logits": [NaN, NaN]}, "groundTruth": [0.0, 0.0]}, {"startTime": 15.0, "endTime": 20.0, "predictions": {"probabilities": [-16.562841415405273, -17.962520599365234], "logits": [NaN, NaN]}, "groundTruth": [0.0, 0.0]}]]}