{"modelName": "devise-220528-v0-ep33", "version": "1", "fileId": "fc0677754f124799bdb07fad53dcbd98", "classIds": ["Crex crex", "Scolopax rusticola"], "channels": [[{"startTime": 0.0, "endTime": 5.0, "predictions": {"probabilities": [6.958326139283599e-06, 6.044360270607285e-05], "logits": []}, "groundTruth": [0.0, 0.0]}, {"startTime": 5.0, "endTime": 10.0, "predictions": {"probabilities": [7.765071131871082e-06, 7.463917427230626e-05], "logits": []}, "groundTruth": [0.0, 0.0]}, {"startTime": 10.0, "endTime": 15.0, "predictions": {"probabilities": [1.6918566814183578e-07, 0.00012652596342377365], "logits": []}, "groundTruth": [0.0, 0.0]}, {"startTime": 15.0, "endTime": 20.0, "predictions": {"probabilities": [6.40987209976629e-08, 1.5811622233741218e-08], "logits": []}, "groundTruth": [0.0, 0.0]}]]}