{"modelName": "devise-220528-v0-ep33", "version": "1", "fileId": "fcaf6f468ffd48c7afb86ed13a471fda", "classIds": ["Crex crex", "Scolopax rusticola"], "channels": [[{"startTime": 0.0, "endTime": 5.0, "predictions": {"probabilities": [3.185506284353323e-05, 0.004933303687721491], "logits": []}, "groundTruth": [0.0, 0.0]}, {"startTime": 5.0, "endTime": 10.0, "predictions": {"probabilities": [6.31363775482896e-07, 1.5954921650518372e-07], "logits": []}, "groundTruth": [0.0, 0.0]}, {"startTime": 10.0, "endTime": 15.0, "predictions": {"probabilities": [9.526216899757856e-07, 5.526516577702978e-09], "logits": []}, "groundTruth": [0.0, 0.0]}, {"startTime": 15.0, "endTime": 20.0, "predictions": {"probabilities": [1.4593553032682394e-06, 0.006718732882291079], "logits": []}, "groundTruth": [0.0, 0.0]}]]}