{"modelName": "devise-220528-v0-ep33", "version": "1", "fileId": "fd0c5d1fa7374777bfb8e016ee77b84c", "classIds": ["Crex crex", "Scolopax rusticola"], "channels": [[{"startTime": 0.0, "endTime": 5.0, "predictions": {"probabilities": [-14.165384292602539, -13.699787139892578], "logits": [NaN, NaN]}, "groundTruth": [0.0, 0.0]}, {"startTime": 5.0, "endTime": 10.0, "predictions": {"probabilities": [-11.713719367980957, -12.451683044433594], "logits": [NaN, NaN]}, "groundTruth": [0.0, 0.0]}, {"startTime": 10.0, "endTime": 15.0, "predictions": {"probabilities": [-13.732203483581543, -14.178051948547363], "logits": [NaN, NaN]}, "groundTruth": [0.0, 0.0]}, {"startTime": 15.0, "endTime": 20.0, "predictions": {"probabilities": [-14.12181282043457, -9.878615379333496], "logits": [NaN, NaN]}, "groundTruth": [0.0, 0.0]}]]}