{"modelName": "devise-220528-v0-ep33", "version": "1", "fileId": "fd4ea236216a4a01ae5069af55234975", "classIds": ["Crex crex", "Scolopax rusticola"], "channels": [[{"startTime": 0.0, "endTime": 5.0, "predictions": {"probabilities": [-12.508899688720703, -5.4055986404418945], "logits": [NaN, NaN]}, "groundTruth": [0.0, 0.0]}, {"startTime": 5.0, "endTime": 10.0, "predictions": {"probabilities": [-13.43671989440918, -8.617243766784668], "logits": [NaN, NaN]}, "groundTruth": [0.0, 0.0]}, {"startTime": 10.0, "endTime": 15.0, "predictions": {"probabilities": [-15.083287239074707, -10.950632095336914], "logits": [NaN, NaN]}, "groundTruth": [0.0, 0.0]}, {"startTime": 15.0, "endTime": 20.0, "predictions": {"probabilities": [-12.99088191986084, -11.915755271911621], "logits": [NaN, NaN]}, "groundTruth": [0.0, 0.0]}]]}