{"modelName": "devise-220528-v0-ep33", "version": "1", "fileId": "fd7e58264cf646a9974de7bd0ff804fb", "classIds": ["Crex crex", "Scolopax rusticola"], "channels": [[{"startTime": 0.0, "endTime": 5.0, "predictions": {"probabilities": [8.249141683336347e-05, 0.00014808833657298237], "logits": []}, "groundTruth": [0.0, 0.0]}, {"startTime": 5.0, "endTime": 10.0, "predictions": {"probabilities": [9.025413305607799e-08, 1.9736405647563515e-06], "logits": []}, "groundTruth": [0.0, 0.0]}, {"startTime": 10.0, "endTime": 15.0, "predictions": {"probabilities": [1.540200429417382e-07, 2.6031650577351684e-06], "logits": []}, "groundTruth": [0.0, 0.0]}, {"startTime": 15.0, "endTime": 20.0, "predictions": {"probabilities": [2.153503919544164e-05, 0.00044042320223525167], "logits": []}, "groundTruth": [0.0, 0.0]}]]}