{"modelName": "devise-220528-v0-ep33", "version": "1", "fileId": "fd7e58264cf646a9974de7bd0ff804fb", "classIds": ["Crex crex", "Scolopax rusticola"], "channels": [[{"startTime": 0.0, "endTime": 5.0, "predictions": {"probabilities": [-9.40273380279541, -8.817553520202637], "logits": [NaN, NaN]}, "groundTruth": [0.0, 0.0]}, {"startTime": 5.0, "endTime": 10.0, "predictions": {"probabilities": [-16.22063636779785, -13.135628700256348], "logits": [NaN, NaN]}, "groundTruth": [0.0, 0.0]}, {"startTime": 10.0, "endTime": 15.0, "predictions": {"probabilities": [-15.686182975769043, -12.858779907226562], "logits": [NaN, NaN]}, "groundTruth": [0.0, 0.0]}, {"startTime": 15.0, "endTime": 20.0, "predictions": {"probabilities": [-10.745807647705078, -7.727334022521973], "logits": [NaN, NaN]}, "groundTruth": [0.0, 0.0]}]]}