{"modelName": "devise-220528-v0-ep33", "version": "1", "fileId": "fdc5bcc23c6144bca99a3a3e6a29e1a2", "classIds": ["Crex crex", "Scolopax rusticola"], "channels": [[{"startTime": 0.0, "endTime": 5.0, "predictions": {"probabilities": [5.116910983815615e-07, 8.478282688884065e-05], "logits": []}, "groundTruth": [0.0, 0.0]}, {"startTime": 5.0, "endTime": 10.0, "predictions": {"probabilities": [4.655819429899566e-05, 6.711636524414644e-05], "logits": []}, "groundTruth": [0.0, 0.0]}, {"startTime": 10.0, "endTime": 15.0, "predictions": {"probabilities": [1.1880794090757263e-06, 3.089999518124387e-05], "logits": []}, "groundTruth": [0.0, 0.0]}, {"startTime": 15.0, "endTime": 20.0, "predictions": {"probabilities": [5.9447469539009035e-05, 0.006202800199389458], "logits": []}, "groundTruth": [0.0, 0.0]}]]}