{"modelName": "devise-220528-v0-ep33", "version": "1", "fileId": "fe00881c281947ee9cefb6f0ac8685bf", "classIds": ["Crex crex", "Scolopax rusticola"], "channels": [[{"startTime": 0.0, "endTime": 5.0, "predictions": {"probabilities": [1.4662170542578679e-05, 0.00022795221593696624], "logits": []}, "groundTruth": [0.0, 1.0]}, {"startTime": 5.0, "endTime": 10.0, "predictions": {"probabilities": [1.620964212634135e-05, 0.9884411096572876], "logits": []}, "groundTruth": [0.0, 1.0]}, {"startTime": 10.0, "endTime": 15.0, "predictions": {"probabilities": [1.9446518706445204e-07, 0.9999550580978394], "logits": []}, "groundTruth": [0.0, 1.0]}]]}