{"modelName": "devise-220528-v0-ep33", "version": "1", "fileId": "ff13705e9e324f50b3b7de334362e99e", "classIds": ["Crex crex", "Scolopax rusticola"], "channels": [[{"startTime": 0.0, "endTime": 5.0, "predictions": {"probabilities": [5.711354788218159e-06, 0.3179769814014435], "logits": []}, "groundTruth": [0.0, 1.0]}, {"startTime": 5.0, "endTime": 10.0, "predictions": {"probabilities": [1.7220661163719342e-07, 1.0], "logits": []}, "groundTruth": [0.0, 1.0]}, {"startTime": 10.0, "endTime": 15.0, "predictions": {"probabilities": [3.0448283894202177e-09, 1.0], "logits": []}, "groundTruth": [0.0, 1.0]}, {"startTime": 15.0, "endTime": 20.0, "predictions": {"probabilities": [3.917207891390717e-08, 0.9999939203262329], "logits": []}, "groundTruth": [0.0, 1.0]}]]}