{"modelName": "devise-220528-v0-ep33", "version": "1", "fileId": "ff5d24aa002144e29dce195b39e55c57", "classIds": ["Crex crex", "Scolopax rusticola"], "channels": [[{"startTime": 0.0, "endTime": 5.0, "predictions": {"probabilities": [8.312256795761641e-06, 3.490059316391125e-05], "logits": []}, "groundTruth": [0.0, 0.0]}, {"startTime": 5.0, "endTime": 10.0, "predictions": {"probabilities": [5.198298822506331e-05, 0.0003882814780808985], "logits": []}, "groundTruth": [0.0, 0.0]}, {"startTime": 10.0, "endTime": 15.0, "predictions": {"probabilities": [6.707267311867326e-05, 0.0002215726563008502], "logits": []}, "groundTruth": [0.0, 0.0]}, {"startTime": 15.0, "endTime": 20.0, "predictions": {"probabilities": [5.7299010222777724e-05, 0.00038134391070343554], "logits": []}, "groundTruth": [0.0, 0.0]}]]}