{"modelName": "devise-221108-v4-ep149", "version": "1", "fileId": "034bbf16e7be43f9ac1fb7dc65dd1281", "classIds": ["Crex crex", "Scolopax rusticola"], "channels": [[{"startTime": 0.0, "endTime": 2.0, "predictions": {"probabilities": [2.220083857962067e-14, 0.002439473057165742], "logits": []}, "groundTruth": [0.0, 0.0]}, {"startTime": 5.0, "endTime": 7.0, "predictions": {"probabilities": [1.4731761131280322e-15, 0.0023959956597536802], "logits": []}, "groundTruth": [0.0, 0.0]}, {"startTime": 10.0, "endTime": 12.0, "predictions": {"probabilities": [4.032216658548908e-14, 0.0028375834226608276], "logits": []}, "groundTruth": [0.0, 0.0]}, {"startTime": 12.0, "endTime": 14.0, "predictions": {"probabilities": [1.1477722950299117e-19, 1.0981634659401607e-05], "logits": []}, "groundTruth": [0.0, 0.0]}]]}