{"modelName": "devise-221108-v4-ep149", "version": "1", "fileId": "07354d71b8fb42cc9f8a8a0138adee90", "classIds": ["Crex crex", "Scolopax rusticola"], "channels": [[{"startTime": 0.0, "endTime": 2.0, "predictions": {"probabilities": [3.311305774039205e-21, 3.969729732489213e-06], "logits": []}, "groundTruth": [0.0, 0.0]}, {"startTime": 5.0, "endTime": 7.0, "predictions": {"probabilities": [1.1364056701906967e-19, 0.2679738998413086], "logits": []}, "groundTruth": [0.0, 0.0]}, {"startTime": 10.0, "endTime": 12.0, "predictions": {"probabilities": [3.0152390335760925e-16, 0.9998751878738403], "logits": []}, "groundTruth": [0.0, 0.0]}, {"startTime": 14.0, "endTime": 16.0, "predictions": {"probabilities": [2.0258325285671347e-18, 0.0024465618189424276], "logits": []}, "groundTruth": [0.0, 0.0]}]]}