{"modelName": "devise-221108-v4-ep149", "version": "1", "fileId": "0b83693116ea4d6bbb7aa21beec99000", "classIds": ["Crex crex", "Scolopax rusticola"], "channels": [[{"startTime": 0.0, "endTime": 2.0, "predictions": {"probabilities": [1.0783727205161135e-18, 1.678102489677258e-05], "logits": []}, "groundTruth": [0.0, 0.0]}, {"startTime": 5.0, "endTime": 7.0, "predictions": {"probabilities": [2.5449318312853492e-17, 6.876516999909654e-05], "logits": []}, "groundTruth": [0.0, 0.0]}, {"startTime": 10.0, "endTime": 12.0, "predictions": {"probabilities": [5.266607261336843e-19, 0.9988623857498169], "logits": []}, "groundTruth": [0.0, 1.0]}, {"startTime": 13.0, "endTime": 15.0, "predictions": {"probabilities": [8.94526148840156e-30, 2.8010457953087098e-08], "logits": []}, "groundTruth": [0.0, 0.0]}]]}