{"modelName": "devise-221108-v4-ep149", "version": "1", "fileId": "0e7e2c0248be4f2e8bc56358caaf1325", "classIds": ["Crex crex", "Scolopax rusticola"], "channels": [[{"startTime": 0.0, "endTime": 2.0, "predictions": {"probabilities": [6.227215762832981e-16, 0.9989174604415894], "logits": []}, "groundTruth": [0.0, 0.0]}, {"startTime": 5.0, "endTime": 7.0, "predictions": {"probabilities": [5.047709890045396e-15, 0.0033791775349527597], "logits": []}, "groundTruth": [0.0, 0.0]}, {"startTime": 10.0, "endTime": 12.0, "predictions": {"probabilities": [1.2090652914617528e-12, 0.8230463862419128], "logits": []}, "groundTruth": [0.0, 1.0]}, {"startTime": 15.0, "endTime": 17.0, "predictions": {"probabilities": [6.246453878706306e-19, 0.44286206364631653], "logits": []}, "groundTruth": [0.0, 0.0]}]]}