{"modelName": "devise-221108-v4-ep149", "version": "1", "fileId": "148d914a379649a58b184262cefc411e", "classIds": ["Crex crex", "Scolopax rusticola"], "channels": [[{"startTime": 0.0, "endTime": 2.0, "predictions": {"probabilities": [5.470895230038451e-18, 0.00017459143418818712], "logits": []}, "groundTruth": [0.0, 0.0]}, {"startTime": 5.0, "endTime": 7.0, "predictions": {"probabilities": [5.075293206952822e-18, 4.8073339712573215e-05], "logits": []}, "groundTruth": [0.0, 0.0]}, {"startTime": 8.0, "endTime": 10.0, "predictions": {"probabilities": [5.224227179640571e-19, 2.1365114662330598e-05], "logits": []}, "groundTruth": [0.0, 0.0]}]]}