{"modelName": "devise-221108-v4-ep149", "version": "1", "fileId": "17a15b18feab464db5cfdca0d8799123", "classIds": ["Crex crex", "Scolopax rusticola"], "channels": [[{"startTime": 0.0, "endTime": 2.0, "predictions": {"probabilities": [2.6882735692054143e-15, 0.776306688785553], "logits": []}, "groundTruth": [0.0, 0.0]}, {"startTime": 5.0, "endTime": 7.0, "predictions": {"probabilities": [8.358501006472938e-16, 0.000499744841363281], "logits": []}, "groundTruth": [0.0, 0.0]}, {"startTime": 10.0, "endTime": 12.0, "predictions": {"probabilities": [2.4743152406785344e-23, 0.0008442585240118206], "logits": []}, "groundTruth": [0.0, 1.0]}, {"startTime": 14.0, "endTime": 16.0, "predictions": {"probabilities": [1.8328620191570824e-19, 3.821010523097357e-06], "logits": []}, "groundTruth": [0.0, 0.0]}]]}