{"modelName": "devise-221108-v4-ep149", "version": "1", "fileId": "1837106191ae4aeda6f34a5a6b1f2d94", "classIds": ["Crex crex", "Scolopax rusticola"], "channels": [[{"startTime": 0.0, "endTime": 2.0, "predictions": {"probabilities": [4.119006247194079e-10, 0.9353644847869873], "logits": []}, "groundTruth": [0.0, 0.0]}, {"startTime": 5.0, "endTime": 7.0, "predictions": {"probabilities": [9.84639279832944e-12, 0.8753758668899536], "logits": []}, "groundTruth": [0.0, 0.0]}, {"startTime": 8.0, "endTime": 10.0, "predictions": {"probabilities": [2.5666543001200137e-13, 0.33331117033958435], "logits": []}, "groundTruth": [0.0, 0.0]}]]}