{"modelName": "devise-221108-v4-ep149", "version": "1", "fileId": "2342ae498c234428ae9e2d48c4ba80eb", "classIds": ["Crex crex", "Scolopax rusticola"], "channels": [[{"startTime": 0.0, "endTime": 2.0, "predictions": {"probabilities": [8.302589652026438e-19, 0.004188559949398041], "logits": []}, "groundTruth": [0.0, 0.0]}, {"startTime": 5.0, "endTime": 7.0, "predictions": {"probabilities": [7.109887091947414e-16, 0.49056944251060486], "logits": []}, "groundTruth": [0.0, 0.0]}, {"startTime": 10.0, "endTime": 12.0, "predictions": {"probabilities": [4.0568866347510104e-18, 0.016946183517575264], "logits": []}, "groundTruth": [0.0, 0.0]}]]}