{"modelName": "devise-221108-v4-ep149", "version": "1", "fileId": "2b993c65616e4e068ef40e7d18e8dc63", "classIds": ["Crex crex", "Scolopax rusticola"], "channels": [[{"startTime": 0.0, "endTime": 2.0, "predictions": {"probabilities": [3.9886249279491356e-21, 0.00035100081004202366], "logits": []}, "groundTruth": [0.0, 0.0]}, {"startTime": 5.0, "endTime": 7.0, "predictions": {"probabilities": [7.545538238986268e-18, 9.645868885854725e-06], "logits": []}, "groundTruth": [0.0, 0.0]}, {"startTime": 10.0, "endTime": 12.0, "predictions": {"probabilities": [2.1837529885510715e-13, 0.002794547937810421], "logits": []}, "groundTruth": [0.0, 0.0]}, {"startTime": 12.0, "endTime": 14.0, "predictions": {"probabilities": [7.883177880209347e-16, 0.0019150329753756523], "logits": []}, "groundTruth": [0.0, 0.0]}]]}