{"modelName": "devise-221108-v4-ep149", "version": "1", "fileId": "4a560493c2b140f3b591ecb374b1dcf2", "classIds": ["Crex crex", "Scolopax rusticola"], "channels": [[{"startTime": 0.0, "endTime": 2.0, "predictions": {"probabilities": [3.4158519348328334e-17, 2.8873000701423734e-05], "logits": []}, "groundTruth": [0.0, 0.0]}, {"startTime": 5.0, "endTime": 7.0, "predictions": {"probabilities": [5.590214792628307e-19, 0.00010415610449854285], "logits": []}, "groundTruth": [0.0, 0.0]}, {"startTime": 10.0, "endTime": 12.0, "predictions": {"probabilities": [3.229324420516957e-20, 0.999995231628418], "logits": []}, "groundTruth": [0.0, 1.0]}, {"startTime": 14.0, "endTime": 16.0, "predictions": {"probabilities": [1.0119758219656405e-17, 0.21236716210842133], "logits": []}, "groundTruth": [0.0, 0.0]}]]}