{"modelName": "devise-221108-v4-ep149", "version": "1", "fileId": "4b1b412b126f44a78b0496ebbcc6fd2f", "classIds": ["Crex crex", "Scolopax rusticola"], "channels": [[{"startTime": 0.0, "endTime": 2.0, "predictions": {"probabilities": [1.899217793583297e-21, 0.10859587043523788], "logits": []}, "groundTruth": [0.0, 0.0]}, {"startTime": 5.0, "endTime": 7.0, "predictions": {"probabilities": [2.2780875796879485e-10, 0.02398262545466423], "logits": []}, "groundTruth": [0.0, 0.0]}, {"startTime": 10.0, "endTime": 12.0, "predictions": {"probabilities": [1.9838332907841372e-13, 0.0026326740626245737], "logits": []}, "groundTruth": [0.0, 0.0]}, {"startTime": 12.0, "endTime": 14.0, "predictions": {"probabilities": [1.2904846462269415e-12, 0.9999688863754272], "logits": []}, "groundTruth": [0.0, 0.0]}]]}