{"modelName": "devise-221108-v4-ep149", "version": "1", "fileId": "4f2b86a94da7408b9fb400636e4fe4ea", "classIds": ["Crex crex", "Scolopax rusticola"], "channels": [[{"startTime": 0.0, "endTime": 2.0, "predictions": {"probabilities": [5.751164494291578e-20, 1.653762183195795e-06], "logits": []}, "groundTruth": [0.0, 0.0]}, {"startTime": 5.0, "endTime": 7.0, "predictions": {"probabilities": [7.54585070646266e-19, 0.00038647439214400947], "logits": []}, "groundTruth": [0.0, 0.0]}, {"startTime": 10.0, "endTime": 12.0, "predictions": {"probabilities": [6.295394407388918e-20, 3.966449003200978e-05], "logits": []}, "groundTruth": [0.0, 0.0]}]]}