{"modelName": "devise-221108-v4-ep149", "version": "1", "fileId": "53d72176544348079181d3cdba5d139e", "classIds": ["Crex crex", "Scolopax rusticola"], "channels": [[{"startTime": 0.0, "endTime": 2.0, "predictions": {"probabilities": [2.5210673977708197e-23, 1.6314603271894157e-05], "logits": []}, "groundTruth": [0.0, 0.0]}, {"startTime": 5.0, "endTime": 7.0, "predictions": {"probabilities": [2.0587663061025436e-15, 0.00015046722546685487], "logits": []}, "groundTruth": [0.0, 0.0]}, {"startTime": 10.0, "endTime": 12.0, "predictions": {"probabilities": [3.915578411179066e-16, 0.3133767247200012], "logits": []}, "groundTruth": [0.0, 1.0]}, {"startTime": 14.0, "endTime": 16.0, "predictions": {"probabilities": [1.3274635460548307e-26, 7.592987572024867e-08], "logits": []}, "groundTruth": [0.0, 0.0]}]]}