{"modelName": "devise-221108-v4-ep149", "version": "1", "fileId": "54a42bf325ed4421b16a8bebf4b81d5f", "classIds": ["Crex crex", "Scolopax rusticola"], "channels": [[{"startTime": 0.0, "endTime": 2.0, "predictions": {"probabilities": [3.7391776456896007e-17, 0.0019549913704395294], "logits": []}, "groundTruth": [0.0, 0.0]}, {"startTime": 5.0, "endTime": 7.0, "predictions": {"probabilities": [2.0846301395095984e-17, 0.0010112874442711473], "logits": []}, "groundTruth": [0.0, 0.0]}, {"startTime": 10.0, "endTime": 12.0, "predictions": {"probabilities": [1.5602389240071575e-16, 0.0014342053327709436], "logits": []}, "groundTruth": [0.0, 0.0]}, {"startTime": 11.0, "endTime": 13.0, "predictions": {"probabilities": [5.011294673093513e-15, 0.0046333735808730125], "logits": []}, "groundTruth": [0.0, 0.0]}]]}