{"modelName": "devise-221108-v4-ep149", "version": "1", "fileId": "571e8f36b3b84d8a8e6f8d33c8efa8d4", "classIds": ["Crex crex", "Scolopax rusticola"], "channels": [[{"startTime": 0.0, "endTime": 2.0, "predictions": {"probabilities": [5.936642507881756e-14, 0.9999279975891113], "logits": []}, "groundTruth": [0.0, 0.0]}, {"startTime": 5.0, "endTime": 7.0, "predictions": {"probabilities": [1.7624665832674524e-13, 0.9999511241912842], "logits": []}, "groundTruth": [0.0, 1.0]}, {"startTime": 10.0, "endTime": 12.0, "predictions": {"probabilities": [1.7519673741645762e-19, 0.9999837875366211], "logits": []}, "groundTruth": [0.0, 1.0]}, {"startTime": 13.0, "endTime": 15.0, "predictions": {"probabilities": [7.652363519664918e-16, 0.8062196373939514], "logits": []}, "groundTruth": [0.0, 0.0]}]]}