{"modelName": "devise-221108-v4-ep149", "version": "1", "fileId": "6c99675d37114e3faf6d5e31d2a23dfb", "classIds": ["Crex crex", "Scolopax rusticola"], "channels": [[{"startTime": 0.0, "endTime": 2.0, "predictions": {"probabilities": [9.776551685998069e-16, 0.00015646187239326537], "logits": []}, "groundTruth": [0.0, 0.0]}, {"startTime": 5.0, "endTime": 7.0, "predictions": {"probabilities": [1.6005501484092757e-17, 0.8086022734642029], "logits": []}, "groundTruth": [0.0, 1.0]}, {"startTime": 10.0, "endTime": 12.0, "predictions": {"probabilities": [5.445238207087376e-20, 1.0], "logits": []}, "groundTruth": [0.0, 1.0]}, {"startTime": 15.0, "endTime": 17.0, "predictions": {"probabilities": [3.1454260785100573e-17, 1.5147396879910957e-05], "logits": []}, "groundTruth": [0.0, 0.0]}]]}