{"modelName": "devise-221108-v4-ep149", "version": "1", "fileId": "798f6460b4954394bbd9d6a58fec74a8", "classIds": ["Crex crex", "Scolopax rusticola"], "channels": [[{"startTime": 0.0, "endTime": 2.0, "predictions": {"probabilities": [1.5469666563364126e-12, 0.2783738076686859], "logits": []}, "groundTruth": [0.0, 0.0]}, {"startTime": 5.0, "endTime": 7.0, "predictions": {"probabilities": [1.1984931750914744e-14, 0.7387062907218933], "logits": []}, "groundTruth": [0.0, 1.0]}, {"startTime": 10.0, "endTime": 12.0, "predictions": {"probabilities": [6.354226498271609e-13, 0.9999980926513672], "logits": []}, "groundTruth": [0.0, 1.0]}, {"startTime": 14.0, "endTime": 16.0, "predictions": {"probabilities": [3.80605323733324e-13, 0.01600019447505474], "logits": []}, "groundTruth": [0.0, 0.0]}]]}