{"modelName": "devise-221108-v4-ep149", "version": "1", "fileId": "7f553efdb0c145fa8495aecb34da4679", "classIds": ["Crex crex", "Scolopax rusticola"], "channels": [[{"startTime": 0.0, "endTime": 2.0, "predictions": {"probabilities": [2.1110366926757607e-11, 0.9404966235160828], "logits": []}, "groundTruth": [0.0, 0.0]}, {"startTime": 5.0, "endTime": 7.0, "predictions": {"probabilities": [1.67986022554086e-16, 0.0009909028885886073], "logits": []}, "groundTruth": [0.0, 0.0]}, {"startTime": 10.0, "endTime": 12.0, "predictions": {"probabilities": [4.690143189933229e-16, 0.9938592314720154], "logits": []}, "groundTruth": [0.0, 1.0]}, {"startTime": 13.0, "endTime": 15.0, "predictions": {"probabilities": [3.070874936878613e-17, 0.001050483901053667], "logits": []}, "groundTruth": [0.0, 0.0]}]]}