{"modelName": "devise-221108-v4-ep149", "version": "1", "fileId": "84cf0eb16853412cb31e6aa0ffc2d376", "classIds": ["Crex crex", "Scolopax rusticola"], "channels": [[{"startTime": 0.0, "endTime": 2.0, "predictions": {"probabilities": [6.8902378995059405e-18, 0.0007027122774161398], "logits": []}, "groundTruth": [0.0, 0.0]}, {"startTime": 5.0, "endTime": 7.0, "predictions": {"probabilities": [2.198463304871426e-21, 0.9995062351226807], "logits": []}, "groundTruth": [0.0, 0.0]}, {"startTime": 10.0, "endTime": 12.0, "predictions": {"probabilities": [9.53422953086916e-19, 6.593716534553096e-05], "logits": []}, "groundTruth": [0.0, 0.0]}]]}