{"modelName": "devise-221108-v4-ep149", "version": "1", "fileId": "88db25f830474ce18ead3b86a96fe555", "classIds": ["Crex crex", "Scolopax rusticola"], "channels": [[{"startTime": 0.0, "endTime": 2.0, "predictions": {"probabilities": [9.763594048526984e-21, 7.490898860851303e-05], "logits": []}, "groundTruth": [0.0, 0.0]}, {"startTime": 5.0, "endTime": 7.0, "predictions": {"probabilities": [2.8821991750583303e-19, 5.413208327809116e-06], "logits": []}, "groundTruth": [0.0, 0.0]}, {"startTime": 7.0, "endTime": 9.0, "predictions": {"probabilities": [1.4051622261997089e-15, 0.002396754687651992], "logits": []}, "groundTruth": [0.0, 0.0]}]]}