{"modelName": "devise-221108-v4-ep149", "version": "1", "fileId": "8e2d785b6a4e41f2b2787e87b80e714e", "classIds": ["Crex crex", "Scolopax rusticola"], "channels": [[{"startTime": 0.0, "endTime": 2.0, "predictions": {"probabilities": [1.5542921485188938e-24, 1.724138343206505e-07], "logits": []}, "groundTruth": [0.0, 0.0]}, {"startTime": 5.0, "endTime": 7.0, "predictions": {"probabilities": [2.799402324849682e-18, 0.0004895324818789959], "logits": []}, "groundTruth": [0.0, 1.0]}, {"startTime": 10.0, "endTime": 12.0, "predictions": {"probabilities": [5.797866594688439e-19, 8.542524483345915e-06], "logits": []}, "groundTruth": [0.0, 0.0]}, {"startTime": 11.0, "endTime": 13.0, "predictions": {"probabilities": [2.2853463912952954e-14, 0.0007331112865358591], "logits": []}, "groundTruth": [0.0, 0.0]}]]}