{"modelName": "devise-221108-v4-ep149", "version": "1", "fileId": "93d63f6fb90d4c46a7fd11bace7055c1", "classIds": ["Crex crex", "Scolopax rusticola"], "channels": [[{"startTime": 0.0, "endTime": 2.0, "predictions": {"probabilities": [1.4082004739149788e-21, 7.884660590207204e-05], "logits": []}, "groundTruth": [0.0, 0.0]}, {"startTime": 5.0, "endTime": 7.0, "predictions": {"probabilities": [1.4890017167665649e-22, 6.979447562116547e-07], "logits": []}, "groundTruth": [0.0, 1.0]}, {"startTime": 10.0, "endTime": 12.0, "predictions": {"probabilities": [9.643213453507191e-15, 0.0013698276598006487], "logits": []}, "groundTruth": [0.0, 1.0]}, {"startTime": 15.0, "endTime": 17.0, "predictions": {"probabilities": [1.333225574693625e-23, 0.0009229981806129217], "logits": []}, "groundTruth": [0.0, 0.0]}]]}