{"modelName": "devise-221108-v4-ep149", "version": "1", "fileId": "9a0b1911a1654923a488f557a0d02226", "classIds": ["Crex crex", "Scolopax rusticola"], "channels": [[{"startTime": 0.0, "endTime": 2.0, "predictions": {"probabilities": [1.4276538393316607e-13, 0.6950610280036926], "logits": []}, "groundTruth": [0.0, 0.0]}, {"startTime": 5.0, "endTime": 7.0, "predictions": {"probabilities": [1.279101336567473e-13, 0.020909899845719337], "logits": []}, "groundTruth": [0.0, 1.0]}, {"startTime": 10.0, "endTime": 12.0, "predictions": {"probabilities": [1.6458055570640765e-15, 0.024107109755277634], "logits": []}, "groundTruth": [0.0, 1.0]}, {"startTime": 14.0, "endTime": 16.0, "predictions": {"probabilities": [5.8128881482572e-13, 0.0050851223058998585], "logits": []}, "groundTruth": [0.0, 0.0]}]]}