{"modelName": "devise-221108-v4-ep149", "version": "1", "fileId": "9a3c7dd8311e4b86b107f8709574a7c4", "classIds": ["Crex crex", "Scolopax rusticola"], "channels": [[{"startTime": 0.0, "endTime": 2.0, "predictions": {"probabilities": [2.599028368011521e-18, 0.000735652050934732], "logits": []}, "groundTruth": [0.0, 0.0]}, {"startTime": 5.0, "endTime": 7.0, "predictions": {"probabilities": [9.389979401398362e-15, 0.9999738931655884], "logits": []}, "groundTruth": [0.0, 1.0]}, {"startTime": 10.0, "endTime": 12.0, "predictions": {"probabilities": [6.819943367268148e-19, 0.9983391761779785], "logits": []}, "groundTruth": [0.0, 1.0]}, {"startTime": 15.0, "endTime": 17.0, "predictions": {"probabilities": [9.401593392688312e-11, 0.9988777041435242], "logits": []}, "groundTruth": [0.0, 0.0]}]]}