{"modelName": "devise-221108-v4-ep149", "version": "1", "fileId": "9bf14a4ea40d48bb8076483722905dca", "classIds": ["Crex crex", "Scolopax rusticola"], "channels": [[{"startTime": 0.0, "endTime": 2.0, "predictions": {"probabilities": [2.3096879582653685e-15, 0.013449491001665592], "logits": []}, "groundTruth": [0.0, 0.0]}, {"startTime": 5.0, "endTime": 7.0, "predictions": {"probabilities": [1.5748661242150552e-15, 0.005263420753180981], "logits": []}, "groundTruth": [0.0, 0.0]}, {"startTime": 10.0, "endTime": 12.0, "predictions": {"probabilities": [1.6640586253185325e-20, 4.745724254462402e-06], "logits": []}, "groundTruth": [0.0, 0.0]}, {"startTime": 11.0, "endTime": 13.0, "predictions": {"probabilities": [3.5863627147586934e-21, 2.46395829890389e-05], "logits": []}, "groundTruth": [0.0, 0.0]}]]}