{"modelName": "devise-221108-v4-ep149", "version": "1", "fileId": "aa602b6936f343b9955ace8c600f249a", "classIds": ["Crex crex", "Scolopax rusticola"], "channels": [[{"startTime": 0.0, "endTime": 2.0, "predictions": {"probabilities": [3.1017845084947704e-14, 0.006010528653860092], "logits": []}, "groundTruth": [0.0, 0.0]}, {"startTime": 5.0, "endTime": 7.0, "predictions": {"probabilities": [1.3035034693049506e-17, 1.0], "logits": []}, "groundTruth": [0.0, 1.0]}, {"startTime": 10.0, "endTime": 12.0, "predictions": {"probabilities": [2.7182306539196367e-22, 1.0], "logits": []}, "groundTruth": [0.0, 1.0]}, {"startTime": 14.0, "endTime": 16.0, "predictions": {"probabilities": [1.0487715557117028e-10, 0.06076335906982422], "logits": []}, "groundTruth": [0.0, 0.0]}]]}