{"modelName": "devise-221108-v4-ep149", "version": "1", "fileId": "ae419802ab694916a56b8eefde1e923f", "classIds": ["Crex crex", "Scolopax rusticola"], "channels": [[{"startTime": 0.0, "endTime": 2.0, "predictions": {"probabilities": [1.0897033371492883e-18, 6.315953669400187e-06], "logits": []}, "groundTruth": [0.0, 0.0]}, {"startTime": 5.0, "endTime": 7.0, "predictions": {"probabilities": [1.5009235641756846e-18, 0.999988317489624], "logits": []}, "groundTruth": [0.0, 1.0]}, {"startTime": 10.0, "endTime": 12.0, "predictions": {"probabilities": [3.930590323163695e-15, 0.9999895095825195], "logits": []}, "groundTruth": [0.0, 1.0]}, {"startTime": 13.0, "endTime": 15.0, "predictions": {"probabilities": [4.251051686230203e-15, 0.0002466929436195642], "logits": []}, "groundTruth": [0.0, 0.0]}]]}