{"modelName": "devise-221108-v4-ep149", "version": "1", "fileId": "b033b87d3e1a4347be7b35c61b71f100", "classIds": ["Crex crex", "Scolopax rusticola"], "channels": [[{"startTime": 0.0, "endTime": 2.0, "predictions": {"probabilities": [1.2877092496016386e-15, 0.017149144783616066], "logits": []}, "groundTruth": [0.0, 0.0]}, {"startTime": 5.0, "endTime": 7.0, "predictions": {"probabilities": [3.0260474386808534e-16, 0.9981060028076172], "logits": []}, "groundTruth": [0.0, 1.0]}, {"startTime": 10.0, "endTime": 12.0, "predictions": {"probabilities": [2.63292102489353e-15, 0.9996471405029297], "logits": []}, "groundTruth": [0.0, 1.0]}, {"startTime": 13.0, "endTime": 15.0, "predictions": {"probabilities": [5.590902510589583e-17, 0.5029749274253845], "logits": []}, "groundTruth": [0.0, 0.0]}]]}