{"modelName": "devise-221108-v4-ep149", "version": "1", "fileId": "b18f60d44908460eaea5b4d9053d657f", "classIds": ["Crex crex", "Scolopax rusticola"], "channels": [[{"startTime": 0.0, "endTime": 2.0, "predictions": {"probabilities": [1.159586119557667e-16, 0.9984657764434814], "logits": []}, "groundTruth": [0.0, 0.0]}, {"startTime": 5.0, "endTime": 7.0, "predictions": {"probabilities": [7.187325193178342e-18, 0.9905508756637573], "logits": []}, "groundTruth": [0.0, 0.0]}, {"startTime": 10.0, "endTime": 12.0, "predictions": {"probabilities": [4.357684660651325e-19, 0.001106486888602376], "logits": []}, "groundTruth": [0.0, 0.0]}, {"startTime": 11.0, "endTime": 13.0, "predictions": {"probabilities": [2.174253804371466e-19, 0.0007069581770338118], "logits": []}, "groundTruth": [0.0, 0.0]}]]}