{"modelName": "devise-221108-v4-ep149", "version": "1", "fileId": "b26223d0e0b9476c967982404b319177", "classIds": ["Crex crex", "Scolopax rusticola"], "channels": [[{"startTime": 0.0, "endTime": 2.0, "predictions": {"probabilities": [2.650766433610896e-13, 0.004465928301215172], "logits": []}, "groundTruth": [0.0, 0.0]}, {"startTime": 5.0, "endTime": 7.0, "predictions": {"probabilities": [9.951968768303086e-17, 0.002495062304660678], "logits": []}, "groundTruth": [0.0, 0.0]}, {"startTime": 7.0, "endTime": 9.0, "predictions": {"probabilities": [3.621672753362226e-11, 0.23337581753730774], "logits": []}, "groundTruth": [0.0, 0.0]}]]}