{"modelName": "devise-221108-v4-ep149", "version": "1", "fileId": "b4ea34a99a434f6fa1826b522113a047", "classIds": ["Crex crex", "Scolopax rusticola"], "channels": [[{"startTime": 0.0, "endTime": 2.0, "predictions": {"probabilities": [1.9491576113758357e-21, 9.52234313444933e-06], "logits": []}, "groundTruth": [0.0, 0.0]}, {"startTime": 5.0, "endTime": 7.0, "predictions": {"probabilities": [4.619148697461094e-19, 0.9990677237510681], "logits": []}, "groundTruth": [0.0, 1.0]}, {"startTime": 10.0, "endTime": 12.0, "predictions": {"probabilities": [9.892336148259053e-21, 3.4905863230960676e-06], "logits": []}, "groundTruth": [0.0, 0.0]}, {"startTime": 11.0, "endTime": 13.0, "predictions": {"probabilities": [3.197629929943004e-24, 0.004344176035374403], "logits": []}, "groundTruth": [0.0, 0.0]}]]}