{"modelName": "devise-221108-v4-ep149", "version": "1", "fileId": "beffe68464a64be6a9a4375c8622fea4", "classIds": ["Crex crex", "Scolopax rusticola"], "channels": [[{"startTime": 0.0, "endTime": 2.0, "predictions": {"probabilities": [6.4386612009101784e-21, 7.866992746130563e-07], "logits": []}, "groundTruth": [0.0, 0.0]}, {"startTime": 5.0, "endTime": 7.0, "predictions": {"probabilities": [8.505947737370639e-16, 0.021018136292696], "logits": []}, "groundTruth": [0.0, 1.0]}, {"startTime": 10.0, "endTime": 12.0, "predictions": {"probabilities": [2.0464152637492917e-18, 0.00021739242947660387], "logits": []}, "groundTruth": [0.0, 0.0]}]]}