{"modelName": "devise-221108-v4-ep149", "version": "1", "fileId": "c3474f6db6f34f37b61fe0f242d66908", "classIds": ["Crex crex", "Scolopax rusticola"], "channels": [[{"startTime": 0.0, "endTime": 2.0, "predictions": {"probabilities": [1.925040205366657e-12, 0.9986698627471924], "logits": []}, "groundTruth": [0.0, 0.0]}, {"startTime": 5.0, "endTime": 7.0, "predictions": {"probabilities": [1.2678653852298384e-16, 0.9998552799224854], "logits": []}, "groundTruth": [0.0, 0.0]}, {"startTime": 10.0, "endTime": 12.0, "predictions": {"probabilities": [4.929885815409116e-19, 1.0], "logits": []}, "groundTruth": [0.0, 1.0]}, {"startTime": 14.0, "endTime": 16.0, "predictions": {"probabilities": [2.1398752995255288e-12, 0.9787838459014893], "logits": []}, "groundTruth": [0.0, 0.0]}]]}