{"modelName": "devise-221108-v4-ep149", "version": "1", "fileId": "c8aae7bc616f40e3a8bebdda3e364459", "classIds": ["Crex crex", "Scolopax rusticola"], "channels": [[{"startTime": 0.0, "endTime": 2.0, "predictions": {"probabilities": [1.4201145944151236e-17, 0.8860021233558655], "logits": []}, "groundTruth": [0.0, 0.0]}, {"startTime": 5.0, "endTime": 7.0, "predictions": {"probabilities": [5.16006277538893e-16, 0.0013954577734693885], "logits": []}, "groundTruth": [0.0, 1.0]}, {"startTime": 10.0, "endTime": 12.0, "predictions": {"probabilities": [1.8999455532616415e-14, 0.999022364616394], "logits": []}, "groundTruth": [0.0, 0.0]}, {"startTime": 11.0, "endTime": 13.0, "predictions": {"probabilities": [2.1658778150959387e-14, 0.9774370193481445], "logits": []}, "groundTruth": [0.0, 0.0]}]]}