{"modelName": "devise-221108-v4-ep149", "version": "1", "fileId": "d0390910d9e044b8b2dc749564c22ac1", "classIds": ["Crex crex", "Scolopax rusticola"], "channels": [[{"startTime": 0.0, "endTime": 2.0, "predictions": {"probabilities": [3.9684070666588197e-22, 2.693449687285465e-06], "logits": []}, "groundTruth": [0.0, 0.0]}, {"startTime": 5.0, "endTime": 7.0, "predictions": {"probabilities": [5.080019303382644e-18, 6.163173384265974e-05], "logits": []}, "groundTruth": [0.0, 0.0]}, {"startTime": 10.0, "endTime": 12.0, "predictions": {"probabilities": [2.141181087841807e-20, 1.6507085092598572e-05], "logits": []}, "groundTruth": [0.0, 0.0]}, {"startTime": 11.0, "endTime": 13.0, "predictions": {"probabilities": [1.0494541347494994e-17, 0.10208059847354889], "logits": []}, "groundTruth": [0.0, 0.0]}]]}