{"modelName": "devise-221108-v4-ep149", "version": "1", "fileId": "d237c7ba67d448169d4a7e2df99952c5", "classIds": ["Crex crex", "Scolopax rusticola"], "channels": [[{"startTime": 0.0, "endTime": 2.0, "predictions": {"probabilities": [2.879924169879868e-19, 0.0003984570794273168], "logits": []}, "groundTruth": [0.0, 0.0]}, {"startTime": 5.0, "endTime": 7.0, "predictions": {"probabilities": [2.7417106543862015e-17, 0.004126211162656546], "logits": []}, "groundTruth": [0.0, 1.0]}, {"startTime": 10.0, "endTime": 12.0, "predictions": {"probabilities": [2.888781464782721e-19, 0.8791142106056213], "logits": []}, "groundTruth": [0.0, 0.0]}, {"startTime": 11.0, "endTime": 13.0, "predictions": {"probabilities": [2.4188405546108285e-17, 0.999947190284729], "logits": []}, "groundTruth": [0.0, 0.0]}]]}