{"modelName": "devise-221108-v4-ep149", "version": "1", "fileId": "de85bb78221542c09007513cf6a93ed2", "classIds": ["Crex crex", "Scolopax rusticola"], "channels": [[{"startTime": 0.0, "endTime": 2.0, "predictions": {"probabilities": [2.512723773748478e-23, 0.000352204660885036], "logits": []}, "groundTruth": [0.0, 0.0]}, {"startTime": 5.0, "endTime": 7.0, "predictions": {"probabilities": [0.0, 1.0747872210281617e-11], "logits": []}, "groundTruth": [0.0, 0.0]}, {"startTime": 10.0, "endTime": 12.0, "predictions": {"probabilities": [6.270361503583747e-16, 0.0465879961848259], "logits": []}, "groundTruth": [0.0, 0.0]}, {"startTime": 15.0, "endTime": 17.0, "predictions": {"probabilities": [1.4337162767790934e-18, 0.04310465231537819], "logits": []}, "groundTruth": [0.0, 0.0]}]]}