{"modelName": "devise-221108-v4-ep149", "version": "1", "fileId": "df3a1f2395094a6f93ea57ed5e2ec45c", "classIds": ["Crex crex", "Scolopax rusticola"], "channels": [[{"startTime": 0.0, "endTime": 2.0, "predictions": {"probabilities": [8.443839840606605e-17, 0.0035482158418744802], "logits": []}, "groundTruth": [0.0, 0.0]}, {"startTime": 5.0, "endTime": 7.0, "predictions": {"probabilities": [2.4484634222996134e-14, 0.017005758360028267], "logits": []}, "groundTruth": [0.0, 0.0]}, {"startTime": 7.0, "endTime": 9.0, "predictions": {"probabilities": [1.3740399910802756e-14, 0.0018553134286776185], "logits": []}, "groundTruth": [0.0, 0.0]}]]}