{"modelName": "devise-221108-v4-ep149", "version": "1", "fileId": "e72a4d7c8d174c04830b1cf9de796280", "classIds": ["Crex crex", "Scolopax rusticola"], "channels": [[{"startTime": 0.0, "endTime": 2.0, "predictions": {"probabilities": [5.509058349107831e-16, 0.010383198037743568], "logits": []}, "groundTruth": [0.0, 0.0]}, {"startTime": 5.0, "endTime": 7.0, "predictions": {"probabilities": [1.332142348083333e-16, 0.0017688213847577572], "logits": []}, "groundTruth": [0.0, 0.0]}, {"startTime": 10.0, "endTime": 12.0, "predictions": {"probabilities": [5.591119430433419e-16, 0.10652174800634384], "logits": []}, "groundTruth": [0.0, 0.0]}, {"startTime": 15.0, "endTime": 17.0, "predictions": {"probabilities": [5.219510988698585e-17, 0.00017045375716406852], "logits": []}, "groundTruth": [0.0, 0.0]}]]}