{"modelName": "devise-221108-v4-ep149", "version": "1", "fileId": "e757af6858d0462c92914c84e94b3b83", "classIds": ["Crex crex", "Scolopax rusticola"], "channels": [[{"startTime": 0.0, "endTime": 2.0, "predictions": {"probabilities": [2.7500480016909693e-25, 1.3648863372850428e-08], "logits": []}, "groundTruth": [0.0, 0.0]}, {"startTime": 5.0, "endTime": 7.0, "predictions": {"probabilities": [1.0648264592531848e-17, 2.7337231585988775e-05], "logits": []}, "groundTruth": [0.0, 0.0]}, {"startTime": 10.0, "endTime": 12.0, "predictions": {"probabilities": [6.114920787576952e-19, 4.137949144933373e-05], "logits": []}, "groundTruth": [0.0, 0.0]}, {"startTime": 12.0, "endTime": 14.0, "predictions": {"probabilities": [1.5835872377913747e-25, 2.7984754513710186e-09], "logits": []}, "groundTruth": [0.0, 0.0]}]]}