{"modelName": "devise-221108-v4-ep149", "version": "1", "fileId": "f688bcdc121547d286347f77d5c16b2b", "classIds": ["Crex crex", "Scolopax rusticola"], "channels": [[{"startTime": 0.0, "endTime": 2.0, "predictions": {"probabilities": [3.407426423039854e-20, 7.128666766220704e-05], "logits": []}, "groundTruth": [0.0, 0.0]}, {"startTime": 5.0, "endTime": 7.0, "predictions": {"probabilities": [6.541491191346132e-17, 0.9999752044677734], "logits": []}, "groundTruth": [0.0, 1.0]}, {"startTime": 10.0, "endTime": 12.0, "predictions": {"probabilities": [2.272362180895187e-15, 0.004025182221084833], "logits": []}, "groundTruth": [0.0, 1.0]}, {"startTime": 13.0, "endTime": 15.0, "predictions": {"probabilities": [5.2769170055724096e-14, 0.00824656616896391], "logits": []}, "groundTruth": [0.0, 0.0]}]]}