{"modelName": "devise-221108-v4-ep149", "version": "1", "fileId": "f726c9e46db14da2b90954db2cb8a2d3", "classIds": ["Crex crex", "Scolopax rusticola"], "channels": [[{"startTime": 0.0, "endTime": 2.0, "predictions": {"probabilities": [6.571437522689773e-22, 0.0073153055272996426], "logits": []}, "groundTruth": [0.0, 0.0]}, {"startTime": 5.0, "endTime": 7.0, "predictions": {"probabilities": [5.37005188380331e-19, 1.990176497201901e-05], "logits": []}, "groundTruth": [0.0, 0.0]}, {"startTime": 10.0, "endTime": 12.0, "predictions": {"probabilities": [9.279119378701223e-25, 2.319456143595744e-06], "logits": []}, "groundTruth": [0.0, 0.0]}]]}