{"modelName": "devise-221108-v4-ep149", "version": "1", "fileId": "f804a003bb444f098276024df3ed7808", "classIds": ["Crex crex", "Scolopax rusticola"], "channels": [[{"startTime": 0.0, "endTime": 2.0, "predictions": {"probabilities": [8.148985960437491e-21, 8.542780847164977e-07], "logits": []}, "groundTruth": [0.0, 0.0]}, {"startTime": 5.0, "endTime": 7.0, "predictions": {"probabilities": [1.1318083230045314e-24, 9.224422115039488e-07], "logits": []}, "groundTruth": [0.0, 1.0]}, {"startTime": 10.0, "endTime": 12.0, "predictions": {"probabilities": [5.419051271556384e-18, 0.13626021146774292], "logits": []}, "groundTruth": [0.0, 1.0]}, {"startTime": 13.0, "endTime": 15.0, "predictions": {"probabilities": [2.4302512113080254e-19, 1.0904345799644943e-05], "logits": []}, "groundTruth": [0.0, 0.0]}]]}