{"modelName": "devise-221117-v1-ep150", "version": "1", "fileId": "00747704ba28469f9943f690d38d88e1", "classIds": ["Crex crex", "Scolopax rusticola"], "channels": [[{"startTime": 0.0, "endTime": 5.0, "predictions": {"probabilities": [0.00024273153394460678, 0.3499390482902527], "logits": []}, "groundTruth": [0.0, 0.0]}, {"startTime": 5.0, "endTime": 10.0, "predictions": {"probabilities": [0.00038757218862883747, 0.49566975235939026], "logits": []}, "groundTruth": [0.0, 0.0]}, {"startTime": 10.0, "endTime": 15.0, "predictions": {"probabilities": [0.00053295778343454, 0.6785005331039429], "logits": []}, "groundTruth": [0.0, 0.0]}, {"startTime": 15.0, "endTime": 20.0, "predictions": {"probabilities": [0.0002778817724902183, 0.38807445764541626], "logits": []}, "groundTruth": [0.0, 0.0]}]]}