{"modelName": "devise-221117-v1-ep150", "version": "1", "fileId": "00c1d3a5b09a422eab1735cbc5111fd5", "classIds": ["Crex crex", "Scolopax rusticola"], "channels": [[{"startTime": 0.0, "endTime": 5.0, "predictions": {"probabilities": [-7.906908988952637, 0.206272691488266], "logits": [NaN, -1.3475408554077148]}, "groundTruth": [0.0, 0.0]}, {"startTime": 5.0, "endTime": 10.0, "predictions": {"probabilities": [-8.007713317871094, -0.01948375813663006], "logits": [NaN, NaN]}, "groundTruth": [0.0, 0.0]}, {"startTime": 10.0, "endTime": 15.0, "predictions": {"probabilities": [-8.652960777282715, -0.7147889733314514], "logits": [NaN, NaN]}, "groundTruth": [0.0, 0.0]}, {"startTime": 15.0, "endTime": 20.0, "predictions": {"probabilities": [-8.014311790466309, 0.1559569239616394], "logits": [NaN, -1.6886236667633057]}, "groundTruth": [0.0, 0.0]}]]}