{"modelName": "devise-221117-v1-ep150", "version": "1", "fileId": "0129ca75bcc047c684387947e297bb84", "classIds": ["Crex crex", "Scolopax rusticola"], "channels": [[{"startTime": 0.0, "endTime": 5.0, "predictions": {"probabilities": [-13.684224128723145, -6.9056806564331055], "logits": [NaN, NaN]}, "groundTruth": [0.0, 0.0]}, {"startTime": 5.0, "endTime": 10.0, "predictions": {"probabilities": [-8.1517333984375, -0.1859007328748703], "logits": [NaN, NaN]}, "groundTruth": [0.0, 0.0]}, {"startTime": 10.0, "endTime": 15.0, "predictions": {"probabilities": [-10.222214698791504, -2.945863962173462], "logits": [NaN, NaN]}, "groundTruth": [0.0, 0.0]}, {"startTime": 15.0, "endTime": 20.0, "predictions": {"probabilities": [-11.536965370178223, -4.66241455078125], "logits": [NaN, NaN]}, "groundTruth": [0.0, 0.0]}]]}