{"modelName": "devise-221117-v1-ep150", "version": "1", "fileId": "0170128c4ef044048cf34ba51d3edb66", "classIds": ["Crex crex", "Scolopax rusticola"], "channels": [[{"startTime": 0.0, "endTime": 5.0, "predictions": {"probabilities": [-11.500517845153809, -4.794213771820068], "logits": [NaN, NaN]}, "groundTruth": [0.0, 0.0]}, {"startTime": 5.0, "endTime": 10.0, "predictions": {"probabilities": [-9.117548942565918, -1.371949553489685], "logits": [NaN, NaN]}, "groundTruth": [0.0, 0.0]}, {"startTime": 10.0, "endTime": 15.0, "predictions": {"probabilities": [-10.116976737976074, -2.676391839981079], "logits": [NaN, NaN]}, "groundTruth": [0.0, 0.0]}, {"startTime": 15.0, "endTime": 20.0, "predictions": {"probabilities": [-9.764698028564453, -2.796332836151123], "logits": [NaN, NaN]}, "groundTruth": [0.0, 0.0]}]]}