{"modelName": "devise-221117-v1-ep150", "version": "1", "fileId": "01e6d70f2cb64406a4af07323c9504b0", "classIds": ["Crex crex", "Scolopax rusticola"], "channels": [[{"startTime": 0.0, "endTime": 5.0, "predictions": {"probabilities": [-10.061432838439941, -2.9539754390716553], "logits": [NaN, NaN]}, "groundTruth": [0.0, 0.0]}, {"startTime": 5.0, "endTime": 10.0, "predictions": {"probabilities": [-10.495308876037598, -3.8297388553619385], "logits": [NaN, NaN]}, "groundTruth": [0.0, 0.0]}, {"startTime": 10.0, "endTime": 15.0, "predictions": {"probabilities": [-9.716714859008789, -2.429292678833008], "logits": [NaN, NaN]}, "groundTruth": [0.0, 0.0]}, {"startTime": 15.0, "endTime": 20.0, "predictions": {"probabilities": [-19.368614196777344, 20.59103012084961], "logits": [NaN, NaN]}, "groundTruth": [0.0, 0.0]}]]}