{"modelName": "devise-221117-v1-ep150", "version": "1", "fileId": "01e6d70f2cb64406a4af07323c9504b0", "classIds": ["Crex crex", "Scolopax rusticola"], "channels": [[{"startTime": 0.0, "endTime": 5.0, "predictions": {"probabilities": [4.2693001887528226e-05, 0.049548953771591187], "logits": []}, "groundTruth": [0.0, 0.0]}, {"startTime": 5.0, "endTime": 10.0, "predictions": {"probabilities": [2.766516263363883e-05, 0.021253755316138268], "logits": []}, "groundTruth": [0.0, 0.0]}, {"startTime": 10.0, "endTime": 15.0, "predictions": {"probabilities": [6.0264028434176e-05, 0.08096608519554138], "logits": []}, "groundTruth": [0.0, 0.0]}, {"startTime": 15.0, "endTime": 20.0, "predictions": {"probabilities": [3.875410659048839e-09, 1.0], "logits": []}, "groundTruth": [0.0, 0.0]}]]}