{"modelName": "devise-221117-v1-ep150", "version": "1", "fileId": "01f8dcad73304e878632df881c0eaa07", "classIds": ["Crex crex", "Scolopax rusticola"], "channels": [[{"startTime": 0.0, "endTime": 5.0, "predictions": {"probabilities": [7.617501250933856e-05, 0.1357356458902359], "logits": []}, "groundTruth": [0.0, 0.0]}, {"startTime": 5.0, "endTime": 10.0, "predictions": {"probabilities": [0.0004986368585377932, 0.600922703742981], "logits": []}, "groundTruth": [0.0, 0.0]}, {"startTime": 10.0, "endTime": 15.0, "predictions": {"probabilities": [0.00015121571777854115, 0.17151831090450287], "logits": []}, "groundTruth": [0.0, 0.0]}, {"startTime": 15.0, "endTime": 20.0, "predictions": {"probabilities": [0.00016677136591169983, 0.43697935342788696], "logits": []}, "groundTruth": [0.0, 0.0]}]]}