{"modelName": "devise-221117-v1-ep150", "version": "1", "fileId": "01fada5e14604c35899f496799830099", "classIds": ["Crex crex", "Scolopax rusticola"], "channels": [[{"startTime": 0.0, "endTime": 5.0, "predictions": {"probabilities": [0.00019909483671654016, 0.3766925036907196], "logits": []}, "groundTruth": [0.0, 0.0]}, {"startTime": 5.0, "endTime": 10.0, "predictions": {"probabilities": [0.00014072748308535665, 0.30850180983543396], "logits": []}, "groundTruth": [0.0, 0.0]}, {"startTime": 10.0, "endTime": 15.0, "predictions": {"probabilities": [0.0001940201036632061, 0.4001217186450958], "logits": []}, "groundTruth": [0.0, 0.0]}, {"startTime": 15.0, "endTime": 20.0, "predictions": {"probabilities": [5.4477415687870234e-05, 0.6192194819450378], "logits": []}, "groundTruth": [0.0, 0.0]}]]}