{"modelName": "devise-221117-v1-ep150", "version": "1", "fileId": "022cac24d5224814ad4447ac3ceefe2b", "classIds": ["Crex crex", "Scolopax rusticola"], "channels": [[{"startTime": 0.0, "endTime": 5.0, "predictions": {"probabilities": [-10.343677520751953, 5.202815532684326], "logits": [NaN, NaN]}, "groundTruth": [0.0, 0.0]}, {"startTime": 5.0, "endTime": 10.0, "predictions": {"probabilities": [-11.231715202331543, 1.6452394723892212], "logits": [NaN, NaN]}, "groundTruth": [0.0, 0.0]}, {"startTime": 10.0, "endTime": 15.0, "predictions": {"probabilities": [-13.294560432434082, -0.22770744562149048], "logits": [NaN, NaN]}, "groundTruth": [0.0, 0.0]}, {"startTime": 15.0, "endTime": 20.0, "predictions": {"probabilities": [-12.834587097167969, -4.756009578704834], "logits": [NaN, NaN]}, "groundTruth": [0.0, 0.0]}]]}