{"modelName": "devise-221117-v1-ep150", "version": "1", "fileId": "03161351eb65475fac1b7e269d35a14f", "classIds": ["Crex crex", "Scolopax rusticola"], "channels": [[{"startTime": 0.0, "endTime": 5.0, "predictions": {"probabilities": [7.793179975124076e-05, 0.1271355301141739], "logits": []}, "groundTruth": [0.0, 0.0]}, {"startTime": 5.0, "endTime": 10.0, "predictions": {"probabilities": [4.847638410865329e-05, 0.06639448553323746], "logits": []}, "groundTruth": [0.0, 0.0]}, {"startTime": 10.0, "endTime": 15.0, "predictions": {"probabilities": [9.814544318942353e-05, 0.1456286460161209], "logits": []}, "groundTruth": [0.0, 0.0]}, {"startTime": 15.0, "endTime": 20.0, "predictions": {"probabilities": [0.00019811223319265991, 0.35371798276901245], "logits": []}, "groundTruth": [0.0, 0.0]}]]}