{"modelName": "devise-221117-v1-ep150", "version": "1", "fileId": "03568946531446c2affd154a02b10164", "classIds": ["Crex crex", "Scolopax rusticola"], "channels": [[{"startTime": 0.0, "endTime": 5.0, "predictions": {"probabilities": [-8.215104103088379, -0.9516116380691528], "logits": [NaN, NaN]}, "groundTruth": [0.0, 0.0]}, {"startTime": 5.0, "endTime": 10.0, "predictions": {"probabilities": [-8.42790412902832, -1.0002994537353516], "logits": [NaN, NaN]}, "groundTruth": [0.0, 0.0]}, {"startTime": 10.0, "endTime": 15.0, "predictions": {"probabilities": [-7.7357282638549805, -0.3128679096698761], "logits": [NaN, NaN]}, "groundTruth": [0.0, 0.0]}, {"startTime": 15.0, "endTime": 20.0, "predictions": {"probabilities": [-12.155095100402832, 7.185861587524414], "logits": [NaN, NaN]}, "groundTruth": [0.0, 0.0]}]]}