{"modelName": "devise-221117-v1-ep150", "version": "1", "fileId": "0489b49f25354bf48adcce5afd3868b8", "classIds": ["Crex crex", "Scolopax rusticola"], "channels": [[{"startTime": 0.0, "endTime": 5.0, "predictions": {"probabilities": [-10.06412410736084, -2.305121660232544], "logits": [NaN, NaN]}, "groundTruth": [0.0, 0.0]}, {"startTime": 5.0, "endTime": 10.0, "predictions": {"probabilities": [-8.917628288269043, -1.3862533569335938], "logits": [NaN, NaN]}, "groundTruth": [0.0, 0.0]}, {"startTime": 10.0, "endTime": 15.0, "predictions": {"probabilities": [-8.355935096740723, -1.0544461011886597], "logits": [NaN, NaN]}, "groundTruth": [0.0, 0.0]}, {"startTime": 15.0, "endTime": 20.0, "predictions": {"probabilities": [-9.087364196777344, -1.4507884979248047], "logits": [NaN, NaN]}, "groundTruth": [0.0, 0.0]}]]}