{"modelName": "devise-221117-v1-ep150", "version": "1", "fileId": "048a546a76924b6d928bbd0e4d9f94d7", "classIds": ["Crex crex", "Scolopax rusticola"], "channels": [[{"startTime": 0.0, "endTime": 5.0, "predictions": {"probabilities": [-10.963614463806152, 1.2521777153015137], "logits": [NaN, NaN]}, "groundTruth": [0.0, 0.0]}, {"startTime": 5.0, "endTime": 10.0, "predictions": {"probabilities": [-13.556074142456055, 2.338698148727417], "logits": [NaN, NaN]}, "groundTruth": [0.0, 1.0]}, {"startTime": 7.0, "endTime": 12.0, "predictions": {"probabilities": [-9.972821235656738, -2.1636602878570557], "logits": [NaN, NaN]}, "groundTruth": [0.0, 0.0]}]]}