{"modelName": "devise-221117-v1-ep150", "version": "1", "fileId": "04a6e3ecb4b543d58ff596e8e10b7c6d", "classIds": ["Crex crex", "Scolopax rusticola"], "channels": [[{"startTime": 0.0, "endTime": 5.0, "predictions": {"probabilities": [-7.9281792640686035, -0.02731780894100666], "logits": [NaN, NaN]}, "groundTruth": [0.0, 0.0]}, {"startTime": 5.0, "endTime": 10.0, "predictions": {"probabilities": [-10.71342658996582, -3.4802422523498535], "logits": [NaN, NaN]}, "groundTruth": [0.0, 0.0]}, {"startTime": 10.0, "endTime": 15.0, "predictions": {"probabilities": [-8.703566551208496, -1.523288607597351], "logits": [NaN, NaN]}, "groundTruth": [0.0, 0.0]}, {"startTime": 15.0, "endTime": 20.0, "predictions": {"probabilities": [-9.535597801208496, -2.661235809326172], "logits": [NaN, NaN]}, "groundTruth": [0.0, 0.0]}]]}