{"modelName": "devise-221117-v1-ep150", "version": "1", "fileId": "04a911a1b8c94d8fbdf50ab8516de794", "classIds": ["Crex crex", "Scolopax rusticola"], "channels": [[{"startTime": 0.0, "endTime": 5.0, "predictions": {"probabilities": [-8.692736625671387, -0.4060226082801819], "logits": [NaN, NaN]}, "groundTruth": [0.0, 0.0]}, {"startTime": 5.0, "endTime": 10.0, "predictions": {"probabilities": [-10.945134162902832, -3.288731575012207], "logits": [NaN, NaN]}, "groundTruth": [0.0, 0.0]}, {"startTime": 10.0, "endTime": 15.0, "predictions": {"probabilities": [-10.199624061584473, -3.3809616565704346], "logits": [NaN, NaN]}, "groundTruth": [0.0, 0.0]}, {"startTime": 15.0, "endTime": 20.0, "predictions": {"probabilities": [-8.254590034484863, -0.772380530834198], "logits": [NaN, NaN]}, "groundTruth": [0.0, 0.0]}]]}