{"modelName": "devise-221117-v1-ep150", "version": "1", "fileId": "04a911a1b8c94d8fbdf50ab8516de794", "classIds": ["Crex crex", "Scolopax rusticola"], "channels": [[{"startTime": 0.0, "endTime": 5.0, "predictions": {"probabilities": [0.0001677720429142937, 0.3998662233352661], "logits": []}, "groundTruth": [0.0, 0.0]}, {"startTime": 5.0, "endTime": 10.0, "predictions": {"probabilities": [1.764334592735395e-05, 0.035959791392087936], "logits": []}, "groundTruth": [0.0, 0.0]}, {"startTime": 10.0, "endTime": 15.0, "predictions": {"probabilities": [3.71829119103495e-05, 0.03289578855037689], "logits": []}, "groundTruth": [0.0, 0.0]}, {"startTime": 15.0, "endTime": 20.0, "predictions": {"probabilities": [0.00025999450008384883, 0.31596440076828003], "logits": []}, "groundTruth": [0.0, 0.0]}]]}