{"modelName": "devise-221117-v1-ep150", "version": "1", "fileId": "0547394c2e9f4896aa64c8385d79b9b9", "classIds": ["Crex crex", "Scolopax rusticola"], "channels": [[{"startTime": 0.0, "endTime": 5.0, "predictions": {"probabilities": [-8.045385360717773, 0.6766589879989624], "logits": [NaN, 0.7384598851203918]}, "groundTruth": [0.0, 0.0]}, {"startTime": 5.0, "endTime": 10.0, "predictions": {"probabilities": [-7.477845191955566, 1.0799245834350586], "logits": [NaN, NaN]}, "groundTruth": [0.0, 0.0]}, {"startTime": 10.0, "endTime": 15.0, "predictions": {"probabilities": [-12.633953094482422, -5.2173662185668945], "logits": [NaN, NaN]}, "groundTruth": [0.0, 0.0]}, {"startTime": 15.0, "endTime": 20.0, "predictions": {"probabilities": [-8.290854454040527, -0.17969782650470734], "logits": [NaN, NaN]}, "groundTruth": [0.0, 0.0]}]]}