{"modelName": "devise-221117-v1-ep150", "version": "1", "fileId": "0547394c2e9f4896aa64c8385d79b9b9", "classIds": ["Crex crex", "Scolopax rusticola"], "channels": [[{"startTime": 0.0, "endTime": 5.0, "predictions": {"probabilities": [0.0003204751410521567, 0.6629925966262817], "logits": []}, "groundTruth": [0.0, 0.0]}, {"startTime": 5.0, "endTime": 10.0, "predictions": {"probabilities": [0.000565155001822859, 0.7464797496795654], "logits": []}, "groundTruth": [0.0, 0.0]}, {"startTime": 10.0, "endTime": 15.0, "predictions": {"probabilities": [3.259436198277399e-06, 0.0053923544473946095], "logits": []}, "groundTruth": [0.0, 0.0]}, {"startTime": 15.0, "endTime": 20.0, "predictions": {"probabilities": [0.00025073718279600143, 0.4551960527896881], "logits": []}, "groundTruth": [0.0, 0.0]}]]}