{"modelName": "devise-221117-v1-ep150", "version": "1", "fileId": "06f75572f1c44670b4f17bd14d10de33", "classIds": ["Crex crex", "Scolopax rusticola"], "channels": [[{"startTime": 0.0, "endTime": 5.0, "predictions": {"probabilities": [-9.55768871307373, -2.0543839931488037], "logits": [NaN, NaN]}, "groundTruth": [0.0, 0.0]}, {"startTime": 5.0, "endTime": 10.0, "predictions": {"probabilities": [-9.586348533630371, 0.8506354689598083], "logits": [NaN, 1.7395938634872437]}, "groundTruth": [0.0, 0.0]}, {"startTime": 10.0, "endTime": 15.0, "predictions": {"probabilities": [-9.064919471740723, -1.3364863395690918], "logits": [NaN, NaN]}, "groundTruth": [0.0, 0.0]}, {"startTime": 15.0, "endTime": 20.0, "predictions": {"probabilities": [-8.901703834533691, -1.1610088348388672], "logits": [NaN, NaN]}, "groundTruth": [0.0, 0.0]}]]}