{"modelName": "devise-221117-v1-ep150", "version": "1", "fileId": "071c1fcbe536462cab0bd005662167d2", "classIds": ["Crex crex", "Scolopax rusticola"], "channels": [[{"startTime": 0.0, "endTime": 5.0, "predictions": {"probabilities": [-14.846455574035645, -7.722181797027588], "logits": [NaN, NaN]}, "groundTruth": [0.0, 0.0]}, {"startTime": 5.0, "endTime": 10.0, "predictions": {"probabilities": [-19.640024185180664, 8.569034576416016], "logits": [NaN, NaN]}, "groundTruth": [0.0, 0.0]}, {"startTime": 10.0, "endTime": 15.0, "predictions": {"probabilities": [-11.969073295593262, -1.3227248191833496], "logits": [NaN, NaN]}, "groundTruth": [0.0, 0.0]}, {"startTime": 15.0, "endTime": 20.0, "predictions": {"probabilities": [-11.005125045776367, -3.527193784713745], "logits": [NaN, NaN]}, "groundTruth": [0.0, 0.0]}]]}