{"modelName": "devise-221117-v1-ep150", "version": "1", "fileId": "07354d71b8fb42cc9f8a8a0138adee90", "classIds": ["Crex crex", "Scolopax rusticola"], "channels": [[{"startTime": 0.0, "endTime": 5.0, "predictions": {"probabilities": [-10.376717567443848, -0.14733856916427612], "logits": [NaN, NaN]}, "groundTruth": [0.0, 0.0]}, {"startTime": 5.0, "endTime": 10.0, "predictions": {"probabilities": [-14.534544944763184, 6.225385665893555], "logits": [NaN, NaN]}, "groundTruth": [0.0, 0.0]}, {"startTime": 10.0, "endTime": 15.0, "predictions": {"probabilities": [-11.969279289245605, 8.351576805114746], "logits": [NaN, NaN]}, "groundTruth": [0.0, 0.0]}, {"startTime": 11.0, "endTime": 16.0, "predictions": {"probabilities": [-12.002372741699219, 7.779635906219482], "logits": [NaN, NaN]}, "groundTruth": [0.0, 0.0]}]]}