{"modelName": "devise-221117-v1-ep150", "version": "1", "fileId": "07d520299edc4de3aadb36b79ecac65d", "classIds": ["Crex crex", "Scolopax rusticola"], "channels": [[{"startTime": 0.0, "endTime": 5.0, "predictions": {"probabilities": [6.188166025822284e-06, 0.9876014590263367], "logits": []}, "groundTruth": [0.0, 0.0]}, {"startTime": 5.0, "endTime": 10.0, "predictions": {"probabilities": [0.0002579151769168675, 0.39206618070602417], "logits": []}, "groundTruth": [0.0, 0.0]}, {"startTime": 10.0, "endTime": 15.0, "predictions": {"probabilities": [5.008707830711501e-06, 0.0033612283878028393], "logits": []}, "groundTruth": [0.0, 0.0]}, {"startTime": 15.0, "endTime": 20.0, "predictions": {"probabilities": [8.247557161666919e-07, 0.9955857992172241], "logits": []}, "groundTruth": [0.0, 0.0]}]]}