{"modelName": "devise-221117-v1-ep150", "version": "1", "fileId": "07d520299edc4de3aadb36b79ecac65d", "classIds": ["Crex crex", "Scolopax rusticola"], "channels": [[{"startTime": 0.0, "endTime": 5.0, "predictions": {"probabilities": [-11.992865562438965, 4.377706527709961], "logits": [NaN, NaN]}, "groundTruth": [0.0, 0.0]}, {"startTime": 5.0, "endTime": 10.0, "predictions": {"probabilities": [-8.262621879577637, -0.43863537907600403], "logits": [NaN, NaN]}, "groundTruth": [0.0, 0.0]}, {"startTime": 10.0, "endTime": 15.0, "predictions": {"probabilities": [-12.204327583312988, -5.692081928253174], "logits": [NaN, NaN]}, "groundTruth": [0.0, 0.0]}, {"startTime": 15.0, "endTime": 20.0, "predictions": {"probabilities": [-14.008177757263184, 5.418517589569092], "logits": [NaN, NaN]}, "groundTruth": [0.0, 0.0]}]]}