{"modelName": "devise-221117-v1-ep150", "version": "1", "fileId": "07fd6787aa6c4a8299d97d94e5a28bfb", "classIds": ["Crex crex", "Scolopax rusticola"], "channels": [[{"startTime": 0.0, "endTime": 5.0, "predictions": {"probabilities": [1.0791326531034429e-05, 0.03336361050605774], "logits": []}, "groundTruth": [0.0, 0.0]}, {"startTime": 5.0, "endTime": 10.0, "predictions": {"probabilities": [7.633782661287114e-05, 0.7373204231262207], "logits": []}, "groundTruth": [0.0, 0.0]}, {"startTime": 10.0, "endTime": 15.0, "predictions": {"probabilities": [0.00010587426368147135, 0.19862237572669983], "logits": []}, "groundTruth": [0.0, 0.0]}, {"startTime": 15.0, "endTime": 20.0, "predictions": {"probabilities": [0.00011427538265706971, 0.5811081528663635], "logits": []}, "groundTruth": [0.0, 0.0]}]]}