{"modelName": "devise-221117-v1-ep150", "version": "1", "fileId": "082f7326b9de48eaa21fa98d6ef82691", "classIds": ["Crex crex", "Scolopax rusticola"], "channels": [[{"startTime": 0.0, "endTime": 5.0, "predictions": {"probabilities": [-7.884547233581543, -0.2829611599445343], "logits": [NaN, NaN]}, "groundTruth": [0.0, 0.0]}, {"startTime": 5.0, "endTime": 10.0, "predictions": {"probabilities": [-8.445128440856934, -0.8288615345954895], "logits": [NaN, NaN]}, "groundTruth": [0.0, 0.0]}, {"startTime": 10.0, "endTime": 15.0, "predictions": {"probabilities": [-10.038047790527344, 5.545170307159424], "logits": [NaN, NaN]}, "groundTruth": [0.0, 0.0]}, {"startTime": 15.0, "endTime": 20.0, "predictions": {"probabilities": [-7.950778484344482, 0.10090042650699615], "logits": [NaN, -2.1872596740722656]}, "groundTruth": [0.0, 0.0]}]]}