{"modelName": "devise-221117-v1-ep150", "version": "1", "fileId": "086b220a11dd48b5bce6c9b2b6af7b54", "classIds": ["Crex crex", "Scolopax rusticola"], "channels": [[{"startTime": 0.0, "endTime": 5.0, "predictions": {"probabilities": [0.00017960074183065444, 0.3991301655769348], "logits": []}, "groundTruth": [0.0, 0.0]}, {"startTime": 5.0, "endTime": 10.0, "predictions": {"probabilities": [0.0002255219005746767, 0.3426588475704193], "logits": []}, "groundTruth": [0.0, 0.0]}, {"startTime": 10.0, "endTime": 15.0, "predictions": {"probabilities": [0.0002586278133094311, 0.3768385350704193], "logits": []}, "groundTruth": [0.0, 0.0]}, {"startTime": 15.0, "endTime": 20.0, "predictions": {"probabilities": [4.985749183106236e-05, 0.07437919080257416], "logits": []}, "groundTruth": [0.0, 0.0]}]]}