{"modelName": "devise-221117-v1-ep150", "version": "1", "fileId": "08a744d618db41089a9a2ad2ac8500ad", "classIds": ["Crex crex", "Scolopax rusticola"], "channels": [[{"startTime": 0.0, "endTime": 5.0, "predictions": {"probabilities": [-8.410667419433594, -0.872058093547821], "logits": [NaN, NaN]}, "groundTruth": [0.0, 0.0]}, {"startTime": 5.0, "endTime": 10.0, "predictions": {"probabilities": [-8.48945140838623, -0.11019174009561539], "logits": [NaN, NaN]}, "groundTruth": [0.0, 0.0]}, {"startTime": 10.0, "endTime": 15.0, "predictions": {"probabilities": [-14.660804748535156, -0.7026820778846741], "logits": [NaN, NaN]}, "groundTruth": [0.0, 0.0]}, {"startTime": 15.0, "endTime": 20.0, "predictions": {"probabilities": [-7.993084907531738, 0.018660996109247208], "logits": [NaN, -3.962482452392578]}, "groundTruth": [0.0, 0.0]}]]}