{"modelName": "devise-221117-v1-ep150", "version": "1", "fileId": "0909bcf2e98543319224f770d1ee603a", "classIds": ["Crex crex", "Scolopax rusticola"], "channels": [[{"startTime": 0.0, "endTime": 5.0, "predictions": {"probabilities": [-7.619919776916504, 0.6313046813011169], "logits": [NaN, 0.5378179550170898]}, "groundTruth": [0.0, 0.0]}, {"startTime": 5.0, "endTime": 10.0, "predictions": {"probabilities": [-9.613115310668945, -1.824153184890747], "logits": [NaN, NaN]}, "groundTruth": [0.0, 0.0]}, {"startTime": 10.0, "endTime": 15.0, "predictions": {"probabilities": [-9.062386512756348, -1.1058262586593628], "logits": [NaN, NaN]}, "groundTruth": [0.0, 0.0]}, {"startTime": 15.0, "endTime": 20.0, "predictions": {"probabilities": [-7.762211799621582, 0.2602086067199707], "logits": [NaN, -1.0448845624923706]}, "groundTruth": [0.0, 0.0]}]]}