{"modelName": "devise-221117-v1-ep150", "version": "1", "fileId": "09192cefb8de41e0bbf803ef67df227f", "classIds": ["Crex crex", "Scolopax rusticola"], "channels": [[{"startTime": 0.0, "endTime": 5.0, "predictions": {"probabilities": [-9.290559768676758, -0.3485194742679596], "logits": [NaN, NaN]}, "groundTruth": [0.0, 0.0]}, {"startTime": 5.0, "endTime": 10.0, "predictions": {"probabilities": [-10.278611183166504, -2.7153947353363037], "logits": [NaN, NaN]}, "groundTruth": [0.0, 0.0]}, {"startTime": 10.0, "endTime": 15.0, "predictions": {"probabilities": [-10.055944442749023, -2.441282272338867], "logits": [NaN, NaN]}, "groundTruth": [0.0, 0.0]}, {"startTime": 15.0, "endTime": 20.0, "predictions": {"probabilities": [-8.805479049682617, -1.3227640390396118], "logits": [NaN, NaN]}, "groundTruth": [0.0, 0.0]}]]}