{"modelName": "devise-221117-v1-ep150", "version": "1", "fileId": "09192cefb8de41e0bbf803ef67df227f", "classIds": ["Crex crex", "Scolopax rusticola"], "channels": [[{"startTime": 0.0, "endTime": 5.0, "predictions": {"probabilities": [9.228286216966808e-05, 0.41374149918556213], "logits": []}, "groundTruth": [0.0, 0.0]}, {"startTime": 5.0, "endTime": 10.0, "predictions": {"probabilities": [3.435903636272997e-05, 0.06207104027271271], "logits": []}, "groundTruth": [0.0, 0.0]}, {"startTime": 10.0, "endTime": 15.0, "predictions": {"probabilities": [4.292794983484782e-05, 0.08007840067148209], "logits": []}, "groundTruth": [0.0, 0.0]}, {"startTime": 15.0, "endTime": 20.0, "predictions": {"probabilities": [0.00014988698239903897, 0.21035879850387573], "logits": []}, "groundTruth": [0.0, 0.0]}]]}