{"modelName": "devise-221117-v1-ep150", "version": "1", "fileId": "0920aacc98654dfd9c65db4572a0f41b", "classIds": ["Crex crex", "Scolopax rusticola"], "channels": [[{"startTime": 0.0, "endTime": 5.0, "predictions": {"probabilities": [1.1093315599453035e-08, 0.9999998807907104], "logits": []}, "groundTruth": [0.0, 0.0]}, {"startTime": 5.0, "endTime": 10.0, "predictions": {"probabilities": [0.0002276285958942026, 0.414029598236084], "logits": []}, "groundTruth": [0.0, 0.0]}, {"startTime": 10.0, "endTime": 15.0, "predictions": {"probabilities": [9.942673204932362e-05, 0.1535376012325287], "logits": []}, "groundTruth": [0.0, 0.0]}, {"startTime": 15.0, "endTime": 20.0, "predictions": {"probabilities": [0.00014554025256074965, 0.25222405791282654], "logits": []}, "groundTruth": [0.0, 0.0]}]]}