{"modelName": "devise-221117-v1-ep150", "version": "1", "fileId": "0920aacc98654dfd9c65db4572a0f41b", "classIds": ["Crex crex", "Scolopax rusticola"], "channels": [[{"startTime": 0.0, "endTime": 5.0, "predictions": {"probabilities": [-18.316923141479492, 16.037569046020508], "logits": [NaN, NaN]}, "groundTruth": [0.0, 0.0]}, {"startTime": 5.0, "endTime": 10.0, "predictions": {"probabilities": [-8.387567520141602, -0.34733182191848755], "logits": [NaN, NaN]}, "groundTruth": [0.0, 0.0]}, {"startTime": 10.0, "endTime": 15.0, "predictions": {"probabilities": [-9.21599006652832, -1.7071202993392944], "logits": [NaN, NaN]}, "groundTruth": [0.0, 0.0]}, {"startTime": 15.0, "endTime": 20.0, "predictions": {"probabilities": [-8.834912300109863, -1.0867855548858643], "logits": [NaN, NaN]}, "groundTruth": [0.0, 0.0]}]]}