{"modelName": "devise-221117-v1-ep150", "version": "1", "fileId": "093c158d9e134d91bac8bd5bee8057f2", "classIds": ["Crex crex", "Scolopax rusticola"], "channels": [[{"startTime": 0.0, "endTime": 5.0, "predictions": {"probabilities": [-9.63702392578125, -2.4713127613067627], "logits": [NaN, NaN]}, "groundTruth": [0.0, 0.0]}, {"startTime": 5.0, "endTime": 10.0, "predictions": {"probabilities": [-12.542519569396973, -5.447421073913574], "logits": [NaN, NaN]}, "groundTruth": [0.0, 0.0]}, {"startTime": 10.0, "endTime": 15.0, "predictions": {"probabilities": [-12.872268676757812, -5.911785125732422], "logits": [NaN, NaN]}, "groundTruth": [0.0, 0.0]}, {"startTime": 15.0, "endTime": 20.0, "predictions": {"probabilities": [-14.902115821838379, -7.980889320373535], "logits": [NaN, NaN]}, "groundTruth": [0.0, 0.0]}]]}