{"modelName": "devise-221117-v1-ep150", "version": "1", "fileId": "0969591ca0304946b5e25df69eb6ccc8", "classIds": ["Crex crex", "Scolopax rusticola"], "channels": [[{"startTime": 0.0, "endTime": 5.0, "predictions": {"probabilities": [2.2288228137767874e-05, 0.08596335351467133], "logits": []}, "groundTruth": [0.0, 0.0]}, {"startTime": 5.0, "endTime": 10.0, "predictions": {"probabilities": [0.00011106269084848464, 0.2068062275648117], "logits": []}, "groundTruth": [0.0, 0.0]}, {"startTime": 10.0, "endTime": 15.0, "predictions": {"probabilities": [6.481594027718529e-05, 0.13296738266944885], "logits": []}, "groundTruth": [0.0, 0.0]}, {"startTime": 15.0, "endTime": 20.0, "predictions": {"probabilities": [2.5388017093064263e-06, 0.004668788518756628], "logits": []}, "groundTruth": [0.0, 0.0]}]]}