{"modelName": "devise-221117-v1-ep150", "version": "1", "fileId": "098573b6e9b54787810788f4ab904e42", "classIds": ["Crex crex", "Scolopax rusticola"], "channels": [[{"startTime": 0.0, "endTime": 5.0, "predictions": {"probabilities": [-13.807708740234375, 6.655982971191406], "logits": [NaN, NaN]}, "groundTruth": [0.0, 0.0]}, {"startTime": 5.0, "endTime": 10.0, "predictions": {"probabilities": [-9.860074043273926, -2.491325616836548], "logits": [NaN, NaN]}, "groundTruth": [0.0, 0.0]}, {"startTime": 10.0, "endTime": 15.0, "predictions": {"probabilities": [-9.321605682373047, 3.2381396293640137], "logits": [NaN, NaN]}, "groundTruth": [0.0, 0.0]}, {"startTime": 15.0, "endTime": 20.0, "predictions": {"probabilities": [-9.815481185913086, -1.717547059059143], "logits": [NaN, NaN]}, "groundTruth": [0.0, 0.0]}]]}