{"modelName": "devise-221117-v1-ep150", "version": "1", "fileId": "098573b6e9b54787810788f4ab904e42", "classIds": ["Crex crex", "Scolopax rusticola"], "channels": [[{"startTime": 0.0, "endTime": 5.0, "predictions": {"probabilities": [1.0078313152916962e-06, 0.9987154006958008], "logits": []}, "groundTruth": [0.0, 0.0]}, {"startTime": 5.0, "endTime": 10.0, "predictions": {"probabilities": [5.221575702307746e-05, 0.07646852731704712], "logits": []}, "groundTruth": [0.0, 0.0]}, {"startTime": 10.0, "endTime": 15.0, "predictions": {"probabilities": [8.946213347371668e-05, 0.9622446298599243], "logits": []}, "groundTruth": [0.0, 0.0]}, {"startTime": 15.0, "endTime": 20.0, "predictions": {"probabilities": [5.45967704965733e-05, 0.15218739211559296], "logits": []}, "groundTruth": [0.0, 0.0]}]]}