{"modelName": "devise-221117-v1-ep150", "version": "1", "fileId": "09f5a17d8d3f496dab269a808f1b2638", "classIds": ["Crex crex", "Scolopax rusticola"], "channels": [[{"startTime": 0.0, "endTime": 5.0, "predictions": {"probabilities": [0.00033862300915643573, 0.7228307127952576], "logits": []}, "groundTruth": [0.0, 0.0]}, {"startTime": 5.0, "endTime": 10.0, "predictions": {"probabilities": [0.00011028457811335102, 0.14172375202178955], "logits": []}, "groundTruth": [0.0, 0.0]}, {"startTime": 10.0, "endTime": 15.0, "predictions": {"probabilities": [6.47285341983661e-05, 0.09052139520645142], "logits": []}, "groundTruth": [0.0, 0.0]}, {"startTime": 15.0, "endTime": 20.0, "predictions": {"probabilities": [4.849344622925855e-05, 0.0384158119559288], "logits": []}, "groundTruth": [0.0, 0.0]}]]}