{"modelName": "devise-221117-v1-ep150", "version": "1", "fileId": "0b83693116ea4d6bbb7aa21beec99000", "classIds": ["Crex crex", "Scolopax rusticola"], "channels": [[{"startTime": 0.0, "endTime": 5.0, "predictions": {"probabilities": [1.1047137377317995e-05, 0.9345168471336365], "logits": []}, "groundTruth": [0.0, 1.0]}, {"startTime": 5.0, "endTime": 10.0, "predictions": {"probabilities": [8.588968967160326e-07, 0.9971156120300293], "logits": []}, "groundTruth": [0.0, 1.0]}, {"startTime": 10.0, "endTime": 15.0, "predictions": {"probabilities": [1.0560857788277644e-07, 0.9999555349349976], "logits": []}, "groundTruth": [0.0, 1.0]}]]}