{"modelName": "devise-221117-v1-ep150", "version": "1", "fileId": "0ba2f0c5bb8649abbad34fd41f0ba3be", "classIds": ["Crex crex", "Scolopax rusticola"], "channels": [[{"startTime": 0.0, "endTime": 5.0, "predictions": {"probabilities": [-8.20565128326416, 0.7728934288024902], "logits": [NaN, 1.2247217893600464]}, "groundTruth": [0.0, 0.0]}, {"startTime": 5.0, "endTime": 10.0, "predictions": {"probabilities": [-9.3577880859375, -1.0423301458358765], "logits": [NaN, NaN]}, "groundTruth": [0.0, 0.0]}, {"startTime": 10.0, "endTime": 15.0, "predictions": {"probabilities": [-10.3865966796875, -2.6492905616760254], "logits": [NaN, NaN]}, "groundTruth": [0.0, 0.0]}, {"startTime": 15.0, "endTime": 20.0, "predictions": {"probabilities": [-11.06124210357666, 4.272823333740234], "logits": [NaN, NaN]}, "groundTruth": [0.0, 0.0]}]]}