{"modelName": "devise-221117-v1-ep150", "version": "1", "fileId": "0bc86f3a84a6430d916c4aefc35f01e1", "classIds": ["Crex crex", "Scolopax rusticola"], "channels": [[{"startTime": 0.0, "endTime": 5.0, "predictions": {"probabilities": [1.6049890518843313e-06, 0.9867299795150757], "logits": []}, "groundTruth": [0.0, 0.0]}, {"startTime": 5.0, "endTime": 10.0, "predictions": {"probabilities": [0.0002920344704762101, 0.3810126781463623], "logits": []}, "groundTruth": [0.0, 0.0]}, {"startTime": 10.0, "endTime": 15.0, "predictions": {"probabilities": [9.164549555862322e-05, 0.1662462055683136], "logits": []}, "groundTruth": [0.0, 0.0]}, {"startTime": 15.0, "endTime": 20.0, "predictions": {"probabilities": [0.00024191041302401572, 0.3325747549533844], "logits": []}, "groundTruth": [0.0, 0.0]}]]}