{"modelName": "devise-221117-v1-ep150", "version": "1", "fileId": "0c698dcfc8c945f4bd4bdf4232f62ea4", "classIds": ["Crex crex", "Scolopax rusticola"], "channels": [[{"startTime": 0.0, "endTime": 5.0, "predictions": {"probabilities": [-9.624102592468262, -2.0721828937530518], "logits": [NaN, NaN]}, "groundTruth": [0.0, 0.0]}, {"startTime": 5.0, "endTime": 10.0, "predictions": {"probabilities": [-8.865274429321289, -0.5908589363098145], "logits": [NaN, NaN]}, "groundTruth": [0.0, 0.0]}, {"startTime": 10.0, "endTime": 15.0, "predictions": {"probabilities": [-11.820280075073242, -4.300594329833984], "logits": [NaN, NaN]}, "groundTruth": [0.0, 0.0]}, {"startTime": 15.0, "endTime": 20.0, "predictions": {"probabilities": [-8.735240936279297, -0.5220497250556946], "logits": [NaN, NaN]}, "groundTruth": [0.0, 0.0]}]]}