{"modelName": "devise-221117-v1-ep150", "version": "1", "fileId": "0d8018886f654b199f705b9de512e34c", "classIds": ["Crex crex", "Scolopax rusticola"], "channels": [[{"startTime": 0.0, "endTime": 5.0, "predictions": {"probabilities": [0.00020089877943973988, 0.29942622780799866], "logits": []}, "groundTruth": [0.0, 0.0]}, {"startTime": 5.0, "endTime": 10.0, "predictions": {"probabilities": [0.00020512950140982866, 0.27101996541023254], "logits": []}, "groundTruth": [0.0, 0.0]}, {"startTime": 10.0, "endTime": 15.0, "predictions": {"probabilities": [8.863260882208124e-05, 0.9754582047462463], "logits": []}, "groundTruth": [0.0, 0.0]}, {"startTime": 15.0, "endTime": 20.0, "predictions": {"probabilities": [4.9270740419160575e-05, 0.07687169313430786], "logits": []}, "groundTruth": [0.0, 0.0]}]]}