{"modelName": "devise-221117-v1-ep150", "version": "1", "fileId": "0d8018886f654b199f705b9de512e34c", "classIds": ["Crex crex", "Scolopax rusticola"], "channels": [[{"startTime": 0.0, "endTime": 5.0, "predictions": {"probabilities": [-8.512508392333984, -0.8500315546989441], "logits": [NaN, NaN]}, "groundTruth": [0.0, 0.0]}, {"startTime": 5.0, "endTime": 10.0, "predictions": {"probabilities": [-8.491663932800293, -0.9894537925720215], "logits": [NaN, NaN]}, "groundTruth": [0.0, 0.0]}, {"startTime": 10.0, "endTime": 15.0, "predictions": {"probabilities": [-9.33092212677002, 3.6825287342071533], "logits": [NaN, NaN]}, "groundTruth": [0.0, 0.0]}, {"startTime": 15.0, "endTime": 20.0, "predictions": {"probabilities": [-9.918130874633789, -2.485630512237549], "logits": [NaN, NaN]}, "groundTruth": [0.0, 0.0]}]]}