{"modelName": "devise-221117-v1-ep150", "version": "1", "fileId": "0dc92fb093f946578589a4481212a616", "classIds": ["Crex crex", "Scolopax rusticola"], "channels": [[{"startTime": 0.0, "endTime": 5.0, "predictions": {"probabilities": [-7.984405040740967, -0.4321272075176239], "logits": [NaN, NaN]}, "groundTruth": [0.0, 0.0]}, {"startTime": 5.0, "endTime": 10.0, "predictions": {"probabilities": [-7.93730354309082, -0.5522214770317078], "logits": [NaN, NaN]}, "groundTruth": [0.0, 0.0]}, {"startTime": 10.0, "endTime": 15.0, "predictions": {"probabilities": [-7.501894950866699, 0.7415787577629089], "logits": [NaN, 1.0541903972625732]}, "groundTruth": [0.0, 0.0]}, {"startTime": 15.0, "endTime": 20.0, "predictions": {"probabilities": [-8.038036346435547, -0.48666197061538696], "logits": [NaN, NaN]}, "groundTruth": [0.0, 0.0]}]]}