{"modelName": "devise-221117-v1-ep150", "version": "1", "fileId": "0e352cc2154b44c98467d3902785294e", "classIds": ["Crex crex", "Scolopax rusticola"], "channels": [[{"startTime": 0.0, "endTime": 5.0, "predictions": {"probabilities": [-8.672542572021484, -0.8235235214233398], "logits": [NaN, NaN]}, "groundTruth": [0.0, 0.0]}, {"startTime": 5.0, "endTime": 10.0, "predictions": {"probabilities": [-7.841432094573975, 0.21425704658031464], "logits": [NaN, -1.2994532585144043]}, "groundTruth": [0.0, 0.0]}, {"startTime": 10.0, "endTime": 15.0, "predictions": {"probabilities": [-10.171902656555176, -2.9344091415405273], "logits": [NaN, NaN]}, "groundTruth": [0.0, 0.0]}, {"startTime": 15.0, "endTime": 20.0, "predictions": {"probabilities": [-9.509634971618652, -1.4186047315597534], "logits": [NaN, NaN]}, "groundTruth": [0.0, 0.0]}]]}