{"modelName": "devise-221117-v1-ep150", "version": "1", "fileId": "0e50a8a229ad4c91a5354ec924fc5a20", "classIds": ["Crex crex", "Scolopax rusticola"], "channels": [[{"startTime": 0.0, "endTime": 5.0, "predictions": {"probabilities": [-10.98581600189209, -4.331063270568848], "logits": [NaN, NaN]}, "groundTruth": [0.0, 0.0]}, {"startTime": 5.0, "endTime": 10.0, "predictions": {"probabilities": [-9.177227973937988, -1.8673025369644165], "logits": [NaN, NaN]}, "groundTruth": [0.0, 0.0]}, {"startTime": 10.0, "endTime": 15.0, "predictions": {"probabilities": [-8.786579132080078, -0.9944968223571777], "logits": [NaN, NaN]}, "groundTruth": [0.0, 0.0]}, {"startTime": 15.0, "endTime": 20.0, "predictions": {"probabilities": [-9.846434593200684, -2.7008612155914307], "logits": [NaN, NaN]}, "groundTruth": [0.0, 0.0]}]]}