{"modelName": "devise-221117-v1-ep150", "version": "1", "fileId": "0e7e2c0248be4f2e8bc56358caaf1325", "classIds": ["Crex crex", "Scolopax rusticola"], "channels": [[{"startTime": 0.0, "endTime": 5.0, "predictions": {"probabilities": [-15.710281372070312, 10.243241310119629], "logits": [NaN, NaN]}, "groundTruth": [0.0, 0.0]}, {"startTime": 5.0, "endTime": 10.0, "predictions": {"probabilities": [-18.06875228881836, 8.224457740783691], "logits": [NaN, NaN]}, "groundTruth": [0.0, 1.0]}, {"startTime": 10.0, "endTime": 15.0, "predictions": {"probabilities": [-14.95831298828125, 12.749150276184082], "logits": [NaN, NaN]}, "groundTruth": [0.0, 1.0]}, {"startTime": 12.0, "endTime": 17.0, "predictions": {"probabilities": [-12.745017051696777, 7.372838497161865], "logits": [NaN, NaN]}, "groundTruth": [0.0, 0.0]}]]}