{"modelName": "devise-221117-v1-ep150", "version": "1", "fileId": "0f13ded4ae7d496c97fce09d4c9d4fac", "classIds": ["Crex crex", "Scolopax rusticola"], "channels": [[{"startTime": 0.0, "endTime": 5.0, "predictions": {"probabilities": [-12.481416702270508, -5.485398292541504], "logits": [NaN, NaN]}, "groundTruth": [0.0, 0.0]}, {"startTime": 5.0, "endTime": 10.0, "predictions": {"probabilities": [-15.023849487304688, -7.497206687927246], "logits": [NaN, NaN]}, "groundTruth": [0.0, 0.0]}, {"startTime": 10.0, "endTime": 15.0, "predictions": {"probabilities": [-11.081647872924805, -3.289893388748169], "logits": [NaN, NaN]}, "groundTruth": [0.0, 0.0]}, {"startTime": 15.0, "endTime": 20.0, "predictions": {"probabilities": [-9.849129676818848, -2.2768163681030273], "logits": [NaN, NaN]}, "groundTruth": [0.0, 0.0]}]]}