{"modelName": "devise-221117-v1-ep150", "version": "1", "fileId": "104681eab82d48898a70f0ea4df2b255", "classIds": ["Crex crex", "Scolopax rusticola"], "channels": [[{"startTime": 0.0, "endTime": 5.0, "predictions": {"probabilities": [-13.085053443908691, -4.825898170471191], "logits": [NaN, NaN]}, "groundTruth": [0.0, 0.0]}, {"startTime": 5.0, "endTime": 10.0, "predictions": {"probabilities": [-11.124197959899902, -0.32532212138175964], "logits": [NaN, NaN]}, "groundTruth": [0.0, 0.0]}, {"startTime": 10.0, "endTime": 15.0, "predictions": {"probabilities": [-11.952664375305176, -3.6411941051483154], "logits": [NaN, NaN]}, "groundTruth": [0.0, 0.0]}, {"startTime": 15.0, "endTime": 20.0, "predictions": {"probabilities": [-14.14930534362793, -6.462405681610107], "logits": [NaN, NaN]}, "groundTruth": [0.0, 0.0]}]]}