{"modelName": "devise-221117-v1-ep150", "version": "1", "fileId": "11471ad720fb43b788e014885099f1af", "classIds": ["Crex crex", "Scolopax rusticola"], "channels": [[{"startTime": 0.0, "endTime": 5.0, "predictions": {"probabilities": [0.00038326039793901145, 0.6599373817443848], "logits": []}, "groundTruth": [0.0, 0.0]}, {"startTime": 5.0, "endTime": 10.0, "predictions": {"probabilities": [0.00045189826050773263, 0.5973913073539734], "logits": []}, "groundTruth": [0.0, 0.0]}, {"startTime": 10.0, "endTime": 15.0, "predictions": {"probabilities": [2.4648961698403582e-05, 0.03031911700963974], "logits": []}, "groundTruth": [0.0, 0.0]}, {"startTime": 15.0, "endTime": 20.0, "predictions": {"probabilities": [0.00039966090116649866, 0.6654072999954224], "logits": []}, "groundTruth": [0.0, 0.0]}]]}