{"modelName": "devise-221117-v1-ep150", "version": "1", "fileId": "11471ad720fb43b788e014885099f1af", "classIds": ["Crex crex", "Scolopax rusticola"], "channels": [[{"startTime": 0.0, "endTime": 5.0, "predictions": {"probabilities": [-7.86641263961792, 0.6630153059959412], "logits": [NaN, 0.6767605543136597]}, "groundTruth": [0.0, 0.0]}, {"startTime": 5.0, "endTime": 10.0, "predictions": {"probabilities": [-7.701601505279541, 0.3946071267127991], "logits": [NaN, -0.4279870092868805]}, "groundTruth": [0.0, 0.0]}, {"startTime": 10.0, "endTime": 15.0, "predictions": {"probabilities": [-10.610751152038574, -3.465188503265381], "logits": [NaN, NaN]}, "groundTruth": [0.0, 0.0]}, {"startTime": 15.0, "endTime": 20.0, "predictions": {"probabilities": [-7.824494361877441, 0.6874853372573853], "logits": [NaN, 0.7883890867233276]}, "groundTruth": [0.0, 0.0]}]]}