{"modelName": "devise-221117-v1-ep150", "version": "1", "fileId": "1194a97d244a4082a5b7b72adccca5b6", "classIds": ["Crex crex", "Scolopax rusticola"], "channels": [[{"startTime": 0.0, "endTime": 5.0, "predictions": {"probabilities": [9.146771844825707e-06, 0.008496214635670185], "logits": []}, "groundTruth": [0.0, 0.0]}, {"startTime": 5.0, "endTime": 10.0, "predictions": {"probabilities": [9.68003150774166e-05, 0.09651093184947968], "logits": []}, "groundTruth": [0.0, 0.0]}, {"startTime": 10.0, "endTime": 15.0, "predictions": {"probabilities": [2.9258981157909147e-06, 0.0038369973190128803], "logits": []}, "groundTruth": [0.0, 0.0]}, {"startTime": 15.0, "endTime": 20.0, "predictions": {"probabilities": [1.5338711818912998e-05, 0.019859489053487778], "logits": []}, "groundTruth": [0.0, 0.0]}]]}