{"modelName": "devise-221117-v1-ep150", "version": "1", "fileId": "11f2a5445fc84e06868e805c723273ae", "classIds": ["Crex crex", "Scolopax rusticola"], "channels": [[{"startTime": 0.0, "endTime": 5.0, "predictions": {"probabilities": [0.00032441047369502485, 0.4823071360588074], "logits": []}, "groundTruth": [0.0, 0.0]}, {"startTime": 5.0, "endTime": 10.0, "predictions": {"probabilities": [0.00014519122487399727, 0.4572211503982544], "logits": []}, "groundTruth": [0.0, 0.0]}, {"startTime": 10.0, "endTime": 15.0, "predictions": {"probabilities": [1.1099780749646015e-05, 0.03070703148841858], "logits": []}, "groundTruth": [0.0, 0.0]}, {"startTime": 15.0, "endTime": 20.0, "predictions": {"probabilities": [6.686706456093816e-06, 0.013080070726573467], "logits": []}, "groundTruth": [0.0, 0.0]}]]}