{"modelName": "devise-221117-v1-ep150", "version": "1", "fileId": "1233750416ed4e47b696ab3b7571dfcb", "classIds": ["Crex crex", "Scolopax rusticola"], "channels": [[{"startTime": 0.0, "endTime": 5.0, "predictions": {"probabilities": [-8.67376708984375, 0.15269511938095093], "logits": [NaN, -1.7136173248291016]}, "groundTruth": [0.0, 0.0]}, {"startTime": 5.0, "endTime": 10.0, "predictions": {"probabilities": [-9.767827033996582, -1.3292791843414307], "logits": [NaN, NaN]}, "groundTruth": [0.0, 0.0]}, {"startTime": 10.0, "endTime": 15.0, "predictions": {"probabilities": [-12.052769660949707, -4.448863983154297], "logits": [NaN, NaN]}, "groundTruth": [0.0, 0.0]}, {"startTime": 15.0, "endTime": 20.0, "predictions": {"probabilities": [-8.14023494720459, 0.422853022813797], "logits": [NaN, -0.31107231974601746]}, "groundTruth": [0.0, 0.0]}]]}