{"modelName": "devise-221117-v1-ep150", "version": "1", "fileId": "1258c7046cf14ce6bb9dd2b25b278d39", "classIds": ["Crex crex", "Scolopax rusticola"], "channels": [[{"startTime": 0.0, "endTime": 5.0, "predictions": {"probabilities": [-9.016390800476074, 0.3216228783130646], "logits": [NaN, -0.7463237643241882]}, "groundTruth": [0.0, 0.0]}, {"startTime": 5.0, "endTime": 10.0, "predictions": {"probabilities": [-9.46470832824707, -2.2184720039367676], "logits": [NaN, NaN]}, "groundTruth": [0.0, 0.0]}, {"startTime": 10.0, "endTime": 15.0, "predictions": {"probabilities": [-9.44979476928711, -0.5463781356811523], "logits": [NaN, NaN]}, "groundTruth": [0.0, 0.0]}, {"startTime": 15.0, "endTime": 20.0, "predictions": {"probabilities": [-18.233530044555664, 8.726893424987793], "logits": [NaN, NaN]}, "groundTruth": [0.0, 0.0]}]]}