{"modelName": "devise-221117-v1-ep150", "version": "1", "fileId": "12709f11159f41eaa06e5ed33611180b", "classIds": ["Crex crex", "Scolopax rusticola"], "channels": [[{"startTime": 0.0, "endTime": 5.0, "predictions": {"probabilities": [-7.163511276245117, 1.4338871240615845], "logits": [NaN, NaN]}, "groundTruth": [0.0, 0.0]}, {"startTime": 5.0, "endTime": 10.0, "predictions": {"probabilities": [-12.38644027709961, -5.647043704986572], "logits": [NaN, NaN]}, "groundTruth": [0.0, 0.0]}, {"startTime": 10.0, "endTime": 15.0, "predictions": {"probabilities": [-10.402166366577148, -3.3457720279693604], "logits": [NaN, NaN]}, "groundTruth": [0.0, 0.0]}, {"startTime": 15.0, "endTime": 20.0, "predictions": {"probabilities": [-9.502168655395508, 2.0129425525665283], "logits": [NaN, NaN]}, "groundTruth": [0.0, 0.0]}]]}