{"modelName": "devise-221117-v1-ep150", "version": "1", "fileId": "129369f4635842c0ad330e2cd56ec889", "classIds": ["Crex crex", "Scolopax rusticola"], "channels": [[{"startTime": 0.0, "endTime": 5.0, "predictions": {"probabilities": [-7.23674201965332, 1.3255431652069092], "logits": [NaN, NaN]}, "groundTruth": [0.0, 0.0]}, {"startTime": 5.0, "endTime": 10.0, "predictions": {"probabilities": [-10.648715019226074, -2.8866961002349854], "logits": [NaN, NaN]}, "groundTruth": [0.0, 0.0]}, {"startTime": 10.0, "endTime": 15.0, "predictions": {"probabilities": [-8.79863452911377, -1.5039591789245605], "logits": [NaN, NaN]}, "groundTruth": [0.0, 0.0]}, {"startTime": 15.0, "endTime": 20.0, "predictions": {"probabilities": [-8.191840171813965, -0.1421852707862854], "logits": [NaN, NaN]}, "groundTruth": [0.0, 0.0]}]]}