{"modelName": "devise-221117-v1-ep150", "version": "1", "fileId": "129369f4635842c0ad330e2cd56ec889", "classIds": ["Crex crex", "Scolopax rusticola"], "channels": [[{"startTime": 0.0, "endTime": 5.0, "predictions": {"probabilities": [0.0007191350450739264, 0.790102481842041], "logits": []}, "groundTruth": [0.0, 0.0]}, {"startTime": 5.0, "endTime": 10.0, "predictions": {"probabilities": [2.3730752218398266e-05, 0.05281515419483185], "logits": []}, "groundTruth": [0.0, 0.0]}, {"startTime": 10.0, "endTime": 15.0, "predictions": {"probabilities": [0.00015091625391505659, 0.18183577060699463], "logits": []}, "groundTruth": [0.0, 0.0]}, {"startTime": 15.0, "endTime": 20.0, "predictions": {"probabilities": [0.000276827224297449, 0.46451348066329956], "logits": []}, "groundTruth": [0.0, 0.0]}]]}