{"modelName": "devise-221117-v1-ep150", "version": "1", "fileId": "1354270448594ebda5249460594ef4b0", "classIds": ["Crex crex", "Scolopax rusticola"], "channels": [[{"startTime": 0.0, "endTime": 5.0, "predictions": {"probabilities": [2.6134234758501407e-06, 0.7924425005912781], "logits": []}, "groundTruth": [0.0, 0.0]}, {"startTime": 5.0, "endTime": 10.0, "predictions": {"probabilities": [9.29692930640158e-07, 0.9996856451034546], "logits": []}, "groundTruth": [0.0, 1.0]}, {"startTime": 10.0, "endTime": 15.0, "predictions": {"probabilities": [5.934367095505877e-07, 0.9999898672103882], "logits": []}, "groundTruth": [0.0, 1.0]}, {"startTime": 15.0, "endTime": 20.0, "predictions": {"probabilities": [3.704743903654162e-06, 0.9986459612846375], "logits": []}, "groundTruth": [0.0, 1.0]}]]}