{"modelName": "devise-221117-v1-ep150", "version": "1", "fileId": "1472af877ce944acb2439d1855f2d2a5", "classIds": ["Crex crex", "Scolopax rusticola"], "channels": [[{"startTime": 0.0, "endTime": 5.0, "predictions": {"probabilities": [-11.698728561401367, -4.4597063064575195], "logits": [NaN, NaN]}, "groundTruth": [0.0, 0.0]}, {"startTime": 5.0, "endTime": 10.0, "predictions": {"probabilities": [-9.572150230407715, -2.2684810161590576], "logits": [NaN, NaN]}, "groundTruth": [0.0, 0.0]}, {"startTime": 10.0, "endTime": 15.0, "predictions": {"probabilities": [-9.988826751708984, 3.3655858039855957], "logits": [NaN, NaN]}, "groundTruth": [0.0, 0.0]}, {"startTime": 15.0, "endTime": 20.0, "predictions": {"probabilities": [-9.561888694763184, 0.3884250521659851], "logits": [NaN, -0.45393723249435425]}, "groundTruth": [0.0, 0.0]}]]}