{"modelName": "devise-221117-v1-ep150", "version": "1", "fileId": "148d914a379649a58b184262cefc411e", "classIds": ["Crex crex", "Scolopax rusticola"], "channels": [[{"startTime": 0.0, "endTime": 5.0, "predictions": {"probabilities": [-8.261739730834961, -0.0627807155251503], "logits": [NaN, NaN]}, "groundTruth": [0.0, 0.0]}, {"startTime": 5.0, "endTime": 10.0, "predictions": {"probabilities": [-8.18126106262207, 0.10244528204202652], "logits": [NaN, -2.1703453063964844]}, "groundTruth": [0.0, 0.0]}]]}