{"modelName": "devise-221117-v1-ep150", "version": "1", "fileId": "148d914a379649a58b184262cefc411e", "classIds": ["Crex crex", "Scolopax rusticola"], "channels": [[{"startTime": 0.0, "endTime": 5.0, "predictions": {"probabilities": [0.0002581427397672087, 0.48430997133255005], "logits": []}, "groundTruth": [0.0, 0.0]}, {"startTime": 5.0, "endTime": 10.0, "predictions": {"probabilities": [0.00027977049467153847, 0.5255889892578125], "logits": []}, "groundTruth": [0.0, 0.0]}]]}