{"modelName": "devise-221117-v1-ep150", "version": "1", "fileId": "15de5c4c1fe044cd82f081d2a0951ae3", "classIds": ["Crex crex", "Scolopax rusticola"], "channels": [[{"startTime": 0.0, "endTime": 5.0, "predictions": {"probabilities": [-8.69587516784668, -0.9781054854393005], "logits": [NaN, NaN]}, "groundTruth": [0.0, 0.0]}, {"startTime": 5.0, "endTime": 10.0, "predictions": {"probabilities": [-9.000422477722168, -1.562292456626892], "logits": [NaN, NaN]}, "groundTruth": [0.0, 0.0]}, {"startTime": 10.0, "endTime": 15.0, "predictions": {"probabilities": [-9.061932563781738, -1.3655765056610107], "logits": [NaN, NaN]}, "groundTruth": [0.0, 0.0]}, {"startTime": 15.0, "endTime": 20.0, "predictions": {"probabilities": [-8.05354118347168, -0.6243710517883301], "logits": [NaN, NaN]}, "groundTruth": [0.0, 0.0]}]]}