{"modelName": "devise-221117-v1-ep150", "version": "1", "fileId": "1605328712b94b758f2baf3733ca7b42", "classIds": ["Crex crex", "Scolopax rusticola"], "channels": [[{"startTime": 0.0, "endTime": 5.0, "predictions": {"probabilities": [0.00040732533670961857, 0.4297066628932953], "logits": []}, "groundTruth": [0.0, 0.0]}, {"startTime": 5.0, "endTime": 10.0, "predictions": {"probabilities": [0.00012919965956825763, 0.10037391632795334], "logits": []}, "groundTruth": [0.0, 0.0]}, {"startTime": 10.0, "endTime": 15.0, "predictions": {"probabilities": [0.0001097138665500097, 0.2321193665266037], "logits": []}, "groundTruth": [0.0, 0.0]}, {"startTime": 15.0, "endTime": 20.0, "predictions": {"probabilities": [0.00023472994507756084, 0.37654027342796326], "logits": []}, "groundTruth": [0.0, 0.0]}]]}