{"modelName": "devise-221117-v1-ep150", "version": "1", "fileId": "174d3727f15c432b8aafd464f8ce2e62", "classIds": ["Crex crex", "Scolopax rusticola"], "channels": [[{"startTime": 0.0, "endTime": 5.0, "predictions": {"probabilities": [0.0002562489244155586, 0.24964192509651184], "logits": []}, "groundTruth": [0.0, 0.0]}, {"startTime": 5.0, "endTime": 10.0, "predictions": {"probabilities": [0.00024312619643751532, 0.2386137843132019], "logits": []}, "groundTruth": [0.0, 0.0]}, {"startTime": 10.0, "endTime": 15.0, "predictions": {"probabilities": [0.0004338262078817934, 0.34581196308135986], "logits": []}, "groundTruth": [0.0, 0.0]}, {"startTime": 15.0, "endTime": 20.0, "predictions": {"probabilities": [0.00044958002399653196, 0.4699706733226776], "logits": []}, "groundTruth": [0.0, 0.0]}]]}