{"modelName": "devise-221117-v1-ep150", "version": "1", "fileId": "17a15b18feab464db5cfdca0d8799123", "classIds": ["Crex crex", "Scolopax rusticola"], "channels": [[{"startTime": 0.0, "endTime": 5.0, "predictions": {"probabilities": [-9.223518371582031, -0.08525686711072922], "logits": [NaN, NaN]}, "groundTruth": [0.0, 0.0]}, {"startTime": 5.0, "endTime": 10.0, "predictions": {"probabilities": [-14.26968765258789, 11.827475547790527], "logits": [NaN, NaN]}, "groundTruth": [0.0, 1.0]}, {"startTime": 10.0, "endTime": 15.0, "predictions": {"probabilities": [-13.467607498168945, 10.316486358642578], "logits": [NaN, NaN]}, "groundTruth": [0.0, 1.0]}, {"startTime": 11.0, "endTime": 16.0, "predictions": {"probabilities": [-12.679034233093262, 6.376440048217773], "logits": [NaN, NaN]}, "groundTruth": [0.0, 1.0]}]]}