{"modelName": "devise-221117-v1-ep150", "version": "1", "fileId": "17df83273d2c49efb4a8d0d7de46214c", "classIds": ["Crex crex", "Scolopax rusticola"], "channels": [[{"startTime": 0.0, "endTime": 5.0, "predictions": {"probabilities": [-8.750723838806152, -0.834289014339447], "logits": [NaN, NaN]}, "groundTruth": [0.0, 1.0]}, {"startTime": 5.0, "endTime": 10.0, "predictions": {"probabilities": [-18.933292388916016, 17.426891326904297], "logits": [NaN, NaN]}, "groundTruth": [0.0, 1.0]}, {"startTime": 10.0, "endTime": 15.0, "predictions": {"probabilities": [-16.1854190826416, 8.87295913696289], "logits": [NaN, NaN]}, "groundTruth": [0.0, 1.0]}, {"startTime": 13.0, "endTime": 18.0, "predictions": {"probabilities": [-15.460415840148926, 9.842961311340332], "logits": [NaN, NaN]}, "groundTruth": [0.0, 1.0]}]]}