{"modelName": "devise-221117-v1-ep150", "version": "1", "fileId": "17f83305206c4e779f7c8466b88728ac", "classIds": ["Crex crex", "Scolopax rusticola"], "channels": [[{"startTime": 0.0, "endTime": 5.0, "predictions": {"probabilities": [0.00015928068023640662, 0.18423639237880707], "logits": []}, "groundTruth": [0.0, 0.0]}, {"startTime": 5.0, "endTime": 10.0, "predictions": {"probabilities": [0.0001382670016027987, 0.18161582946777344], "logits": []}, "groundTruth": [0.0, 0.0]}, {"startTime": 10.0, "endTime": 15.0, "predictions": {"probabilities": [0.00010016969463322312, 0.2162097543478012], "logits": []}, "groundTruth": [0.0, 0.0]}, {"startTime": 15.0, "endTime": 20.0, "predictions": {"probabilities": [3.6271827411837876e-05, 0.037354860454797745], "logits": []}, "groundTruth": [0.0, 0.0]}]]}