{"modelName": "devise-221117-v1-ep150", "version": "1", "fileId": "1837106191ae4aeda6f34a5a6b1f2d94", "classIds": ["Crex crex", "Scolopax rusticola"], "channels": [[{"startTime": 0.0, "endTime": 5.0, "predictions": {"probabilities": [-11.444231986999512, 3.3336384296417236], "logits": [NaN, NaN]}, "groundTruth": [0.0, 0.0]}, {"startTime": 5.0, "endTime": 10.0, "predictions": {"probabilities": [-12.439579963684082, 3.4039089679718018], "logits": [NaN, NaN]}, "groundTruth": [0.0, 0.0]}]]}