{"modelName": "devise-221117-v1-ep150", "version": "1", "fileId": "1837b600ec384c8294894d0a4643abe2", "classIds": ["Crex crex", "Scolopax rusticola"], "channels": [[{"startTime": 0.0, "endTime": 5.0, "predictions": {"probabilities": [-12.02573299407959, -5.0617475509643555], "logits": [NaN, NaN]}, "groundTruth": [0.0, 0.0]}, {"startTime": 5.0, "endTime": 10.0, "predictions": {"probabilities": [-10.781240463256836, -3.715660572052002], "logits": [NaN, NaN]}, "groundTruth": [0.0, 0.0]}, {"startTime": 10.0, "endTime": 15.0, "predictions": {"probabilities": [-14.113959312438965, -7.177245616912842], "logits": [NaN, NaN]}, "groundTruth": [0.0, 0.0]}, {"startTime": 15.0, "endTime": 20.0, "predictions": {"probabilities": [-11.710281372070312, -4.675123691558838], "logits": [NaN, NaN]}, "groundTruth": [0.0, 0.0]}]]}