{"modelName": "devise-221117-v1-ep150", "version": "1", "fileId": "1837b600ec384c8294894d0a4643abe2", "classIds": ["Crex crex", "Scolopax rusticola"], "channels": [[{"startTime": 0.0, "endTime": 5.0, "predictions": {"probabilities": [5.988084467389854e-06, 0.006294607184827328], "logits": []}, "groundTruth": [0.0, 0.0]}, {"startTime": 5.0, "endTime": 10.0, "predictions": {"probabilities": [2.0785368178621866e-05, 0.023761028423905373], "logits": []}, "groundTruth": [0.0, 0.0]}, {"startTime": 10.0, "endTime": 15.0, "predictions": {"probabilities": [7.419677103825961e-07, 0.0007631857297383249], "logits": []}, "groundTruth": [0.0, 0.0]}, {"startTime": 15.0, "endTime": 20.0, "predictions": {"probabilities": [8.208917279262096e-06, 0.009238230995833874], "logits": []}, "groundTruth": [0.0, 0.0]}]]}