{"modelName": "devise-221117-v1-ep150", "version": "1", "fileId": "1839f51eedeb495dbd5643e8078a2ab6", "classIds": ["Crex crex", "Scolopax rusticola"], "channels": [[{"startTime": 0.0, "endTime": 5.0, "predictions": {"probabilities": [-8.574110984802246, -0.041969262063503265], "logits": [NaN, NaN]}, "groundTruth": [0.0, 0.0]}, {"startTime": 5.0, "endTime": 10.0, "predictions": {"probabilities": [-8.739355087280273, -1.4050565958023071], "logits": [NaN, NaN]}, "groundTruth": [0.0, 0.0]}, {"startTime": 10.0, "endTime": 15.0, "predictions": {"probabilities": [-11.275052070617676, -4.48053503036499], "logits": [NaN, NaN]}, "groundTruth": [0.0, 0.0]}, {"startTime": 15.0, "endTime": 20.0, "predictions": {"probabilities": [-9.894049644470215, -2.164869546890259], "logits": [NaN, NaN]}, "groundTruth": [0.0, 0.0]}]]}