{"modelName": "devise-221117-v1-ep150", "version": "1", "fileId": "187650c92a714edbb2eb3ea993e7d527", "classIds": ["Crex crex", "Scolopax rusticola"], "channels": [[{"startTime": 0.0, "endTime": 5.0, "predictions": {"probabilities": [-8.748682975769043, -1.0886497497558594], "logits": [NaN, NaN]}, "groundTruth": [0.0, 0.0]}, {"startTime": 5.0, "endTime": 10.0, "predictions": {"probabilities": [-7.7635111808776855, -0.4574812948703766], "logits": [NaN, NaN]}, "groundTruth": [0.0, 0.0]}, {"startTime": 10.0, "endTime": 15.0, "predictions": {"probabilities": [-7.940902233123779, -0.4814661145210266], "logits": [NaN, NaN]}, "groundTruth": [0.0, 0.0]}, {"startTime": 15.0, "endTime": 20.0, "predictions": {"probabilities": [-8.04106330871582, -0.13758063316345215], "logits": [NaN, NaN]}, "groundTruth": [0.0, 0.0]}]]}