{"modelName": "devise-221117-v1-ep150", "version": "1", "fileId": "1971879b1bf847d08b9d3f2ac04f2b70", "classIds": ["Crex crex", "Scolopax rusticola"], "channels": [[{"startTime": 0.0, "endTime": 5.0, "predictions": {"probabilities": [3.299746094853617e-05, 0.20299577713012695], "logits": []}, "groundTruth": [0.0, 0.0]}, {"startTime": 5.0, "endTime": 10.0, "predictions": {"probabilities": [2.573350866441615e-05, 0.034058861434459686], "logits": []}, "groundTruth": [0.0, 0.0]}, {"startTime": 10.0, "endTime": 15.0, "predictions": {"probabilities": [7.944760000100359e-05, 0.14438660442829132], "logits": []}, "groundTruth": [0.0, 0.0]}, {"startTime": 15.0, "endTime": 20.0, "predictions": {"probabilities": [0.000124370664707385, 0.6624628305435181], "logits": []}, "groundTruth": [0.0, 0.0]}]]}