{"modelName": "devise-221117-v1-ep150", "version": "1", "fileId": "1982be89b59e4ba0bf82d66b8a836cdc", "classIds": ["Crex crex", "Scolopax rusticola"], "channels": [[{"startTime": 0.0, "endTime": 5.0, "predictions": {"probabilities": [-9.376291275024414, -2.0649425983428955], "logits": [NaN, NaN]}, "groundTruth": [0.0, 0.0]}, {"startTime": 5.0, "endTime": 10.0, "predictions": {"probabilities": [-8.980053901672363, -1.5684902667999268], "logits": [NaN, NaN]}, "groundTruth": [0.0, 0.0]}, {"startTime": 10.0, "endTime": 15.0, "predictions": {"probabilities": [-8.409199714660645, -0.6499878168106079], "logits": [NaN, NaN]}, "groundTruth": [0.0, 0.0]}, {"startTime": 15.0, "endTime": 20.0, "predictions": {"probabilities": [-9.993741035461426, -1.6914705038070679], "logits": [NaN, NaN]}, "groundTruth": [0.0, 0.0]}]]}