{"modelName": "devise-221117-v1-ep150", "version": "1", "fileId": "1982be89b59e4ba0bf82d66b8a836cdc", "classIds": ["Crex crex", "Scolopax rusticola"], "channels": [[{"startTime": 0.0, "endTime": 5.0, "predictions": {"probabilities": [8.470160537399352e-05, 0.11255119740962982], "logits": []}, "groundTruth": [0.0, 0.0]}, {"startTime": 5.0, "endTime": 10.0, "predictions": {"probabilities": [0.00012588022218551487, 0.17243172228336334], "logits": []}, "groundTruth": [0.0, 0.0]}, {"startTime": 10.0, "endTime": 15.0, "predictions": {"probabilities": [0.00022275844821706414, 0.34299230575561523], "logits": []}, "groundTruth": [0.0, 0.0]}, {"startTime": 15.0, "endTime": 20.0, "predictions": {"probabilities": [4.568288932205178e-05, 0.15558254718780518], "logits": []}, "groundTruth": [0.0, 0.0]}]]}