{"modelName": "devise-221117-v1-ep150", "version": "1", "fileId": "1a5f9001eace4a579f3853d6c620cd32", "classIds": ["Crex crex", "Scolopax rusticola"], "channels": [[{"startTime": 0.0, "endTime": 5.0, "predictions": {"probabilities": [-8.402178764343262, -1.2388917207717896], "logits": [NaN, NaN]}, "groundTruth": [0.0, 0.0]}, {"startTime": 5.0, "endTime": 10.0, "predictions": {"probabilities": [-8.254721641540527, -0.6074949502944946], "logits": [NaN, NaN]}, "groundTruth": [0.0, 0.0]}, {"startTime": 10.0, "endTime": 15.0, "predictions": {"probabilities": [-7.831840991973877, 0.4512695074081421], "logits": [NaN, -0.19554269313812256]}, "groundTruth": [0.0, 0.0]}, {"startTime": 15.0, "endTime": 20.0, "predictions": {"probabilities": [-9.136910438537598, -1.6071275472640991], "logits": [NaN, NaN]}, "groundTruth": [0.0, 0.0]}]]}