{"modelName": "devise-221117-v1-ep150", "version": "1", "fileId": "1a5f9001eace4a579f3853d6c620cd32", "classIds": ["Crex crex", "Scolopax rusticola"], "channels": [[{"startTime": 0.0, "endTime": 5.0, "predictions": {"probabilities": [0.00022432758123613894, 0.22462894022464752], "logits": []}, "groundTruth": [0.0, 0.0]}, {"startTime": 5.0, "endTime": 10.0, "predictions": {"probabilities": [0.00025996030308306217, 0.3526308238506317], "logits": []}, "groundTruth": [0.0, 0.0]}, {"startTime": 10.0, "endTime": 15.0, "predictions": {"probabilities": [0.00039673663559369743, 0.6109410524368286], "logits": []}, "groundTruth": [0.0, 0.0]}, {"startTime": 15.0, "endTime": 20.0, "predictions": {"probabilities": [0.00010760773147922009, 0.16698779165744781], "logits": []}, "groundTruth": [0.0, 0.0]}]]}