{"modelName": "devise-221117-v1-ep150", "version": "1", "fileId": "1a93a7c1fc414feb9952b0b13a528bed", "classIds": ["Crex crex", "Scolopax rusticola"], "channels": [[{"startTime": 0.0, "endTime": 5.0, "predictions": {"probabilities": [3.058761649299413e-06, 0.0035151243209838867], "logits": []}, "groundTruth": [0.0, 0.0]}, {"startTime": 5.0, "endTime": 10.0, "predictions": {"probabilities": [0.00018520507728680968, 0.33567503094673157], "logits": []}, "groundTruth": [0.0, 0.0]}, {"startTime": 10.0, "endTime": 15.0, "predictions": {"probabilities": [4.942802115692757e-05, 0.08676484227180481], "logits": []}, "groundTruth": [0.0, 0.0]}, {"startTime": 15.0, "endTime": 20.0, "predictions": {"probabilities": [4.617778540705331e-05, 0.060729771852493286], "logits": []}, "groundTruth": [0.0, 0.0]}]]}