{"modelName": "devise-221117-v1-ep150", "version": "1", "fileId": "1a93a7c1fc414feb9952b0b13a528bed", "classIds": ["Crex crex", "Scolopax rusticola"], "channels": [[{"startTime": 0.0, "endTime": 5.0, "predictions": {"probabilities": [-12.697497367858887, -5.647159099578857], "logits": [NaN, NaN]}, "groundTruth": [0.0, 0.0]}, {"startTime": 5.0, "endTime": 10.0, "predictions": {"probabilities": [-8.59386157989502, -0.6826278567314148], "logits": [NaN, NaN]}, "groundTruth": [0.0, 0.0]}, {"startTime": 10.0, "endTime": 15.0, "predictions": {"probabilities": [-9.91494369506836, -2.3537919521331787], "logits": [NaN, NaN]}, "groundTruth": [0.0, 0.0]}, {"startTime": 15.0, "endTime": 20.0, "predictions": {"probabilities": [-9.982965469360352, -2.7386691570281982], "logits": [NaN, NaN]}, "groundTruth": [0.0, 0.0]}]]}