{"modelName": "devise-221117-v1-ep150", "version": "1", "fileId": "1ae1226b4ef54919a52a14b5d8acfae2", "classIds": ["Crex crex", "Scolopax rusticola"], "channels": [[{"startTime": 0.0, "endTime": 5.0, "predictions": {"probabilities": [-10.857876777648926, 0.7443194389343262], "logits": [NaN, 1.0685415267944336]}, "groundTruth": [0.0, 0.0]}, {"startTime": 5.0, "endTime": 10.0, "predictions": {"probabilities": [-12.602492332458496, -3.1674890518188477], "logits": [NaN, NaN]}, "groundTruth": [0.0, 0.0]}, {"startTime": 10.0, "endTime": 15.0, "predictions": {"probabilities": [-12.593343734741211, 2.9430198669433594], "logits": [NaN, NaN]}, "groundTruth": [0.0, 0.0]}, {"startTime": 15.0, "endTime": 20.0, "predictions": {"probabilities": [-10.956725120544434, -3.5870468616485596], "logits": [NaN, NaN]}, "groundTruth": [0.0, 0.0]}]]}