{"modelName": "devise-221117-v1-ep150", "version": "1", "fileId": "1ae1226b4ef54919a52a14b5d8acfae2", "classIds": ["Crex crex", "Scolopax rusticola"], "channels": [[{"startTime": 0.0, "endTime": 5.0, "predictions": {"probabilities": [1.9251992853241973e-05, 0.6779396533966064], "logits": []}, "groundTruth": [0.0, 0.0]}, {"startTime": 5.0, "endTime": 10.0, "predictions": {"probabilities": [3.3636099487921456e-06, 0.04040766507387161], "logits": []}, "groundTruth": [0.0, 0.0]}, {"startTime": 10.0, "endTime": 15.0, "predictions": {"probabilities": [3.394523446331732e-06, 0.9499325156211853], "logits": []}, "groundTruth": [0.0, 0.0]}, {"startTime": 15.0, "endTime": 20.0, "predictions": {"probabilities": [1.7440026567783207e-05, 0.026934411376714706], "logits": []}, "groundTruth": [0.0, 0.0]}]]}