{"modelName": "devise-221117-v1-ep150", "version": "1", "fileId": "1ba28cb8d1cd4bfea008adc7882cfc4b", "classIds": ["Crex crex", "Scolopax rusticola"], "channels": [[{"startTime": 0.0, "endTime": 5.0, "predictions": {"probabilities": [0.0005306635284796357, 0.6045864224433899], "logits": []}, "groundTruth": [0.0, 0.0]}, {"startTime": 5.0, "endTime": 10.0, "predictions": {"probabilities": [0.0005338625051081181, 0.4490245282649994], "logits": []}, "groundTruth": [0.0, 0.0]}, {"startTime": 10.0, "endTime": 15.0, "predictions": {"probabilities": [0.00024306037812493742, 0.27348592877388], "logits": []}, "groundTruth": [0.0, 0.0]}, {"startTime": 15.0, "endTime": 20.0, "predictions": {"probabilities": [0.0003639977367129177, 0.5575841665267944], "logits": []}, "groundTruth": [0.0, 0.0]}]]}