{"modelName": "devise-221117-v1-ep150", "version": "1", "fileId": "1ba28cb8d1cd4bfea008adc7882cfc4b", "classIds": ["Crex crex", "Scolopax rusticola"], "channels": [[{"startTime": 0.0, "endTime": 5.0, "predictions": {"probabilities": [-7.540851593017578, 0.4246125817298889], "logits": [NaN, -0.3038664162158966]}, "groundTruth": [0.0, 0.0]}, {"startTime": 5.0, "endTime": 10.0, "predictions": {"probabilities": [-7.5348381996154785, -0.20461273193359375], "logits": [NaN, NaN]}, "groundTruth": [0.0, 0.0]}, {"startTime": 10.0, "endTime": 15.0, "predictions": {"probabilities": [-8.3219575881958, -0.9770076274871826], "logits": [NaN, NaN]}, "groundTruth": [0.0, 0.0]}, {"startTime": 15.0, "endTime": 20.0, "predictions": {"probabilities": [-7.917998790740967, 0.2313632220029831], "logits": [NaN, -1.200629711151123]}, "groundTruth": [0.0, 0.0]}]]}