{"modelName": "devise-221117-v1-ep150", "version": "1", "fileId": "1ba3db4c06f541ed9ca6277958f1681c", "classIds": ["Crex crex", "Scolopax rusticola"], "channels": [[{"startTime": 0.0, "endTime": 5.0, "predictions": {"probabilities": [4.0848975913831964e-05, 0.0626194104552269], "logits": []}, "groundTruth": [0.0, 0.0]}, {"startTime": 5.0, "endTime": 10.0, "predictions": {"probabilities": [2.2256495867623016e-05, 0.04651714861392975], "logits": []}, "groundTruth": [0.0, 0.0]}, {"startTime": 10.0, "endTime": 15.0, "predictions": {"probabilities": [3.083599585806951e-05, 0.03472898155450821], "logits": []}, "groundTruth": [0.0, 0.0]}, {"startTime": 15.0, "endTime": 20.0, "predictions": {"probabilities": [1.5549294403172098e-05, 0.02551756426692009], "logits": []}, "groundTruth": [0.0, 0.0]}]]}