{"modelName": "devise-221117-v1-ep150", "version": "1", "fileId": "1c3bb13ac004445191e9c2811d21737b", "classIds": ["Crex crex", "Scolopax rusticola"], "channels": [[{"startTime": 0.0, "endTime": 5.0, "predictions": {"probabilities": [-8.53835391998291, -1.0585483312606812], "logits": [NaN, NaN]}, "groundTruth": [0.0, 0.0]}, {"startTime": 5.0, "endTime": 10.0, "predictions": {"probabilities": [-9.970385551452637, -2.4084506034851074], "logits": [NaN, NaN]}, "groundTruth": [0.0, 0.0]}, {"startTime": 10.0, "endTime": 15.0, "predictions": {"probabilities": [-11.244925498962402, -4.18345832824707], "logits": [NaN, NaN]}, "groundTruth": [0.0, 0.0]}, {"startTime": 15.0, "endTime": 20.0, "predictions": {"probabilities": [-8.275875091552734, -0.8246854543685913], "logits": [NaN, NaN]}, "groundTruth": [0.0, 0.0]}]]}