{"modelName": "devise-221117-v1-ep150", "version": "1", "fileId": "1c3bb13ac004445191e9c2811d21737b", "classIds": ["Crex crex", "Scolopax rusticola"], "channels": [[{"startTime": 0.0, "endTime": 5.0, "predictions": {"probabilities": [0.00019577397324610502, 0.2575869560241699], "logits": []}, "groundTruth": [0.0, 0.0]}, {"startTime": 5.0, "endTime": 10.0, "predictions": {"probabilities": [4.676234311773442e-05, 0.08253055810928345], "logits": []}, "groundTruth": [0.0, 0.0]}, {"startTime": 10.0, "endTime": 15.0, "predictions": {"probabilities": [1.3073299669486005e-05, 0.015016751363873482], "logits": []}, "groundTruth": [0.0, 0.0]}, {"startTime": 15.0, "endTime": 20.0, "predictions": {"probabilities": [0.00025452038971707225, 0.30476996302604675], "logits": []}, "groundTruth": [0.0, 0.0]}]]}