{"modelName": "devise-221117-v1-ep150", "version": "1", "fileId": "1cc419f062e44ce09976fcef8d9a0f76", "classIds": ["Crex crex", "Scolopax rusticola"], "channels": [[{"startTime": 0.0, "endTime": 5.0, "predictions": {"probabilities": [-11.631805419921875, 5.9484639167785645], "logits": [NaN, NaN]}, "groundTruth": [0.0, 0.0]}, {"startTime": 5.0, "endTime": 10.0, "predictions": {"probabilities": [-9.07533073425293, -1.7873457670211792], "logits": [NaN, NaN]}, "groundTruth": [0.0, 0.0]}, {"startTime": 10.0, "endTime": 15.0, "predictions": {"probabilities": [-9.300618171691895, -1.3936365842819214], "logits": [NaN, NaN]}, "groundTruth": [0.0, 0.0]}, {"startTime": 15.0, "endTime": 20.0, "predictions": {"probabilities": [-9.212145805358887, -1.6848117113113403], "logits": [NaN, NaN]}, "groundTruth": [0.0, 0.0]}]]}