{"modelName": "devise-221117-v1-ep150", "version": "1", "fileId": "1d15fa3a34e44e7983728ed9f03b4df5", "classIds": ["Crex crex", "Scolopax rusticola"], "channels": [[{"startTime": 0.0, "endTime": 5.0, "predictions": {"probabilities": [0.00020796833268832415, 0.9323811531066895], "logits": []}, "groundTruth": [0.0, 0.0]}, {"startTime": 5.0, "endTime": 10.0, "predictions": {"probabilities": [0.00017195887630805373, 0.27248039841651917], "logits": []}, "groundTruth": [0.0, 0.0]}, {"startTime": 10.0, "endTime": 15.0, "predictions": {"probabilities": [0.00023163738660514355, 0.5992444157600403], "logits": []}, "groundTruth": [0.0, 0.0]}, {"startTime": 15.0, "endTime": 20.0, "predictions": {"probabilities": [0.0001236058451468125, 0.1532905101776123], "logits": []}, "groundTruth": [0.0, 0.0]}]]}