{"modelName": "devise-221117-v1-ep150", "version": "1", "fileId": "1d15fa3a34e44e7983728ed9f03b4df5", "classIds": ["Crex crex", "Scolopax rusticola"], "channels": [[{"startTime": 0.0, "endTime": 5.0, "predictions": {"probabilities": [-8.477916717529297, 2.6238555908203125], "logits": [NaN, NaN]}, "groundTruth": [0.0, 0.0]}, {"startTime": 5.0, "endTime": 10.0, "predictions": {"probabilities": [-8.668083190917969, -0.9820742607116699], "logits": [NaN, NaN]}, "groundTruth": [0.0, 0.0]}, {"startTime": 10.0, "endTime": 15.0, "predictions": {"probabilities": [-8.370105743408203, 0.4023178219795227], "logits": [NaN, -0.39581674337387085]}, "groundTruth": [0.0, 0.0]}, {"startTime": 15.0, "endTime": 20.0, "predictions": {"probabilities": [-8.998289108276367, -1.7090227603912354], "logits": [NaN, NaN]}, "groundTruth": [0.0, 0.0]}]]}