{"modelName": "devise-221117-v1-ep150", "version": "1", "fileId": "1d33bb20082440c38a6356b5f4c1bd6f", "classIds": ["Crex crex", "Scolopax rusticola"], "channels": [[{"startTime": 0.0, "endTime": 5.0, "predictions": {"probabilities": [-8.050458908081055, -0.5289506912231445], "logits": [NaN, NaN]}, "groundTruth": [0.0, 0.0]}, {"startTime": 5.0, "endTime": 10.0, "predictions": {"probabilities": [-8.355775833129883, -0.9788169264793396], "logits": [NaN, NaN]}, "groundTruth": [0.0, 0.0]}, {"startTime": 10.0, "endTime": 15.0, "predictions": {"probabilities": [-7.728923320770264, 0.9237364530563354], "logits": [NaN, 2.494231700897217]}, "groundTruth": [0.0, 0.0]}, {"startTime": 15.0, "endTime": 20.0, "predictions": {"probabilities": [-7.480116367340088, -0.04743514955043793], "logits": [NaN, NaN]}, "groundTruth": [0.0, 0.0]}]]}