{"modelName": "devise-221117-v1-ep150", "version": "1", "fileId": "1d33bb20082440c38a6356b5f4c1bd6f", "classIds": ["Crex crex", "Scolopax rusticola"], "channels": [[{"startTime": 0.0, "endTime": 5.0, "predictions": {"probabilities": [0.00031885382486507297, 0.3707616329193115], "logits": []}, "groundTruth": [0.0, 0.0]}, {"startTime": 5.0, "endTime": 10.0, "predictions": {"probabilities": [0.00023497984511777759, 0.27312660217285156], "logits": []}, "groundTruth": [0.0, 0.0]}, {"startTime": 10.0, "endTime": 15.0, "predictions": {"probabilities": [0.00043972409912385046, 0.7158028483390808], "logits": []}, "groundTruth": [0.0, 0.0]}, {"startTime": 15.0, "endTime": 20.0, "predictions": {"probabilities": [0.00056387361837551, 0.4881434142589569], "logits": []}, "groundTruth": [0.0, 0.0]}]]}