{"modelName": "devise-221117-v1-ep150", "version": "1", "fileId": "1d4527e367dd453381b8d57643887373", "classIds": ["Crex crex", "Scolopax rusticola"], "channels": [[{"startTime": 0.0, "endTime": 5.0, "predictions": {"probabilities": [0.00013304282038006932, 0.19989217817783356], "logits": []}, "groundTruth": [0.0, 0.0]}, {"startTime": 5.0, "endTime": 10.0, "predictions": {"probabilities": [5.538509867619723e-05, 0.04247460514307022], "logits": []}, "groundTruth": [0.0, 0.0]}, {"startTime": 10.0, "endTime": 15.0, "predictions": {"probabilities": [0.00022959425405133516, 0.21405145525932312], "logits": []}, "groundTruth": [0.0, 0.0]}, {"startTime": 15.0, "endTime": 20.0, "predictions": {"probabilities": [5.7224031479563564e-05, 0.05364454165101051], "logits": []}, "groundTruth": [0.0, 0.0]}]]}