{"modelName": "devise-221117-v1-ep150", "version": "1", "fileId": "1f0ff1e7f7a0490297175bdd277f4df0", "classIds": ["Crex crex", "Scolopax rusticola"], "channels": [[{"startTime": 0.0, "endTime": 5.0, "predictions": {"probabilities": [5.786011752206832e-05, 0.052203234285116196], "logits": []}, "groundTruth": [0.0, 0.0]}, {"startTime": 5.0, "endTime": 10.0, "predictions": {"probabilities": [2.413301626802422e-05, 0.03617234528064728], "logits": []}, "groundTruth": [0.0, 0.0]}, {"startTime": 10.0, "endTime": 15.0, "predictions": {"probabilities": [2.7999162739433814e-06, 0.003649850143119693], "logits": []}, "groundTruth": [0.0, 0.0]}, {"startTime": 15.0, "endTime": 20.0, "predictions": {"probabilities": [6.450940759350487e-07, 0.9991160035133362], "logits": []}, "groundTruth": [0.0, 0.0]}]]}