{"modelName": "devise-221117-v1-ep150", "version": "1", "fileId": "1f23673ebd1348a097e20b3b02f1eec6", "classIds": ["Crex crex", "Scolopax rusticola"], "channels": [[{"startTime": 0.0, "endTime": 5.0, "predictions": {"probabilities": [0.00017124858277384192, 0.36687594652175903], "logits": []}, "groundTruth": [0.0, 0.0]}, {"startTime": 5.0, "endTime": 10.0, "predictions": {"probabilities": [3.152505996695254e-06, 0.005312653724104166], "logits": []}, "groundTruth": [0.0, 0.0]}, {"startTime": 10.0, "endTime": 15.0, "predictions": {"probabilities": [3.35963413817808e-05, 0.04928937181830406], "logits": []}, "groundTruth": [0.0, 0.0]}, {"startTime": 15.0, "endTime": 20.0, "predictions": {"probabilities": [0.00011686973448377103, 0.2113245278596878], "logits": []}, "groundTruth": [0.0, 0.0]}]]}