{"modelName": "devise-221117-v1-ep150", "version": "1", "fileId": "1f29c4c8f41c42cda29e44620dfdc4d7", "classIds": ["Crex crex", "Scolopax rusticola"], "channels": [[{"startTime": 0.0, "endTime": 5.0, "predictions": {"probabilities": [-13.076356887817383, 7.503093242645264], "logits": [NaN, NaN]}, "groundTruth": [0.0, 0.0]}, {"startTime": 5.0, "endTime": 10.0, "predictions": {"probabilities": [-10.123528480529785, 0.4191012382507324], "logits": [NaN, -0.3264639973640442]}, "groundTruth": [0.0, 0.0]}, {"startTime": 10.0, "endTime": 15.0, "predictions": {"probabilities": [-8.871283531188965, -0.10586165636777878], "logits": [NaN, NaN]}, "groundTruth": [0.0, 0.0]}, {"startTime": 15.0, "endTime": 20.0, "predictions": {"probabilities": [-11.050848007202148, -4.129281044006348], "logits": [NaN, NaN]}, "groundTruth": [0.0, 0.0]}]]}