{"modelName": "devise-221117-v1-ep150", "version": "1", "fileId": "1f9269bfc9644c29a14153844e5c33e6", "classIds": ["Crex crex", "Scolopax rusticola"], "channels": [[{"startTime": 0.0, "endTime": 5.0, "predictions": {"probabilities": [-14.952632904052734, 4.3863983154296875], "logits": [NaN, NaN]}, "groundTruth": [0.0, 1.0]}, {"startTime": 5.0, "endTime": 10.0, "predictions": {"probabilities": [-16.661102294921875, 8.225621223449707], "logits": [NaN, NaN]}, "groundTruth": [0.0, 1.0]}, {"startTime": 9.0, "endTime": 14.0, "predictions": {"probabilities": [-16.27849769592285, 3.039346933364868], "logits": [NaN, NaN]}, "groundTruth": [0.0, 0.0]}]]}