{"modelName": "devise-221117-v1-ep150", "version": "1", "fileId": "1fc03d9fecb94097b3c26cc24508544d", "classIds": ["Crex crex", "Scolopax rusticola"], "channels": [[{"startTime": 0.0, "endTime": 5.0, "predictions": {"probabilities": [-10.687129974365234, -0.9339922070503235], "logits": [NaN, NaN]}, "groundTruth": [0.0, 0.0]}, {"startTime": 5.0, "endTime": 10.0, "predictions": {"probabilities": [-13.718840599060059, -5.4212212562561035], "logits": [NaN, NaN]}, "groundTruth": [0.0, 0.0]}, {"startTime": 10.0, "endTime": 15.0, "predictions": {"probabilities": [-10.035895347595215, -2.561271905899048], "logits": [NaN, NaN]}, "groundTruth": [0.0, 0.0]}, {"startTime": 15.0, "endTime": 20.0, "predictions": {"probabilities": [-11.275565147399902, -4.226359844207764], "logits": [NaN, NaN]}, "groundTruth": [0.0, 0.0]}]]}