{"modelName": "devise-221117-v1-ep150", "version": "1", "fileId": "20c67abaf5b048da85c4f7db126b5c27", "classIds": ["Crex crex", "Scolopax rusticola"], "channels": [[{"startTime": 0.0, "endTime": 5.0, "predictions": {"probabilities": [0.00015878694830462337, 0.831469714641571], "logits": []}, "groundTruth": [0.0, 0.0]}, {"startTime": 5.0, "endTime": 10.0, "predictions": {"probabilities": [4.545112460618839e-06, 0.0036526862531900406], "logits": []}, "groundTruth": [0.0, 0.0]}, {"startTime": 10.0, "endTime": 15.0, "predictions": {"probabilities": [0.00022762232401873916, 0.5172375440597534], "logits": []}, "groundTruth": [0.0, 0.0]}, {"startTime": 15.0, "endTime": 20.0, "predictions": {"probabilities": [1.388489363307599e-05, 0.9270793795585632], "logits": []}, "groundTruth": [0.0, 0.0]}]]}