{"modelName": "devise-221117-v1-ep150", "version": "1", "fileId": "218b3f98057e44bbb8c9a6d8ac71333a", "classIds": ["Crex crex", "Scolopax rusticola"], "channels": [[{"startTime": 0.0, "endTime": 5.0, "predictions": {"probabilities": [-8.093019485473633, -0.5726134777069092], "logits": [NaN, NaN]}, "groundTruth": [0.0, 0.0]}, {"startTime": 5.0, "endTime": 10.0, "predictions": {"probabilities": [-8.080609321594238, -0.03870276361703873], "logits": [NaN, NaN]}, "groundTruth": [0.0, 0.0]}, {"startTime": 10.0, "endTime": 15.0, "predictions": {"probabilities": [-7.677475929260254, 2.326537847518921], "logits": [NaN, NaN]}, "groundTruth": [0.0, 0.0]}, {"startTime": 15.0, "endTime": 20.0, "predictions": {"probabilities": [-10.636634826660156, 1.2002677917480469], "logits": [NaN, NaN]}, "groundTruth": [0.0, 0.0]}]]}