{"modelName": "devise-221117-v1-ep150", "version": "1", "fileId": "22896f8d46464c90be5b7c6566f94f8f", "classIds": ["Crex crex", "Scolopax rusticola"], "channels": [[{"startTime": 0.0, "endTime": 5.0, "predictions": {"probabilities": [-12.196747779846191, -5.238969802856445], "logits": [NaN, NaN]}, "groundTruth": [0.0, 0.0]}, {"startTime": 5.0, "endTime": 10.0, "predictions": {"probabilities": [-10.57718276977539, -2.5546419620513916], "logits": [NaN, NaN]}, "groundTruth": [0.0, 0.0]}, {"startTime": 10.0, "endTime": 15.0, "predictions": {"probabilities": [-12.743736267089844, -5.125507354736328], "logits": [NaN, NaN]}, "groundTruth": [0.0, 0.0]}, {"startTime": 15.0, "endTime": 20.0, "predictions": {"probabilities": [-9.416111946105957, -1.714438557624817], "logits": [NaN, NaN]}, "groundTruth": [0.0, 0.0]}]]}