{"modelName": "devise-221117-v1-ep150", "version": "1", "fileId": "22daef2ab7f14df6b7d4c72d3d111414", "classIds": ["Crex crex", "Scolopax rusticola"], "channels": [[{"startTime": 0.0, "endTime": 5.0, "predictions": {"probabilities": [1.8408029063721187e-05, 0.017482835799455643], "logits": []}, "groundTruth": [0.0, 0.0]}, {"startTime": 5.0, "endTime": 10.0, "predictions": {"probabilities": [5.142999725649133e-06, 0.004507900681346655], "logits": []}, "groundTruth": [0.0, 0.0]}, {"startTime": 10.0, "endTime": 15.0, "predictions": {"probabilities": [2.110226432705531e-06, 0.003880948293954134], "logits": []}, "groundTruth": [0.0, 0.0]}, {"startTime": 15.0, "endTime": 20.0, "predictions": {"probabilities": [6.611193839489715e-06, 0.006035029888153076], "logits": []}, "groundTruth": [0.0, 0.0]}]]}