{"modelName": "devise-221117-v1-ep150", "version": "1", "fileId": "230d8532d2b14461a05d9bd1a9f11486", "classIds": ["Crex crex", "Scolopax rusticola"], "channels": [[{"startTime": 0.0, "endTime": 5.0, "predictions": {"probabilities": [-8.510701179504395, -0.9493181109428406], "logits": [NaN, NaN]}, "groundTruth": [0.0, 0.0]}, {"startTime": 5.0, "endTime": 10.0, "predictions": {"probabilities": [-8.98346996307373, -2.0351436138153076], "logits": [NaN, NaN]}, "groundTruth": [0.0, 0.0]}, {"startTime": 10.0, "endTime": 15.0, "predictions": {"probabilities": [-9.395060539245605, -1.7770779132843018], "logits": [NaN, NaN]}, "groundTruth": [0.0, 0.0]}, {"startTime": 15.0, "endTime": 20.0, "predictions": {"probabilities": [-11.364171028137207, -1.201209306716919], "logits": [NaN, NaN]}, "groundTruth": [0.0, 0.0]}]]}