{"modelName": "devise-221117-v1-ep150", "version": "1", "fileId": "23cbb0f2feee48579a4025f38f6da067", "classIds": ["Crex crex", "Scolopax rusticola"], "channels": [[{"startTime": 0.0, "endTime": 5.0, "predictions": {"probabilities": [6.179469346534461e-05, 0.0734887644648552], "logits": []}, "groundTruth": [0.0, 0.0]}, {"startTime": 5.0, "endTime": 10.0, "predictions": {"probabilities": [5.6422930356347933e-05, 0.051598917692899704], "logits": []}, "groundTruth": [0.0, 0.0]}, {"startTime": 10.0, "endTime": 15.0, "predictions": {"probabilities": [0.00011313228606013581, 0.16950957477092743], "logits": []}, "groundTruth": [0.0, 0.0]}, {"startTime": 15.0, "endTime": 20.0, "predictions": {"probabilities": [3.226739136152901e-05, 0.05407631769776344], "logits": []}, "groundTruth": [0.0, 0.0]}]]}