{"modelName": "devise-221117-v1-ep150", "version": "1", "fileId": "24f91449e801404ca299e0217d38c714", "classIds": ["Crex crex", "Scolopax rusticola"], "channels": [[{"startTime": 0.0, "endTime": 5.0, "predictions": {"probabilities": [8.495876681990921e-05, 0.07497452199459076], "logits": []}, "groundTruth": [0.0, 0.0]}, {"startTime": 5.0, "endTime": 10.0, "predictions": {"probabilities": [0.00044032494770362973, 0.46351945400238037], "logits": []}, "groundTruth": [0.0, 0.0]}, {"startTime": 10.0, "endTime": 15.0, "predictions": {"probabilities": [0.0005714880535379052, 0.5934926271438599], "logits": []}, "groundTruth": [0.0, 0.0]}, {"startTime": 15.0, "endTime": 20.0, "predictions": {"probabilities": [0.00043865336920134723, 0.4976615011692047], "logits": []}, "groundTruth": [0.0, 0.0]}]]}