{"modelName": "devise-221117-v1-ep150", "version": "1", "fileId": "24f91449e801404ca299e0217d38c714", "classIds": ["Crex crex", "Scolopax rusticola"], "channels": [[{"startTime": 0.0, "endTime": 5.0, "predictions": {"probabilities": [-9.373259544372559, -2.5126729011535645], "logits": [NaN, NaN]}, "groundTruth": [0.0, 0.0]}, {"startTime": 5.0, "endTime": 10.0, "predictions": {"probabilities": [-7.727557182312012, -0.14618197083473206], "logits": [NaN, NaN]}, "groundTruth": [0.0, 0.0]}, {"startTime": 10.0, "endTime": 15.0, "predictions": {"probabilities": [-7.466695308685303, 0.3784227967262268], "logits": [NaN, -0.4962480664253235]}, "groundTruth": [0.0, 0.0]}, {"startTime": 15.0, "endTime": 20.0, "predictions": {"probabilities": [-7.731362342834473, -0.00935422070324421], "logits": [NaN, NaN]}, "groundTruth": [0.0, 0.0]}]]}