{"modelName": "devise-221117-v1-ep150", "version": "1", "fileId": "26aa2e6d7521438f909ff9b164f7dfb9", "classIds": ["Crex crex", "Scolopax rusticola"], "channels": [[{"startTime": 0.0, "endTime": 5.0, "predictions": {"probabilities": [2.1569961973000318e-05, 0.031556446105241776], "logits": []}, "groundTruth": [0.0, 0.0]}, {"startTime": 5.0, "endTime": 10.0, "predictions": {"probabilities": [7.524835382355377e-05, 0.11176914721727371], "logits": []}, "groundTruth": [0.0, 0.0]}, {"startTime": 10.0, "endTime": 15.0, "predictions": {"probabilities": [7.271982667589327e-06, 0.008607788011431694], "logits": []}, "groundTruth": [0.0, 0.0]}, {"startTime": 15.0, "endTime": 20.0, "predictions": {"probabilities": [0.00029332193662412465, 0.7047907710075378], "logits": []}, "groundTruth": [0.0, 0.0]}]]}