{"modelName": "devise-221117-v1-ep150", "version": "1", "fileId": "26c806cd676d49d782f070cc654973a6", "classIds": ["Crex crex", "Scolopax rusticola"], "channels": [[{"startTime": 0.0, "endTime": 5.0, "predictions": {"probabilities": [0.00014465657295659184, 0.726524293422699], "logits": []}, "groundTruth": [0.0, 0.0]}, {"startTime": 5.0, "endTime": 10.0, "predictions": {"probabilities": [0.00023378783953376114, 0.24969157576560974], "logits": []}, "groundTruth": [0.0, 0.0]}, {"startTime": 10.0, "endTime": 15.0, "predictions": {"probabilities": [0.00037976723979227245, 0.4679860472679138], "logits": []}, "groundTruth": [0.0, 0.0]}, {"startTime": 15.0, "endTime": 20.0, "predictions": {"probabilities": [7.87252647569403e-05, 0.09617464244365692], "logits": []}, "groundTruth": [0.0, 0.0]}]]}