{"modelName": "devise-221117-v1-ep150", "version": "1", "fileId": "2721e20377be4a81852e79a942849ca6", "classIds": ["Crex crex", "Scolopax rusticola"], "channels": [[{"startTime": 0.0, "endTime": 5.0, "predictions": {"probabilities": [-11.012017250061035, 7.5625996589660645], "logits": [NaN, NaN]}, "groundTruth": [0.0, 0.0]}, {"startTime": 5.0, "endTime": 10.0, "predictions": {"probabilities": [-9.95441722869873, 0.0735776275396347], "logits": [NaN, -2.532989263534546]}, "groundTruth": [0.0, 0.0]}, {"startTime": 10.0, "endTime": 15.0, "predictions": {"probabilities": [-10.589142799377441, -3.3122522830963135], "logits": [NaN, NaN]}, "groundTruth": [0.0, 0.0]}, {"startTime": 15.0, "endTime": 20.0, "predictions": {"probabilities": [-12.59047794342041, -4.820477485656738], "logits": [NaN, NaN]}, "groundTruth": [0.0, 0.0]}]]}