{"modelName": "devise-221117-v1-ep150", "version": "1", "fileId": "27dd0c4425cf46dcaa7f9c67ad8a80b8", "classIds": ["Crex crex", "Scolopax rusticola"], "channels": [[{"startTime": 0.0, "endTime": 5.0, "predictions": {"probabilities": [-16.089603424072266, 13.426749229431152], "logits": [NaN, NaN]}, "groundTruth": [0.0, 0.0]}, {"startTime": 5.0, "endTime": 10.0, "predictions": {"probabilities": [-11.544163703918457, -4.091615676879883], "logits": [NaN, NaN]}, "groundTruth": [0.0, 0.0]}, {"startTime": 10.0, "endTime": 15.0, "predictions": {"probabilities": [-8.1968355178833, -0.2082190066576004], "logits": [NaN, NaN]}, "groundTruth": [0.0, 0.0]}, {"startTime": 15.0, "endTime": 20.0, "predictions": {"probabilities": [-10.666360855102539, -3.1864492893218994], "logits": [NaN, NaN]}, "groundTruth": [0.0, 0.0]}]]}