{"modelName": "devise-221117-v1-ep150", "version": "1", "fileId": "27eba54852b04aeab81707af189b023b", "classIds": ["Crex crex", "Scolopax rusticola"], "channels": [[{"startTime": 0.0, "endTime": 5.0, "predictions": {"probabilities": [-9.927071571350098, -2.8089816570281982], "logits": [NaN, NaN]}, "groundTruth": [0.0, 0.0]}, {"startTime": 5.0, "endTime": 10.0, "predictions": {"probabilities": [-10.433761596679688, -3.1704745292663574], "logits": [NaN, NaN]}, "groundTruth": [0.0, 0.0]}, {"startTime": 10.0, "endTime": 15.0, "predictions": {"probabilities": [-10.111714363098145, -3.0040643215179443], "logits": [NaN, NaN]}, "groundTruth": [0.0, 0.0]}, {"startTime": 15.0, "endTime": 20.0, "predictions": {"probabilities": [-9.050820350646973, -1.1701375246047974], "logits": [NaN, NaN]}, "groundTruth": [0.0, 0.0]}]]}