{"modelName": "devise-221117-v1-ep150", "version": "1", "fileId": "282aad70c50145409e160616b7873194", "classIds": ["Crex crex", "Scolopax rusticola"], "channels": [[{"startTime": 0.0, "endTime": 5.0, "predictions": {"probabilities": [-8.610230445861816, -0.9536673426628113], "logits": [NaN, NaN]}, "groundTruth": [0.0, 0.0]}, {"startTime": 5.0, "endTime": 10.0, "predictions": {"probabilities": [-11.760696411132812, -4.549796104431152], "logits": [NaN, NaN]}, "groundTruth": [0.0, 0.0]}, {"startTime": 10.0, "endTime": 15.0, "predictions": {"probabilities": [-8.170404434204102, -0.3417687714099884], "logits": [NaN, NaN]}, "groundTruth": [0.0, 0.0]}, {"startTime": 15.0, "endTime": 20.0, "predictions": {"probabilities": [-10.049383163452148, -2.6778860092163086], "logits": [NaN, NaN]}, "groundTruth": [0.0, 0.0]}]]}