{"modelName": "devise-221117-v1-ep150", "version": "1", "fileId": "28e666e6e9844fb2bcfe30ae71988568", "classIds": ["Crex crex", "Scolopax rusticola"], "channels": [[{"startTime": 0.0, "endTime": 5.0, "predictions": {"probabilities": [6.721885438309982e-05, 0.09297678619623184], "logits": []}, "groundTruth": [0.0, 0.0]}, {"startTime": 5.0, "endTime": 10.0, "predictions": {"probabilities": [0.0002225748321507126, 0.3542241156101227], "logits": []}, "groundTruth": [0.0, 0.0]}, {"startTime": 10.0, "endTime": 15.0, "predictions": {"probabilities": [6.085190761950798e-06, 0.5067879557609558], "logits": []}, "groundTruth": [0.0, 0.0]}, {"startTime": 15.0, "endTime": 20.0, "predictions": {"probabilities": [1.8044333046418615e-05, 0.026336858049035072], "logits": []}, "groundTruth": [0.0, 0.0]}]]}