{"modelName": "devise-221117-v1-ep150", "version": "1", "fileId": "290372ba25374da19ddfeec78da8b966", "classIds": ["Crex crex", "Scolopax rusticola"], "channels": [[{"startTime": 0.0, "endTime": 5.0, "predictions": {"probabilities": [-9.636795997619629, -1.7614390850067139], "logits": [NaN, NaN]}, "groundTruth": [0.0, 0.0]}, {"startTime": 5.0, "endTime": 10.0, "predictions": {"probabilities": [-8.218500137329102, -0.6366795301437378], "logits": [NaN, NaN]}, "groundTruth": [0.0, 0.0]}, {"startTime": 10.0, "endTime": 15.0, "predictions": {"probabilities": [-8.99996566772461, -1.5474519729614258], "logits": [NaN, NaN]}, "groundTruth": [0.0, 0.0]}, {"startTime": 15.0, "endTime": 20.0, "predictions": {"probabilities": [-8.99834156036377, -1.3593295812606812], "logits": [NaN, NaN]}, "groundTruth": [0.0, 0.0]}]]}