{"modelName": "devise-221117-v1-ep150", "version": "1", "fileId": "29d0f3b55f0e45c9803d499928aafe1e", "classIds": ["Crex crex", "Scolopax rusticola"], "channels": [[{"startTime": 0.0, "endTime": 5.0, "predictions": {"probabilities": [0.00011830010043922812, 0.23345136642456055], "logits": []}, "groundTruth": [0.0, 0.0]}, {"startTime": 5.0, "endTime": 10.0, "predictions": {"probabilities": [0.00013245749869383872, 0.23465578258037567], "logits": []}, "groundTruth": [0.0, 0.0]}, {"startTime": 10.0, "endTime": 15.0, "predictions": {"probabilities": [0.00016591977328062057, 0.3669934868812561], "logits": []}, "groundTruth": [0.0, 0.0]}, {"startTime": 15.0, "endTime": 20.0, "predictions": {"probabilities": [0.0004312323871999979, 0.55204838514328], "logits": []}, "groundTruth": [0.0, 0.0]}]]}