{"modelName": "devise-221117-v1-ep150", "version": "1", "fileId": "2a9859984d5e4a1fb324709034371f8b", "classIds": ["Crex crex", "Scolopax rusticola"], "channels": [[{"startTime": 0.0, "endTime": 5.0, "predictions": {"probabilities": [0.00014781999925617129, 0.24673223495483398], "logits": []}, "groundTruth": [0.0, 0.0]}, {"startTime": 5.0, "endTime": 10.0, "predictions": {"probabilities": [0.00033920377609319985, 0.4068406820297241], "logits": []}, "groundTruth": [0.0, 0.0]}, {"startTime": 10.0, "endTime": 15.0, "predictions": {"probabilities": [1.6718075130484067e-05, 0.055459748953580856], "logits": []}, "groundTruth": [0.0, 0.0]}, {"startTime": 15.0, "endTime": 20.0, "predictions": {"probabilities": [0.000324866094160825, 0.6217465996742249], "logits": []}, "groundTruth": [0.0, 0.0]}]]}