{"modelName": "devise-221117-v1-ep150", "version": "1", "fileId": "2ab0b118f1c14f3781180e5f645f5b1b", "classIds": ["Crex crex", "Scolopax rusticola"], "channels": [[{"startTime": 0.0, "endTime": 5.0, "predictions": {"probabilities": [-9.81812858581543, -2.0327014923095703], "logits": [NaN, NaN]}, "groundTruth": [0.0, 0.0]}, {"startTime": 5.0, "endTime": 10.0, "predictions": {"probabilities": [-11.15841007232666, -4.186390399932861], "logits": [NaN, NaN]}, "groundTruth": [0.0, 0.0]}, {"startTime": 10.0, "endTime": 15.0, "predictions": {"probabilities": [-11.30535888671875, -4.379255294799805], "logits": [NaN, NaN]}, "groundTruth": [0.0, 0.0]}, {"startTime": 15.0, "endTime": 20.0, "predictions": {"probabilities": [-12.96043872833252, 0.7737358212471008], "logits": [NaN, 1.229527235031128]}, "groundTruth": [0.0, 0.0]}]]}