{"modelName": "devise-221117-v1-ep150", "version": "1", "fileId": "2b4c3902ac60436793ea8e02cc4ee157", "classIds": ["Crex crex", "Scolopax rusticola"], "channels": [[{"startTime": 0.0, "endTime": 5.0, "predictions": {"probabilities": [-15.689974784851074, 14.835264205932617], "logits": [NaN, NaN]}, "groundTruth": [0.0, 1.0]}, {"startTime": 5.0, "endTime": 10.0, "predictions": {"probabilities": [-15.804041862487793, 9.510066986083984], "logits": [NaN, NaN]}, "groundTruth": [0.0, 1.0]}, {"startTime": 9.0, "endTime": 14.0, "predictions": {"probabilities": [-9.585813522338867, -2.3493831157684326], "logits": [NaN, NaN]}, "groundTruth": [0.0, 0.0]}]]}