{"modelName": "devise-221117-v1-ep150", "version": "1", "fileId": "2b526d7e8ffc4f85b8123429f85c5ad7", "classIds": ["Crex crex", "Scolopax rusticola"], "channels": [[{"startTime": 0.0, "endTime": 5.0, "predictions": {"probabilities": [-11.42313003540039, -4.532366752624512], "logits": [NaN, NaN]}, "groundTruth": [0.0, 0.0]}, {"startTime": 5.0, "endTime": 10.0, "predictions": {"probabilities": [-10.585112571716309, -3.471830368041992], "logits": [NaN, NaN]}, "groundTruth": [0.0, 0.0]}, {"startTime": 10.0, "endTime": 15.0, "predictions": {"probabilities": [-12.582690238952637, -5.690147876739502], "logits": [NaN, NaN]}, "groundTruth": [0.0, 0.0]}, {"startTime": 15.0, "endTime": 20.0, "predictions": {"probabilities": [-10.565279006958008, -3.8711416721343994], "logits": [NaN, NaN]}, "groundTruth": [0.0, 0.0]}]]}