{"modelName": "devise-221117-v1-ep150", "version": "1", "fileId": "2b5508954ef04ab7a370c1d25a1ccd97", "classIds": ["Crex crex", "Scolopax rusticola"], "channels": [[{"startTime": 0.0, "endTime": 5.0, "predictions": {"probabilities": [-10.541316032409668, 5.948563575744629], "logits": [NaN, NaN]}, "groundTruth": [0.0, 0.0]}, {"startTime": 5.0, "endTime": 10.0, "predictions": {"probabilities": [-11.17297649383545, -3.903541088104248], "logits": [NaN, NaN]}, "groundTruth": [0.0, 0.0]}, {"startTime": 10.0, "endTime": 15.0, "predictions": {"probabilities": [-12.819145202636719, -6.171952247619629], "logits": [NaN, NaN]}, "groundTruth": [0.0, 0.0]}, {"startTime": 15.0, "endTime": 20.0, "predictions": {"probabilities": [-9.930785179138184, -2.8302974700927734], "logits": [NaN, NaN]}, "groundTruth": [0.0, 0.0]}]]}