{"modelName": "devise-221117-v1-ep150", "version": "1", "fileId": "2b5508954ef04ab7a370c1d25a1ccd97", "classIds": ["Crex crex", "Scolopax rusticola"], "channels": [[{"startTime": 0.0, "endTime": 5.0, "predictions": {"probabilities": [2.6421235816087574e-05, 0.9973971843719482], "logits": []}, "groundTruth": [0.0, 0.0]}, {"startTime": 5.0, "endTime": 10.0, "predictions": {"probabilities": [1.4048561752133537e-05, 0.01977156102657318], "logits": []}, "groundTruth": [0.0, 0.0]}, {"startTime": 10.0, "endTime": 15.0, "predictions": {"probabilities": [2.7084122393716825e-06, 0.0020828102715313435], "logits": []}, "groundTruth": [0.0, 0.0]}, {"startTime": 15.0, "endTime": 20.0, "predictions": {"probabilities": [4.865121081820689e-05, 0.05570874735713005], "logits": []}, "groundTruth": [0.0, 0.0]}]]}