{"modelName": "devise-221117-v1-ep150", "version": "1", "fileId": "2b71b57dc128426c845cae5d86b4b1ed", "classIds": ["Crex crex", "Scolopax rusticola"], "channels": [[{"startTime": 0.0, "endTime": 5.0, "predictions": {"probabilities": [-8.79593276977539, -1.6250648498535156], "logits": [NaN, NaN]}, "groundTruth": [0.0, 0.0]}, {"startTime": 5.0, "endTime": 10.0, "predictions": {"probabilities": [-9.704207420349121, -1.6209462881088257], "logits": [NaN, NaN]}, "groundTruth": [0.0, 0.0]}, {"startTime": 10.0, "endTime": 15.0, "predictions": {"probabilities": [-8.454804420471191, -0.5780181288719177], "logits": [NaN, NaN]}, "groundTruth": [0.0, 0.0]}, {"startTime": 15.0, "endTime": 20.0, "predictions": {"probabilities": [-9.766915321350098, -2.1415531635284424], "logits": [NaN, NaN]}, "groundTruth": [0.0, 0.0]}]]}