{"modelName": "devise-221117-v1-ep150", "version": "1", "fileId": "2b993c65616e4e068ef40e7d18e8dc63", "classIds": ["Crex crex", "Scolopax rusticola"], "channels": [[{"startTime": 0.0, "endTime": 5.0, "predictions": {"probabilities": [1.4776868738408666e-05, 0.34917140007019043], "logits": []}, "groundTruth": [0.0, 1.0]}, {"startTime": 5.0, "endTime": 10.0, "predictions": {"probabilities": [3.1622654717011756e-08, 0.9989978671073914], "logits": []}, "groundTruth": [0.0, 1.0]}, {"startTime": 9.0, "endTime": 14.0, "predictions": {"probabilities": [2.1709340217057616e-05, 0.01831524632871151], "logits": []}, "groundTruth": [0.0, 0.0]}]]}