{"modelName": "devise-221117-v1-ep150", "version": "1", "fileId": "2bfd476a8035405daa11f3291066b487", "classIds": ["Crex crex", "Scolopax rusticola"], "channels": [[{"startTime": 0.0, "endTime": 5.0, "predictions": {"probabilities": [6.615729216719046e-05, 0.12164288014173508], "logits": []}, "groundTruth": [0.0, 0.0]}, {"startTime": 5.0, "endTime": 10.0, "predictions": {"probabilities": [7.69893522374332e-05, 0.13720475137233734], "logits": []}, "groundTruth": [0.0, 0.0]}, {"startTime": 10.0, "endTime": 15.0, "predictions": {"probabilities": [0.00011616433766903356, 0.31268006563186646], "logits": []}, "groundTruth": [0.0, 0.0]}, {"startTime": 15.0, "endTime": 20.0, "predictions": {"probabilities": [5.0624290452105924e-05, 0.6189027428627014], "logits": []}, "groundTruth": [0.0, 0.0]}]]}