{"modelName": "devise-221117-v1-ep150", "version": "1", "fileId": "2bfd476a8035405daa11f3291066b487", "classIds": ["Crex crex", "Scolopax rusticola"], "channels": [[{"startTime": 0.0, "endTime": 5.0, "predictions": {"probabilities": [-9.623409271240234, -1.9769636392593384], "logits": [NaN, NaN]}, "groundTruth": [0.0, 0.0]}, {"startTime": 5.0, "endTime": 10.0, "predictions": {"probabilities": [-9.471766471862793, -1.8387030363082886], "logits": [NaN, NaN]}, "groundTruth": [0.0, 0.0]}, {"startTime": 10.0, "endTime": 15.0, "predictions": {"probabilities": [-9.060388565063477, -0.7876193523406982], "logits": [NaN, NaN]}, "groundTruth": [0.0, 0.0]}, {"startTime": 15.0, "endTime": 20.0, "predictions": {"probabilities": [-9.89102840423584, 0.4848935902118683], "logits": [NaN, -0.06044407933950424]}, "groundTruth": [0.0, 0.0]}]]}