{"modelName": "devise-221117-v1-ep150", "version": "1", "fileId": "2d5dc7970ac744fe9c5b12bd726092f5", "classIds": ["Crex crex", "Scolopax rusticola"], "channels": [[{"startTime": 0.0, "endTime": 5.0, "predictions": {"probabilities": [3.667355713332654e-06, 0.00424114428460598], "logits": []}, "groundTruth": [0.0, 0.0]}, {"startTime": 5.0, "endTime": 10.0, "predictions": {"probabilities": [1.1307364502499695e-06, 0.9441373944282532], "logits": []}, "groundTruth": [0.0, 0.0]}, {"startTime": 10.0, "endTime": 15.0, "predictions": {"probabilities": [4.377721324999584e-06, 0.7202692627906799], "logits": []}, "groundTruth": [0.0, 0.0]}, {"startTime": 15.0, "endTime": 20.0, "predictions": {"probabilities": [2.0693676560767926e-05, 0.07728689163923264], "logits": []}, "groundTruth": [0.0, 0.0]}]]}