{"modelName": "devise-221117-v1-ep150", "version": "1", "fileId": "2d5e45d69e3f4392b8318378d01559e0", "classIds": ["Crex crex", "Scolopax rusticola"], "channels": [[{"startTime": 0.0, "endTime": 5.0, "predictions": {"probabilities": [3.730583921424113e-05, 0.995062530040741], "logits": []}, "groundTruth": [0.0, 0.0]}, {"startTime": 5.0, "endTime": 10.0, "predictions": {"probabilities": [0.00017312780255451798, 0.2634468972682953], "logits": []}, "groundTruth": [0.0, 0.0]}, {"startTime": 10.0, "endTime": 15.0, "predictions": {"probabilities": [0.00046743141137994826, 0.5505939722061157], "logits": []}, "groundTruth": [0.0, 0.0]}, {"startTime": 15.0, "endTime": 20.0, "predictions": {"probabilities": [7.199884748843033e-06, 0.9964435696601868], "logits": []}, "groundTruth": [0.0, 0.0]}]]}