{"modelName": "devise-221117-v1-ep150", "version": "1", "fileId": "2d5e45d69e3f4392b8318378d01559e0", "classIds": ["Crex crex", "Scolopax rusticola"], "channels": [[{"startTime": 0.0, "endTime": 5.0, "predictions": {"probabilities": [-10.19632339477539, 5.305957317352295], "logits": [NaN, NaN]}, "groundTruth": [0.0, 0.0]}, {"startTime": 5.0, "endTime": 10.0, "predictions": {"probabilities": [-8.661307334899902, -1.0281294584274292], "logits": [NaN, NaN]}, "groundTruth": [0.0, 0.0]}, {"startTime": 10.0, "endTime": 15.0, "predictions": {"probabilities": [-7.667790412902832, 0.20307086408138275], "logits": [NaN, -1.3672107458114624]}, "groundTruth": [0.0, 0.0]}, {"startTime": 15.0, "endTime": 20.0, "predictions": {"probabilities": [-11.841438293457031, 5.63544225692749], "logits": [NaN, NaN]}, "groundTruth": [0.0, 0.0]}]]}