{"modelName": "devise-221117-v1-ep150", "version": "1", "fileId": "2d77a760a4544d0690dfc01b8ab04f7e", "classIds": ["Crex crex", "Scolopax rusticola"], "channels": [[{"startTime": 0.0, "endTime": 5.0, "predictions": {"probabilities": [9.739911183714867e-05, 0.1597394198179245], "logits": []}, "groundTruth": [0.0, 0.0]}, {"startTime": 5.0, "endTime": 10.0, "predictions": {"probabilities": [0.00011814892059192061, 0.2918210029602051], "logits": []}, "groundTruth": [0.0, 0.0]}, {"startTime": 10.0, "endTime": 15.0, "predictions": {"probabilities": [0.00022155873011797667, 0.6879751086235046], "logits": []}, "groundTruth": [0.0, 0.0]}, {"startTime": 15.0, "endTime": 20.0, "predictions": {"probabilities": [3.952060069423169e-05, 0.08404050022363663], "logits": []}, "groundTruth": [0.0, 0.0]}]]}