{"modelName": "devise-221117-v1-ep150", "version": "1", "fileId": "2d887c6f3e3f4f14a2fcefeb13da445f", "classIds": ["Crex crex", "Scolopax rusticola"], "channels": [[{"startTime": 0.0, "endTime": 5.0, "predictions": {"probabilities": [0.00028013245901092887, 0.40547946095466614], "logits": []}, "groundTruth": [0.0, 0.0]}, {"startTime": 5.0, "endTime": 10.0, "predictions": {"probabilities": [7.711404032306746e-05, 0.16035588085651398], "logits": []}, "groundTruth": [0.0, 0.0]}, {"startTime": 10.0, "endTime": 15.0, "predictions": {"probabilities": [6.120238595030969e-06, 0.011227931827306747], "logits": []}, "groundTruth": [0.0, 0.0]}, {"startTime": 15.0, "endTime": 20.0, "predictions": {"probabilities": [9.880398283712566e-05, 0.19234982132911682], "logits": []}, "groundTruth": [0.0, 0.0]}]]}