{"modelName": "devise-221117-v1-ep150", "version": "1", "fileId": "2d887c6f3e3f4f14a2fcefeb13da445f", "classIds": ["Crex crex", "Scolopax rusticola"], "channels": [[{"startTime": 0.0, "endTime": 5.0, "predictions": {"probabilities": [-8.179967880249023, -0.38268497586250305], "logits": [NaN, NaN]}, "groundTruth": [0.0, 0.0]}, {"startTime": 5.0, "endTime": 10.0, "predictions": {"probabilities": [-9.470148086547852, -1.6555825471878052], "logits": [NaN, NaN]}, "groundTruth": [0.0, 0.0]}, {"startTime": 10.0, "endTime": 15.0, "predictions": {"probabilities": [-12.00390338897705, -4.4780592918396], "logits": [NaN, NaN]}, "groundTruth": [0.0, 0.0]}, {"startTime": 15.0, "endTime": 20.0, "predictions": {"probabilities": [-9.222273826599121, -1.434813380241394], "logits": [NaN, NaN]}, "groundTruth": [0.0, 0.0]}]]}