{"modelName": "devise-221117-v1-ep150", "version": "1", "fileId": "2d8b05312f6f45c384eabf83a22e5602", "classIds": ["Crex crex", "Scolopax rusticola"], "channels": [[{"startTime": 0.0, "endTime": 5.0, "predictions": {"probabilities": [0.00014297901361715049, 0.21726201474666595], "logits": []}, "groundTruth": [0.0, 0.0]}, {"startTime": 5.0, "endTime": 10.0, "predictions": {"probabilities": [0.00023017334751784801, 0.2728552520275116], "logits": []}, "groundTruth": [0.0, 0.0]}, {"startTime": 10.0, "endTime": 15.0, "predictions": {"probabilities": [9.612212306819856e-05, 0.14678002893924713], "logits": []}, "groundTruth": [0.0, 0.0]}, {"startTime": 15.0, "endTime": 20.0, "predictions": {"probabilities": [0.000420773692894727, 0.4367426931858063], "logits": []}, "groundTruth": [0.0, 0.0]}]]}