{"modelName": "devise-221117-v1-ep150", "version": "1", "fileId": "2d8b05312f6f45c384eabf83a22e5602", "classIds": ["Crex crex", "Scolopax rusticola"], "channels": [[{"startTime": 0.0, "endTime": 5.0, "predictions": {"probabilities": [-8.852669715881348, -1.281693935394287], "logits": [NaN, NaN]}, "groundTruth": [0.0, 0.0]}, {"startTime": 5.0, "endTime": 10.0, "predictions": {"probabilities": [-8.376447677612305, -0.9801841974258423], "logits": [NaN, NaN]}, "groundTruth": [0.0, 0.0]}, {"startTime": 10.0, "endTime": 15.0, "predictions": {"probabilities": [-9.249794960021973, -1.7600823640823364], "logits": [NaN, NaN]}, "groundTruth": [0.0, 0.0]}, {"startTime": 15.0, "endTime": 20.0, "predictions": {"probabilities": [-7.772994518280029, -0.25439220666885376], "logits": [NaN, NaN]}, "groundTruth": [0.0, 0.0]}]]}