{"modelName": "devise-221117-v1-ep150", "version": "1", "fileId": "2decd0307aca48599543b04702b0e210", "classIds": ["Crex crex", "Scolopax rusticola"], "channels": [[{"startTime": 0.0, "endTime": 5.0, "predictions": {"probabilities": [4.061134575295e-07, 0.999996542930603], "logits": []}, "groundTruth": [0.0, 0.0]}, {"startTime": 5.0, "endTime": 10.0, "predictions": {"probabilities": [3.948899029637687e-05, 0.0935291051864624], "logits": []}, "groundTruth": [0.0, 0.0]}, {"startTime": 10.0, "endTime": 15.0, "predictions": {"probabilities": [9.405885066371411e-05, 0.16541507840156555], "logits": []}, "groundTruth": [0.0, 0.0]}, {"startTime": 15.0, "endTime": 20.0, "predictions": {"probabilities": [0.0001459599588997662, 0.270312637090683], "logits": []}, "groundTruth": [0.0, 0.0]}]]}