{"modelName": "devise-221117-v1-ep150", "version": "1", "fileId": "2e36060b0eb84290bff82e3190d07fdd", "classIds": ["Crex crex", "Scolopax rusticola"], "channels": [[{"startTime": 0.0, "endTime": 5.0, "predictions": {"probabilities": [1.0431453119963408e-05, 0.9998840093612671], "logits": []}, "groundTruth": [0.0, 1.0]}, {"startTime": 4.0, "endTime": 9.0, "predictions": {"probabilities": [1.4903980627423152e-07, 0.9598117470741272], "logits": []}, "groundTruth": [0.0, 1.0]}]]}