{"modelName": "devise-221117-v1-ep150", "version": "1", "fileId": "2e4d83dcded3432db169f6eb77ded980", "classIds": ["Crex crex", "Scolopax rusticola"], "channels": [[{"startTime": 0.0, "endTime": 5.0, "predictions": {"probabilities": [7.865116913308157e-07, 0.9976898431777954], "logits": []}, "groundTruth": [0.0, 0.0]}, {"startTime": 5.0, "endTime": 10.0, "predictions": {"probabilities": [1.0014103281719144e-05, 0.7782226800918579], "logits": []}, "groundTruth": [0.0, 0.0]}, {"startTime": 10.0, "endTime": 15.0, "predictions": {"probabilities": [2.6258141588186845e-05, 0.027699459344148636], "logits": []}, "groundTruth": [0.0, 0.0]}, {"startTime": 15.0, "endTime": 20.0, "predictions": {"probabilities": [0.00012960005551576614, 0.9654833674430847], "logits": []}, "groundTruth": [0.0, 0.0]}]]}