{"modelName": "devise-221117-v1-ep150", "version": "1", "fileId": "2eaaeabc0a914d99aab899fedf2562bb", "classIds": ["Crex crex", "Scolopax rusticola"], "channels": [[{"startTime": 0.0, "endTime": 5.0, "predictions": {"probabilities": [8.196580893127248e-06, 0.2004404217004776], "logits": []}, "groundTruth": [0.0, 0.0]}, {"startTime": 5.0, "endTime": 10.0, "predictions": {"probabilities": [7.721029078311403e-07, 0.0007621802506037056], "logits": []}, "groundTruth": [0.0, 0.0]}, {"startTime": 10.0, "endTime": 15.0, "predictions": {"probabilities": [3.5302573451190256e-06, 0.07625003159046173], "logits": []}, "groundTruth": [0.0, 0.0]}, {"startTime": 15.0, "endTime": 20.0, "predictions": {"probabilities": [2.3817699457140407e-06, 0.007729899603873491], "logits": []}, "groundTruth": [0.0, 0.0]}]]}