{"modelName": "devise-221117-v1-ep150", "version": "1", "fileId": "2ee576489c344aef9fc73560136480e8", "classIds": ["Crex crex", "Scolopax rusticola"], "channels": [[{"startTime": 0.0, "endTime": 5.0, "predictions": {"probabilities": [1.8085279940294186e-09, 0.9281697869300842], "logits": []}, "groundTruth": [0.0, 0.0]}, {"startTime": 5.0, "endTime": 10.0, "predictions": {"probabilities": [0.00016932935977820307, 0.19865663349628448], "logits": []}, "groundTruth": [0.0, 0.0]}, {"startTime": 10.0, "endTime": 15.0, "predictions": {"probabilities": [5.6744309404166415e-05, 0.10395487397909164], "logits": []}, "groundTruth": [0.0, 0.0]}, {"startTime": 15.0, "endTime": 20.0, "predictions": {"probabilities": [1.6524661987205036e-05, 0.012172389775514603], "logits": []}, "groundTruth": [0.0, 0.0]}]]}