{"modelName": "devise-221117-v1-ep150", "version": "1", "fileId": "2ee576489c344aef9fc73560136480e8", "classIds": ["Crex crex", "Scolopax rusticola"], "channels": [[{"startTime": 0.0, "endTime": 5.0, "predictions": {"probabilities": [-20.130752563476562, 2.5589094161987305], "logits": [NaN, NaN]}, "groundTruth": [0.0, 0.0]}, {"startTime": 5.0, "endTime": 10.0, "predictions": {"probabilities": [-8.68349552154541, -1.3947116136550903], "logits": [NaN, NaN]}, "groundTruth": [0.0, 0.0]}, {"startTime": 10.0, "endTime": 15.0, "predictions": {"probabilities": [-9.776898384094238, -2.154033899307251], "logits": [NaN, NaN]}, "groundTruth": [0.0, 0.0]}, {"startTime": 15.0, "endTime": 20.0, "predictions": {"probabilities": [-11.010640144348145, -4.396337985992432], "logits": [NaN, NaN]}, "groundTruth": [0.0, 0.0]}]]}