{"modelName": "devise-221117-v1-ep150", "version": "1", "fileId": "2f447a015ca14da5ab05961e54fe1a6c", "classIds": ["Crex crex", "Scolopax rusticola"], "channels": [[{"startTime": 0.0, "endTime": 5.0, "predictions": {"probabilities": [0.00023326258815359324, 0.3608207702636719], "logits": []}, "groundTruth": [0.0, 0.0]}, {"startTime": 5.0, "endTime": 10.0, "predictions": {"probabilities": [0.00016150683222804219, 0.400028795003891], "logits": []}, "groundTruth": [0.0, 0.0]}, {"startTime": 10.0, "endTime": 15.0, "predictions": {"probabilities": [5.9182915720157325e-05, 0.9859909415245056], "logits": []}, "groundTruth": [0.0, 0.0]}, {"startTime": 15.0, "endTime": 20.0, "predictions": {"probabilities": [0.0001411936100339517, 0.5289492607116699], "logits": []}, "groundTruth": [0.0, 0.0]}]]}