{"modelName": "devise-221117-v1-ep150", "version": "1", "fileId": "2f447a015ca14da5ab05961e54fe1a6c", "classIds": ["Crex crex", "Scolopax rusticola"], "channels": [[{"startTime": 0.0, "endTime": 5.0, "predictions": {"probabilities": [-8.363112449645996, -0.571803629398346], "logits": [NaN, NaN]}, "groundTruth": [0.0, 0.0]}, {"startTime": 5.0, "endTime": 10.0, "predictions": {"probabilities": [-8.730801582336426, -0.40534508228302], "logits": [NaN, NaN]}, "groundTruth": [0.0, 0.0]}, {"startTime": 10.0, "endTime": 15.0, "predictions": {"probabilities": [-9.734818458557129, 4.253942966461182], "logits": [NaN, NaN]}, "groundTruth": [0.0, 0.0]}, {"startTime": 15.0, "endTime": 20.0, "predictions": {"probabilities": [-8.86523723602295, 0.11592648923397064], "logits": [NaN, -2.0315840244293213]}, "groundTruth": [0.0, 0.0]}]]}