{"modelName": "devise-221117-v1-ep150", "version": "1", "fileId": "2f8da00b34ba4f79aa336e3a107b40c6", "classIds": ["Crex crex", "Scolopax rusticola"], "channels": [[{"startTime": 0.0, "endTime": 5.0, "predictions": {"probabilities": [2.2919986804481596e-05, 0.043392255902290344], "logits": []}, "groundTruth": [0.0, 0.0]}, {"startTime": 5.0, "endTime": 10.0, "predictions": {"probabilities": [6.915815902175382e-05, 0.5115922093391418], "logits": []}, "groundTruth": [0.0, 0.0]}, {"startTime": 10.0, "endTime": 15.0, "predictions": {"probabilities": [6.370226856233785e-06, 0.9968277812004089], "logits": []}, "groundTruth": [0.0, 0.0]}, {"startTime": 15.0, "endTime": 20.0, "predictions": {"probabilities": [9.740551467984915e-05, 0.14512482285499573], "logits": []}, "groundTruth": [0.0, 0.0]}]]}