{"modelName": "devise-221117-v1-ep150", "version": "1", "fileId": "2fa27e947c054871bbea30b3ce7a27c3", "classIds": ["Crex crex", "Scolopax rusticola"], "channels": [[{"startTime": 0.0, "endTime": 5.0, "predictions": {"probabilities": [0.0001410975237376988, 0.35341694951057434], "logits": []}, "groundTruth": [0.0, 0.0]}, {"startTime": 5.0, "endTime": 10.0, "predictions": {"probabilities": [0.0003823362058028579, 0.541323184967041], "logits": []}, "groundTruth": [0.0, 0.0]}, {"startTime": 10.0, "endTime": 15.0, "predictions": {"probabilities": [0.00032673031091690063, 0.4448492228984833], "logits": []}, "groundTruth": [0.0, 0.0]}, {"startTime": 15.0, "endTime": 20.0, "predictions": {"probabilities": [0.000469859573058784, 0.704974889755249], "logits": []}, "groundTruth": [0.0, 0.0]}]]}