{"modelName": "devise-221117-v1-ep150", "version": "1", "fileId": "2fa27e947c054871bbea30b3ce7a27c3", "classIds": ["Crex crex", "Scolopax rusticola"], "channels": [[{"startTime": 0.0, "endTime": 5.0, "predictions": {"probabilities": [-8.865918159484863, -0.6040530800819397], "logits": [NaN, NaN]}, "groundTruth": [0.0, 0.0]}, {"startTime": 5.0, "endTime": 10.0, "predictions": {"probabilities": [-7.868827819824219, 0.16567058861255646], "logits": [NaN, -1.6166268587112427]}, "groundTruth": [0.0, 0.0]}, {"startTime": 10.0, "endTime": 15.0, "predictions": {"probabilities": [-8.02604866027832, -0.221504345536232], "logits": [NaN, NaN]}, "groundTruth": [0.0, 0.0]}, {"startTime": 15.0, "endTime": 20.0, "predictions": {"probabilities": [-7.662606716156006, 0.8711014986038208], "logits": [NaN, 1.9107332229614258]}, "groundTruth": [0.0, 0.0]}]]}