{"modelName": "devise-221117-v1-ep150", "version": "1", "fileId": "2fb64abc26554e8eb83788bcee4bc748", "classIds": ["Crex crex", "Scolopax rusticola"], "channels": [[{"startTime": 0.0, "endTime": 5.0, "predictions": {"probabilities": [-9.065762519836426, -1.5705828666687012], "logits": [NaN, NaN]}, "groundTruth": [0.0, 0.0]}, {"startTime": 5.0, "endTime": 10.0, "predictions": {"probabilities": [-9.4182710647583, -1.9943290948867798], "logits": [NaN, NaN]}, "groundTruth": [0.0, 0.0]}, {"startTime": 10.0, "endTime": 15.0, "predictions": {"probabilities": [-8.949562072753906, -1.4110099077224731], "logits": [NaN, NaN]}, "groundTruth": [0.0, 0.0]}, {"startTime": 15.0, "endTime": 20.0, "predictions": {"probabilities": [-9.396324157714844, -1.9062451124191284], "logits": [NaN, NaN]}, "groundTruth": [0.0, 0.0]}]]}