{"modelName": "devise-221117-v1-ep150", "version": "1", "fileId": "2fb64abc26554e8eb83788bcee4bc748", "classIds": ["Crex crex", "Scolopax rusticola"], "channels": [[{"startTime": 0.0, "endTime": 5.0, "predictions": {"probabilities": [0.00011554182128747925, 0.17213331162929535], "logits": []}, "groundTruth": [0.0, 0.0]}, {"startTime": 5.0, "endTime": 10.0, "predictions": {"probabilities": [8.121973951347172e-05, 0.11979962140321732], "logits": []}, "groundTruth": [0.0, 0.0]}, {"startTime": 10.0, "endTime": 15.0, "predictions": {"probabilities": [0.00012977713777218014, 0.19607482850551605], "logits": []}, "groundTruth": [0.0, 0.0]}, {"startTime": 15.0, "endTime": 20.0, "predictions": {"probabilities": [8.30218123155646e-05, 0.1294032782316208], "logits": []}, "groundTruth": [0.0, 0.0]}]]}