{"modelName": "devise-221117-v1-ep150", "version": "1", "fileId": "31006432df514060999a95de3a34fc08", "classIds": ["Crex crex", "Scolopax rusticola"], "channels": [[{"startTime": 0.0, "endTime": 5.0, "predictions": {"probabilities": [-14.21385669708252, 1.1389108896255493], "logits": [NaN, NaN]}, "groundTruth": [0.0, 1.0]}, {"startTime": 5.0, "endTime": 10.0, "predictions": {"probabilities": [-18.47106170654297, 23.592731475830078], "logits": [NaN, NaN]}, "groundTruth": [0.0, 1.0]}, {"startTime": 10.0, "endTime": 15.0, "predictions": {"probabilities": [-14.332942008972168, 9.875414848327637], "logits": [NaN, NaN]}, "groundTruth": [0.0, 1.0]}, {"startTime": 11.0, "endTime": 16.0, "predictions": {"probabilities": [-10.219061851501465, -2.7122883796691895], "logits": [NaN, NaN]}, "groundTruth": [0.0, 0.0]}]]}