{"modelName": "devise-221117-v1-ep150", "version": "1", "fileId": "327737377f014425868113cb75f4bde4", "classIds": ["Crex crex", "Scolopax rusticola"], "channels": [[{"startTime": 0.0, "endTime": 5.0, "predictions": {"probabilities": [0.0004464151570573449, 0.5427378416061401], "logits": []}, "groundTruth": [0.0, 0.0]}, {"startTime": 5.0, "endTime": 10.0, "predictions": {"probabilities": [7.228673348436132e-05, 0.14476114511489868], "logits": []}, "groundTruth": [0.0, 0.0]}, {"startTime": 10.0, "endTime": 15.0, "predictions": {"probabilities": [9.324759594164789e-05, 0.12562640011310577], "logits": []}, "groundTruth": [0.0, 0.0]}, {"startTime": 15.0, "endTime": 20.0, "predictions": {"probabilities": [0.000207439559744671, 0.24688048660755157], "logits": []}, "groundTruth": [0.0, 0.0]}]]}