{"modelName": "devise-221117-v1-ep150", "version": "1", "fileId": "32943f199da44109a981d32d764fb6c3", "classIds": ["Crex crex", "Scolopax rusticola"], "channels": [[{"startTime": 0.0, "endTime": 5.0, "predictions": {"probabilities": [-12.557686805725098, 10.541783332824707], "logits": [NaN, NaN]}, "groundTruth": [0.0, 0.0]}, {"startTime": 5.0, "endTime": 10.0, "predictions": {"probabilities": [-16.54106903076172, 11.32682991027832], "logits": [NaN, NaN]}, "groundTruth": [0.0, 0.0]}, {"startTime": 10.0, "endTime": 15.0, "predictions": {"probabilities": [-9.444893836975098, 0.24921701848506927], "logits": [NaN, -1.102792501449585]}, "groundTruth": [0.0, 0.0]}, {"startTime": 15.0, "endTime": 20.0, "predictions": {"probabilities": [-8.782296180725098, 0.2868281900882721], "logits": [NaN, -0.9108390212059021]}, "groundTruth": [0.0, 0.0]}]]}