{"modelName": "devise-221117-v1-ep150", "version": "1", "fileId": "330a15e3b0f945e686094cfbc0dd0fdf", "classIds": ["Crex crex", "Scolopax rusticola"], "channels": [[{"startTime": 0.0, "endTime": 5.0, "predictions": {"probabilities": [-10.864232063293457, -3.6275949478149414], "logits": [NaN, NaN]}, "groundTruth": [0.0, 0.0]}, {"startTime": 5.0, "endTime": 10.0, "predictions": {"probabilities": [-8.549816131591797, -0.39193856716156006], "logits": [NaN, NaN]}, "groundTruth": [0.0, 0.0]}, {"startTime": 10.0, "endTime": 15.0, "predictions": {"probabilities": [-12.19559097290039, 2.846709966659546], "logits": [NaN, NaN]}, "groundTruth": [0.0, 0.0]}, {"startTime": 15.0, "endTime": 20.0, "predictions": {"probabilities": [-9.622410774230957, -1.800587773323059], "logits": [NaN, NaN]}, "groundTruth": [0.0, 0.0]}]]}