{"modelName": "devise-221117-v1-ep150", "version": "1", "fileId": "330a15e3b0f945e686094cfbc0dd0fdf", "classIds": ["Crex crex", "Scolopax rusticola"], "channels": [[{"startTime": 0.0, "endTime": 5.0, "predictions": {"probabilities": [1.9130029613734223e-05, 0.025891829282045364], "logits": []}, "groundTruth": [0.0, 0.0]}, {"startTime": 5.0, "endTime": 10.0, "predictions": {"probabilities": [0.0001935432228492573, 0.40325069427490234], "logits": []}, "groundTruth": [0.0, 0.0]}, {"startTime": 10.0, "endTime": 15.0, "predictions": {"probabilities": [5.052658707427327e-06, 0.9451484084129333], "logits": []}, "groundTruth": [0.0, 0.0]}, {"startTime": 15.0, "endTime": 20.0, "predictions": {"probabilities": [6.622337969020009e-05, 0.14177952706813812], "logits": []}, "groundTruth": [0.0, 0.0]}]]}