{"modelName": "devise-221117-v1-ep150", "version": "1", "fileId": "331c2c8011bd4c1f9928dc14f9d64e3a", "classIds": ["Crex crex", "Scolopax rusticola"], "channels": [[{"startTime": 0.0, "endTime": 5.0, "predictions": {"probabilities": [0.00013777203275822103, 0.17505455017089844], "logits": []}, "groundTruth": [0.0, 0.0]}, {"startTime": 5.0, "endTime": 10.0, "predictions": {"probabilities": [0.00010950586874969304, 0.9769617915153503], "logits": []}, "groundTruth": [0.0, 0.0]}, {"startTime": 10.0, "endTime": 15.0, "predictions": {"probabilities": [7.18745868653059e-05, 0.07032545655965805], "logits": []}, "groundTruth": [0.0, 0.0]}, {"startTime": 15.0, "endTime": 20.0, "predictions": {"probabilities": [0.00024023823789320886, 0.41479092836380005], "logits": []}, "groundTruth": [0.0, 0.0]}]]}