{"modelName": "devise-221117-v1-ep150", "version": "1", "fileId": "331c2c8011bd4c1f9928dc14f9d64e3a", "classIds": ["Crex crex", "Scolopax rusticola"], "channels": [[{"startTime": 0.0, "endTime": 5.0, "predictions": {"probabilities": [-8.889772415161133, -1.5502195358276367], "logits": [NaN, NaN]}, "groundTruth": [0.0, 0.0]}, {"startTime": 5.0, "endTime": 10.0, "predictions": {"probabilities": [-9.119422912597656, 3.747291326522827], "logits": [NaN, NaN]}, "groundTruth": [0.0, 0.0]}, {"startTime": 10.0, "endTime": 15.0, "predictions": {"probabilities": [-9.540515899658203, -2.5817008018493652], "logits": [NaN, NaN]}, "groundTruth": [0.0, 0.0]}, {"startTime": 15.0, "endTime": 20.0, "predictions": {"probabilities": [-8.333639144897461, -0.34419459104537964], "logits": [NaN, NaN]}, "groundTruth": [0.0, 0.0]}]]}