{"modelName": "devise-221117-v1-ep150", "version": "1", "fileId": "34339be3fd124bc2a923b0bed829f38c", "classIds": ["Crex crex", "Scolopax rusticola"], "channels": [[{"startTime": 0.0, "endTime": 5.0, "predictions": {"probabilities": [-9.077554702758789, -1.475419044494629], "logits": [NaN, NaN]}, "groundTruth": [0.0, 0.0]}, {"startTime": 5.0, "endTime": 10.0, "predictions": {"probabilities": [-9.838910102844238, -2.2701215744018555], "logits": [NaN, NaN]}, "groundTruth": [0.0, 0.0]}, {"startTime": 10.0, "endTime": 15.0, "predictions": {"probabilities": [-9.981926918029785, -2.6335816383361816], "logits": [NaN, NaN]}, "groundTruth": [0.0, 0.0]}, {"startTime": 15.0, "endTime": 20.0, "predictions": {"probabilities": [-11.738800048828125, -4.331567764282227], "logits": [NaN, NaN]}, "groundTruth": [0.0, 0.0]}]]}