{"modelName": "devise-221117-v1-ep150", "version": "1", "fileId": "346911b18fa745c496d4a9878a225b4e", "classIds": ["Crex crex", "Scolopax rusticola"], "channels": [[{"startTime": 0.0, "endTime": 5.0, "predictions": {"probabilities": [1.3913692100686603e-06, 0.7581396698951721], "logits": []}, "groundTruth": [0.0, 0.0]}, {"startTime": 5.0, "endTime": 10.0, "predictions": {"probabilities": [7.926093985588523e-07, 0.9999921321868896], "logits": []}, "groundTruth": [0.0, 0.0]}, {"startTime": 10.0, "endTime": 15.0, "predictions": {"probabilities": [5.595549282588763e-06, 0.15504451096057892], "logits": []}, "groundTruth": [0.0, 0.0]}, {"startTime": 15.0, "endTime": 20.0, "predictions": {"probabilities": [3.4284491334801714e-07, 0.35097768902778625], "logits": []}, "groundTruth": [0.0, 0.0]}]]}