{"modelName": "devise-221117-v1-ep150", "version": "1", "fileId": "346911b18fa745c496d4a9878a225b4e", "classIds": ["Crex crex", "Scolopax rusticola"], "channels": [[{"startTime": 0.0, "endTime": 5.0, "predictions": {"probabilities": [-13.485220909118652, 1.142507553100586], "logits": [NaN, NaN]}, "groundTruth": [0.0, 0.0]}, {"startTime": 5.0, "endTime": 10.0, "predictions": {"probabilities": [-14.047934532165527, 11.752691268920898], "logits": [NaN, NaN]}, "groundTruth": [0.0, 0.0]}, {"startTime": 10.0, "endTime": 15.0, "predictions": {"probabilities": [-12.093533515930176, -1.695571780204773], "logits": [NaN, NaN]}, "groundTruth": [0.0, 0.0]}, {"startTime": 15.0, "endTime": 20.0, "predictions": {"probabilities": [-14.885987281799316, -0.6147444248199463], "logits": [NaN, NaN]}, "groundTruth": [0.0, 0.0]}]]}