{"modelName": "devise-221117-v1-ep150", "version": "1", "fileId": "34b10a55a99b46f9807fa3ed53a5e5f1", "classIds": ["Crex crex", "Scolopax rusticola"], "channels": [[{"startTime": 0.0, "endTime": 5.0, "predictions": {"probabilities": [0.00010474434384377673, 0.15740270912647247], "logits": []}, "groundTruth": [0.0, 0.0]}, {"startTime": 5.0, "endTime": 10.0, "predictions": {"probabilities": [0.00020628947822842747, 0.41138216853141785], "logits": []}, "groundTruth": [0.0, 0.0]}, {"startTime": 10.0, "endTime": 15.0, "predictions": {"probabilities": [0.0004207179881632328, 0.6349318623542786], "logits": []}, "groundTruth": [0.0, 0.0]}, {"startTime": 15.0, "endTime": 20.0, "predictions": {"probabilities": [0.00026955673820339143, 0.49088603258132935], "logits": []}, "groundTruth": [0.0, 0.0]}]]}