{"modelName": "devise-221117-v1-ep150", "version": "1", "fileId": "34dbe648368d46c8a6303a7d7e53433d", "classIds": ["Crex crex", "Scolopax rusticola"], "channels": [[{"startTime": 0.0, "endTime": 5.0, "predictions": {"probabilities": [1.3832991498929914e-05, 0.04609312489628792], "logits": []}, "groundTruth": [0.0, 0.0]}, {"startTime": 5.0, "endTime": 10.0, "predictions": {"probabilities": [4.860582976107253e-06, 0.008511930704116821], "logits": []}, "groundTruth": [0.0, 0.0]}, {"startTime": 10.0, "endTime": 15.0, "predictions": {"probabilities": [8.633409015601501e-05, 0.11189092695713043], "logits": []}, "groundTruth": [0.0, 0.0]}, {"startTime": 15.0, "endTime": 20.0, "predictions": {"probabilities": [7.357071444857866e-05, 0.09193006902933121], "logits": []}, "groundTruth": [0.0, 0.0]}]]}