{"modelName": "devise-221117-v1-ep150", "version": "1", "fileId": "350d69b066384437852dbe6fe33f3a58", "classIds": ["Crex crex", "Scolopax rusticola"], "channels": [[{"startTime": 0.0, "endTime": 5.0, "predictions": {"probabilities": [-10.757857322692871, -3.3334109783172607], "logits": [NaN, NaN]}, "groundTruth": [0.0, 0.0]}, {"startTime": 5.0, "endTime": 10.0, "predictions": {"probabilities": [-8.472785949707031, -1.0125222206115723], "logits": [NaN, NaN]}, "groundTruth": [0.0, 0.0]}, {"startTime": 10.0, "endTime": 15.0, "predictions": {"probabilities": [-9.164619445800781, 1.0712848901748657], "logits": [NaN, NaN]}, "groundTruth": [0.0, 0.0]}, {"startTime": 15.0, "endTime": 20.0, "predictions": {"probabilities": [-7.921151161193848, 1.3893823623657227], "logits": [NaN, NaN]}, "groundTruth": [0.0, 0.0]}]]}