{"modelName": "devise-221117-v1-ep150", "version": "1", "fileId": "35eadb8586e540d3b51a34a326df9c0a", "classIds": ["Crex crex", "Scolopax rusticola"], "channels": [[{"startTime": 0.0, "endTime": 5.0, "predictions": {"probabilities": [2.0443369066924788e-05, 0.01731252670288086], "logits": []}, "groundTruth": [0.0, 0.0]}, {"startTime": 5.0, "endTime": 10.0, "predictions": {"probabilities": [5.240546215645736e-06, 0.005047077778726816], "logits": []}, "groundTruth": [0.0, 0.0]}, {"startTime": 10.0, "endTime": 15.0, "predictions": {"probabilities": [0.00014177399862091988, 0.14194297790527344], "logits": []}, "groundTruth": [0.0, 0.0]}, {"startTime": 15.0, "endTime": 20.0, "predictions": {"probabilities": [0.00012156437878729776, 0.15085917711257935], "logits": []}, "groundTruth": [0.0, 0.0]}]]}