{"modelName": "devise-221117-v1-ep150", "version": "1", "fileId": "36208ab9c25b48d591945e64399404f5", "classIds": ["Crex crex", "Scolopax rusticola"], "channels": [[{"startTime": 0.0, "endTime": 5.0, "predictions": {"probabilities": [-8.22596549987793, -0.7291408777236938], "logits": [NaN, NaN]}, "groundTruth": [0.0, 0.0]}, {"startTime": 5.0, "endTime": 10.0, "predictions": {"probabilities": [-8.864909172058105, -1.405443787574768], "logits": [NaN, NaN]}, "groundTruth": [0.0, 0.0]}, {"startTime": 10.0, "endTime": 15.0, "predictions": {"probabilities": [-9.044960021972656, -1.4587314128875732], "logits": [NaN, NaN]}, "groundTruth": [0.0, 0.0]}, {"startTime": 15.0, "endTime": 20.0, "predictions": {"probabilities": [-10.159428596496582, 0.8820585012435913], "logits": [NaN, 2.0120697021484375]}, "groundTruth": [0.0, 0.0]}]]}