{"modelName": "devise-221117-v1-ep150", "version": "1", "fileId": "365a7753cadb4e33a1a4da7d8c5824d1", "classIds": ["Crex crex", "Scolopax rusticola"], "channels": [[{"startTime": 0.0, "endTime": 5.0, "predictions": {"probabilities": [-7.4773688316345215, 0.17551223933696747], "logits": [NaN, -1.547053575515747]}, "groundTruth": [0.0, 1.0]}, {"startTime": 5.0, "endTime": 10.0, "predictions": {"probabilities": [-8.91650104522705, -0.19240224361419678], "logits": [NaN, NaN]}, "groundTruth": [0.0, 1.0]}, {"startTime": 10.0, "endTime": 15.0, "predictions": {"probabilities": [-10.456852912902832, 5.132730007171631], "logits": [NaN, NaN]}, "groundTruth": [0.0, 1.0]}, {"startTime": 15.0, "endTime": 20.0, "predictions": {"probabilities": [-9.602051734924316, -2.4218227863311768], "logits": [NaN, NaN]}, "groundTruth": [0.0, 0.0]}]]}