{"modelName": "devise-221117-v1-ep150", "version": "1", "fileId": "366ac1eeba3242e2aa6d79f8c729463a", "classIds": ["Crex crex", "Scolopax rusticola"], "channels": [[{"startTime": 0.0, "endTime": 5.0, "predictions": {"probabilities": [3.2429227303509833e-06, 0.8589997291564941], "logits": []}, "groundTruth": [0.0, 1.0]}, {"startTime": 5.0, "endTime": 10.0, "predictions": {"probabilities": [1.1474038785763696e-07, 0.993184506893158], "logits": []}, "groundTruth": [0.0, 1.0]}, {"startTime": 10.0, "endTime": 15.0, "predictions": {"probabilities": [1.4907619583226506e-09, 1.0], "logits": []}, "groundTruth": [0.0, 1.0]}, {"startTime": 14.0, "endTime": 19.0, "predictions": {"probabilities": [2.166669219150208e-05, 0.9882186651229858], "logits": []}, "groundTruth": [0.0, 1.0]}]]}