{"modelName": "devise-221117-v1-ep150", "version": "1", "fileId": "366ac1eeba3242e2aa6d79f8c729463a", "classIds": ["Crex crex", "Scolopax rusticola"], "channels": [[{"startTime": 0.0, "endTime": 5.0, "predictions": {"probabilities": [-12.639032363891602, 1.8070064783096313], "logits": [NaN, NaN]}, "groundTruth": [0.0, 1.0]}, {"startTime": 5.0, "endTime": 10.0, "predictions": {"probabilities": [-15.98059368133545, 4.981708526611328], "logits": [NaN, NaN]}, "groundTruth": [0.0, 1.0]}, {"startTime": 10.0, "endTime": 15.0, "predictions": {"probabilities": [-20.323978424072266, 22.818065643310547], "logits": [NaN, NaN]}, "groundTruth": [0.0, 1.0]}, {"startTime": 14.0, "endTime": 19.0, "predictions": {"probabilities": [-10.739712715148926, 4.429388046264648], "logits": [NaN, NaN]}, "groundTruth": [0.0, 1.0]}]]}