{"modelName": "devise-221117-v1-ep150", "version": "1", "fileId": "36aa2aa3be74448d94925a48febe590d", "classIds": ["Crex crex", "Scolopax rusticola"], "channels": [[{"startTime": 0.0, "endTime": 5.0, "predictions": {"probabilities": [7.675447704968974e-05, 0.20052379369735718], "logits": []}, "groundTruth": [0.0, 0.0]}, {"startTime": 5.0, "endTime": 10.0, "predictions": {"probabilities": [6.418866541935131e-05, 0.13055333495140076], "logits": []}, "groundTruth": [0.0, 0.0]}, {"startTime": 10.0, "endTime": 15.0, "predictions": {"probabilities": [7.337277929764241e-05, 0.1537618339061737], "logits": []}, "groundTruth": [0.0, 0.0]}, {"startTime": 15.0, "endTime": 20.0, "predictions": {"probabilities": [0.0001286751648876816, 0.1741601973772049], "logits": []}, "groundTruth": [0.0, 0.0]}]]}