{"modelName": "devise-221117-v1-ep150", "version": "1", "fileId": "36aa2aa3be74448d94925a48febe590d", "classIds": ["Crex crex", "Scolopax rusticola"], "channels": [[{"startTime": 0.0, "endTime": 5.0, "predictions": {"probabilities": [-9.474822044372559, -1.3830238580703735], "logits": [NaN, NaN]}, "groundTruth": [0.0, 0.0]}, {"startTime": 5.0, "endTime": 10.0, "predictions": {"probabilities": [-9.653619766235352, -1.8960751295089722], "logits": [NaN, NaN]}, "groundTruth": [0.0, 0.0]}, {"startTime": 10.0, "endTime": 15.0, "predictions": {"probabilities": [-9.51988410949707, -1.7053959369659424], "logits": [NaN, NaN]}, "groundTruth": [0.0, 0.0]}, {"startTime": 15.0, "endTime": 20.0, "predictions": {"probabilities": [-8.958090782165527, -1.5564252138137817], "logits": [NaN, NaN]}, "groundTruth": [0.0, 0.0]}]]}