{"modelName": "devise-221117-v1-ep150", "version": "1", "fileId": "3743b0aa779a4df6b7de4216e6495828", "classIds": ["Crex crex", "Scolopax rusticola"], "channels": [[{"startTime": 0.0, "endTime": 5.0, "predictions": {"probabilities": [-9.065224647521973, 0.4951753616333008], "logits": [NaN, -0.01929917372763157]}, "groundTruth": [0.0, 0.0]}, {"startTime": 5.0, "endTime": 10.0, "predictions": {"probabilities": [-13.06576919555664, -3.201531410217285], "logits": [NaN, NaN]}, "groundTruth": [0.0, 0.0]}, {"startTime": 10.0, "endTime": 15.0, "predictions": {"probabilities": [-10.333540916442871, -3.115821361541748], "logits": [NaN, NaN]}, "groundTruth": [0.0, 0.0]}, {"startTime": 15.0, "endTime": 20.0, "predictions": {"probabilities": [-9.740159034729004, -2.2675492763519287], "logits": [NaN, NaN]}, "groundTruth": [0.0, 0.0]}]]}