{"modelName": "devise-221117-v1-ep150", "version": "1", "fileId": "374cebb2392b4f559d418dd87d76cb17", "classIds": ["Crex crex", "Scolopax rusticola"], "channels": [[{"startTime": 0.0, "endTime": 5.0, "predictions": {"probabilities": [2.3056256395648234e-05, 0.025151485577225685], "logits": []}, "groundTruth": [0.0, 0.0]}, {"startTime": 5.0, "endTime": 10.0, "predictions": {"probabilities": [0.000259645952610299, 0.44519540667533875], "logits": []}, "groundTruth": [0.0, 0.0]}, {"startTime": 10.0, "endTime": 15.0, "predictions": {"probabilities": [0.00012569886166602373, 0.18405862152576447], "logits": []}, "groundTruth": [0.0, 0.0]}, {"startTime": 15.0, "endTime": 20.0, "predictions": {"probabilities": [0.0005823905230499804, 0.6726159453392029], "logits": []}, "groundTruth": [0.0, 0.0]}]]}