{"modelName": "devise-221117-v1-ep150", "version": "1", "fileId": "3768252d86504f8da39ea08a6fe45dbf", "classIds": ["Crex crex", "Scolopax rusticola"], "channels": [[{"startTime": 0.0, "endTime": 5.0, "predictions": {"probabilities": [0.0006273315520957112, 0.6932827830314636], "logits": []}, "groundTruth": [0.0, 0.0]}, {"startTime": 5.0, "endTime": 10.0, "predictions": {"probabilities": [0.000452899606898427, 0.5283640623092651], "logits": []}, "groundTruth": [0.0, 0.0]}, {"startTime": 10.0, "endTime": 15.0, "predictions": {"probabilities": [0.00014221675519365817, 0.23404867947101593], "logits": []}, "groundTruth": [0.0, 0.0]}, {"startTime": 15.0, "endTime": 20.0, "predictions": {"probabilities": [0.0001429022813681513, 0.23976543545722961], "logits": []}, "groundTruth": [0.0, 0.0]}]]}