{"modelName": "devise-221117-v1-ep150", "version": "1", "fileId": "3768252d86504f8da39ea08a6fe45dbf", "classIds": ["Crex crex", "Scolopax rusticola"], "channels": [[{"startTime": 0.0, "endTime": 5.0, "predictions": {"probabilities": [-7.37340784072876, 0.8155118227005005], "logits": [NaN, 1.486230492591858]}, "groundTruth": [0.0, 0.0]}, {"startTime": 5.0, "endTime": 10.0, "predictions": {"probabilities": [-7.699387073516846, 0.11357823759317398], "logits": [NaN, -2.0547008514404297]}, "groundTruth": [0.0, 0.0]}, {"startTime": 10.0, "endTime": 15.0, "predictions": {"probabilities": [-8.858016014099121, -1.1855895519256592], "logits": [NaN, NaN]}, "groundTruth": [0.0, 0.0]}, {"startTime": 15.0, "endTime": 20.0, "predictions": {"probabilities": [-8.853206634521484, -1.1539658308029175], "logits": [NaN, NaN]}, "groundTruth": [0.0, 0.0]}]]}