{"modelName": "devise-221117-v1-ep150", "version": "1", "fileId": "37ad328622c447d896ce81180383afe6", "classIds": ["Crex crex", "Scolopax rusticola"], "channels": [[{"startTime": 0.0, "endTime": 5.0, "predictions": {"probabilities": [-10.934660911560059, -3.3577826023101807], "logits": [NaN, NaN]}, "groundTruth": [0.0, 0.0]}, {"startTime": 5.0, "endTime": 10.0, "predictions": {"probabilities": [-9.589539527893066, 3.2789506912231445], "logits": [NaN, NaN]}, "groundTruth": [0.0, 0.0]}, {"startTime": 10.0, "endTime": 15.0, "predictions": {"probabilities": [-8.968610763549805, -1.4485396146774292], "logits": [NaN, NaN]}, "groundTruth": [0.0, 0.0]}, {"startTime": 15.0, "endTime": 20.0, "predictions": {"probabilities": [-11.555179595947266, -3.9976682662963867], "logits": [NaN, NaN]}, "groundTruth": [0.0, 0.0]}]]}