{"modelName": "devise-221117-v1-ep150", "version": "1", "fileId": "37bd0bffdee3492fb062e1e61e1c28bb", "classIds": ["Crex crex", "Scolopax rusticola"], "channels": [[{"startTime": 0.0, "endTime": 5.0, "predictions": {"probabilities": [-12.708368301391602, -5.543985366821289], "logits": [NaN, NaN]}, "groundTruth": [0.0, 0.0]}, {"startTime": 5.0, "endTime": 10.0, "predictions": {"probabilities": [-11.216835021972656, -4.061448574066162], "logits": [NaN, NaN]}, "groundTruth": [0.0, 0.0]}, {"startTime": 10.0, "endTime": 15.0, "predictions": {"probabilities": [-12.591253280639648, -5.510426044464111], "logits": [NaN, NaN]}, "groundTruth": [0.0, 0.0]}, {"startTime": 15.0, "endTime": 20.0, "predictions": {"probabilities": [-9.807161331176758, -0.4607103168964386], "logits": [NaN, NaN]}, "groundTruth": [0.0, 0.0]}]]}