{"modelName": "devise-221117-v1-ep150", "version": "1", "fileId": "387148b9d6964835a7674f2595181db0", "classIds": ["Crex crex", "Scolopax rusticola"], "channels": [[{"startTime": 0.0, "endTime": 5.0, "predictions": {"probabilities": [-11.44670581817627, 1.1675482988357544], "logits": [NaN, NaN]}, "groundTruth": [0.0, 0.0]}, {"startTime": 5.0, "endTime": 10.0, "predictions": {"probabilities": [-9.086426734924316, -1.3566710948944092], "logits": [NaN, NaN]}, "groundTruth": [0.0, 0.0]}, {"startTime": 10.0, "endTime": 15.0, "predictions": {"probabilities": [-9.985552787780762, -2.979250907897949], "logits": [NaN, NaN]}, "groundTruth": [0.0, 0.0]}, {"startTime": 15.0, "endTime": 20.0, "predictions": {"probabilities": [-9.150285720825195, -0.7234455347061157], "logits": [NaN, NaN]}, "groundTruth": [0.0, 0.0]}]]}