{"modelName": "devise-221117-v1-ep150", "version": "1", "fileId": "3873d50ef82d4480ad35aa64ba76691d", "classIds": ["Crex crex", "Scolopax rusticola"], "channels": [[{"startTime": 0.0, "endTime": 5.0, "predictions": {"probabilities": [-9.115436553955078, -1.5134323835372925], "logits": [NaN, NaN]}, "groundTruth": [0.0, 0.0]}, {"startTime": 5.0, "endTime": 10.0, "predictions": {"probabilities": [-7.8544440269470215, -0.0802396684885025], "logits": [NaN, NaN]}, "groundTruth": [0.0, 0.0]}, {"startTime": 10.0, "endTime": 15.0, "predictions": {"probabilities": [-8.137208938598633, -0.5449478626251221], "logits": [NaN, NaN]}, "groundTruth": [0.0, 0.0]}, {"startTime": 15.0, "endTime": 20.0, "predictions": {"probabilities": [-14.66537094116211, 12.942959785461426], "logits": [NaN, NaN]}, "groundTruth": [0.0, 0.0]}]]}