{"modelName": "devise-221117-v1-ep150", "version": "1", "fileId": "3873d50ef82d4480ad35aa64ba76691d", "classIds": ["Crex crex", "Scolopax rusticola"], "channels": [[{"startTime": 0.0, "endTime": 5.0, "predictions": {"probabilities": [0.00010994321200996637, 0.18043066561222076], "logits": []}, "groundTruth": [0.0, 0.0]}, {"startTime": 5.0, "endTime": 10.0, "predictions": {"probabilities": [0.0003878732386510819, 0.47995084524154663], "logits": []}, "groundTruth": [0.0, 0.0]}, {"startTime": 10.0, "endTime": 15.0, "predictions": {"probabilities": [0.00029236680711619556, 0.3670373558998108], "logits": []}, "groundTruth": [0.0, 0.0]}, {"startTime": 15.0, "endTime": 20.0, "predictions": {"probabilities": [4.274744185295276e-07, 0.999997615814209], "logits": []}, "groundTruth": [0.0, 0.0]}]]}