{"modelName": "devise-221117-v1-ep150", "version": "1", "fileId": "3889d3cee6b94a24b703911591174416", "classIds": ["Crex crex", "Scolopax rusticola"], "channels": [[{"startTime": 0.0, "endTime": 5.0, "predictions": {"probabilities": [0.00035906920675188303, 0.7073115706443787], "logits": []}, "groundTruth": [0.0, 1.0]}, {"startTime": 5.0, "endTime": 10.0, "predictions": {"probabilities": [2.233442764065785e-09, 1.0], "logits": []}, "groundTruth": [0.0, 1.0]}, {"startTime": 9.0, "endTime": 14.0, "predictions": {"probabilities": [1.6848491668497445e-06, 0.9996286630630493], "logits": []}, "groundTruth": [0.0, 1.0]}]]}