{"modelName": "devise-221117-v1-ep150", "version": "1", "fileId": "399051cb355a4c19a6cf7c9a1d32c4ea", "classIds": ["Crex crex", "Scolopax rusticola"], "channels": [[{"startTime": 0.0, "endTime": 5.0, "predictions": {"probabilities": [-9.123973846435547, -1.2608733177185059], "logits": [NaN, NaN]}, "groundTruth": [0.0, 0.0]}, {"startTime": 5.0, "endTime": 10.0, "predictions": {"probabilities": [-8.154424667358398, -0.6852160096168518], "logits": [NaN, NaN]}, "groundTruth": [0.0, 0.0]}, {"startTime": 10.0, "endTime": 15.0, "predictions": {"probabilities": [-8.696219444274902, -1.606196641921997], "logits": [NaN, NaN]}, "groundTruth": [0.0, 0.0]}, {"startTime": 15.0, "endTime": 20.0, "predictions": {"probabilities": [-12.196105003356934, 2.9695634841918945], "logits": [NaN, NaN]}, "groundTruth": [0.0, 0.0]}]]}