{"modelName": "devise-221117-v1-ep150", "version": "1", "fileId": "399051cb355a4c19a6cf7c9a1d32c4ea", "classIds": ["Crex crex", "Scolopax rusticola"], "channels": [[{"startTime": 0.0, "endTime": 5.0, "predictions": {"probabilities": [0.00010900869528995827, 0.22082360088825226], "logits": []}, "groundTruth": [0.0, 0.0]}, {"startTime": 5.0, "endTime": 10.0, "predictions": {"probabilities": [0.000287378003122285, 0.33509811758995056], "logits": []}, "groundTruth": [0.0, 0.0]}, {"startTime": 10.0, "endTime": 15.0, "predictions": {"probabilities": [0.00016718883125577122, 0.16711732745170593], "logits": []}, "groundTruth": [0.0, 0.0]}, {"startTime": 15.0, "endTime": 20.0, "predictions": {"probabilities": [5.050062100053765e-06, 0.9511800408363342], "logits": []}, "groundTruth": [0.0, 0.0]}]]}