{"modelName": "devise-221117-v1-ep150", "version": "1", "fileId": "3a53ad2d6f8f476a976ab2d7910c1e87", "classIds": ["Crex crex", "Scolopax rusticola"], "channels": [[{"startTime": 0.0, "endTime": 5.0, "predictions": {"probabilities": [8.34779639262706e-05, 0.12672393023967743], "logits": []}, "groundTruth": [0.0, 0.0]}, {"startTime": 5.0, "endTime": 10.0, "predictions": {"probabilities": [2.9569386242656037e-05, 0.6821649074554443], "logits": []}, "groundTruth": [0.0, 0.0]}, {"startTime": 10.0, "endTime": 15.0, "predictions": {"probabilities": [0.00014979612024035305, 0.6038166284561157], "logits": []}, "groundTruth": [0.0, 0.0]}, {"startTime": 15.0, "endTime": 20.0, "predictions": {"probabilities": [1.1725151125574484e-05, 0.01926792599260807], "logits": []}, "groundTruth": [0.0, 0.0]}]]}