{"modelName": "devise-221117-v1-ep150", "version": "1", "fileId": "3a53ad2d6f8f476a976ab2d7910c1e87", "classIds": ["Crex crex", "Scolopax rusticola"], "channels": [[{"startTime": 0.0, "endTime": 5.0, "predictions": {"probabilities": [-9.390844345092773, -1.9302407503128052], "logits": [NaN, NaN]}, "groundTruth": [0.0, 0.0]}, {"startTime": 5.0, "endTime": 10.0, "predictions": {"probabilities": [-10.428741455078125, 0.7637389898300171], "logits": [NaN, 1.1732889413833618]}, "groundTruth": [0.0, 0.0]}, {"startTime": 10.0, "endTime": 15.0, "predictions": {"probabilities": [-8.806085586547852, 0.4213932454586029], "logits": [NaN, -0.3170565068721771]}, "groundTruth": [0.0, 0.0]}, {"startTime": 15.0, "endTime": 20.0, "predictions": {"probabilities": [-11.35376262664795, -3.9298574924468994], "logits": [NaN, NaN]}, "groundTruth": [0.0, 0.0]}]]}