{"modelName": "devise-221117-v1-ep150", "version": "1", "fileId": "3a81ce69f2fa43a4b2321e9d85b3ce7f", "classIds": ["Crex crex", "Scolopax rusticola"], "channels": [[{"startTime": 0.0, "endTime": 5.0, "predictions": {"probabilities": [-14.300971984863281, 9.721685409545898], "logits": [NaN, NaN]}, "groundTruth": [0.0, 1.0]}, {"startTime": 5.0, "endTime": 10.0, "predictions": {"probabilities": [-20.041728973388672, 23.466175079345703], "logits": [NaN, NaN]}, "groundTruth": [0.0, 1.0]}, {"startTime": 9.0, "endTime": 14.0, "predictions": {"probabilities": [-13.566280364990234, 9.19993782043457], "logits": [NaN, NaN]}, "groundTruth": [0.0, 1.0]}]]}