{"modelName": "devise-221117-v1-ep150", "version": "1", "fileId": "3ac1094d3ea1444ea401bd4457422a36", "classIds": ["Crex crex", "Scolopax rusticola"], "channels": [[{"startTime": 0.0, "endTime": 5.0, "predictions": {"probabilities": [-11.339422225952148, -3.8780734539031982], "logits": [NaN, NaN]}, "groundTruth": [0.0, 0.0]}, {"startTime": 5.0, "endTime": 10.0, "predictions": {"probabilities": [-10.311705589294434, -2.53606915473938], "logits": [NaN, NaN]}, "groundTruth": [0.0, 0.0]}, {"startTime": 10.0, "endTime": 15.0, "predictions": {"probabilities": [-8.790230751037598, -1.5605356693267822], "logits": [NaN, NaN]}, "groundTruth": [0.0, 0.0]}, {"startTime": 15.0, "endTime": 20.0, "predictions": {"probabilities": [-9.12304401397705, 3.7348949909210205], "logits": [NaN, NaN]}, "groundTruth": [0.0, 0.0]}]]}