{"modelName": "devise-221117-v1-ep150", "version": "1", "fileId": "3b321741a2c7461d8dd43d55daea0525", "classIds": ["Crex crex", "Scolopax rusticola"], "channels": [[{"startTime": 0.0, "endTime": 5.0, "predictions": {"probabilities": [6.790331826778129e-05, 0.08457773923873901], "logits": []}, "groundTruth": [0.0, 0.0]}, {"startTime": 5.0, "endTime": 10.0, "predictions": {"probabilities": [3.6345369153423235e-05, 0.050823237746953964], "logits": []}, "groundTruth": [0.0, 0.0]}, {"startTime": 10.0, "endTime": 15.0, "predictions": {"probabilities": [0.00010613708582241088, 0.22447673976421356], "logits": []}, "groundTruth": [0.0, 0.0]}, {"startTime": 15.0, "endTime": 20.0, "predictions": {"probabilities": [1.1295895092189312e-05, 0.01460461039096117], "logits": []}, "groundTruth": [0.0, 0.0]}]]}