{"modelName": "devise-221117-v1-ep150", "version": "1", "fileId": "3b65c4ff5e98414d9ee0609d140bd23f", "classIds": ["Crex crex", "Scolopax rusticola"], "channels": [[{"startTime": 0.0, "endTime": 5.0, "predictions": {"probabilities": [-10.876255989074707, -3.6316919326782227], "logits": [NaN, NaN]}, "groundTruth": [0.0, 0.0]}, {"startTime": 5.0, "endTime": 10.0, "predictions": {"probabilities": [-8.12484073638916, -1.0074695348739624], "logits": [NaN, NaN]}, "groundTruth": [0.0, 0.0]}, {"startTime": 10.0, "endTime": 15.0, "predictions": {"probabilities": [-7.839000225067139, 0.1300060898065567], "logits": [NaN, -1.900904893875122]}, "groundTruth": [0.0, 0.0]}, {"startTime": 15.0, "endTime": 20.0, "predictions": {"probabilities": [-7.508645057678223, 0.8359777331352234], "logits": [NaN, 1.628599762916565]}, "groundTruth": [0.0, 0.0]}]]}