{"modelName": "devise-221117-v1-ep150", "version": "1", "fileId": "3c5c32062b13425993938524248a53cb", "classIds": ["Crex crex", "Scolopax rusticola"], "channels": [[{"startTime": 0.0, "endTime": 5.0, "predictions": {"probabilities": [-13.667067527770996, -6.78930139541626], "logits": [NaN, NaN]}, "groundTruth": [0.0, 0.0]}, {"startTime": 5.0, "endTime": 10.0, "predictions": {"probabilities": [-11.233537673950195, -4.387696266174316], "logits": [NaN, NaN]}, "groundTruth": [0.0, 0.0]}, {"startTime": 10.0, "endTime": 15.0, "predictions": {"probabilities": [-8.299604415893555, -0.6911075711250305], "logits": [NaN, NaN]}, "groundTruth": [0.0, 0.0]}, {"startTime": 15.0, "endTime": 20.0, "predictions": {"probabilities": [-9.978558540344238, -3.021273612976074], "logits": [NaN, NaN]}, "groundTruth": [0.0, 0.0]}]]}