{"modelName": "devise-221117-v1-ep150", "version": "1", "fileId": "3c5c32062b13425993938524248a53cb", "classIds": ["Crex crex", "Scolopax rusticola"], "channels": [[{"startTime": 0.0, "endTime": 5.0, "predictions": {"probabilities": [1.160025362878514e-06, 0.0011244890047237277], "logits": []}, "groundTruth": [0.0, 0.0]}, {"startTime": 5.0, "endTime": 10.0, "predictions": {"probabilities": [1.3223026144260075e-05, 0.01227673888206482], "logits": []}, "groundTruth": [0.0, 0.0]}, {"startTime": 10.0, "endTime": 15.0, "predictions": {"probabilities": [0.00024855334777384996, 0.3337867259979248], "logits": []}, "groundTruth": [0.0, 0.0]}, {"startTime": 15.0, "endTime": 20.0, "predictions": {"probabilities": [4.638173049897887e-05, 0.04647400230169296], "logits": []}, "groundTruth": [0.0, 0.0]}]]}