{"modelName": "devise-221117-v1-ep150", "version": "1", "fileId": "3c66e4f9c8c84b40a8a59b3c6480c01c", "classIds": ["Crex crex", "Scolopax rusticola"], "channels": [[{"startTime": 0.0, "endTime": 5.0, "predictions": {"probabilities": [-11.170186996459961, -4.280457973480225], "logits": [NaN, NaN]}, "groundTruth": [0.0, 0.0]}, {"startTime": 5.0, "endTime": 10.0, "predictions": {"probabilities": [-11.487059593200684, -4.581766605377197], "logits": [NaN, NaN]}, "groundTruth": [0.0, 0.0]}, {"startTime": 10.0, "endTime": 15.0, "predictions": {"probabilities": [-9.449359893798828, -2.221771478652954], "logits": [NaN, NaN]}, "groundTruth": [0.0, 0.0]}, {"startTime": 15.0, "endTime": 20.0, "predictions": {"probabilities": [-10.060941696166992, -2.753185749053955], "logits": [NaN, NaN]}, "groundTruth": [0.0, 0.0]}]]}