{"modelName": "devise-221117-v1-ep150", "version": "1", "fileId": "3d0fc5e60dea40048040f2c1e8c2eca1", "classIds": ["Crex crex", "Scolopax rusticola"], "channels": [[{"startTime": 0.0, "endTime": 5.0, "predictions": {"probabilities": [5.9027577663073316e-05, 0.11630445718765259], "logits": []}, "groundTruth": [0.0, 0.0]}, {"startTime": 5.0, "endTime": 10.0, "predictions": {"probabilities": [0.00010322312300559133, 0.36030176281929016], "logits": []}, "groundTruth": [0.0, 0.0]}, {"startTime": 10.0, "endTime": 15.0, "predictions": {"probabilities": [6.259712790779304e-06, 0.11686122417449951], "logits": []}, "groundTruth": [0.0, 0.0]}, {"startTime": 15.0, "endTime": 20.0, "predictions": {"probabilities": [0.00013321546430233866, 0.24277909100055695], "logits": []}, "groundTruth": [0.0, 0.0]}]]}