{"modelName": "devise-221117-v1-ep150", "version": "1", "fileId": "3d0fc5e60dea40048040f2c1e8c2eca1", "classIds": ["Crex crex", "Scolopax rusticola"], "channels": [[{"startTime": 0.0, "endTime": 5.0, "predictions": {"probabilities": [-9.737446784973145, -2.0279011726379395], "logits": [NaN, NaN]}, "groundTruth": [0.0, 0.0]}, {"startTime": 5.0, "endTime": 10.0, "predictions": {"probabilities": [-9.17851448059082, -0.5740547180175781], "logits": [NaN, NaN]}, "groundTruth": [0.0, 0.0]}, {"startTime": 10.0, "endTime": 15.0, "predictions": {"probabilities": [-11.981369972229004, -2.0224952697753906], "logits": [NaN, NaN]}, "groundTruth": [0.0, 0.0]}, {"startTime": 15.0, "endTime": 20.0, "predictions": {"probabilities": [-8.923409461975098, -1.1375031471252441], "logits": [NaN, NaN]}, "groundTruth": [0.0, 0.0]}]]}