{"modelName": "devise-221117-v1-ep150", "version": "1", "fileId": "3d1654e9fe344332a687e9ca5c0cbcaa", "classIds": ["Crex crex", "Scolopax rusticola"], "channels": [[{"startTime": 0.0, "endTime": 5.0, "predictions": {"probabilities": [-9.430341720581055, -0.8243370056152344], "logits": [NaN, NaN]}, "groundTruth": [0.0, 0.0]}, {"startTime": 5.0, "endTime": 10.0, "predictions": {"probabilities": [-9.072418212890625, -0.9792541265487671], "logits": [NaN, NaN]}, "groundTruth": [0.0, 0.0]}, {"startTime": 10.0, "endTime": 15.0, "predictions": {"probabilities": [-9.332629203796387, 4.222840785980225], "logits": [NaN, NaN]}, "groundTruth": [0.0, 0.0]}, {"startTime": 15.0, "endTime": 20.0, "predictions": {"probabilities": [-8.660591125488281, 0.6255674958229065], "logits": [NaN, 0.5132476687431335]}, "groundTruth": [0.0, 0.0]}]]}