{"modelName": "devise-221117-v1-ep150", "version": "1", "fileId": "3d4ecdd1f49e43e4b40642386d38fc0d", "classIds": ["Crex crex", "Scolopax rusticola"], "channels": [[{"startTime": 0.0, "endTime": 5.0, "predictions": {"probabilities": [0.0003350893675815314, 0.5244297981262207], "logits": []}, "groundTruth": [0.0, 0.0]}, {"startTime": 5.0, "endTime": 10.0, "predictions": {"probabilities": [0.000137357521452941, 0.18160884082317352], "logits": []}, "groundTruth": [0.0, 0.0]}, {"startTime": 10.0, "endTime": 15.0, "predictions": {"probabilities": [0.00015166410594247282, 0.2743798792362213], "logits": []}, "groundTruth": [0.0, 0.0]}, {"startTime": 15.0, "endTime": 20.0, "predictions": {"probabilities": [5.0389633543090895e-05, 0.0931924507021904], "logits": []}, "groundTruth": [0.0, 0.0]}]]}