{"modelName": "devise-221117-v1-ep150", "version": "1", "fileId": "3dc963de8fab42b4ba0975fbb31d0668", "classIds": ["Crex crex", "Scolopax rusticola"], "channels": [[{"startTime": 0.0, "endTime": 5.0, "predictions": {"probabilities": [6.601883484336213e-09, 0.9999983310699463], "logits": []}, "groundTruth": [0.0, 1.0]}, {"startTime": 4.0, "endTime": 9.0, "predictions": {"probabilities": [2.3234427715124184e-07, 0.9999823570251465], "logits": []}, "groundTruth": [0.0, 1.0]}]]}