{"modelName": "devise-221117-v1-ep150", "version": "1", "fileId": "3e417ae0a3624c178ab969487949fe1f", "classIds": ["Crex crex", "Scolopax rusticola"], "channels": [[{"startTime": 0.0, "endTime": 5.0, "predictions": {"probabilities": [4.08828018407803e-05, 0.07655061781406403], "logits": []}, "groundTruth": [0.0, 0.0]}, {"startTime": 5.0, "endTime": 10.0, "predictions": {"probabilities": [9.932836837833747e-05, 0.1851569414138794], "logits": []}, "groundTruth": [0.0, 0.0]}, {"startTime": 10.0, "endTime": 15.0, "predictions": {"probabilities": [0.0001355169079033658, 0.21855978667736053], "logits": []}, "groundTruth": [0.0, 0.0]}, {"startTime": 15.0, "endTime": 20.0, "predictions": {"probabilities": [2.3577136744279414e-05, 0.046024471521377563], "logits": []}, "groundTruth": [0.0, 0.0]}]]}