{"modelName": "devise-221117-v1-ep150", "version": "1", "fileId": "3ec4feb7913447e5b46abe2a06c29ad8", "classIds": ["Crex crex", "Scolopax rusticola"], "channels": [[{"startTime": 0.0, "endTime": 5.0, "predictions": {"probabilities": [-8.963410377502441, -1.4593042135238647], "logits": [NaN, NaN]}, "groundTruth": [0.0, 0.0]}, {"startTime": 5.0, "endTime": 10.0, "predictions": {"probabilities": [-9.811661720275879, -2.874149799346924], "logits": [NaN, NaN]}, "groundTruth": [0.0, 0.0]}, {"startTime": 10.0, "endTime": 15.0, "predictions": {"probabilities": [-12.50493049621582, 6.868463516235352], "logits": [NaN, NaN]}, "groundTruth": [0.0, 0.0]}, {"startTime": 15.0, "endTime": 20.0, "predictions": {"probabilities": [-15.451271057128906, 7.563030242919922], "logits": [NaN, NaN]}, "groundTruth": [0.0, 0.0]}]]}