{"modelName": "devise-221117-v1-ep150", "version": "1", "fileId": "3f0dcb97e751495e8216b3cb3e8e784a", "classIds": ["Crex crex", "Scolopax rusticola"], "channels": [[{"startTime": 0.0, "endTime": 5.0, "predictions": {"probabilities": [-11.99237060546875, -0.20234481990337372], "logits": [NaN, NaN]}, "groundTruth": [0.0, 0.0]}, {"startTime": 5.0, "endTime": 10.0, "predictions": {"probabilities": [-9.794386863708496, -2.5255932807922363], "logits": [NaN, NaN]}, "groundTruth": [0.0, 0.0]}, {"startTime": 10.0, "endTime": 15.0, "predictions": {"probabilities": [-8.759978294372559, -0.08157286792993546], "logits": [NaN, NaN]}, "groundTruth": [0.0, 0.0]}, {"startTime": 15.0, "endTime": 20.0, "predictions": {"probabilities": [-14.603334426879883, 8.115005493164062], "logits": [NaN, NaN]}, "groundTruth": [0.0, 0.0]}]]}