{"modelName": "devise-221117-v1-ep150", "version": "1", "fileId": "3f8e7677ca244321983da49a42da0d85", "classIds": ["Crex crex", "Scolopax rusticola"], "channels": [[{"startTime": 0.0, "endTime": 5.0, "predictions": {"probabilities": [-8.633581161499023, -1.0104906558990479], "logits": [NaN, NaN]}, "groundTruth": [0.0, 0.0]}, {"startTime": 5.0, "endTime": 10.0, "predictions": {"probabilities": [-7.968614101409912, -0.7045578956604004], "logits": [NaN, NaN]}, "groundTruth": [0.0, 0.0]}, {"startTime": 10.0, "endTime": 15.0, "predictions": {"probabilities": [-8.00439167022705, -0.45961540937423706], "logits": [NaN, NaN]}, "groundTruth": [0.0, 0.0]}, {"startTime": 15.0, "endTime": 20.0, "predictions": {"probabilities": [-9.546890258789062, -2.246283531188965], "logits": [NaN, NaN]}, "groundTruth": [0.0, 0.0]}]]}