{"modelName": "devise-221117-v1-ep150", "version": "1", "fileId": "3f8e7677ca244321983da49a42da0d85", "classIds": ["Crex crex", "Scolopax rusticola"], "channels": [[{"startTime": 0.0, "endTime": 5.0, "predictions": {"probabilities": [0.00017799426859710366, 0.26688385009765625], "logits": []}, "groundTruth": [0.0, 0.0]}, {"startTime": 5.0, "endTime": 10.0, "predictions": {"probabilities": [0.000346038636052981, 0.33080247044563293], "logits": []}, "groundTruth": [0.0, 0.0]}, {"startTime": 10.0, "endTime": 15.0, "predictions": {"probabilities": [0.00033388109295628965, 0.38707706332206726], "logits": []}, "groundTruth": [0.0, 0.0]}, {"startTime": 15.0, "endTime": 20.0, "predictions": {"probabilities": [7.14179259375669e-05, 0.09567052125930786], "logits": []}, "groundTruth": [0.0, 0.0]}]]}