{"modelName": "devise-221117-v1-ep150", "version": "1", "fileId": "3fc0e8848b114411a34d52bd3a02e319", "classIds": ["Crex crex", "Scolopax rusticola"], "channels": [[{"startTime": 0.0, "endTime": 5.0, "predictions": {"probabilities": [0.00024414248764514923, 0.5059054493904114], "logits": []}, "groundTruth": [0.0, 0.0]}, {"startTime": 5.0, "endTime": 10.0, "predictions": {"probabilities": [3.59920049959328e-05, 0.09100761264562607], "logits": []}, "groundTruth": [0.0, 0.0]}, {"startTime": 10.0, "endTime": 15.0, "predictions": {"probabilities": [0.0003171575372107327, 0.626312792301178], "logits": []}, "groundTruth": [0.0, 0.0]}, {"startTime": 15.0, "endTime": 20.0, "predictions": {"probabilities": [6.303426198428497e-05, 0.6696626543998718], "logits": []}, "groundTruth": [0.0, 0.0]}]]}