{"modelName": "devise-221117-v1-ep150", "version": "1", "fileId": "3fe20021d0cc4d40b7eb2a1657911c67", "classIds": ["Crex crex", "Scolopax rusticola"], "channels": [[{"startTime": 0.0, "endTime": 5.0, "predictions": {"probabilities": [-12.810616493225098, 2.5653998851776123], "logits": [NaN, NaN]}, "groundTruth": [0.0, 0.0]}, {"startTime": 5.0, "endTime": 10.0, "predictions": {"probabilities": [-8.337725639343262, 1.6268802881240845], "logits": [NaN, NaN]}, "groundTruth": [0.0, 0.0]}, {"startTime": 10.0, "endTime": 15.0, "predictions": {"probabilities": [-10.45972728729248, -2.946810007095337], "logits": [NaN, NaN]}, "groundTruth": [0.0, 0.0]}, {"startTime": 15.0, "endTime": 20.0, "predictions": {"probabilities": [-11.672503471374512, 2.4507205486297607], "logits": [NaN, NaN]}, "groundTruth": [0.0, 0.0]}]]}