{"modelName": "devise-221117-v1-ep150", "version": "1", "fileId": "41067e4e1ec444489cc712c14c7fa244", "classIds": ["Crex crex", "Scolopax rusticola"], "channels": [[{"startTime": 0.0, "endTime": 5.0, "predictions": {"probabilities": [1.6777872588136233e-05, 0.8448604941368103], "logits": []}, "groundTruth": [0.0, 0.0]}, {"startTime": 5.0, "endTime": 10.0, "predictions": {"probabilities": [1.3741649127041455e-05, 0.6661489009857178], "logits": []}, "groundTruth": [0.0, 0.0]}, {"startTime": 10.0, "endTime": 15.0, "predictions": {"probabilities": [0.00011052545596612617, 0.22709821164608002], "logits": []}, "groundTruth": [0.0, 0.0]}, {"startTime": 15.0, "endTime": 20.0, "predictions": {"probabilities": [1.2054870239808224e-05, 0.19163773953914642], "logits": []}, "groundTruth": [0.0, 0.0]}]]}