{"modelName": "devise-221117-v1-ep150", "version": "1", "fileId": "41d5f0d4cac049b6b78e13d59686f86e", "classIds": ["Crex crex", "Scolopax rusticola"], "channels": [[{"startTime": 0.0, "endTime": 5.0, "predictions": {"probabilities": [-8.716012001037598, -1.1376910209655762], "logits": [NaN, NaN]}, "groundTruth": [0.0, 0.0]}, {"startTime": 5.0, "endTime": 10.0, "predictions": {"probabilities": [-9.253451347351074, -1.3339905738830566], "logits": [NaN, NaN]}, "groundTruth": [0.0, 0.0]}, {"startTime": 10.0, "endTime": 15.0, "predictions": {"probabilities": [-9.210505485534668, 0.4984891414642334], "logits": [NaN, -0.006043479777872562]}, "groundTruth": [0.0, 0.0]}, {"startTime": 15.0, "endTime": 20.0, "predictions": {"probabilities": [-8.856494903564453, -1.4094963073730469], "logits": [NaN, NaN]}, "groundTruth": [0.0, 0.0]}]]}