{"modelName": "devise-221117-v1-ep150", "version": "1", "fileId": "41da2f6261074a61abf794cde472f887", "classIds": ["Crex crex", "Scolopax rusticola"], "channels": [[{"startTime": 0.0, "endTime": 5.0, "predictions": {"probabilities": [-9.733447074890137, -2.1012628078460693], "logits": [NaN, NaN]}, "groundTruth": [0.0, 0.0]}, {"startTime": 5.0, "endTime": 10.0, "predictions": {"probabilities": [-8.637646675109863, -0.738038182258606], "logits": [NaN, NaN]}, "groundTruth": [0.0, 0.0]}, {"startTime": 10.0, "endTime": 15.0, "predictions": {"probabilities": [-8.145033836364746, 0.28981637954711914], "logits": [NaN, -0.8962759971618652]}, "groundTruth": [0.0, 0.0]}, {"startTime": 15.0, "endTime": 20.0, "predictions": {"probabilities": [-9.382460594177246, -1.931857943534851], "logits": [NaN, NaN]}, "groundTruth": [0.0, 0.0]}]]}