{"modelName": "devise-221117-v1-ep150", "version": "1", "fileId": "4248cf8b774046a6a928b87e4b3bbf7a", "classIds": ["Crex crex", "Scolopax rusticola"], "channels": [[{"startTime": 0.0, "endTime": 5.0, "predictions": {"probabilities": [-8.833561897277832, -0.40895596146583557], "logits": [NaN, NaN]}, "groundTruth": [0.0, 0.0]}, {"startTime": 5.0, "endTime": 10.0, "predictions": {"probabilities": [-10.4716157913208, -2.7477922439575195], "logits": [NaN, NaN]}, "groundTruth": [0.0, 0.0]}, {"startTime": 10.0, "endTime": 15.0, "predictions": {"probabilities": [-10.755566596984863, 2.267829179763794], "logits": [NaN, NaN]}, "groundTruth": [0.0, 0.0]}, {"startTime": 15.0, "endTime": 20.0, "predictions": {"probabilities": [-10.277669906616211, -2.218775510787964], "logits": [NaN, NaN]}, "groundTruth": [0.0, 0.0]}]]}