{"modelName": "devise-221117-v1-ep150", "version": "1", "fileId": "4248cf8b774046a6a928b87e4b3bbf7a", "classIds": ["Crex crex", "Scolopax rusticola"], "channels": [[{"startTime": 0.0, "endTime": 5.0, "predictions": {"probabilities": [0.0001457369071431458, 0.3991624712944031], "logits": []}, "groundTruth": [0.0, 0.0]}, {"startTime": 5.0, "endTime": 10.0, "predictions": {"probabilities": [2.8328446205705404e-05, 0.060211457312107086], "logits": []}, "groundTruth": [0.0, 0.0]}, {"startTime": 10.0, "endTime": 15.0, "predictions": {"probabilities": [2.1325906345737167e-05, 0.9061773419380188], "logits": []}, "groundTruth": [0.0, 0.0]}, {"startTime": 15.0, "endTime": 20.0, "predictions": {"probabilities": [3.439138890826143e-05, 0.09807707369327545], "logits": []}, "groundTruth": [0.0, 0.0]}]]}