{"modelName": "devise-221117-v1-ep150", "version": "1", "fileId": "42c8ce7cc4244533936dec6ed74ac4dc", "classIds": ["Crex crex", "Scolopax rusticola"], "channels": [[{"startTime": 0.0, "endTime": 5.0, "predictions": {"probabilities": [-12.214143753051758, 4.665450096130371], "logits": [NaN, NaN]}, "groundTruth": [0.0, 0.0]}, {"startTime": 5.0, "endTime": 10.0, "predictions": {"probabilities": [-7.577792167663574, 0.778398871421814], "logits": [NaN, 1.2563600540161133]}, "groundTruth": [0.0, 0.0]}, {"startTime": 10.0, "endTime": 15.0, "predictions": {"probabilities": [-8.575984001159668, 0.8532443642616272], "logits": [NaN, 1.7602771520614624]}, "groundTruth": [0.0, 0.0]}, {"startTime": 15.0, "endTime": 20.0, "predictions": {"probabilities": [-10.480549812316895, -3.420499801635742], "logits": [NaN, NaN]}, "groundTruth": [0.0, 0.0]}]]}