{"modelName": "devise-221117-v1-ep150", "version": "1", "fileId": "431b42730cf6411aa64e30e2754dcc6b", "classIds": ["Crex crex", "Scolopax rusticola"], "channels": [[{"startTime": 0.0, "endTime": 5.0, "predictions": {"probabilities": [-9.253950119018555, -2.3984851837158203], "logits": [NaN, NaN]}, "groundTruth": [0.0, 0.0]}, {"startTime": 5.0, "endTime": 10.0, "predictions": {"probabilities": [-8.664741516113281, -1.2552577257156372], "logits": [NaN, NaN]}, "groundTruth": [0.0, 0.0]}, {"startTime": 10.0, "endTime": 15.0, "predictions": {"probabilities": [-9.645188331604004, -2.5221495628356934], "logits": [NaN, NaN]}, "groundTruth": [0.0, 0.0]}, {"startTime": 15.0, "endTime": 20.0, "predictions": {"probabilities": [-9.000091552734375, -1.9183475971221924], "logits": [NaN, NaN]}, "groundTruth": [0.0, 0.0]}]]}