{"modelName": "devise-221117-v1-ep150", "version": "1", "fileId": "433a857763c045668c835c2c4986f004", "classIds": ["Crex crex", "Scolopax rusticola"], "channels": [[{"startTime": 0.0, "endTime": 5.0, "predictions": {"probabilities": [-8.771317481994629, -1.3239823579788208], "logits": [NaN, NaN]}, "groundTruth": [0.0, 0.0]}, {"startTime": 5.0, "endTime": 10.0, "predictions": {"probabilities": [-9.331607818603516, -1.4479402303695679], "logits": [NaN, NaN]}, "groundTruth": [0.0, 0.0]}, {"startTime": 10.0, "endTime": 15.0, "predictions": {"probabilities": [-11.32252025604248, -3.7737627029418945], "logits": [NaN, NaN]}, "groundTruth": [0.0, 0.0]}, {"startTime": 15.0, "endTime": 20.0, "predictions": {"probabilities": [-10.354901313781738, -2.7972264289855957], "logits": [NaN, NaN]}, "groundTruth": [0.0, 0.0]}]]}