{"modelName": "devise-221117-v1-ep150", "version": "1", "fileId": "436dba2cd58f4069b551b2fb10fe8519", "classIds": ["Crex crex", "Scolopax rusticola"], "channels": [[{"startTime": 0.0, "endTime": 5.0, "predictions": {"probabilities": [2.0671504898928106e-05, 0.02760453335940838], "logits": []}, "groundTruth": [0.0, 0.0]}, {"startTime": 5.0, "endTime": 10.0, "predictions": {"probabilities": [7.514286699006334e-05, 0.09478645026683807], "logits": []}, "groundTruth": [0.0, 0.0]}, {"startTime": 10.0, "endTime": 15.0, "predictions": {"probabilities": [7.93672661529854e-05, 0.16995936632156372], "logits": []}, "groundTruth": [0.0, 0.0]}, {"startTime": 15.0, "endTime": 20.0, "predictions": {"probabilities": [0.00019648234592750669, 0.28419259190559387], "logits": []}, "groundTruth": [0.0, 0.0]}]]}