{"modelName": "devise-221117-v1-ep150", "version": "1", "fileId": "43a181731fb646bda4025900fdc21231", "classIds": ["Crex crex", "Scolopax rusticola"], "channels": [[{"startTime": 0.0, "endTime": 5.0, "predictions": {"probabilities": [7.420945280500746e-08, 0.9999861717224121], "logits": []}, "groundTruth": [0.0, 0.0]}, {"startTime": 5.0, "endTime": 10.0, "predictions": {"probabilities": [5.701671398128383e-05, 0.23873844742774963], "logits": []}, "groundTruth": [0.0, 0.0]}, {"startTime": 10.0, "endTime": 15.0, "predictions": {"probabilities": [9.640870848670602e-05, 0.2706570029258728], "logits": []}, "groundTruth": [0.0, 0.0]}, {"startTime": 15.0, "endTime": 20.0, "predictions": {"probabilities": [0.00010769005893962458, 0.13518095016479492], "logits": []}, "groundTruth": [0.0, 0.0]}]]}