{"modelName": "devise-221117-v1-ep150", "version": "1", "fileId": "43a181731fb646bda4025900fdc21231", "classIds": ["Crex crex", "Scolopax rusticola"], "channels": [[{"startTime": 0.0, "endTime": 5.0, "predictions": {"probabilities": [-16.41637420654297, 11.188653945922852], "logits": [NaN, NaN]}, "groundTruth": [0.0, 0.0]}, {"startTime": 5.0, "endTime": 10.0, "predictions": {"probabilities": [-9.772109031677246, -1.1596083641052246], "logits": [NaN, NaN]}, "groundTruth": [0.0, 0.0]}, {"startTime": 10.0, "endTime": 15.0, "predictions": {"probabilities": [-9.246817588806152, -0.991291880607605], "logits": [NaN, NaN]}, "groundTruth": [0.0, 0.0]}, {"startTime": 15.0, "endTime": 20.0, "predictions": {"probabilities": [-9.13614559173584, -1.8559061288833618], "logits": [NaN, NaN]}, "groundTruth": [0.0, 0.0]}]]}