{"modelName": "devise-221117-v1-ep150", "version": "1", "fileId": "43cb72410da04cb2b694f709ff9b782e", "classIds": ["Crex crex", "Scolopax rusticola"], "channels": [[{"startTime": 0.0, "endTime": 5.0, "predictions": {"probabilities": [0.00023678241996094584, 0.3697703778743744], "logits": []}, "groundTruth": [0.0, 0.0]}, {"startTime": 5.0, "endTime": 10.0, "predictions": {"probabilities": [0.0001441142667317763, 0.20520897209644318], "logits": []}, "groundTruth": [0.0, 0.0]}, {"startTime": 10.0, "endTime": 15.0, "predictions": {"probabilities": [2.6529676688369364e-05, 0.029575761407613754], "logits": []}, "groundTruth": [0.0, 0.0]}, {"startTime": 15.0, "endTime": 20.0, "predictions": {"probabilities": [0.00016197521472349763, 0.19837971031665802], "logits": []}, "groundTruth": [0.0, 0.0]}]]}