{"modelName": "devise-221117-v1-ep150", "version": "1", "fileId": "447e48bff4e844e58ac9a7bbfb949141", "classIds": ["Crex crex", "Scolopax rusticola"], "channels": [[{"startTime": 0.0, "endTime": 5.0, "predictions": {"probabilities": [-8.39627456665039, -0.8220590949058533], "logits": [NaN, NaN]}, "groundTruth": [0.0, 0.0]}, {"startTime": 5.0, "endTime": 10.0, "predictions": {"probabilities": [-13.115277290344238, 0.5429138541221619], "logits": [NaN, 0.17207881808280945]}, "groundTruth": [0.0, 0.0]}, {"startTime": 10.0, "endTime": 15.0, "predictions": {"probabilities": [-9.52920913696289, 1.566381573677063], "logits": [NaN, NaN]}, "groundTruth": [0.0, 0.0]}, {"startTime": 15.0, "endTime": 20.0, "predictions": {"probabilities": [-13.231107711791992, -6.456840991973877], "logits": [NaN, NaN]}, "groundTruth": [0.0, 0.0]}]]}