{"modelName": "devise-221117-v1-ep150", "version": "1", "fileId": "447e48bff4e844e58ac9a7bbfb949141", "classIds": ["Crex crex", "Scolopax rusticola"], "channels": [[{"startTime": 0.0, "endTime": 5.0, "predictions": {"probabilities": [0.0002256556908832863, 0.3053267300128937], "logits": []}, "groundTruth": [0.0, 0.0]}, {"startTime": 5.0, "endTime": 10.0, "predictions": {"probabilities": [2.0142185803706525e-06, 0.6324899792671204], "logits": []}, "groundTruth": [0.0, 0.0]}, {"startTime": 10.0, "endTime": 15.0, "predictions": {"probabilities": [7.269180787261575e-05, 0.8272671699523926], "logits": []}, "groundTruth": [0.0, 0.0]}, {"startTime": 15.0, "endTime": 20.0, "predictions": {"probabilities": [1.793916226233705e-06, 0.0015672864392399788], "logits": []}, "groundTruth": [0.0, 0.0]}]]}