{"modelName": "devise-221117-v1-ep150", "version": "1", "fileId": "451814201ac14f148089f6a9eb20f1e7", "classIds": ["Crex crex", "Scolopax rusticola"], "channels": [[{"startTime": 0.0, "endTime": 5.0, "predictions": {"probabilities": [7.441090565407649e-05, 0.13146133720874786], "logits": []}, "groundTruth": [0.0, 0.0]}, {"startTime": 5.0, "endTime": 10.0, "predictions": {"probabilities": [0.00012252236774656922, 0.19818870723247528], "logits": []}, "groundTruth": [0.0, 0.0]}, {"startTime": 10.0, "endTime": 15.0, "predictions": {"probabilities": [0.00012480370060075074, 0.4558391869068146], "logits": []}, "groundTruth": [0.0, 0.0]}, {"startTime": 15.0, "endTime": 20.0, "predictions": {"probabilities": [8.735134906601161e-05, 0.8017421960830688], "logits": []}, "groundTruth": [0.0, 0.0]}]]}