{"modelName": "devise-221117-v1-ep150", "version": "1", "fileId": "451814201ac14f148089f6a9eb20f1e7", "classIds": ["Crex crex", "Scolopax rusticola"], "channels": [[{"startTime": 0.0, "endTime": 5.0, "predictions": {"probabilities": [-9.505833625793457, -1.8880993127822876], "logits": [NaN, NaN]}, "groundTruth": [0.0, 0.0]}, {"startTime": 5.0, "endTime": 10.0, "predictions": {"probabilities": [-9.007094383239746, -1.3976536989212036], "logits": [NaN, NaN]}, "groundTruth": [0.0, 0.0]}, {"startTime": 10.0, "endTime": 15.0, "predictions": {"probabilities": [-8.988643646240234, -0.17710481584072113], "logits": [NaN, NaN]}, "groundTruth": [0.0, 0.0]}, {"startTime": 15.0, "endTime": 20.0, "predictions": {"probabilities": [-9.345484733581543, 1.3972193002700806], "logits": [NaN, NaN]}, "groundTruth": [0.0, 0.0]}]]}