{"modelName": "devise-221117-v1-ep150", "version": "1", "fileId": "451e0162189143c68ecabd81bf1ff65b", "classIds": ["Crex crex", "Scolopax rusticola"], "channels": [[{"startTime": 0.0, "endTime": 5.0, "predictions": {"probabilities": [-10.92988395690918, -3.74527645111084], "logits": [NaN, NaN]}, "groundTruth": [0.0, 0.0]}, {"startTime": 5.0, "endTime": 10.0, "predictions": {"probabilities": [-8.748533248901367, -1.2034965753555298], "logits": [NaN, NaN]}, "groundTruth": [0.0, 0.0]}, {"startTime": 10.0, "endTime": 15.0, "predictions": {"probabilities": [-8.255522727966309, -1.0769401788711548], "logits": [NaN, NaN]}, "groundTruth": [0.0, 0.0]}, {"startTime": 15.0, "endTime": 20.0, "predictions": {"probabilities": [-8.696857452392578, -1.2881618738174438], "logits": [NaN, NaN]}, "groundTruth": [0.0, 0.0]}]]}