{"modelName": "devise-221117-v1-ep150", "version": "1", "fileId": "451e0162189143c68ecabd81bf1ff65b", "classIds": ["Crex crex", "Scolopax rusticola"], "channels": [[{"startTime": 0.0, "endTime": 5.0, "predictions": {"probabilities": [1.7914468116941862e-05, 0.023083649575710297], "logits": []}, "groundTruth": [0.0, 0.0]}, {"startTime": 5.0, "endTime": 10.0, "predictions": {"probabilities": [0.00015866874309722334, 0.23085379600524902], "logits": []}, "groundTruth": [0.0, 0.0]}, {"startTime": 10.0, "endTime": 15.0, "predictions": {"probabilities": [0.00025975218159146607, 0.254085510969162], "logits": []}, "groundTruth": [0.0, 0.0]}, {"startTime": 15.0, "endTime": 20.0, "predictions": {"probabilities": [0.0001670822239248082, 0.21616411209106445], "logits": []}, "groundTruth": [0.0, 0.0]}]]}