{"modelName": "devise-221117-v1-ep150", "version": "1", "fileId": "4539f0d1be73489dae41498452dd6b3a", "classIds": ["Crex crex", "Scolopax rusticola"], "channels": [[{"startTime": 0.0, "endTime": 5.0, "predictions": {"probabilities": [0.00012601232447195798, 0.17628885805606842], "logits": []}, "groundTruth": [0.0, 0.0]}, {"startTime": 5.0, "endTime": 10.0, "predictions": {"probabilities": [0.00015359095414169133, 0.6988480091094971], "logits": []}, "groundTruth": [0.0, 0.0]}, {"startTime": 10.0, "endTime": 15.0, "predictions": {"probabilities": [5.980899732094258e-05, 0.0978812500834465], "logits": []}, "groundTruth": [0.0, 0.0]}, {"startTime": 15.0, "endTime": 20.0, "predictions": {"probabilities": [0.0001392510166624561, 0.23511508107185364], "logits": []}, "groundTruth": [0.0, 0.0]}]]}