{"modelName": "devise-221117-v1-ep150", "version": "1", "fileId": "4539f0d1be73489dae41498452dd6b3a", "classIds": ["Crex crex", "Scolopax rusticola"], "channels": [[{"startTime": 0.0, "endTime": 5.0, "predictions": {"probabilities": [-8.979004859924316, -1.5416960716247559], "logits": [NaN, NaN]}, "groundTruth": [0.0, 0.0]}, {"startTime": 5.0, "endTime": 10.0, "predictions": {"probabilities": [-8.7810640335083, 0.8418182134628296], "logits": [NaN, 1.6718192100524902]}, "groundTruth": [0.0, 0.0]}, {"startTime": 10.0, "endTime": 15.0, "predictions": {"probabilities": [-9.724294662475586, -2.2209911346435547], "logits": [NaN, NaN]}, "groundTruth": [0.0, 0.0]}, {"startTime": 15.0, "endTime": 20.0, "predictions": {"probabilities": [-8.879093170166016, -1.1796503067016602], "logits": [NaN, NaN]}, "groundTruth": [0.0, 0.0]}]]}