{"modelName": "devise-221117-v1-ep150", "version": "1", "fileId": "46083c5495834e9ea9f13fd966092a9c", "classIds": ["Crex crex", "Scolopax rusticola"], "channels": [[{"startTime": 0.0, "endTime": 5.0, "predictions": {"probabilities": [-12.596394538879395, -5.5406341552734375], "logits": [NaN, NaN]}, "groundTruth": [0.0, 1.0]}, {"startTime": 5.0, "endTime": 10.0, "predictions": {"probabilities": [-22.079286575317383, 19.29978370666504], "logits": [NaN, NaN]}, "groundTruth": [0.0, 1.0]}, {"startTime": 10.0, "endTime": 15.0, "predictions": {"probabilities": [-21.64862632751465, 13.077865600585938], "logits": [NaN, NaN]}, "groundTruth": [0.0, 1.0]}, {"startTime": 13.0, "endTime": 18.0, "predictions": {"probabilities": [-15.360586166381836, 7.601921081542969], "logits": [NaN, NaN]}, "groundTruth": [0.0, 1.0]}]]}