{"modelName": "devise-221117-v1-ep150", "version": "1", "fileId": "46083c5495834e9ea9f13fd966092a9c", "classIds": ["Crex crex", "Scolopax rusticola"], "channels": [[{"startTime": 0.0, "endTime": 5.0, "predictions": {"probabilities": [3.3841834010672756e-06, 0.003908699844032526], "logits": []}, "groundTruth": [0.0, 1.0]}, {"startTime": 5.0, "endTime": 10.0, "predictions": {"probabilities": [2.57684124038704e-10, 1.0], "logits": []}, "groundTruth": [0.0, 1.0]}, {"startTime": 10.0, "endTime": 15.0, "predictions": {"probabilities": [3.9638847759704277e-10, 0.9999978542327881], "logits": []}, "groundTruth": [0.0, 1.0]}, {"startTime": 13.0, "endTime": 18.0, "predictions": {"probabilities": [2.132957064304719e-07, 0.9995007514953613], "logits": []}, "groundTruth": [0.0, 1.0]}]]}