{"modelName": "devise-221117-v1-ep150", "version": "1", "fileId": "474b9fa58c2145fbaeb1581a1db0d87b", "classIds": ["Crex crex", "Scolopax rusticola"], "channels": [[{"startTime": 0.0, "endTime": 5.0, "predictions": {"probabilities": [6.856963591417298e-05, 0.13841046392917633], "logits": []}, "groundTruth": [0.0, 0.0]}, {"startTime": 5.0, "endTime": 10.0, "predictions": {"probabilities": [1.7202954040840268e-05, 0.08411821722984314], "logits": []}, "groundTruth": [0.0, 0.0]}, {"startTime": 10.0, "endTime": 15.0, "predictions": {"probabilities": [5.277930904412642e-05, 0.10376394540071487], "logits": []}, "groundTruth": [0.0, 0.0]}, {"startTime": 15.0, "endTime": 20.0, "predictions": {"probabilities": [0.00025787582853809, 0.3420621454715729], "logits": []}, "groundTruth": [0.0, 0.0]}]]}