{"modelName": "devise-221117-v1-ep150", "version": "1", "fileId": "4770274c4b094cbc99d9d5e05cdf5fd0", "classIds": ["Crex crex", "Scolopax rusticola"], "channels": [[{"startTime": 0.0, "endTime": 5.0, "predictions": {"probabilities": [6.34697571513243e-05, 0.06534332782030106], "logits": []}, "groundTruth": [0.0, 0.0]}, {"startTime": 5.0, "endTime": 10.0, "predictions": {"probabilities": [3.756813384825364e-05, 0.09920690208673477], "logits": []}, "groundTruth": [0.0, 0.0]}, {"startTime": 10.0, "endTime": 15.0, "predictions": {"probabilities": [0.00023663209867663682, 0.507249116897583], "logits": []}, "groundTruth": [0.0, 0.0]}, {"startTime": 15.0, "endTime": 20.0, "predictions": {"probabilities": [0.00044632426579482853, 0.7334877252578735], "logits": []}, "groundTruth": [0.0, 0.0]}]]}