{"modelName": "devise-221117-v1-ep150", "version": "1", "fileId": "479540b2e77542a99cf9f0f3e4d4fd7b", "classIds": ["Crex crex", "Scolopax rusticola"], "channels": [[{"startTime": 0.0, "endTime": 5.0, "predictions": {"probabilities": [8.788976992946118e-05, 0.336199551820755], "logits": []}, "groundTruth": [0.0, 0.0]}, {"startTime": 5.0, "endTime": 10.0, "predictions": {"probabilities": [8.840999726089649e-06, 0.008263016119599342], "logits": []}, "groundTruth": [0.0, 0.0]}, {"startTime": 10.0, "endTime": 15.0, "predictions": {"probabilities": [3.610576095525175e-05, 0.8547040224075317], "logits": []}, "groundTruth": [0.0, 0.0]}, {"startTime": 15.0, "endTime": 20.0, "predictions": {"probabilities": [0.00011812616139650345, 0.8835951089859009], "logits": []}, "groundTruth": [0.0, 0.0]}]]}