{"modelName": "devise-221117-v1-ep150", "version": "1", "fileId": "47a3e30b60dc4ec88fe098d9199e9ded", "classIds": ["Crex crex", "Scolopax rusticola"], "channels": [[{"startTime": 0.0, "endTime": 5.0, "predictions": {"probabilities": [1.0471311725268606e-05, 0.8878666758537292], "logits": []}, "groundTruth": [0.0, 0.0]}, {"startTime": 5.0, "endTime": 10.0, "predictions": {"probabilities": [7.774405617055891e-07, 0.999996542930603], "logits": []}, "groundTruth": [0.0, 0.0]}, {"startTime": 10.0, "endTime": 15.0, "predictions": {"probabilities": [4.018445179099217e-05, 0.05044238269329071], "logits": []}, "groundTruth": [0.0, 0.0]}, {"startTime": 15.0, "endTime": 20.0, "predictions": {"probabilities": [0.00017935122014023364, 0.28397244215011597], "logits": []}, "groundTruth": [0.0, 0.0]}]]}