{"modelName": "devise-221117-v1-ep150", "version": "1", "fileId": "47aa0712347a4f1d8a3f1e47a7ed90fb", "classIds": ["Crex crex", "Scolopax rusticola"], "channels": [[{"startTime": 0.0, "endTime": 5.0, "predictions": {"probabilities": [5.6776243582135066e-05, 0.12179414927959442], "logits": []}, "groundTruth": [0.0, 0.0]}, {"startTime": 5.0, "endTime": 10.0, "predictions": {"probabilities": [0.0003100681642536074, 0.4022260010242462], "logits": []}, "groundTruth": [0.0, 0.0]}, {"startTime": 10.0, "endTime": 15.0, "predictions": {"probabilities": [0.0003265294653829187, 0.6545971632003784], "logits": []}, "groundTruth": [0.0, 0.0]}, {"startTime": 15.0, "endTime": 20.0, "predictions": {"probabilities": [0.0004784956108778715, 0.6713692545890808], "logits": []}, "groundTruth": [0.0, 0.0]}]]}