{"modelName": "devise-221117-v1-ep150", "version": "1", "fileId": "47e0d014310b44d9b90f122e91afbfba", "classIds": ["Crex crex", "Scolopax rusticola"], "channels": [[{"startTime": 0.0, "endTime": 5.0, "predictions": {"probabilities": [-12.320630073547363, 4.402336120605469], "logits": [NaN, NaN]}, "groundTruth": [0.0, 0.0]}, {"startTime": 5.0, "endTime": 10.0, "predictions": {"probabilities": [-10.059748649597168, -2.5174200534820557], "logits": [NaN, NaN]}, "groundTruth": [0.0, 0.0]}, {"startTime": 10.0, "endTime": 15.0, "predictions": {"probabilities": [-10.609641075134277, -3.4765563011169434], "logits": [NaN, NaN]}, "groundTruth": [0.0, 0.0]}, {"startTime": 15.0, "endTime": 20.0, "predictions": {"probabilities": [-8.819696426391602, -1.1443555355072021], "logits": [NaN, NaN]}, "groundTruth": [0.0, 0.0]}]]}