{"modelName": "devise-221117-v1-ep150", "version": "1", "fileId": "487e8ab0e175464788b15ee4cacc910f", "classIds": ["Crex crex", "Scolopax rusticola"], "channels": [[{"startTime": 0.0, "endTime": 5.0, "predictions": {"probabilities": [-8.093017578125, 0.3083311915397644], "logits": [NaN, -0.8079327344894409]}, "groundTruth": [0.0, 0.0]}, {"startTime": 5.0, "endTime": 10.0, "predictions": {"probabilities": [-11.522893905639648, -4.692100524902344], "logits": [NaN, NaN]}, "groundTruth": [0.0, 0.0]}, {"startTime": 10.0, "endTime": 15.0, "predictions": {"probabilities": [-10.856221199035645, -3.8446764945983887], "logits": [NaN, NaN]}, "groundTruth": [0.0, 0.0]}, {"startTime": 15.0, "endTime": 20.0, "predictions": {"probabilities": [-11.625846862792969, 0.5777609348297119], "logits": [NaN, 0.3135885000228882]}, "groundTruth": [0.0, 0.0]}]]}