{"modelName": "devise-221117-v1-ep150", "version": "1", "fileId": "4a4ff2ad4c0b4fd18aec14fcf90d8b03", "classIds": ["Crex crex", "Scolopax rusticola"], "channels": [[{"startTime": 0.0, "endTime": 5.0, "predictions": {"probabilities": [-8.850478172302246, -1.0041605234146118], "logits": [NaN, NaN]}, "groundTruth": [0.0, 0.0]}, {"startTime": 5.0, "endTime": 10.0, "predictions": {"probabilities": [-9.162008285522461, -1.2401354312896729], "logits": [NaN, NaN]}, "groundTruth": [0.0, 0.0]}, {"startTime": 10.0, "endTime": 15.0, "predictions": {"probabilities": [-10.484044075012207, 0.7847124934196472], "logits": [NaN, 1.2933430671691895]}, "groundTruth": [0.0, 0.0]}, {"startTime": 15.0, "endTime": 20.0, "predictions": {"probabilities": [-9.928768157958984, -2.642141580581665], "logits": [NaN, NaN]}, "groundTruth": [0.0, 0.0]}]]}