{"modelName": "devise-221117-v1-ep150", "version": "1", "fileId": "4a560493c2b140f3b591ecb374b1dcf2", "classIds": ["Crex crex", "Scolopax rusticola"], "channels": [[{"startTime": 0.0, "endTime": 5.0, "predictions": {"probabilities": [-10.371630668640137, 2.3759944438934326], "logits": [NaN, NaN]}, "groundTruth": [0.0, 1.0]}, {"startTime": 5.0, "endTime": 10.0, "predictions": {"probabilities": [-12.41527271270752, 4.956786632537842], "logits": [NaN, NaN]}, "groundTruth": [0.0, 1.0]}, {"startTime": 10.0, "endTime": 15.0, "predictions": {"probabilities": [-13.828085899353027, 5.736929893493652], "logits": [NaN, NaN]}, "groundTruth": [0.0, 1.0]}, {"startTime": 11.0, "endTime": 16.0, "predictions": {"probabilities": [-13.083523750305176, 7.2501091957092285], "logits": [NaN, NaN]}, "groundTruth": [0.0, 1.0]}]]}