{"modelName": "devise-221117-v1-ep150", "version": "1", "fileId": "4b35b3cab120429fbd77e9305686d5dd", "classIds": ["Crex crex", "Scolopax rusticola"], "channels": [[{"startTime": 0.0, "endTime": 5.0, "predictions": {"probabilities": [0.00012181048805359751, 0.10094965994358063], "logits": []}, "groundTruth": [0.0, 0.0]}, {"startTime": 5.0, "endTime": 10.0, "predictions": {"probabilities": [8.454062481177971e-05, 0.15511752665042877], "logits": []}, "groundTruth": [0.0, 0.0]}, {"startTime": 10.0, "endTime": 15.0, "predictions": {"probabilities": [0.00033936213003471494, 0.3533628582954407], "logits": []}, "groundTruth": [0.0, 0.0]}, {"startTime": 15.0, "endTime": 20.0, "predictions": {"probabilities": [0.0003280821838416159, 0.4022270739078522], "logits": []}, "groundTruth": [0.0, 0.0]}]]}