{"modelName": "devise-221117-v1-ep150", "version": "1", "fileId": "4b547ed6ea2a4de2b1a6135541756d37", "classIds": ["Crex crex", "Scolopax rusticola"], "channels": [[{"startTime": 0.0, "endTime": 5.0, "predictions": {"probabilities": [0.00017231094534508884, 0.409210741519928], "logits": []}, "groundTruth": [0.0, 0.0]}, {"startTime": 5.0, "endTime": 10.0, "predictions": {"probabilities": [0.00016521014913450927, 0.39041683077812195], "logits": []}, "groundTruth": [0.0, 0.0]}, {"startTime": 10.0, "endTime": 15.0, "predictions": {"probabilities": [5.044882345828228e-05, 0.13054165244102478], "logits": []}, "groundTruth": [0.0, 0.0]}, {"startTime": 15.0, "endTime": 20.0, "predictions": {"probabilities": [0.00014873250620439649, 0.2258272022008896], "logits": []}, "groundTruth": [0.0, 0.0]}]]}