{"modelName": "devise-221117-v1-ep150", "version": "1", "fileId": "4b547ed6ea2a4de2b1a6135541756d37", "classIds": ["Crex crex", "Scolopax rusticola"], "channels": [[{"startTime": 0.0, "endTime": 5.0, "predictions": {"probabilities": [-8.666037559509277, -0.3672291040420532], "logits": [NaN, NaN]}, "groundTruth": [0.0, 0.0]}, {"startTime": 5.0, "endTime": 10.0, "predictions": {"probabilities": [-8.70812702178955, -0.4455603361129761], "logits": [NaN, NaN]}, "groundTruth": [0.0, 0.0]}, {"startTime": 10.0, "endTime": 15.0, "predictions": {"probabilities": [-9.894500732421875, -1.896178126335144], "logits": [NaN, NaN]}, "groundTruth": [0.0, 0.0]}, {"startTime": 15.0, "endTime": 20.0, "predictions": {"probabilities": [-8.813212394714355, -1.232024908065796], "logits": [NaN, NaN]}, "groundTruth": [0.0, 0.0]}]]}