{"modelName": "devise-221117-v1-ep150", "version": "1", "fileId": "4cc82e00ffb745dcbf6a06e9e3695c8c", "classIds": ["Crex crex", "Scolopax rusticola"], "channels": [[{"startTime": 0.0, "endTime": 5.0, "predictions": {"probabilities": [3.6370777252159314e-06, 0.9998471736907959], "logits": []}, "groundTruth": [0.0, 1.0]}, {"startTime": 5.0, "endTime": 10.0, "predictions": {"probabilities": [2.0491654595389264e-06, 0.999940037727356], "logits": []}, "groundTruth": [0.0, 1.0]}, {"startTime": 10.0, "endTime": 15.0, "predictions": {"probabilities": [7.381108275694714e-07, 0.9997377991676331], "logits": []}, "groundTruth": [0.0, 1.0]}, {"startTime": 12.0, "endTime": 17.0, "predictions": {"probabilities": [5.784974632661033e-07, 0.9999653100967407], "logits": []}, "groundTruth": [0.0, 1.0]}]]}