{"modelName": "devise-221117-v1-ep150", "version": "1", "fileId": "4cc82e00ffb745dcbf6a06e9e3695c8c", "classIds": ["Crex crex", "Scolopax rusticola"], "channels": [[{"startTime": 0.0, "endTime": 5.0, "predictions": {"probabilities": [-12.52432632446289, 8.785841941833496], "logits": [NaN, NaN]}, "groundTruth": [0.0, 1.0]}, {"startTime": 5.0, "endTime": 10.0, "predictions": {"probabilities": [-13.098075866699219, 9.722662925720215], "logits": [NaN, NaN]}, "groundTruth": [0.0, 1.0]}, {"startTime": 10.0, "endTime": 15.0, "predictions": {"probabilities": [-14.119171142578125, 8.24631118774414], "logits": [NaN, NaN]}, "groundTruth": [0.0, 1.0]}, {"startTime": 12.0, "endTime": 17.0, "predictions": {"probabilities": [-14.362831115722656, 10.269400596618652], "logits": [NaN, NaN]}, "groundTruth": [0.0, 1.0]}]]}