{"modelName": "devise-221117-v1-ep150", "version": "1", "fileId": "4d142ce85bc143fc893ece6d0872034d", "classIds": ["Crex crex", "Scolopax rusticola"], "channels": [[{"startTime": 0.0, "endTime": 5.0, "predictions": {"probabilities": [-9.307400703430176, -2.18544340133667], "logits": [NaN, NaN]}, "groundTruth": [0.0, 0.0]}, {"startTime": 5.0, "endTime": 10.0, "predictions": {"probabilities": [-8.64693546295166, -0.6810782551765442], "logits": [NaN, NaN]}, "groundTruth": [0.0, 0.0]}, {"startTime": 10.0, "endTime": 15.0, "predictions": {"probabilities": [-9.840217590332031, -2.672388792037964], "logits": [NaN, NaN]}, "groundTruth": [0.0, 0.0]}, {"startTime": 15.0, "endTime": 20.0, "predictions": {"probabilities": [-8.87922477722168, -1.4720430374145508], "logits": [NaN, NaN]}, "groundTruth": [0.0, 0.0]}]]}