{"modelName": "devise-221117-v1-ep150", "version": "1", "fileId": "4d89f10b877746229a42f61e570b62d9", "classIds": ["Crex crex", "Scolopax rusticola"], "channels": [[{"startTime": 0.0, "endTime": 5.0, "predictions": {"probabilities": [0.00044624219299294055, 0.5391795039176941], "logits": []}, "groundTruth": [0.0, 0.0]}, {"startTime": 5.0, "endTime": 10.0, "predictions": {"probabilities": [7.009914406808093e-05, 0.11004108190536499], "logits": []}, "groundTruth": [0.0, 0.0]}, {"startTime": 10.0, "endTime": 15.0, "predictions": {"probabilities": [0.00022770394571125507, 0.2921743392944336], "logits": []}, "groundTruth": [0.0, 0.0]}, {"startTime": 15.0, "endTime": 20.0, "predictions": {"probabilities": [6.715785275446251e-05, 0.08094252645969391], "logits": []}, "groundTruth": [0.0, 0.0]}]]}