{"modelName": "devise-221117-v1-ep150", "version": "1", "fileId": "4d89f10b877746229a42f61e570b62d9", "classIds": ["Crex crex", "Scolopax rusticola"], "channels": [[{"startTime": 0.0, "endTime": 5.0, "predictions": {"probabilities": [-7.714202404022217, 0.157040074467659], "logits": [NaN, -1.6804183721542358]}, "groundTruth": [0.0, 0.0]}, {"startTime": 5.0, "endTime": 10.0, "predictions": {"probabilities": [-9.565529823303223, -2.0903215408325195], "logits": [NaN, NaN]}, "groundTruth": [0.0, 0.0]}, {"startTime": 10.0, "endTime": 15.0, "predictions": {"probabilities": [-8.387236595153809, -0.8848471641540527], "logits": [NaN, NaN]}, "groundTruth": [0.0, 0.0]}, {"startTime": 15.0, "endTime": 20.0, "predictions": {"probabilities": [-9.608397483825684, -2.4296092987060547], "logits": [NaN, NaN]}, "groundTruth": [0.0, 0.0]}]]}