{"modelName": "devise-221117-v1-ep150", "version": "1", "fileId": "4f17d8e160aa4351b9fcd069c7357b00", "classIds": ["Crex crex", "Scolopax rusticola"], "channels": [[{"startTime": 0.0, "endTime": 5.0, "predictions": {"probabilities": [-10.162191390991211, -2.8992316722869873], "logits": [NaN, NaN]}, "groundTruth": [0.0, 0.0]}, {"startTime": 5.0, "endTime": 10.0, "predictions": {"probabilities": [-10.195284843444824, -2.789212226867676], "logits": [NaN, NaN]}, "groundTruth": [0.0, 0.0]}, {"startTime": 10.0, "endTime": 15.0, "predictions": {"probabilities": [-9.675686836242676, -2.601271867752075], "logits": [NaN, NaN]}, "groundTruth": [0.0, 0.0]}, {"startTime": 15.0, "endTime": 20.0, "predictions": {"probabilities": [-9.177643775939941, -1.8366947174072266], "logits": [NaN, NaN]}, "groundTruth": [0.0, 0.0]}]]}