{"modelName": "devise-221117-v1-ep150", "version": "1", "fileId": "4f273c3a41cc470488c0e8472b6e55c3", "classIds": ["Crex crex", "Scolopax rusticola"], "channels": [[{"startTime": 0.0, "endTime": 5.0, "predictions": {"probabilities": [0.00027216007583774626, 0.7946501970291138], "logits": []}, "groundTruth": [0.0, 0.0]}, {"startTime": 5.0, "endTime": 10.0, "predictions": {"probabilities": [1.6981308363028802e-05, 0.02054772526025772], "logits": []}, "groundTruth": [0.0, 0.0]}, {"startTime": 10.0, "endTime": 15.0, "predictions": {"probabilities": [6.870925426483154e-05, 0.07428985089063644], "logits": []}, "groundTruth": [0.0, 0.0]}, {"startTime": 15.0, "endTime": 20.0, "predictions": {"probabilities": [0.0005420800298452377, 0.6798668503761292], "logits": []}, "groundTruth": [0.0, 0.0]}]]}