{"modelName": "devise-221117-v1-ep150", "version": "1", "fileId": "4f273c3a41cc470488c0e8472b6e55c3", "classIds": ["Crex crex", "Scolopax rusticola"], "channels": [[{"startTime": 0.0, "endTime": 5.0, "predictions": {"probabilities": [-8.208847999572754, 1.353187084197998], "logits": [NaN, NaN]}, "groundTruth": [0.0, 0.0]}, {"startTime": 5.0, "endTime": 10.0, "predictions": {"probabilities": [-10.983380317687988, -3.864243268966675], "logits": [NaN, NaN]}, "groundTruth": [0.0, 0.0]}, {"startTime": 10.0, "endTime": 15.0, "predictions": {"probabilities": [-9.58555793762207, -2.5225868225097656], "logits": [NaN, NaN]}, "groundTruth": [0.0, 0.0]}, {"startTime": 15.0, "endTime": 20.0, "predictions": {"probabilities": [-7.519554615020752, 0.7531599402427673], "logits": [NaN, 1.1155370473861694]}, "groundTruth": [0.0, 0.0]}]]}