{"modelName": "devise-221117-v1-ep150", "version": "1", "fileId": "4f2b86a94da7408b9fb400636e4fe4ea", "classIds": ["Crex crex", "Scolopax rusticola"], "channels": [[{"startTime": 0.0, "endTime": 5.0, "predictions": {"probabilities": [-9.387184143066406, -2.2318363189697266], "logits": [NaN, NaN]}, "groundTruth": [0.0, 0.0]}, {"startTime": 5.0, "endTime": 10.0, "predictions": {"probabilities": [-8.977802276611328, -1.0778632164001465], "logits": [NaN, NaN]}, "groundTruth": [0.0, 0.0]}, {"startTime": 7.0, "endTime": 12.0, "predictions": {"probabilities": [-8.686789512634277, -0.7363181710243225], "logits": [NaN, NaN]}, "groundTruth": [0.0, 0.0]}]]}