{"modelName": "devise-221117-v1-ep150", "version": "1", "fileId": "4fcc9d7c786142ff8477f0dcd05af297", "classIds": ["Crex crex", "Scolopax rusticola"], "channels": [[{"startTime": 0.0, "endTime": 5.0, "predictions": {"probabilities": [6.237215711735189e-05, 0.9750322699546814], "logits": []}, "groundTruth": [0.0, 0.0]}, {"startTime": 5.0, "endTime": 10.0, "predictions": {"probabilities": [1.5507710486417636e-05, 0.020758524537086487], "logits": []}, "groundTruth": [0.0, 0.0]}, {"startTime": 10.0, "endTime": 15.0, "predictions": {"probabilities": [9.62430058280006e-05, 0.09214480221271515], "logits": []}, "groundTruth": [0.0, 0.0]}, {"startTime": 15.0, "endTime": 20.0, "predictions": {"probabilities": [4.788390469911974e-06, 0.03248004987835884], "logits": []}, "groundTruth": [0.0, 0.0]}]]}