{"modelName": "devise-221117-v1-ep150", "version": "1", "fileId": "5023d1c20d744377a400349952416306", "classIds": ["Crex crex", "Scolopax rusticola"], "channels": [[{"startTime": 0.0, "endTime": 5.0, "predictions": {"probabilities": [0.00011446132702985778, 0.19469691812992096], "logits": []}, "groundTruth": [0.0, 0.0]}, {"startTime": 5.0, "endTime": 10.0, "predictions": {"probabilities": [2.5177021143463207e-06, 0.003147886600345373], "logits": []}, "groundTruth": [0.0, 0.0]}, {"startTime": 10.0, "endTime": 15.0, "predictions": {"probabilities": [2.9234827252366813e-06, 0.0035900785587728024], "logits": []}, "groundTruth": [0.0, 0.0]}, {"startTime": 15.0, "endTime": 20.0, "predictions": {"probabilities": [8.12911912362324e-06, 0.009664281271398067], "logits": []}, "groundTruth": [0.0, 0.0]}]]}