{"modelName": "devise-221117-v1-ep150", "version": "1", "fileId": "504543b3d32f452aa02b2d17a74350c8", "classIds": ["Crex crex", "Scolopax rusticola"], "channels": [[{"startTime": 0.0, "endTime": 5.0, "predictions": {"probabilities": [3.543003185768612e-05, 0.09825573861598969], "logits": []}, "groundTruth": [0.0, 0.0]}, {"startTime": 5.0, "endTime": 10.0, "predictions": {"probabilities": [4.725500548374839e-05, 0.991633415222168], "logits": []}, "groundTruth": [0.0, 0.0]}, {"startTime": 10.0, "endTime": 15.0, "predictions": {"probabilities": [5.5769021855667233e-05, 0.14232318103313446], "logits": []}, "groundTruth": [0.0, 0.0]}, {"startTime": 15.0, "endTime": 20.0, "predictions": {"probabilities": [6.574939561687643e-06, 0.027370553463697433], "logits": []}, "groundTruth": [0.0, 0.0]}]]}