{"modelName": "devise-221117-v1-ep150", "version": "1", "fileId": "507faa751d02487f85bc9c3d5e59eddb", "classIds": ["Crex crex", "Scolopax rusticola"], "channels": [[{"startTime": 0.0, "endTime": 5.0, "predictions": {"probabilities": [9.114084491557151e-07, 0.9998544454574585], "logits": []}, "groundTruth": [0.0, 0.0]}, {"startTime": 5.0, "endTime": 10.0, "predictions": {"probabilities": [0.00016719967243261635, 0.389110267162323], "logits": []}, "groundTruth": [0.0, 0.0]}]]}