{"modelName": "devise-221117-v1-ep150", "version": "1", "fileId": "510a0a78b516484c9352969aae6b48aa", "classIds": ["Crex crex", "Scolopax rusticola"], "channels": [[{"startTime": 0.0, "endTime": 5.0, "predictions": {"probabilities": [0.00013401047908701003, 0.25468209385871887], "logits": []}, "groundTruth": [0.0, 0.0]}, {"startTime": 5.0, "endTime": 10.0, "predictions": {"probabilities": [0.00022924121003597975, 0.36385777592658997], "logits": []}, "groundTruth": [0.0, 0.0]}, {"startTime": 10.0, "endTime": 15.0, "predictions": {"probabilities": [0.0001244321174453944, 0.21543915569782257], "logits": []}, "groundTruth": [0.0, 0.0]}, {"startTime": 15.0, "endTime": 20.0, "predictions": {"probabilities": [1.8461932995705865e-05, 0.04914413392543793], "logits": []}, "groundTruth": [0.0, 0.0]}]]}