{"modelName": "devise-221117-v1-ep150", "version": "1", "fileId": "51307646fc5e4663933d08f4e8609c82", "classIds": ["Crex crex", "Scolopax rusticola"], "channels": [[{"startTime": 0.0, "endTime": 5.0, "predictions": {"probabilities": [0.00017010144074447453, 0.23470787703990936], "logits": []}, "groundTruth": [0.0, 0.0]}, {"startTime": 5.0, "endTime": 10.0, "predictions": {"probabilities": [2.7913905796594918e-05, 0.05275726690888405], "logits": []}, "groundTruth": [0.0, 0.0]}, {"startTime": 10.0, "endTime": 15.0, "predictions": {"probabilities": [0.0005286237574182451, 0.692781925201416], "logits": []}, "groundTruth": [0.0, 0.0]}, {"startTime": 15.0, "endTime": 20.0, "predictions": {"probabilities": [0.000267199648078531, 0.3419748842716217], "logits": []}, "groundTruth": [0.0, 0.0]}]]}