{"modelName": "devise-221117-v1-ep150", "version": "1", "fileId": "51307646fc5e4663933d08f4e8609c82", "classIds": ["Crex crex", "Scolopax rusticola"], "channels": [[{"startTime": 0.0, "endTime": 5.0, "predictions": {"probabilities": [-8.678945541381836, -1.1819158792495728], "logits": [NaN, NaN]}, "groundTruth": [0.0, 0.0]}, {"startTime": 5.0, "endTime": 10.0, "predictions": {"probabilities": [-10.486357688903809, -2.8878538608551025], "logits": [NaN, NaN]}, "groundTruth": [0.0, 0.0]}, {"startTime": 10.0, "endTime": 15.0, "predictions": {"probabilities": [-7.544704914093018, 0.8131573796272278], "logits": [NaN, 1.4706580638885498]}, "groundTruth": [0.0, 0.0]}, {"startTime": 15.0, "endTime": 20.0, "predictions": {"probabilities": [-8.22724723815918, -0.654505729675293], "logits": [NaN, NaN]}, "groundTruth": [0.0, 0.0]}]]}