{"modelName": "devise-221117-v1-ep150", "version": "1", "fileId": "51bcbea763a2435f966ec9c971bc4d5a", "classIds": ["Crex crex", "Scolopax rusticola"], "channels": [[{"startTime": 0.0, "endTime": 5.0, "predictions": {"probabilities": [-7.776072978973389, 0.5745945572853088], "logits": [NaN, 0.30062201619148254]}, "groundTruth": [0.0, 1.0]}, {"startTime": 5.0, "endTime": 10.0, "predictions": {"probabilities": [-22.593103408813477, 25.37969207763672], "logits": [NaN, NaN]}, "groundTruth": [0.0, 1.0]}, {"startTime": 10.0, "endTime": 15.0, "predictions": {"probabilities": [-16.76593780517578, 11.033795356750488], "logits": [NaN, NaN]}, "groundTruth": [0.0, 1.0]}, {"startTime": 15.0, "endTime": 20.0, "predictions": {"probabilities": [-10.996101379394531, 4.53474760055542], "logits": [NaN, NaN]}, "groundTruth": [0.0, 1.0]}]]}