{"modelName": "devise-221117-v1-ep150", "version": "1", "fileId": "51bcbea763a2435f966ec9c971bc4d5a", "classIds": ["Crex crex", "Scolopax rusticola"], "channels": [[{"startTime": 0.0, "endTime": 5.0, "predictions": {"probabilities": [0.0004194809007458389, 0.6398226618766785], "logits": []}, "groundTruth": [0.0, 1.0]}, {"startTime": 5.0, "endTime": 10.0, "predictions": {"probabilities": [1.5414869380947493e-10, 1.0], "logits": []}, "groundTruth": [0.0, 1.0]}, {"startTime": 10.0, "endTime": 15.0, "predictions": {"probabilities": [5.231734334643079e-08, 0.9999839067459106], "logits": []}, "groundTruth": [0.0, 1.0]}, {"startTime": 15.0, "endTime": 20.0, "predictions": {"probabilities": [1.6766660337452777e-05, 0.9893842339515686], "logits": []}, "groundTruth": [0.0, 1.0]}]]}