{"modelName": "devise-221117-v1-ep150", "version": "1", "fileId": "52610fc036b744a8bba373e243d23180", "classIds": ["Crex crex", "Scolopax rusticola"], "channels": [[{"startTime": 0.0, "endTime": 5.0, "predictions": {"probabilities": [-7.7709574699401855, 1.4023640155792236], "logits": [NaN, NaN]}, "groundTruth": [0.0, 0.0]}, {"startTime": 5.0, "endTime": 10.0, "predictions": {"probabilities": [-10.703916549682617, 0.39713728427886963], "logits": [NaN, -0.41740748286247253]}, "groundTruth": [0.0, 0.0]}, {"startTime": 10.0, "endTime": 15.0, "predictions": {"probabilities": [-8.415704727172852, -0.39703604578971863], "logits": [NaN, NaN]}, "groundTruth": [0.0, 0.0]}, {"startTime": 15.0, "endTime": 20.0, "predictions": {"probabilities": [-9.17957878112793, -1.0266796350479126], "logits": [NaN, NaN]}, "groundTruth": [0.0, 0.0]}]]}