{"modelName": "devise-221117-v1-ep150", "version": "1", "fileId": "52610fc036b744a8bba373e243d23180", "classIds": ["Crex crex", "Scolopax rusticola"], "channels": [[{"startTime": 0.0, "endTime": 5.0, "predictions": {"probabilities": [0.000421631324570626, 0.8025587201118469], "logits": []}, "groundTruth": [0.0, 0.0]}, {"startTime": 5.0, "endTime": 10.0, "predictions": {"probabilities": [2.245630821562372e-05, 0.5979996919631958], "logits": []}, "groundTruth": [0.0, 0.0]}, {"startTime": 10.0, "endTime": 15.0, "predictions": {"probabilities": [0.00022131443256512284, 0.40202465653419495], "logits": []}, "groundTruth": [0.0, 0.0]}, {"startTime": 15.0, "endTime": 20.0, "predictions": {"probabilities": [0.0001031133288051933, 0.2637283205986023], "logits": []}, "groundTruth": [0.0, 0.0]}]]}