{"modelName": "devise-221117-v1-ep150", "version": "1", "fileId": "52ca77df6b3b4c87a527bc233ef06516", "classIds": ["Crex crex", "Scolopax rusticola"], "channels": [[{"startTime": 0.0, "endTime": 5.0, "predictions": {"probabilities": [-10.429184913635254, -2.633779287338257], "logits": [NaN, NaN]}, "groundTruth": [0.0, 0.0]}, {"startTime": 5.0, "endTime": 10.0, "predictions": {"probabilities": [-8.49553394317627, -0.4162532091140747], "logits": [NaN, NaN]}, "groundTruth": [0.0, 0.0]}, {"startTime": 10.0, "endTime": 15.0, "predictions": {"probabilities": [-9.861165046691895, 3.7466485500335693], "logits": [NaN, NaN]}, "groundTruth": [0.0, 0.0]}, {"startTime": 15.0, "endTime": 20.0, "predictions": {"probabilities": [-10.35987377166748, -2.8705098628997803], "logits": [NaN, NaN]}, "groundTruth": [0.0, 0.0]}]]}