{"modelName": "devise-221117-v1-ep150", "version": "1", "fileId": "52ca77df6b3b4c87a527bc233ef06516", "classIds": ["Crex crex", "Scolopax rusticola"], "channels": [[{"startTime": 0.0, "endTime": 5.0, "predictions": {"probabilities": [2.9556276786024682e-05, 0.06699582934379578], "logits": []}, "groundTruth": [0.0, 0.0]}, {"startTime": 5.0, "endTime": 10.0, "predictions": {"probabilities": [0.00020433733880054206, 0.3974136710166931], "logits": []}, "groundTruth": [0.0, 0.0]}, {"startTime": 10.0, "endTime": 15.0, "predictions": {"probabilities": [5.215882629272528e-05, 0.9769473075866699], "logits": []}, "groundTruth": [0.0, 0.0]}, {"startTime": 15.0, "endTime": 20.0, "predictions": {"probabilities": [3.16774494422134e-05, 0.0536307692527771], "logits": []}, "groundTruth": [0.0, 0.0]}]]}