{"modelName": "devise-221117-v1-ep150", "version": "1", "fileId": "52d5585ae2ff4c93b11eab0f44f8e775", "classIds": ["Crex crex", "Scolopax rusticola"], "channels": [[{"startTime": 0.0, "endTime": 5.0, "predictions": {"probabilities": [-11.652315139770508, 8.411638259887695], "logits": [NaN, NaN]}, "groundTruth": [0.0, 0.0]}, {"startTime": 5.0, "endTime": 10.0, "predictions": {"probabilities": [-10.9160795211792, -4.165008068084717], "logits": [NaN, NaN]}, "groundTruth": [0.0, 0.0]}, {"startTime": 10.0, "endTime": 15.0, "predictions": {"probabilities": [-10.05550479888916, -2.4548826217651367], "logits": [NaN, NaN]}, "groundTruth": [0.0, 0.0]}, {"startTime": 15.0, "endTime": 20.0, "predictions": {"probabilities": [-8.860146522521973, -1.2157394886016846], "logits": [NaN, NaN]}, "groundTruth": [0.0, 0.0]}]]}