{"modelName": "devise-221117-v1-ep150", "version": "1", "fileId": "52d6b26ef089432e9d9e65246e722a40", "classIds": ["Crex crex", "Scolopax rusticola"], "channels": [[{"startTime": 0.0, "endTime": 5.0, "predictions": {"probabilities": [2.900477511502686e-06, 0.004187641199678183], "logits": []}, "groundTruth": [0.0, 0.0]}, {"startTime": 5.0, "endTime": 10.0, "predictions": {"probabilities": [3.831089998129755e-05, 0.649182915687561], "logits": []}, "groundTruth": [0.0, 0.0]}, {"startTime": 10.0, "endTime": 15.0, "predictions": {"probabilities": [0.00022587200510315597, 0.3687480390071869], "logits": []}, "groundTruth": [0.0, 0.0]}, {"startTime": 15.0, "endTime": 20.0, "predictions": {"probabilities": [0.00026716626598499715, 0.5296908617019653], "logits": []}, "groundTruth": [0.0, 0.0]}]]}