{"modelName": "devise-221117-v1-ep150", "version": "1", "fileId": "52d6b26ef089432e9d9e65246e722a40", "classIds": ["Crex crex", "Scolopax rusticola"], "channels": [[{"startTime": 0.0, "endTime": 5.0, "predictions": {"probabilities": [-12.750632286071777, -5.471421241760254], "logits": [NaN, NaN]}, "groundTruth": [0.0, 0.0]}, {"startTime": 5.0, "endTime": 10.0, "predictions": {"probabilities": [-10.169737815856934, 0.6154495477676392], "logits": [NaN, 0.4702780246734619]}, "groundTruth": [0.0, 0.0]}, {"startTime": 10.0, "endTime": 15.0, "predictions": {"probabilities": [-8.395316123962402, -0.5375915169715881], "logits": [NaN, NaN]}, "groundTruth": [0.0, 0.0]}, {"startTime": 15.0, "endTime": 20.0, "predictions": {"probabilities": [-8.227372169494629, 0.11890344321727753], "logits": [NaN, -2.0028555393218994]}, "groundTruth": [0.0, 0.0]}]]}