{"modelName": "devise-221117-v1-ep150", "version": "1", "fileId": "5328b42934d24e5b8affb2de32d30a98", "classIds": ["Crex crex", "Scolopax rusticola"], "channels": [[{"startTime": 0.0, "endTime": 5.0, "predictions": {"probabilities": [-10.123650550842285, -3.139956474304199], "logits": [NaN, NaN]}, "groundTruth": [0.0, 0.0]}, {"startTime": 5.0, "endTime": 10.0, "predictions": {"probabilities": [-9.310112953186035, -1.5248156785964966], "logits": [NaN, NaN]}, "groundTruth": [0.0, 0.0]}, {"startTime": 10.0, "endTime": 15.0, "predictions": {"probabilities": [-12.732210159301758, 8.31290054321289], "logits": [NaN, NaN]}, "groundTruth": [0.0, 0.0]}, {"startTime": 15.0, "endTime": 20.0, "predictions": {"probabilities": [-8.937060356140137, -0.9146060943603516], "logits": [NaN, NaN]}, "groundTruth": [0.0, 0.0]}]]}