{"modelName": "devise-221117-v1-ep150", "version": "1", "fileId": "5328b42934d24e5b8affb2de32d30a98", "classIds": ["Crex crex", "Scolopax rusticola"], "channels": [[{"startTime": 0.0, "endTime": 5.0, "predictions": {"probabilities": [4.011778946733102e-05, 0.04148884862661362], "logits": []}, "groundTruth": [0.0, 0.0]}, {"startTime": 5.0, "endTime": 10.0, "predictions": {"probabilities": [9.04961270862259e-05, 0.17875348031520844], "logits": []}, "groundTruth": [0.0, 0.0]}, {"startTime": 10.0, "endTime": 15.0, "predictions": {"probabilities": [2.954405545096961e-06, 0.9997547268867493], "logits": []}, "groundTruth": [0.0, 0.0]}, {"startTime": 15.0, "endTime": 20.0, "predictions": {"probabilities": [0.0001314095570705831, 0.2860582172870636], "logits": []}, "groundTruth": [0.0, 0.0]}]]}