{"modelName": "devise-221117-v1-ep150", "version": "1", "fileId": "533bea7cf7764dbab2f45ff8319a7e0c", "classIds": ["Crex crex", "Scolopax rusticola"], "channels": [[{"startTime": 0.0, "endTime": 5.0, "predictions": {"probabilities": [0.00010425208893138915, 0.16455936431884766], "logits": []}, "groundTruth": [0.0, 0.0]}, {"startTime": 5.0, "endTime": 10.0, "predictions": {"probabilities": [0.0003348967875353992, 0.660649836063385], "logits": []}, "groundTruth": [0.0, 0.0]}, {"startTime": 10.0, "endTime": 15.0, "predictions": {"probabilities": [0.00011747163080144674, 0.36558154225349426], "logits": []}, "groundTruth": [0.0, 0.0]}, {"startTime": 15.0, "endTime": 20.0, "predictions": {"probabilities": [0.0001651458878768608, 0.18239225447177887], "logits": []}, "groundTruth": [0.0, 0.0]}]]}