{"modelName": "devise-221117-v1-ep150", "version": "1", "fileId": "53741feeb7c944129a4e4902c9ae9708", "classIds": ["Crex crex", "Scolopax rusticola"], "channels": [[{"startTime": 0.0, "endTime": 5.0, "predictions": {"probabilities": [0.00014776334865018725, 0.2274419367313385], "logits": []}, "groundTruth": [0.0, 0.0]}, {"startTime": 5.0, "endTime": 10.0, "predictions": {"probabilities": [0.00034407342900522053, 0.757141649723053], "logits": []}, "groundTruth": [0.0, 0.0]}, {"startTime": 10.0, "endTime": 15.0, "predictions": {"probabilities": [0.00020118383690714836, 0.5737248659133911], "logits": []}, "groundTruth": [0.0, 0.0]}, {"startTime": 15.0, "endTime": 20.0, "predictions": {"probabilities": [7.831972470739856e-05, 0.13341692090034485], "logits": []}, "groundTruth": [0.0, 0.0]}]]}