{"modelName": "devise-221117-v1-ep150", "version": "1", "fileId": "53741feeb7c944129a4e4902c9ae9708", "classIds": ["Crex crex", "Scolopax rusticola"], "channels": [[{"startTime": 0.0, "endTime": 5.0, "predictions": {"probabilities": [-8.819750785827637, -1.222812294960022], "logits": [NaN, NaN]}, "groundTruth": [0.0, 0.0]}, {"startTime": 5.0, "endTime": 10.0, "predictions": {"probabilities": [-7.974311351776123, 1.1370720863342285], "logits": [NaN, NaN]}, "groundTruth": [0.0, 0.0]}, {"startTime": 10.0, "endTime": 15.0, "predictions": {"probabilities": [-8.511090278625488, 0.29706496000289917], "logits": [NaN, -0.8613136410713196]}, "groundTruth": [0.0, 0.0]}, {"startTime": 15.0, "endTime": 20.0, "predictions": {"probabilities": [-9.454632759094238, -1.8710789680480957], "logits": [NaN, NaN]}, "groundTruth": [0.0, 0.0]}]]}