{"modelName": "devise-221117-v1-ep150", "version": "1", "fileId": "53778ad4e4da459891d2df4d987a9254", "classIds": ["Crex crex", "Scolopax rusticola"], "channels": [[{"startTime": 0.0, "endTime": 5.0, "predictions": {"probabilities": [-10.667157173156738, -3.036558151245117], "logits": [NaN, NaN]}, "groundTruth": [0.0, 0.0]}, {"startTime": 5.0, "endTime": 10.0, "predictions": {"probabilities": [-10.513862609863281, -2.5998449325561523], "logits": [NaN, NaN]}, "groundTruth": [0.0, 0.0]}, {"startTime": 10.0, "endTime": 15.0, "predictions": {"probabilities": [-8.86561107635498, -1.1703208684921265], "logits": [NaN, NaN]}, "groundTruth": [0.0, 0.0]}, {"startTime": 15.0, "endTime": 20.0, "predictions": {"probabilities": [-8.900256156921387, -1.0234498977661133], "logits": [NaN, NaN]}, "groundTruth": [0.0, 0.0]}]]}