{"modelName": "devise-221117-v1-ep150", "version": "1", "fileId": "537893e877b843daa6ca20652fb75eb9", "classIds": ["Crex crex", "Scolopax rusticola"], "channels": [[{"startTime": 0.0, "endTime": 5.0, "predictions": {"probabilities": [0.00014894964988343418, 0.6719434857368469], "logits": []}, "groundTruth": [0.0, 0.0]}, {"startTime": 5.0, "endTime": 10.0, "predictions": {"probabilities": [0.0003217998892068863, 0.4311703145503998], "logits": []}, "groundTruth": [0.0, 0.0]}, {"startTime": 10.0, "endTime": 15.0, "predictions": {"probabilities": [9.163807408185676e-05, 0.36887964606285095], "logits": []}, "groundTruth": [0.0, 0.0]}, {"startTime": 15.0, "endTime": 20.0, "predictions": {"probabilities": [0.00016936633619479835, 0.16656716167926788], "logits": []}, "groundTruth": [0.0, 0.0]}]]}