{"modelName": "devise-221117-v1-ep150", "version": "1", "fileId": "5395eab02d804334bc3885686db9f897", "classIds": ["Crex crex", "Scolopax rusticola"], "channels": [[{"startTime": 0.0, "endTime": 5.0, "predictions": {"probabilities": [-9.73690414428711, -2.987042188644409], "logits": [NaN, NaN]}, "groundTruth": [0.0, 0.0]}, {"startTime": 5.0, "endTime": 10.0, "predictions": {"probabilities": [-8.533370971679688, -0.3234851658344269], "logits": [NaN, NaN]}, "groundTruth": [0.0, 0.0]}, {"startTime": 10.0, "endTime": 15.0, "predictions": {"probabilities": [-10.503565788269043, -3.5935158729553223], "logits": [NaN, NaN]}, "groundTruth": [0.0, 0.0]}, {"startTime": 15.0, "endTime": 20.0, "predictions": {"probabilities": [-7.664494514465332, -0.24044130742549896], "logits": [NaN, NaN]}, "groundTruth": [0.0, 0.0]}]]}