{"modelName": "devise-221117-v1-ep150", "version": "1", "fileId": "53d72176544348079181d3cdba5d139e", "classIds": ["Crex crex", "Scolopax rusticola"], "channels": [[{"startTime": 0.0, "endTime": 5.0, "predictions": {"probabilities": [5.210175402226014e-08, 0.9999915361404419], "logits": []}, "groundTruth": [0.0, 1.0]}, {"startTime": 5.0, "endTime": 10.0, "predictions": {"probabilities": [7.050721340107202e-09, 0.9999780654907227], "logits": []}, "groundTruth": [0.0, 1.0]}, {"startTime": 10.0, "endTime": 15.0, "predictions": {"probabilities": [5.905385958016041e-09, 0.9999984502792358], "logits": []}, "groundTruth": [0.0, 1.0]}, {"startTime": 11.0, "endTime": 16.0, "predictions": {"probabilities": [4.366884187589903e-09, 0.9992048144340515], "logits": []}, "groundTruth": [0.0, 1.0]}]]}