{"modelName": "devise-221117-v1-ep150", "version": "1", "fileId": "53d72176544348079181d3cdba5d139e", "classIds": ["Crex crex", "Scolopax rusticola"], "channels": [[{"startTime": 0.0, "endTime": 5.0, "predictions": {"probabilities": [-16.77006721496582, 11.677977561950684], "logits": [NaN, NaN]}, "groundTruth": [0.0, 1.0]}, {"startTime": 5.0, "endTime": 10.0, "predictions": {"probabilities": [-18.7701358795166, 10.728377342224121], "logits": [NaN, NaN]}, "groundTruth": [0.0, 1.0]}, {"startTime": 10.0, "endTime": 15.0, "predictions": {"probabilities": [-18.94740104675293, 13.358038902282715], "logits": [NaN, NaN]}, "groundTruth": [0.0, 1.0]}, {"startTime": 11.0, "endTime": 16.0, "predictions": {"probabilities": [-19.249216079711914, 7.136165618896484], "logits": [NaN, NaN]}, "groundTruth": [0.0, 1.0]}]]}