{"modelName": "devise-221117-v1-ep150", "version": "1", "fileId": "54a42bf325ed4421b16a8bebf4b81d5f", "classIds": ["Crex crex", "Scolopax rusticola"], "channels": [[{"startTime": 0.0, "endTime": 5.0, "predictions": {"probabilities": [-13.236479759216309, 6.891735553741455], "logits": [NaN, NaN]}, "groundTruth": [0.0, 1.0]}, {"startTime": 5.0, "endTime": 10.0, "predictions": {"probabilities": [-9.803218841552734, 4.410905838012695], "logits": [NaN, NaN]}, "groundTruth": [0.0, 1.0]}, {"startTime": 8.0, "endTime": 13.0, "predictions": {"probabilities": [-11.00240421295166, 3.5013937950134277], "logits": [NaN, NaN]}, "groundTruth": [0.0, 1.0]}]]}