{"modelName": "devise-221117-v1-ep150", "version": "1", "fileId": "54a42bf325ed4421b16a8bebf4b81d5f", "classIds": ["Crex crex", "Scolopax rusticola"], "channels": [[{"startTime": 0.0, "endTime": 5.0, "predictions": {"probabilities": [1.784304913599044e-06, 0.9989848732948303], "logits": []}, "groundTruth": [0.0, 1.0]}, {"startTime": 5.0, "endTime": 10.0, "predictions": {"probabilities": [5.527033863472752e-05, 0.9880015254020691], "logits": []}, "groundTruth": [0.0, 1.0]}, {"startTime": 8.0, "endTime": 13.0, "predictions": {"probabilities": [1.6661317204125226e-05, 0.9707274436950684], "logits": []}, "groundTruth": [0.0, 1.0]}]]}