{"modelName": "devise-221117-v1-ep150", "version": "1", "fileId": "551ebba96a7c4e6a9081967dbcf28d02", "classIds": ["Crex crex", "Scolopax rusticola"], "channels": [[{"startTime": 0.0, "endTime": 5.0, "predictions": {"probabilities": [6.625476999033708e-06, 0.015396235510706902], "logits": []}, "groundTruth": [0.0, 0.0]}, {"startTime": 5.0, "endTime": 10.0, "predictions": {"probabilities": [2.979507189593278e-05, 0.025657787919044495], "logits": []}, "groundTruth": [0.0, 0.0]}, {"startTime": 10.0, "endTime": 15.0, "predictions": {"probabilities": [1.5020177670521662e-05, 0.9592747092247009], "logits": []}, "groundTruth": [0.0, 0.0]}, {"startTime": 15.0, "endTime": 20.0, "predictions": {"probabilities": [4.290221113478765e-05, 0.6330344676971436], "logits": []}, "groundTruth": [0.0, 0.0]}]]}