{"modelName": "devise-221117-v1-ep150", "version": "1", "fileId": "551ebba96a7c4e6a9081967dbcf28d02", "classIds": ["Crex crex", "Scolopax rusticola"], "channels": [[{"startTime": 0.0, "endTime": 5.0, "predictions": {"probabilities": [-11.924581527709961, -4.158116340637207], "logits": [NaN, NaN]}, "groundTruth": [0.0, 0.0]}, {"startTime": 5.0, "endTime": 10.0, "predictions": {"probabilities": [-10.421137809753418, -3.636915445327759], "logits": [NaN, NaN]}, "groundTruth": [0.0, 0.0]}, {"startTime": 10.0, "endTime": 15.0, "predictions": {"probabilities": [-11.106101036071777, 3.1593282222747803], "logits": [NaN, NaN]}, "groundTruth": [0.0, 0.0]}, {"startTime": 15.0, "endTime": 20.0, "predictions": {"probabilities": [-10.056544303894043, 0.5452568531036377], "logits": [NaN, 0.18152426183223724]}, "groundTruth": [0.0, 0.0]}]]}