{"modelName": "devise-221117-v1-ep150", "version": "1", "fileId": "5549575c7f5e4c2f882df5941ec9c812", "classIds": ["Crex crex", "Scolopax rusticola"], "channels": [[{"startTime": 0.0, "endTime": 5.0, "predictions": {"probabilities": [0.0005500186234712601, 0.7903713583946228], "logits": []}, "groundTruth": [0.0, 0.0]}, {"startTime": 5.0, "endTime": 10.0, "predictions": {"probabilities": [0.00012804761354345828, 0.11746971309185028], "logits": []}, "groundTruth": [0.0, 0.0]}, {"startTime": 10.0, "endTime": 15.0, "predictions": {"probabilities": [4.701587386080064e-05, 0.07964880764484406], "logits": []}, "groundTruth": [0.0, 0.0]}, {"startTime": 15.0, "endTime": 20.0, "predictions": {"probabilities": [1.6451451301691122e-05, 0.044947799295186996], "logits": []}, "groundTruth": [0.0, 0.0]}]]}