{"modelName": "devise-221117-v1-ep150", "version": "1", "fileId": "55ceef8c5cf3487c8ffb9d85893f65b5", "classIds": ["Crex crex", "Scolopax rusticola"], "channels": [[{"startTime": 0.0, "endTime": 5.0, "predictions": {"probabilities": [3.38076933985576e-05, 0.04957639425992966], "logits": []}, "groundTruth": [0.0, 0.0]}, {"startTime": 5.0, "endTime": 10.0, "predictions": {"probabilities": [2.5624802219681442e-05, 0.03815356642007828], "logits": []}, "groundTruth": [0.0, 0.0]}, {"startTime": 10.0, "endTime": 15.0, "predictions": {"probabilities": [0.00010699106496758759, 0.2774694263935089], "logits": []}, "groundTruth": [0.0, 0.0]}, {"startTime": 15.0, "endTime": 20.0, "predictions": {"probabilities": [0.0002036719088209793, 0.2760356068611145], "logits": []}, "groundTruth": [0.0, 0.0]}]]}