{"modelName": "devise-221117-v1-ep150", "version": "1", "fileId": "55ceef8c5cf3487c8ffb9d85893f65b5", "classIds": ["Crex crex", "Scolopax rusticola"], "channels": [[{"startTime": 0.0, "endTime": 5.0, "predictions": {"probabilities": [-10.294788360595703, -2.95339298248291], "logits": [NaN, NaN]}, "groundTruth": [0.0, 0.0]}, {"startTime": 5.0, "endTime": 10.0, "predictions": {"probabilities": [-10.571924209594727, -3.2272355556488037], "logits": [NaN, NaN]}, "groundTruth": [0.0, 0.0]}, {"startTime": 10.0, "endTime": 15.0, "predictions": {"probabilities": [-9.142658233642578, -0.9570490121841431], "logits": [NaN, NaN]}, "groundTruth": [0.0, 0.0]}, {"startTime": 15.0, "endTime": 20.0, "predictions": {"probabilities": [-8.498796463012695, -0.9642122983932495], "logits": [NaN, NaN]}, "groundTruth": [0.0, 0.0]}]]}