{"modelName": "devise-221117-v1-ep150", "version": "1", "fileId": "55d97ebc62fe4801965b03b24d9b737f", "classIds": ["Crex crex", "Scolopax rusticola"], "channels": [[{"startTime": 0.0, "endTime": 5.0, "predictions": {"probabilities": [-10.233955383300781, -2.3569118976593018], "logits": [NaN, NaN]}, "groundTruth": [0.0, 0.0]}, {"startTime": 5.0, "endTime": 10.0, "predictions": {"probabilities": [-9.478666305541992, -1.7154743671417236], "logits": [NaN, NaN]}, "groundTruth": [0.0, 0.0]}, {"startTime": 10.0, "endTime": 15.0, "predictions": {"probabilities": [-10.762893676757812, -3.097641706466675], "logits": [NaN, NaN]}, "groundTruth": [0.0, 0.0]}, {"startTime": 15.0, "endTime": 20.0, "predictions": {"probabilities": [-9.116840362548828, -0.8488271832466125], "logits": [NaN, NaN]}, "groundTruth": [0.0, 0.0]}]]}