{"modelName": "devise-221117-v1-ep150", "version": "1", "fileId": "56110d0c1e1d431eb84401ae59557f21", "classIds": ["Crex crex", "Scolopax rusticola"], "channels": [[{"startTime": 0.0, "endTime": 5.0, "predictions": {"probabilities": [0.00011015142081305385, 0.10384143888950348], "logits": []}, "groundTruth": [0.0, 0.0]}, {"startTime": 5.0, "endTime": 10.0, "predictions": {"probabilities": [3.109482713625766e-05, 0.12294900417327881], "logits": []}, "groundTruth": [0.0, 0.0]}, {"startTime": 10.0, "endTime": 15.0, "predictions": {"probabilities": [0.00026129718753509223, 0.5799137353897095], "logits": []}, "groundTruth": [0.0, 0.0]}, {"startTime": 15.0, "endTime": 20.0, "predictions": {"probabilities": [8.284237264888361e-05, 0.11715851724147797], "logits": []}, "groundTruth": [0.0, 0.0]}]]}