{"modelName": "devise-221117-v1-ep150", "version": "1", "fileId": "56381fa65ca34732892fd45a842825d5", "classIds": ["Crex crex", "Scolopax rusticola"], "channels": [[{"startTime": 0.0, "endTime": 5.0, "predictions": {"probabilities": [-8.221525192260742, -0.36506569385528564], "logits": [NaN, NaN]}, "groundTruth": [0.0, 0.0]}, {"startTime": 5.0, "endTime": 10.0, "predictions": {"probabilities": [-9.509490966796875, -1.9587368965148926], "logits": [NaN, NaN]}, "groundTruth": [0.0, 0.0]}, {"startTime": 10.0, "endTime": 15.0, "predictions": {"probabilities": [-10.991488456726074, -3.5532870292663574], "logits": [NaN, NaN]}, "groundTruth": [0.0, 0.0]}, {"startTime": 15.0, "endTime": 20.0, "predictions": {"probabilities": [-7.824687957763672, -0.08982883393764496], "logits": [NaN, NaN]}, "groundTruth": [0.0, 0.0]}]]}