{"modelName": "devise-221117-v1-ep150", "version": "1", "fileId": "56d52774118c4b638c17e775b32264c1", "classIds": ["Crex crex", "Scolopax rusticola"], "channels": [[{"startTime": 0.0, "endTime": 5.0, "predictions": {"probabilities": [0.00022421831090468913, 0.2746506929397583], "logits": []}, "groundTruth": [0.0, 0.0]}, {"startTime": 5.0, "endTime": 10.0, "predictions": {"probabilities": [0.0002346970431972295, 0.19408711791038513], "logits": []}, "groundTruth": [0.0, 0.0]}, {"startTime": 10.0, "endTime": 15.0, "predictions": {"probabilities": [0.00019329074712004513, 0.20424506068229675], "logits": []}, "groundTruth": [0.0, 0.0]}, {"startTime": 15.0, "endTime": 20.0, "predictions": {"probabilities": [0.00028595051844604313, 0.3345606029033661], "logits": []}, "groundTruth": [0.0, 0.0]}]]}