{"modelName": "devise-221117-v1-ep150", "version": "1", "fileId": "56f8b71c13e141bfbb952f4521e10575", "classIds": ["Crex crex", "Scolopax rusticola"], "channels": [[{"startTime": 0.0, "endTime": 5.0, "predictions": {"probabilities": [-10.234375, -1.7303354740142822], "logits": [NaN, NaN]}, "groundTruth": [0.0, 0.0]}, {"startTime": 5.0, "endTime": 10.0, "predictions": {"probabilities": [-9.669931411743164, -1.8733290433883667], "logits": [NaN, NaN]}, "groundTruth": [0.0, 0.0]}, {"startTime": 10.0, "endTime": 15.0, "predictions": {"probabilities": [-9.69209098815918, 2.9113686084747314], "logits": [NaN, NaN]}, "groundTruth": [0.0, 0.0]}, {"startTime": 15.0, "endTime": 20.0, "predictions": {"probabilities": [-10.987710952758789, -3.977604627609253], "logits": [NaN, NaN]}, "groundTruth": [0.0, 0.0]}]]}