{"modelName": "devise-221117-v1-ep150", "version": "1", "fileId": "56f8b71c13e141bfbb952f4521e10575", "classIds": ["Crex crex", "Scolopax rusticola"], "channels": [[{"startTime": 0.0, "endTime": 5.0, "predictions": {"probabilities": [3.591300992411561e-05, 0.150544673204422], "logits": []}, "groundTruth": [0.0, 0.0]}, {"startTime": 5.0, "endTime": 10.0, "predictions": {"probabilities": [6.315019709290937e-05, 0.13315699994564056], "logits": []}, "groundTruth": [0.0, 0.0]}, {"startTime": 10.0, "endTime": 15.0, "predictions": {"probabilities": [6.176628812681884e-05, 0.9484055042266846], "logits": []}, "groundTruth": [0.0, 0.0]}, {"startTime": 15.0, "endTime": 20.0, "predictions": {"probabilities": [1.690792851150036e-05, 0.018386071547865868], "logits": []}, "groundTruth": [0.0, 0.0]}]]}