{"modelName": "devise-221117-v1-ep150", "version": "1", "fileId": "571e8f36b3b84d8a8e6f8d33c8efa8d4", "classIds": ["Crex crex", "Scolopax rusticola"], "channels": [[{"startTime": 0.0, "endTime": 5.0, "predictions": {"probabilities": [-15.309950828552246, 9.371349334716797], "logits": [NaN, NaN]}, "groundTruth": [0.0, 1.0]}, {"startTime": 5.0, "endTime": 10.0, "predictions": {"probabilities": [-12.254463195800781, 6.061976909637451], "logits": [NaN, NaN]}, "groundTruth": [0.0, 1.0]}, {"startTime": 10.0, "endTime": 15.0, "predictions": {"probabilities": [-14.713656425476074, 4.054779529571533], "logits": [NaN, NaN]}, "groundTruth": [0.0, 1.0]}]]}