{"modelName": "devise-221117-v1-ep150", "version": "1", "fileId": "5764bfab59b04c198073f244c6e808b1", "classIds": ["Crex crex", "Scolopax rusticola"], "channels": [[{"startTime": 0.0, "endTime": 5.0, "predictions": {"probabilities": [-8.070272445678711, 0.18671737611293793], "logits": [NaN, -1.471482515335083]}, "groundTruth": [0.0, 0.0]}, {"startTime": 5.0, "endTime": 10.0, "predictions": {"probabilities": [-7.329657077789307, 1.044773817062378], "logits": [NaN, NaN]}, "groundTruth": [0.0, 0.0]}, {"startTime": 10.0, "endTime": 15.0, "predictions": {"probabilities": [-8.971264839172363, -1.214743733406067], "logits": [NaN, NaN]}, "groundTruth": [0.0, 0.0]}, {"startTime": 15.0, "endTime": 20.0, "predictions": {"probabilities": [-8.397194862365723, -0.9104989767074585], "logits": [NaN, NaN]}, "groundTruth": [0.0, 0.0]}]]}