{"modelName": "devise-221117-v1-ep150", "version": "1", "fileId": "577300711f08402faa8dffa45b80e3b7", "classIds": ["Crex crex", "Scolopax rusticola"], "channels": [[{"startTime": 0.0, "endTime": 5.0, "predictions": {"probabilities": [2.098578555376207e-08, 0.9999988079071045], "logits": []}, "groundTruth": [0.0, 1.0]}, {"startTime": 5.0, "endTime": 10.0, "predictions": {"probabilities": [8.440558190159209e-07, 0.9980568289756775], "logits": []}, "groundTruth": [0.0, 1.0]}, {"startTime": 10.0, "endTime": 15.0, "predictions": {"probabilities": [7.052748287605937e-07, 0.999728262424469], "logits": []}, "groundTruth": [0.0, 1.0]}, {"startTime": 15.0, "endTime": 20.0, "predictions": {"probabilities": [1.3713946827920154e-05, 0.06929076462984085], "logits": []}, "groundTruth": [0.0, 1.0]}]]}