{"modelName": "devise-221117-v1-ep150", "version": "1", "fileId": "5787d28574034083905ac28eaa821bf7", "classIds": ["Crex crex", "Scolopax rusticola"], "channels": [[{"startTime": 0.0, "endTime": 5.0, "predictions": {"probabilities": [0.00031805079197511077, 0.3991801142692566], "logits": []}, "groundTruth": [0.0, 0.0]}, {"startTime": 5.0, "endTime": 10.0, "predictions": {"probabilities": [9.830638191488106e-06, 0.014401348307728767], "logits": []}, "groundTruth": [0.0, 0.0]}, {"startTime": 10.0, "endTime": 15.0, "predictions": {"probabilities": [3.3743111771400436e-07, 0.9999327659606934], "logits": []}, "groundTruth": [0.0, 0.0]}, {"startTime": 15.0, "endTime": 20.0, "predictions": {"probabilities": [7.02771867509e-05, 0.16244792938232422], "logits": []}, "groundTruth": [0.0, 0.0]}]]}