{"modelName": "devise-221117-v1-ep150", "version": "1", "fileId": "57b0e21238bb4e3ca31d89053b75cd6d", "classIds": ["Crex crex", "Scolopax rusticola"], "channels": [[{"startTime": 0.0, "endTime": 5.0, "predictions": {"probabilities": [-13.461302757263184, -0.3884538412094116], "logits": [NaN, NaN]}, "groundTruth": [0.0, 0.0]}, {"startTime": 5.0, "endTime": 10.0, "predictions": {"probabilities": [-10.889315605163574, 3.5534703731536865], "logits": [NaN, NaN]}, "groundTruth": [0.0, 0.0]}, {"startTime": 10.0, "endTime": 15.0, "predictions": {"probabilities": [-11.808039665222168, 1.5954302549362183], "logits": [NaN, NaN]}, "groundTruth": [0.0, 0.0]}, {"startTime": 15.0, "endTime": 20.0, "predictions": {"probabilities": [-10.694657325744629, 1.3319432735443115], "logits": [NaN, NaN]}, "groundTruth": [0.0, 0.0]}]]}