{"modelName": "devise-221117-v1-ep150", "version": "1", "fileId": "57f24e08f66945219001c09cffc61ebc", "classIds": ["Crex crex", "Scolopax rusticola"], "channels": [[{"startTime": 0.0, "endTime": 5.0, "predictions": {"probabilities": [0.00027206019149161875, 0.8239562511444092], "logits": []}, "groundTruth": [0.0, 0.0]}, {"startTime": 5.0, "endTime": 10.0, "predictions": {"probabilities": [0.0002935342490673065, 0.40029409527778625], "logits": []}, "groundTruth": [0.0, 0.0]}, {"startTime": 10.0, "endTime": 15.0, "predictions": {"probabilities": [4.583020199788734e-05, 0.13958357274532318], "logits": []}, "groundTruth": [0.0, 0.0]}, {"startTime": 15.0, "endTime": 20.0, "predictions": {"probabilities": [7.704252493567765e-05, 0.1733483225107193], "logits": []}, "groundTruth": [0.0, 0.0]}]]}