{"modelName": "devise-221117-v1-ep150", "version": "1", "fileId": "57f4ada9403f4b88ad73aeda9816c4cc", "classIds": ["Crex crex", "Scolopax rusticola"], "channels": [[{"startTime": 0.0, "endTime": 5.0, "predictions": {"probabilities": [9.442235750611871e-05, 0.1895902305841446], "logits": []}, "groundTruth": [0.0, 0.0]}, {"startTime": 5.0, "endTime": 10.0, "predictions": {"probabilities": [4.191697735222988e-05, 0.6229637265205383], "logits": []}, "groundTruth": [0.0, 0.0]}, {"startTime": 10.0, "endTime": 15.0, "predictions": {"probabilities": [4.809777965419926e-05, 0.05777544900774956], "logits": []}, "groundTruth": [0.0, 0.0]}, {"startTime": 15.0, "endTime": 20.0, "predictions": {"probabilities": [6.146020496089477e-06, 0.9564868807792664], "logits": []}, "groundTruth": [0.0, 0.0]}]]}