{"modelName": "devise-221117-v1-ep150", "version": "1", "fileId": "5836eeb1e49f4e0a8751c5770bb33190", "classIds": ["Crex crex", "Scolopax rusticola"], "channels": [[{"startTime": 0.0, "endTime": 5.0, "predictions": {"probabilities": [-9.172004699707031, -1.5428953170776367], "logits": [NaN, NaN]}, "groundTruth": [0.0, 0.0]}, {"startTime": 5.0, "endTime": 10.0, "predictions": {"probabilities": [-7.989203929901123, -0.4738044738769531], "logits": [NaN, NaN]}, "groundTruth": [0.0, 0.0]}, {"startTime": 10.0, "endTime": 15.0, "predictions": {"probabilities": [-8.489791870117188, -0.30882933735847473], "logits": [NaN, NaN]}, "groundTruth": [0.0, 0.0]}, {"startTime": 15.0, "endTime": 20.0, "predictions": {"probabilities": [-8.167983055114746, 0.5359076261520386], "logits": [NaN, 0.14387817680835724]}, "groundTruth": [0.0, 0.0]}]]}