{"modelName": "devise-221117-v1-ep150", "version": "1", "fileId": "5836eeb1e49f4e0a8751c5770bb33190", "classIds": ["Crex crex", "Scolopax rusticola"], "channels": [[{"startTime": 0.0, "endTime": 5.0, "predictions": {"probabilities": [0.00010389719682279974, 0.1761147677898407], "logits": []}, "groundTruth": [0.0, 0.0]}, {"startTime": 5.0, "endTime": 10.0, "predictions": {"probabilities": [0.0003389889607205987, 0.3837161660194397], "logits": []}, "groundTruth": [0.0, 0.0]}, {"startTime": 10.0, "endTime": 15.0, "predictions": {"probabilities": [0.00020551378838717937, 0.42340049147605896], "logits": []}, "groundTruth": [0.0, 0.0]}, {"startTime": 15.0, "endTime": 20.0, "predictions": {"probabilities": [0.0002835090272128582, 0.630859911441803], "logits": []}, "groundTruth": [0.0, 0.0]}]]}