{"modelName": "devise-221117-v1-ep150", "version": "1", "fileId": "585d99ac422d47d3944ed44e8e45ed65", "classIds": ["Crex crex", "Scolopax rusticola"], "channels": [[{"startTime": 0.0, "endTime": 5.0, "predictions": {"probabilities": [9.855076496023685e-05, 0.8212471008300781], "logits": []}, "groundTruth": [0.0, 0.0]}, {"startTime": 5.0, "endTime": 10.0, "predictions": {"probabilities": [2.3435221407908102e-07, 0.9999990463256836], "logits": []}, "groundTruth": [0.0, 1.0]}, {"startTime": 10.0, "endTime": 15.0, "predictions": {"probabilities": [1.5329263192143117e-07, 0.9999996423721313], "logits": []}, "groundTruth": [0.0, 1.0]}, {"startTime": 11.0, "endTime": 16.0, "predictions": {"probabilities": [4.945688374391466e-07, 0.9999856948852539], "logits": []}, "groundTruth": [0.0, 1.0]}]]}