{"modelName": "devise-221117-v1-ep150", "version": "1", "fileId": "58c00a43cdfb4a799784dd559d3aa791", "classIds": ["Crex crex", "Scolopax rusticola"], "channels": [[{"startTime": 0.0, "endTime": 5.0, "predictions": {"probabilities": [1.3312404917087406e-05, 0.03366412967443466], "logits": []}, "groundTruth": [0.0, 0.0]}, {"startTime": 5.0, "endTime": 10.0, "predictions": {"probabilities": [0.00025707873282954097, 0.38265523314476013], "logits": []}, "groundTruth": [0.0, 0.0]}, {"startTime": 10.0, "endTime": 15.0, "predictions": {"probabilities": [0.0004102540260646492, 0.6599454879760742], "logits": []}, "groundTruth": [0.0, 0.0]}, {"startTime": 15.0, "endTime": 20.0, "predictions": {"probabilities": [0.0002619217266328633, 0.3353493809700012], "logits": []}, "groundTruth": [0.0, 0.0]}]]}