{"modelName": "devise-221117-v1-ep150", "version": "1", "fileId": "58c123406e8f4461a674ded8526b7113", "classIds": ["Crex crex", "Scolopax rusticola"], "channels": [[{"startTime": 0.0, "endTime": 5.0, "predictions": {"probabilities": [5.5007432820275426e-05, 0.061908427625894547], "logits": []}, "groundTruth": [0.0, 0.0]}, {"startTime": 5.0, "endTime": 10.0, "predictions": {"probabilities": [0.0003754502104129642, 0.44377875328063965], "logits": []}, "groundTruth": [0.0, 0.0]}, {"startTime": 10.0, "endTime": 15.0, "predictions": {"probabilities": [0.00015340624668169767, 0.25479698181152344], "logits": []}, "groundTruth": [0.0, 0.0]}, {"startTime": 15.0, "endTime": 20.0, "predictions": {"probabilities": [2.068927642540075e-06, 0.9994544386863708], "logits": []}, "groundTruth": [0.0, 0.0]}]]}