{"modelName": "devise-221117-v1-ep150", "version": "1", "fileId": "59495bc3909d481fa4e30f59f0f0f25c", "classIds": ["Crex crex", "Scolopax rusticola"], "channels": [[{"startTime": 0.0, "endTime": 5.0, "predictions": {"probabilities": [-8.818233489990234, -1.4704755544662476], "logits": [NaN, NaN]}, "groundTruth": [0.0, 0.0]}, {"startTime": 5.0, "endTime": 10.0, "predictions": {"probabilities": [-8.177658081054688, -0.8605332374572754], "logits": [NaN, NaN]}, "groundTruth": [0.0, 0.0]}, {"startTime": 10.0, "endTime": 15.0, "predictions": {"probabilities": [-8.68829345703125, -1.1592822074890137], "logits": [NaN, NaN]}, "groundTruth": [0.0, 0.0]}, {"startTime": 15.0, "endTime": 20.0, "predictions": {"probabilities": [-7.762661457061768, 0.10278935730457306], "logits": [NaN, -2.1666088104248047]}, "groundTruth": [0.0, 0.0]}]]}