{"modelName": "devise-221117-v1-ep150", "version": "1", "fileId": "59d9866a3b9f40a9affaf6e799c73a2c", "classIds": ["Crex crex", "Scolopax rusticola"], "channels": [[{"startTime": 0.0, "endTime": 5.0, "predictions": {"probabilities": [-9.14411735534668, -0.35924869775772095], "logits": [NaN, NaN]}, "groundTruth": [0.0, 0.0]}, {"startTime": 5.0, "endTime": 10.0, "predictions": {"probabilities": [-10.35941219329834, -1.70351243019104], "logits": [NaN, NaN]}, "groundTruth": [0.0, 0.0]}, {"startTime": 10.0, "endTime": 15.0, "predictions": {"probabilities": [-11.532927513122559, -3.6386144161224365], "logits": [NaN, NaN]}, "groundTruth": [0.0, 0.0]}, {"startTime": 15.0, "endTime": 20.0, "predictions": {"probabilities": [-9.824464797973633, -0.6250576376914978], "logits": [NaN, NaN]}, "groundTruth": [0.0, 0.0]}]]}