{"modelName": "devise-221117-v1-ep150", "version": "1", "fileId": "59d9866a3b9f40a9affaf6e799c73a2c", "classIds": ["Crex crex", "Scolopax rusticola"], "channels": [[{"startTime": 0.0, "endTime": 5.0, "predictions": {"probabilities": [0.00010683509026421234, 0.41114145517349243], "logits": []}, "groundTruth": [0.0, 0.0]}, {"startTime": 5.0, "endTime": 10.0, "predictions": {"probabilities": [3.169207411701791e-05, 0.15400707721710205], "logits": []}, "groundTruth": [0.0, 0.0]}, {"startTime": 10.0, "endTime": 15.0, "predictions": {"probabilities": [9.801870874071028e-06, 0.025615349411964417], "logits": []}, "groundTruth": [0.0, 0.0]}, {"startTime": 15.0, "endTime": 20.0, "predictions": {"probabilities": [5.410851736087352e-05, 0.3486320376396179], "logits": []}, "groundTruth": [0.0, 0.0]}]]}