{"modelName": "devise-221117-v1-ep150", "version": "1", "fileId": "5a5f2d764bd14756ba914b1f1844a424", "classIds": ["Crex crex", "Scolopax rusticola"], "channels": [[{"startTime": 0.0, "endTime": 5.0, "predictions": {"probabilities": [1.718981729936786e-05, 0.046059027314186096], "logits": []}, "groundTruth": [0.0, 0.0]}, {"startTime": 5.0, "endTime": 10.0, "predictions": {"probabilities": [7.852201088098809e-05, 0.4832509458065033], "logits": []}, "groundTruth": [0.0, 0.0]}, {"startTime": 10.0, "endTime": 15.0, "predictions": {"probabilities": [0.00015231002180371433, 0.29138535261154175], "logits": []}, "groundTruth": [0.0, 0.0]}, {"startTime": 15.0, "endTime": 20.0, "predictions": {"probabilities": [1.208048706757836e-05, 0.013422002084553242], "logits": []}, "groundTruth": [0.0, 0.0]}]]}