{"modelName": "devise-221117-v1-ep150", "version": "1", "fileId": "5a5f2d764bd14756ba914b1f1844a424", "classIds": ["Crex crex", "Scolopax rusticola"], "channels": [[{"startTime": 0.0, "endTime": 5.0, "predictions": {"probabilities": [-10.971176147460938, -3.0306780338287354], "logits": [NaN, NaN]}, "groundTruth": [0.0, 0.0]}, {"startTime": 5.0, "endTime": 10.0, "predictions": {"probabilities": [-9.45205307006836, -0.06702127307653427], "logits": [NaN, NaN]}, "groundTruth": [0.0, 0.0]}, {"startTime": 10.0, "endTime": 15.0, "predictions": {"probabilities": [-8.789440155029297, -0.8886651992797852], "logits": [NaN, NaN]}, "groundTruth": [0.0, 0.0]}, {"startTime": 15.0, "endTime": 20.0, "predictions": {"probabilities": [-11.323906898498535, -4.297347068786621], "logits": [NaN, NaN]}, "groundTruth": [0.0, 0.0]}]]}