{"modelName": "devise-221117-v1-ep150", "version": "1", "fileId": "5b0ea11646ed4837a2d7f2e61cb8c357", "classIds": ["Crex crex", "Scolopax rusticola"], "channels": [[{"startTime": 0.0, "endTime": 5.0, "predictions": {"probabilities": [-8.157302856445312, -0.37330320477485657], "logits": [NaN, NaN]}, "groundTruth": [0.0, 0.0]}, {"startTime": 5.0, "endTime": 10.0, "predictions": {"probabilities": [-9.66146183013916, -1.9466450214385986], "logits": [NaN, NaN]}, "groundTruth": [0.0, 0.0]}, {"startTime": 10.0, "endTime": 15.0, "predictions": {"probabilities": [-7.848822593688965, -0.12069795280694962], "logits": [NaN, NaN]}, "groundTruth": [0.0, 0.0]}, {"startTime": 15.0, "endTime": 20.0, "predictions": {"probabilities": [-8.97463607788086, -1.7277644872665405], "logits": [NaN, NaN]}, "groundTruth": [0.0, 0.0]}]]}