{"modelName": "devise-221117-v1-ep150", "version": "1", "fileId": "5ba22a92092c4fdb9f1be4f047fdcc38", "classIds": ["Crex crex", "Scolopax rusticola"], "channels": [[{"startTime": 0.0, "endTime": 5.0, "predictions": {"probabilities": [8.494706889905501e-06, 0.01636083424091339], "logits": []}, "groundTruth": [0.0, 0.0]}, {"startTime": 5.0, "endTime": 10.0, "predictions": {"probabilities": [4.392073151393561e-06, 0.9998924732208252], "logits": []}, "groundTruth": [0.0, 0.0]}, {"startTime": 10.0, "endTime": 15.0, "predictions": {"probabilities": [2.963842504755121e-08, 0.9999985694885254], "logits": []}, "groundTruth": [0.0, 0.0]}, {"startTime": 15.0, "endTime": 20.0, "predictions": {"probabilities": [6.80251614539884e-05, 0.1518053561449051], "logits": []}, "groundTruth": [0.0, 0.0]}]]}