{"modelName": "devise-221117-v1-ep150", "version": "1", "fileId": "5bbd64f20f8c47cf806d11857dd29e8a", "classIds": ["Crex crex", "Scolopax rusticola"], "channels": [[{"startTime": 0.0, "endTime": 5.0, "predictions": {"probabilities": [3.4267570754309418e-06, 0.999902606010437], "logits": []}, "groundTruth": [0.0, 0.0]}, {"startTime": 5.0, "endTime": 10.0, "predictions": {"probabilities": [0.0002803331008180976, 0.4092590808868408], "logits": []}, "groundTruth": [0.0, 0.0]}, {"startTime": 10.0, "endTime": 15.0, "predictions": {"probabilities": [0.0004604821151588112, 0.4681069850921631], "logits": []}, "groundTruth": [0.0, 0.0]}, {"startTime": 15.0, "endTime": 20.0, "predictions": {"probabilities": [0.0005169727373868227, 0.577006459236145], "logits": []}, "groundTruth": [0.0, 0.0]}]]}