{"modelName": "devise-221117-v1-ep150", "version": "1", "fileId": "5c5421ddf0834d72a57f7841252f606f", "classIds": ["Crex crex", "Scolopax rusticola"], "channels": [[{"startTime": 0.0, "endTime": 5.0, "predictions": {"probabilities": [0.0002745530800893903, 0.47329315543174744], "logits": []}, "groundTruth": [0.0, 0.0]}, {"startTime": 5.0, "endTime": 10.0, "predictions": {"probabilities": [5.4044263379182667e-05, 0.06204913184046745], "logits": []}, "groundTruth": [0.0, 0.0]}, {"startTime": 10.0, "endTime": 15.0, "predictions": {"probabilities": [6.810745162511012e-06, 0.007588475942611694], "logits": []}, "groundTruth": [0.0, 0.0]}, {"startTime": 15.0, "endTime": 20.0, "predictions": {"probabilities": [1.2690685252891853e-05, 0.03735238313674927], "logits": []}, "groundTruth": [0.0, 0.0]}]]}