{"modelName": "devise-221117-v1-ep150", "version": "1", "fileId": "5c565e2251e44549a0678fce8ca51c7d", "classIds": ["Crex crex", "Scolopax rusticola"], "channels": [[{"startTime": 0.0, "endTime": 5.0, "predictions": {"probabilities": [0.00037859458825550973, 0.556597888469696], "logits": []}, "groundTruth": [0.0, 0.0]}, {"startTime": 5.0, "endTime": 10.0, "predictions": {"probabilities": [6.516784196719527e-05, 0.27364760637283325], "logits": []}, "groundTruth": [0.0, 0.0]}, {"startTime": 10.0, "endTime": 15.0, "predictions": {"probabilities": [0.0002398375072516501, 0.33631595969200134], "logits": []}, "groundTruth": [0.0, 0.0]}, {"startTime": 15.0, "endTime": 20.0, "predictions": {"probabilities": [0.0001585383724886924, 0.30799368023872375], "logits": []}, "groundTruth": [0.0, 0.0]}]]}