{"modelName": "devise-221117-v1-ep150", "version": "1", "fileId": "5c98ead1ba7040b7aa058820932682df", "classIds": ["Crex crex", "Scolopax rusticola"], "channels": [[{"startTime": 0.0, "endTime": 5.0, "predictions": {"probabilities": [0.0004684785089921206, 0.593506395816803], "logits": []}, "groundTruth": [0.0, 0.0]}, {"startTime": 5.0, "endTime": 10.0, "predictions": {"probabilities": [0.00014296591689344496, 0.9148898720741272], "logits": []}, "groundTruth": [0.0, 0.0]}, {"startTime": 10.0, "endTime": 15.0, "predictions": {"probabilities": [0.00023122674610931426, 0.6926360726356506], "logits": []}, "groundTruth": [0.0, 0.0]}, {"startTime": 15.0, "endTime": 20.0, "predictions": {"probabilities": [0.00015950319357216358, 0.3181641697883606], "logits": []}, "groundTruth": [0.0, 0.0]}]]}