{"modelName": "devise-221117-v1-ep150", "version": "1", "fileId": "5c99c15f861640408763473f7b26c79f", "classIds": ["Crex crex", "Scolopax rusticola"], "channels": [[{"startTime": 0.0, "endTime": 5.0, "predictions": {"probabilities": [1.4702706721436698e-05, 0.018158040940761566], "logits": []}, "groundTruth": [0.0, 0.0]}, {"startTime": 5.0, "endTime": 10.0, "predictions": {"probabilities": [2.5491272026556544e-06, 0.018380966037511826], "logits": []}, "groundTruth": [0.0, 0.0]}, {"startTime": 10.0, "endTime": 15.0, "predictions": {"probabilities": [1.8914255406343727e-06, 0.008819312788546085], "logits": []}, "groundTruth": [0.0, 0.0]}, {"startTime": 15.0, "endTime": 20.0, "predictions": {"probabilities": [7.510915565944742e-06, 0.3078306019306183], "logits": []}, "groundTruth": [0.0, 0.0]}]]}