{"modelName": "devise-221117-v1-ep150", "version": "1", "fileId": "5c9998280a294dbbae4e13aed1a32ad1", "classIds": ["Crex crex", "Scolopax rusticola"], "channels": [[{"startTime": 0.0, "endTime": 5.0, "predictions": {"probabilities": [-11.510885238647461, -4.650710105895996], "logits": [NaN, NaN]}, "groundTruth": [0.0, 0.0]}, {"startTime": 5.0, "endTime": 10.0, "predictions": {"probabilities": [-9.99972152709961, -1.984725832939148], "logits": [NaN, NaN]}, "groundTruth": [0.0, 0.0]}, {"startTime": 10.0, "endTime": 15.0, "predictions": {"probabilities": [-10.182249069213867, -2.321702241897583], "logits": [NaN, NaN]}, "groundTruth": [0.0, 0.0]}, {"startTime": 15.0, "endTime": 20.0, "predictions": {"probabilities": [-12.003957748413086, -4.588167667388916], "logits": [NaN, NaN]}, "groundTruth": [0.0, 0.0]}]]}