{"modelName": "devise-221117-v1-ep150", "version": "1", "fileId": "5ce72ad0eceb433fbf367920b281ca6b", "classIds": ["Crex crex", "Scolopax rusticola"], "channels": [[{"startTime": 0.0, "endTime": 5.0, "predictions": {"probabilities": [0.00010709170601330698, 0.10520979762077332], "logits": []}, "groundTruth": [0.0, 0.0]}, {"startTime": 5.0, "endTime": 10.0, "predictions": {"probabilities": [3.356790330144577e-05, 0.04390302672982216], "logits": []}, "groundTruth": [0.0, 0.0]}, {"startTime": 10.0, "endTime": 15.0, "predictions": {"probabilities": [0.0001455828605685383, 0.23729583621025085], "logits": []}, "groundTruth": [0.0, 0.0]}, {"startTime": 15.0, "endTime": 20.0, "predictions": {"probabilities": [3.833161827060394e-05, 0.03452641889452934], "logits": []}, "groundTruth": [0.0, 0.0]}]]}