{"modelName": "devise-221117-v1-ep150", "version": "1", "fileId": "5ce72ad0eceb433fbf367920b281ca6b", "classIds": ["Crex crex", "Scolopax rusticola"], "channels": [[{"startTime": 0.0, "endTime": 5.0, "predictions": {"probabilities": [-9.141717910766602, -2.1406328678131104], "logits": [NaN, NaN]}, "groundTruth": [0.0, 0.0]}, {"startTime": 5.0, "endTime": 10.0, "predictions": {"probabilities": [-10.30190658569336, -3.080876111984253], "logits": [NaN, NaN]}, "groundTruth": [0.0, 0.0]}, {"startTime": 10.0, "endTime": 15.0, "predictions": {"probabilities": [-8.834619522094727, -1.1675626039505005], "logits": [NaN, NaN]}, "groundTruth": [0.0, 0.0]}, {"startTime": 15.0, "endTime": 20.0, "predictions": {"probabilities": [-10.169197082519531, -3.3308939933776855], "logits": [NaN, NaN]}, "groundTruth": [0.0, 0.0]}]]}