{"modelName": "devise-221117-v1-ep150", "version": "1", "fileId": "5d67e2619caf44879606cae9835301fb", "classIds": ["Crex crex", "Scolopax rusticola"], "channels": [[{"startTime": 0.0, "endTime": 5.0, "predictions": {"probabilities": [-10.15707778930664, -2.837798595428467], "logits": [NaN, NaN]}, "groundTruth": [0.0, 0.0]}, {"startTime": 5.0, "endTime": 10.0, "predictions": {"probabilities": [-11.51598834991455, -4.898284912109375], "logits": [NaN, NaN]}, "groundTruth": [0.0, 0.0]}, {"startTime": 10.0, "endTime": 15.0, "predictions": {"probabilities": [-12.507668495178223, -5.326326370239258], "logits": [NaN, NaN]}, "groundTruth": [0.0, 0.0]}, {"startTime": 15.0, "endTime": 20.0, "predictions": {"probabilities": [-12.63715934753418, -3.3549864292144775], "logits": [NaN, NaN]}, "groundTruth": [0.0, 0.0]}]]}