{"modelName": "devise-221117-v1-ep150", "version": "1", "fileId": "5da1487b0339439cb41887eb59f02c81", "classIds": ["Crex crex", "Scolopax rusticola"], "channels": [[{"startTime": 0.0, "endTime": 5.0, "predictions": {"probabilities": [-9.478473663330078, -1.9933754205703735], "logits": [NaN, NaN]}, "groundTruth": [0.0, 0.0]}, {"startTime": 5.0, "endTime": 10.0, "predictions": {"probabilities": [-10.478657722473145, -3.2412149906158447], "logits": [NaN, NaN]}, "groundTruth": [0.0, 0.0]}, {"startTime": 10.0, "endTime": 15.0, "predictions": {"probabilities": [-12.59720230102539, -5.5443549156188965], "logits": [NaN, NaN]}, "groundTruth": [0.0, 0.0]}, {"startTime": 15.0, "endTime": 20.0, "predictions": {"probabilities": [-9.887681007385254, -2.5263514518737793], "logits": [NaN, NaN]}, "groundTruth": [0.0, 0.0]}]]}