{"modelName": "devise-221117-v1-ep150", "version": "1", "fileId": "5dcc89f524f540c0b2df599e0658258e", "classIds": ["Crex crex", "Scolopax rusticola"], "channels": [[{"startTime": 0.0, "endTime": 5.0, "predictions": {"probabilities": [0.00014220576849766076, 0.1538085788488388], "logits": []}, "groundTruth": [0.0, 0.0]}, {"startTime": 5.0, "endTime": 10.0, "predictions": {"probabilities": [0.0002526011085137725, 0.25276458263397217], "logits": []}, "groundTruth": [0.0, 0.0]}, {"startTime": 10.0, "endTime": 15.0, "predictions": {"probabilities": [0.000697287090588361, 0.7566580772399902], "logits": []}, "groundTruth": [0.0, 0.0]}, {"startTime": 15.0, "endTime": 20.0, "predictions": {"probabilities": [0.000452969572506845, 0.6000110507011414], "logits": []}, "groundTruth": [0.0, 0.0]}]]}