{"modelName": "devise-221117-v1-ep150", "version": "1", "fileId": "5de7e118507343c29b47c0c90a8d504d", "classIds": ["Crex crex", "Scolopax rusticola"], "channels": [[{"startTime": 0.0, "endTime": 5.0, "predictions": {"probabilities": [1.2151879502653173e-07, 0.9999980926513672], "logits": []}, "groundTruth": [0.0, 1.0]}, {"startTime": 5.0, "endTime": 10.0, "predictions": {"probabilities": [4.647959030990023e-07, 0.9996341466903687], "logits": []}, "groundTruth": [0.0, 1.0]}, {"startTime": 8.0, "endTime": 13.0, "predictions": {"probabilities": [8.372587956273492e-09, 0.9999998807907104], "logits": []}, "groundTruth": [0.0, 1.0]}]]}