{"modelName": "devise-221117-v1-ep150", "version": "1", "fileId": "5e0567db13a74ab5b39b3aa97c6ac269", "classIds": ["Crex crex", "Scolopax rusticola"], "channels": [[{"startTime": 0.0, "endTime": 5.0, "predictions": {"probabilities": [-8.01570987701416, 0.14959284663200378], "logits": [NaN, -1.7377979755401611]}, "groundTruth": [0.0, 0.0]}, {"startTime": 5.0, "endTime": 10.0, "predictions": {"probabilities": [-9.887422561645508, -2.5086069107055664], "logits": [NaN, NaN]}, "groundTruth": [0.0, 0.0]}, {"startTime": 10.0, "endTime": 15.0, "predictions": {"probabilities": [-8.241418838500977, -0.7646445035934448], "logits": [NaN, NaN]}, "groundTruth": [0.0, 0.0]}, {"startTime": 15.0, "endTime": 20.0, "predictions": {"probabilities": [-8.295702934265137, 0.1634046584367752], "logits": [NaN, -1.633110761642456]}, "groundTruth": [0.0, 0.0]}]]}