{"modelName": "devise-221117-v1-ep150", "version": "1", "fileId": "5e0567db13a74ab5b39b3aa97c6ac269", "classIds": ["Crex crex", "Scolopax rusticola"], "channels": [[{"startTime": 0.0, "endTime": 5.0, "predictions": {"probabilities": [0.00033012471976689994, 0.5373286008834839], "logits": []}, "groundTruth": [0.0, 0.0]}, {"startTime": 5.0, "endTime": 10.0, "predictions": {"probabilities": [5.080715345684439e-05, 0.07525700330734253], "logits": []}, "groundTruth": [0.0, 0.0]}, {"startTime": 10.0, "endTime": 15.0, "predictions": {"probabilities": [0.00026344068464823067, 0.3176387548446655], "logits": []}, "groundTruth": [0.0, 0.0]}, {"startTime": 15.0, "endTime": 20.0, "predictions": {"probabilities": [0.00024952474632300436, 0.5407605171203613], "logits": []}, "groundTruth": [0.0, 0.0]}]]}