{"modelName": "devise-221117-v1-ep150", "version": "1", "fileId": "5e584362bc3d4557a1424b9532984e68", "classIds": ["Crex crex", "Scolopax rusticola"], "channels": [[{"startTime": 0.0, "endTime": 5.0, "predictions": {"probabilities": [-9.36928939819336, 2.0484743118286133], "logits": [NaN, NaN]}, "groundTruth": [0.0, 0.0]}, {"startTime": 5.0, "endTime": 10.0, "predictions": {"probabilities": [-9.177903175354004, -1.9855271577835083], "logits": [NaN, NaN]}, "groundTruth": [0.0, 0.0]}, {"startTime": 10.0, "endTime": 15.0, "predictions": {"probabilities": [-8.62328815460205, -0.9943522214889526], "logits": [NaN, NaN]}, "groundTruth": [0.0, 0.0]}, {"startTime": 15.0, "endTime": 20.0, "predictions": {"probabilities": [-9.810524940490723, -2.7017111778259277], "logits": [NaN, NaN]}, "groundTruth": [0.0, 0.0]}]]}