{"modelName": "devise-221117-v1-ep150", "version": "1", "fileId": "5e584362bc3d4557a1424b9532984e68", "classIds": ["Crex crex", "Scolopax rusticola"], "channels": [[{"startTime": 0.0, "endTime": 5.0, "predictions": {"probabilities": [8.529670594725758e-05, 0.8857933282852173], "logits": []}, "groundTruth": [0.0, 0.0]}, {"startTime": 5.0, "endTime": 10.0, "predictions": {"probabilities": [0.00010328623466193676, 0.12073086947202682], "logits": []}, "groundTruth": [0.0, 0.0]}, {"startTime": 10.0, "endTime": 15.0, "predictions": {"probabilities": [0.00017983550787903368, 0.27005329728126526], "logits": []}, "groundTruth": [0.0, 0.0]}, {"startTime": 15.0, "endTime": 20.0, "predictions": {"probabilities": [5.486802547238767e-05, 0.06287246197462082], "logits": []}, "groundTruth": [0.0, 0.0]}]]}