{"modelName": "devise-221117-v1-ep150", "version": "1", "fileId": "5e70fcf53ef848178545a90e65500b45", "classIds": ["Crex crex", "Scolopax rusticola"], "channels": [[{"startTime": 0.0, "endTime": 5.0, "predictions": {"probabilities": [-12.874724388122559, -6.032320022583008], "logits": [NaN, NaN]}, "groundTruth": [0.0, 0.0]}, {"startTime": 5.0, "endTime": 10.0, "predictions": {"probabilities": [-11.301056861877441, -3.0050013065338135], "logits": [NaN, NaN]}, "groundTruth": [0.0, 0.0]}, {"startTime": 10.0, "endTime": 15.0, "predictions": {"probabilities": [-9.946990966796875, -2.7539350986480713], "logits": [NaN, NaN]}, "groundTruth": [0.0, 0.0]}, {"startTime": 15.0, "endTime": 20.0, "predictions": {"probabilities": [-8.954236030578613, -0.4182247519493103], "logits": [NaN, NaN]}, "groundTruth": [0.0, 0.0]}]]}