{"modelName": "devise-221117-v1-ep150", "version": "1", "fileId": "5eba7cd4eaa148599eca2631757e96bc", "classIds": ["Crex crex", "Scolopax rusticola"], "channels": [[{"startTime": 0.0, "endTime": 5.0, "predictions": {"probabilities": [6.771514745196328e-05, 0.26836761832237244], "logits": []}, "groundTruth": [0.0, 0.0]}, {"startTime": 5.0, "endTime": 10.0, "predictions": {"probabilities": [6.170489359647036e-05, 0.06380985677242279], "logits": []}, "groundTruth": [0.0, 0.0]}, {"startTime": 10.0, "endTime": 15.0, "predictions": {"probabilities": [9.113702617469244e-06, 0.6949739456176758], "logits": []}, "groundTruth": [0.0, 0.0]}, {"startTime": 15.0, "endTime": 20.0, "predictions": {"probabilities": [0.00012726006389129907, 0.30596572160720825], "logits": []}, "groundTruth": [0.0, 0.0]}]]}