{"modelName": "devise-221117-v1-ep150", "version": "1", "fileId": "5ef150ea8a6a46a9b591390763bb928d", "classIds": ["Crex crex", "Scolopax rusticola"], "channels": [[{"startTime": 0.0, "endTime": 5.0, "predictions": {"probabilities": [3.130685581709258e-05, 0.08543802797794342], "logits": []}, "groundTruth": [0.0, 0.0]}, {"startTime": 5.0, "endTime": 10.0, "predictions": {"probabilities": [0.00011869320587720722, 0.27554240822792053], "logits": []}, "groundTruth": [0.0, 0.0]}, {"startTime": 10.0, "endTime": 15.0, "predictions": {"probabilities": [6.18251069681719e-05, 0.07051821798086166], "logits": []}, "groundTruth": [0.0, 0.0]}, {"startTime": 15.0, "endTime": 20.0, "predictions": {"probabilities": [0.00012988162052351981, 0.5545942783355713], "logits": []}, "groundTruth": [0.0, 0.0]}]]}