{"modelName": "devise-221117-v1-ep150", "version": "1", "fileId": "5f23f7947c2749e3813b99713f0a23ec", "classIds": ["Crex crex", "Scolopax rusticola"], "channels": [[{"startTime": 0.0, "endTime": 5.0, "predictions": {"probabilities": [1.3682830285688397e-05, 0.9954108595848083], "logits": []}, "groundTruth": [0.0, 0.0]}, {"startTime": 5.0, "endTime": 10.0, "predictions": {"probabilities": [2.529634457459906e-07, 0.00036936948890797794], "logits": []}, "groundTruth": [0.0, 0.0]}, {"startTime": 10.0, "endTime": 15.0, "predictions": {"probabilities": [0.00018002817523665726, 0.8732247352600098], "logits": []}, "groundTruth": [0.0, 0.0]}, {"startTime": 15.0, "endTime": 20.0, "predictions": {"probabilities": [4.165922655374743e-05, 0.254617840051651], "logits": []}, "groundTruth": [0.0, 0.0]}]]}