{"modelName": "devise-221117-v1-ep150", "version": "1", "fileId": "5f23f7947c2749e3813b99713f0a23ec", "classIds": ["Crex crex", "Scolopax rusticola"], "channels": [[{"startTime": 0.0, "endTime": 5.0, "predictions": {"probabilities": [-11.199355125427246, 5.379458427429199], "logits": [NaN, NaN]}, "groundTruth": [0.0, 0.0]}, {"startTime": 5.0, "endTime": 10.0, "predictions": {"probabilities": [-15.190020561218262, -7.903343677520752], "logits": [NaN, NaN]}, "groundTruth": [0.0, 0.0]}, {"startTime": 10.0, "endTime": 15.0, "predictions": {"probabilities": [-8.622217178344727, 1.9297767877578735], "logits": [NaN, NaN]}, "groundTruth": [0.0, 0.0]}, {"startTime": 15.0, "endTime": 20.0, "predictions": {"probabilities": [-10.085946083068848, -1.074133276939392], "logits": [NaN, NaN]}, "groundTruth": [0.0, 0.0]}]]}