{"modelName": "devise-221117-v1-ep150", "version": "1", "fileId": "5f4d4f1f3ba046e986ec64917a4edca7", "classIds": ["Crex crex", "Scolopax rusticola"], "channels": [[{"startTime": 0.0, "endTime": 5.0, "predictions": {"probabilities": [-8.42421817779541, -0.9451001882553101], "logits": [NaN, NaN]}, "groundTruth": [0.0, 0.0]}, {"startTime": 5.0, "endTime": 10.0, "predictions": {"probabilities": [-9.023552894592285, -1.8767157793045044], "logits": [NaN, NaN]}, "groundTruth": [0.0, 0.0]}, {"startTime": 10.0, "endTime": 15.0, "predictions": {"probabilities": [-7.966850757598877, -0.09321924299001694], "logits": [NaN, NaN]}, "groundTruth": [0.0, 0.0]}, {"startTime": 15.0, "endTime": 20.0, "predictions": {"probabilities": [-9.308866500854492, -2.1125881671905518], "logits": [NaN, NaN]}, "groundTruth": [0.0, 0.0]}]]}