{"modelName": "devise-221117-v1-ep150", "version": "1", "fileId": "5f998e6c22da4d44a2ae5e548d68eb5e", "classIds": ["Crex crex", "Scolopax rusticola"], "channels": [[{"startTime": 0.0, "endTime": 5.0, "predictions": {"probabilities": [1.1440081834734883e-05, 0.010659603402018547], "logits": []}, "groundTruth": [0.0, 0.0]}, {"startTime": 5.0, "endTime": 10.0, "predictions": {"probabilities": [0.00017369611305184662, 0.40769314765930176], "logits": []}, "groundTruth": [0.0, 0.0]}, {"startTime": 10.0, "endTime": 15.0, "predictions": {"probabilities": [2.2746071408619173e-05, 0.025998873636126518], "logits": []}, "groundTruth": [0.0, 0.0]}, {"startTime": 15.0, "endTime": 20.0, "predictions": {"probabilities": [0.0002720116754062474, 0.3909200429916382], "logits": []}, "groundTruth": [0.0, 0.0]}]]}