{"modelName": "devise-221117-v1-ep150", "version": "1", "fileId": "60a7fe6005264d4a94295281aca0c72c", "classIds": ["Crex crex", "Scolopax rusticola"], "channels": [[{"startTime": 0.0, "endTime": 5.0, "predictions": {"probabilities": [0.0002077459794236347, 0.3560188114643097], "logits": []}, "groundTruth": [0.0, 0.0]}, {"startTime": 5.0, "endTime": 10.0, "predictions": {"probabilities": [0.00013476911408361048, 0.16833485662937164], "logits": []}, "groundTruth": [0.0, 0.0]}, {"startTime": 10.0, "endTime": 15.0, "predictions": {"probabilities": [4.5396613131742924e-05, 0.0714694932103157], "logits": []}, "groundTruth": [0.0, 0.0]}, {"startTime": 15.0, "endTime": 20.0, "predictions": {"probabilities": [6.129941994004184e-07, 0.9995898604393005], "logits": []}, "groundTruth": [0.0, 0.0]}]]}