{"modelName": "devise-221117-v1-ep150", "version": "1", "fileId": "60fd4c42144549aeab6d6a4869a79d30", "classIds": ["Crex crex", "Scolopax rusticola"], "channels": [[{"startTime": 0.0, "endTime": 5.0, "predictions": {"probabilities": [0.00027921918081119657, 0.36271947622299194], "logits": []}, "groundTruth": [0.0, 0.0]}, {"startTime": 5.0, "endTime": 10.0, "predictions": {"probabilities": [6.964466592762619e-05, 0.07925422489643097], "logits": []}, "groundTruth": [0.0, 0.0]}, {"startTime": 10.0, "endTime": 15.0, "predictions": {"probabilities": [0.00046542001655325294, 0.5092388391494751], "logits": []}, "groundTruth": [0.0, 0.0]}, {"startTime": 15.0, "endTime": 20.0, "predictions": {"probabilities": [0.0005384970572777092, 0.7011252045631409], "logits": []}, "groundTruth": [0.0, 0.0]}]]}