{"modelName": "devise-221117-v1-ep150", "version": "1", "fileId": "61273def4b24432f87a5552b4ed3d1b9", "classIds": ["Crex crex", "Scolopax rusticola"], "channels": [[{"startTime": 0.0, "endTime": 5.0, "predictions": {"probabilities": [7.04409728768951e-07, 0.9989228844642639], "logits": []}, "groundTruth": [0.0, 1.0]}, {"startTime": 5.0, "endTime": 10.0, "predictions": {"probabilities": [4.3415977302174724e-07, 0.9998555183410645], "logits": []}, "groundTruth": [0.0, 1.0]}, {"startTime": 10.0, "endTime": 15.0, "predictions": {"probabilities": [6.478264253928501e-07, 0.9993859529495239], "logits": []}, "groundTruth": [0.0, 1.0]}, {"startTime": 11.0, "endTime": 16.0, "predictions": {"probabilities": [7.499490095597139e-08, 0.9998210072517395], "logits": []}, "groundTruth": [0.0, 1.0]}]]}