{"modelName": "devise-221117-v1-ep150", "version": "1", "fileId": "61273def4b24432f87a5552b4ed3d1b9", "classIds": ["Crex crex", "Scolopax rusticola"], "channels": [[{"startTime": 0.0, "endTime": 5.0, "predictions": {"probabilities": [-14.165904998779297, 6.8324103355407715], "logits": [NaN, NaN]}, "groundTruth": [0.0, 1.0]}, {"startTime": 5.0, "endTime": 10.0, "predictions": {"probabilities": [-14.649852752685547, 8.842138290405273], "logits": [NaN, NaN]}, "groundTruth": [0.0, 1.0]}, {"startTime": 10.0, "endTime": 15.0, "predictions": {"probabilities": [-14.249642372131348, 7.394829273223877], "logits": [NaN, NaN]}, "groundTruth": [0.0, 1.0]}, {"startTime": 11.0, "endTime": 16.0, "predictions": {"probabilities": [-16.405845642089844, 8.62800407409668], "logits": [NaN, NaN]}, "groundTruth": [0.0, 1.0]}]]}