{"modelName": "devise-221117-v1-ep150", "version": "1", "fileId": "61790f4066d348139622453699fb72c4", "classIds": ["Crex crex", "Scolopax rusticola"], "channels": [[{"startTime": 0.0, "endTime": 5.0, "predictions": {"probabilities": [0.00025670178001746535, 0.7949037551879883], "logits": []}, "groundTruth": [0.0, 0.0]}, {"startTime": 5.0, "endTime": 10.0, "predictions": {"probabilities": [1.4551733329426497e-05, 0.9986391663551331], "logits": []}, "groundTruth": [0.0, 0.0]}, {"startTime": 10.0, "endTime": 15.0, "predictions": {"probabilities": [0.0002481460978742689, 0.5409783124923706], "logits": []}, "groundTruth": [0.0, 0.0]}, {"startTime": 15.0, "endTime": 20.0, "predictions": {"probabilities": [8.047131268540397e-05, 0.19889262318611145], "logits": []}, "groundTruth": [0.0, 0.0]}]]}