{"modelName": "devise-221117-v1-ep150", "version": "1", "fileId": "61790f4066d348139622453699fb72c4", "classIds": ["Crex crex", "Scolopax rusticola"], "channels": [[{"startTime": 0.0, "endTime": 5.0, "predictions": {"probabilities": [-8.267338752746582, 1.3547416925430298], "logits": [NaN, NaN]}, "groundTruth": [0.0, 0.0]}, {"startTime": 5.0, "endTime": 10.0, "predictions": {"probabilities": [-11.137785911560059, 6.598268032073975], "logits": [NaN, NaN]}, "groundTruth": [0.0, 0.0]}, {"startTime": 10.0, "endTime": 15.0, "predictions": {"probabilities": [-8.301244735717773, 0.16428183019161224], "logits": [NaN, -1.6267080307006836]}, "groundTruth": [0.0, 0.0]}, {"startTime": 15.0, "endTime": 20.0, "predictions": {"probabilities": [-9.427529335021973, -1.3932299613952637], "logits": [NaN, NaN]}, "groundTruth": [0.0, 0.0]}]]}