{"modelName": "devise-221117-v1-ep150", "version": "1", "fileId": "61922ff59e0346dda6949c6cc6a0a52a", "classIds": ["Crex crex", "Scolopax rusticola"], "channels": [[{"startTime": 0.0, "endTime": 5.0, "predictions": {"probabilities": [2.9026773518125992e-06, 0.999993085861206], "logits": []}, "groundTruth": [0.0, 0.0]}, {"startTime": 5.0, "endTime": 10.0, "predictions": {"probabilities": [3.2003276828618255e-06, 0.9999573230743408], "logits": []}, "groundTruth": [0.0, 0.0]}, {"startTime": 10.0, "endTime": 15.0, "predictions": {"probabilities": [2.3498110124364757e-07, 0.9999927282333374], "logits": []}, "groundTruth": [0.0, 0.0]}, {"startTime": 15.0, "endTime": 20.0, "predictions": {"probabilities": [1.0167320397158619e-05, 0.970609724521637], "logits": []}, "groundTruth": [0.0, 0.0]}]]}