{"modelName": "devise-221117-v1-ep150", "version": "1", "fileId": "6207d57a1ea4442cb2ec86533b4120d2", "classIds": ["Crex crex", "Scolopax rusticola"], "channels": [[{"startTime": 0.0, "endTime": 5.0, "predictions": {"probabilities": [1.832081215979997e-05, 0.02639022283256054], "logits": []}, "groundTruth": [0.0, 0.0]}, {"startTime": 5.0, "endTime": 10.0, "predictions": {"probabilities": [4.746951162815094e-06, 0.010652666911482811], "logits": []}, "groundTruth": [0.0, 0.0]}, {"startTime": 10.0, "endTime": 15.0, "predictions": {"probabilities": [0.0002849620650522411, 0.5573569536209106], "logits": []}, "groundTruth": [0.0, 0.0]}, {"startTime": 15.0, "endTime": 20.0, "predictions": {"probabilities": [0.0001921567745739594, 0.24632790684700012], "logits": []}, "groundTruth": [0.0, 0.0]}]]}