{"modelName": "devise-221117-v1-ep150", "version": "1", "fileId": "62e388add7e84c4681a16786cb91c529", "classIds": ["Crex crex", "Scolopax rusticola"], "channels": [[{"startTime": 0.0, "endTime": 5.0, "predictions": {"probabilities": [9.991840488510206e-05, 0.10761570185422897], "logits": []}, "groundTruth": [0.0, 0.0]}, {"startTime": 5.0, "endTime": 10.0, "predictions": {"probabilities": [1.5335333955590613e-05, 0.353671133518219], "logits": []}, "groundTruth": [0.0, 0.0]}, {"startTime": 10.0, "endTime": 15.0, "predictions": {"probabilities": [0.0005121866124682128, 0.8195058107376099], "logits": []}, "groundTruth": [0.0, 0.0]}, {"startTime": 15.0, "endTime": 20.0, "predictions": {"probabilities": [0.0003113623824901879, 0.5467627048492432], "logits": []}, "groundTruth": [0.0, 0.0]}]]}