{"modelName": "devise-221117-v1-ep150", "version": "1", "fileId": "6321fe2cc22b4ae08e88b380f8693501", "classIds": ["Crex crex", "Scolopax rusticola"], "channels": [[{"startTime": 0.0, "endTime": 5.0, "predictions": {"probabilities": [-7.792637348175049, 0.087830550968647], "logits": [NaN, -2.340416431427002]}, "groundTruth": [0.0, 0.0]}, {"startTime": 5.0, "endTime": 10.0, "predictions": {"probabilities": [-12.425646781921387, -5.114040851593018], "logits": [NaN, NaN]}, "groundTruth": [0.0, 0.0]}, {"startTime": 10.0, "endTime": 15.0, "predictions": {"probabilities": [-7.3841776847839355, 0.7070677280426025], "logits": [NaN, 0.881184995174408]}, "groundTruth": [0.0, 0.0]}, {"startTime": 15.0, "endTime": 20.0, "predictions": {"probabilities": [-8.265978813171387, -0.8108699321746826], "logits": [NaN, NaN]}, "groundTruth": [0.0, 0.0]}]]}