{"modelName": "devise-221117-v1-ep150", "version": "1", "fileId": "636af68e37ba43b5b9b4b8475975a0f2", "classIds": ["Crex crex", "Scolopax rusticola"], "channels": [[{"startTime": 0.0, "endTime": 5.0, "predictions": {"probabilities": [-8.485243797302246, -0.7559409737586975], "logits": [NaN, NaN]}, "groundTruth": [0.0, 0.0]}, {"startTime": 5.0, "endTime": 10.0, "predictions": {"probabilities": [-8.698161125183105, -0.9925028085708618], "logits": [NaN, NaN]}, "groundTruth": [0.0, 0.0]}, {"startTime": 10.0, "endTime": 15.0, "predictions": {"probabilities": [-9.855417251586914, -2.8652737140655518], "logits": [NaN, NaN]}, "groundTruth": [0.0, 0.0]}, {"startTime": 15.0, "endTime": 20.0, "predictions": {"probabilities": [-8.659963607788086, -1.363919734954834], "logits": [NaN, NaN]}, "groundTruth": [0.0, 0.0]}]]}