{"modelName": "devise-221117-v1-ep150", "version": "1", "fileId": "636af68e37ba43b5b9b4b8475975a0f2", "classIds": ["Crex crex", "Scolopax rusticola"], "channels": [[{"startTime": 0.0, "endTime": 5.0, "predictions": {"probabilities": [0.0002064504224108532, 0.31952816247940063], "logits": []}, "groundTruth": [0.0, 0.0]}, {"startTime": 5.0, "endTime": 10.0, "predictions": {"probabilities": [0.00016686457092873752, 0.2704180181026459], "logits": []}, "groundTruth": [0.0, 0.0]}, {"startTime": 10.0, "endTime": 15.0, "predictions": {"probabilities": [5.245946886134334e-05, 0.05389714613556862], "logits": []}, "groundTruth": [0.0, 0.0]}, {"startTime": 15.0, "endTime": 20.0, "predictions": {"probabilities": [0.0001733605604385957, 0.20360398292541504], "logits": []}, "groundTruth": [0.0, 0.0]}]]}