{"modelName": "devise-221117-v1-ep150", "version": "1", "fileId": "6390a163bf6e436da9c848bf6dd1e662", "classIds": ["Crex crex", "Scolopax rusticola"], "channels": [[{"startTime": 0.0, "endTime": 5.0, "predictions": {"probabilities": [1.3990136721986346e-05, 0.014347054064273834], "logits": []}, "groundTruth": [0.0, 0.0]}, {"startTime": 5.0, "endTime": 10.0, "predictions": {"probabilities": [7.898951480456162e-06, 0.009883793070912361], "logits": []}, "groundTruth": [0.0, 0.0]}, {"startTime": 10.0, "endTime": 15.0, "predictions": {"probabilities": [2.4906612452468835e-06, 0.003379245288670063], "logits": []}, "groundTruth": [0.0, 0.0]}, {"startTime": 15.0, "endTime": 20.0, "predictions": {"probabilities": [9.890654473565519e-05, 0.09927942603826523], "logits": []}, "groundTruth": [0.0, 0.0]}]]}