{"modelName": "devise-221117-v1-ep150", "version": "1", "fileId": "652dc4293bd74cd89992f9bec3df81f7", "classIds": ["Crex crex", "Scolopax rusticola"], "channels": [[{"startTime": 0.0, "endTime": 5.0, "predictions": {"probabilities": [-12.854823112487793, 0.6267029047012329], "logits": [NaN, 0.518097996711731]}, "groundTruth": [0.0, 1.0]}, {"startTime": 5.0, "endTime": 10.0, "predictions": {"probabilities": [-16.765026092529297, 11.15567684173584], "logits": [NaN, NaN]}, "groundTruth": [0.0, 1.0]}, {"startTime": 10.0, "endTime": 15.0, "predictions": {"probabilities": [-15.78653335571289, 8.809147834777832], "logits": [NaN, NaN]}, "groundTruth": [0.0, 1.0]}]]}