{"modelName": "devise-221117-v1-ep150", "version": "1", "fileId": "652dc4293bd74cd89992f9bec3df81f7", "classIds": ["Crex crex", "Scolopax rusticola"], "channels": [[{"startTime": 0.0, "endTime": 5.0, "predictions": {"probabilities": [2.613485776237212e-06, 0.6517415046691895], "logits": []}, "groundTruth": [0.0, 1.0]}, {"startTime": 5.0, "endTime": 10.0, "predictions": {"probabilities": [5.2365066949278116e-08, 0.9999856948852539], "logits": []}, "groundTruth": [0.0, 1.0]}, {"startTime": 10.0, "endTime": 15.0, "predictions": {"probabilities": [1.3931426678936987e-07, 0.9998506307601929], "logits": []}, "groundTruth": [0.0, 1.0]}]]}