{"modelName": "devise-221117-v1-ep150", "version": "1", "fileId": "65450e62be4a4332b95188960910d5bd", "classIds": ["Crex crex", "Scolopax rusticola"], "channels": [[{"startTime": 0.0, "endTime": 5.0, "predictions": {"probabilities": [-16.57099723815918, 14.360305786132812], "logits": [NaN, NaN]}, "groundTruth": [0.0, 1.0]}, {"startTime": 5.0, "endTime": 10.0, "predictions": {"probabilities": [-13.27413272857666, 10.741479873657227], "logits": [NaN, NaN]}, "groundTruth": [0.0, 1.0]}, {"startTime": 10.0, "endTime": 15.0, "predictions": {"probabilities": [-13.035551071166992, 9.75616455078125], "logits": [NaN, NaN]}, "groundTruth": [0.0, 1.0]}, {"startTime": 15.0, "endTime": 20.0, "predictions": {"probabilities": [-11.489420890808105, 7.928333282470703], "logits": [NaN, NaN]}, "groundTruth": [0.0, 1.0]}]]}