{"modelName": "devise-221117-v1-ep150", "version": "1", "fileId": "65f2f132255b412cab535f202de1a34c", "classIds": ["Crex crex", "Scolopax rusticola"], "channels": [[{"startTime": 0.0, "endTime": 5.0, "predictions": {"probabilities": [0.00034395683906041086, 0.5506172180175781], "logits": []}, "groundTruth": [0.0, 0.0]}, {"startTime": 5.0, "endTime": 10.0, "predictions": {"probabilities": [0.0003220970102120191, 0.382865309715271], "logits": []}, "groundTruth": [0.0, 0.0]}, {"startTime": 10.0, "endTime": 15.0, "predictions": {"probabilities": [0.0005277995369397104, 0.645222544670105], "logits": []}, "groundTruth": [0.0, 0.0]}, {"startTime": 15.0, "endTime": 20.0, "predictions": {"probabilities": [0.00032890078728087246, 0.5098468065261841], "logits": []}, "groundTruth": [0.0, 0.0]}]]}