{"modelName": "devise-221117-v1-ep150", "version": "1", "fileId": "65f2f132255b412cab535f202de1a34c", "classIds": ["Crex crex", "Scolopax rusticola"], "channels": [[{"startTime": 0.0, "endTime": 5.0, "predictions": {"probabilities": [-7.9746503829956055, 0.20316492021083832], "logits": [NaN, -1.366629719734192]}, "groundTruth": [0.0, 0.0]}, {"startTime": 5.0, "endTime": 10.0, "predictions": {"probabilities": [-8.040335655212402, -0.4774039685726166], "logits": [NaN, NaN]}, "groundTruth": [0.0, 0.0]}, {"startTime": 10.0, "endTime": 15.0, "predictions": {"probabilities": [-7.546266078948975, 0.5981045961380005], "logits": [NaN, 0.3975737988948822]}, "groundTruth": [0.0, 0.0]}, {"startTime": 15.0, "endTime": 20.0, "predictions": {"probabilities": [-8.019425392150879, 0.03939216583967209], "logits": [NaN, -3.1939992904663086]}, "groundTruth": [0.0, 0.0]}]]}