{"modelName": "devise-221117-v1-ep150", "version": "1", "fileId": "66c7e041c76c4b35b132423a40070a79", "classIds": ["Crex crex", "Scolopax rusticola"], "channels": [[{"startTime": 0.0, "endTime": 5.0, "predictions": {"probabilities": [0.00012079364387318492, 0.5335071086883545], "logits": []}, "groundTruth": [0.0, 0.0]}, {"startTime": 5.0, "endTime": 10.0, "predictions": {"probabilities": [4.094089672435075e-05, 0.8731918334960938], "logits": []}, "groundTruth": [0.0, 0.0]}, {"startTime": 10.0, "endTime": 15.0, "predictions": {"probabilities": [0.00011019343946827576, 0.6982753872871399], "logits": []}, "groundTruth": [0.0, 0.0]}, {"startTime": 15.0, "endTime": 20.0, "predictions": {"probabilities": [0.00014897549408487976, 0.32245317101478577], "logits": []}, "groundTruth": [0.0, 0.0]}]]}