{"modelName": "devise-221117-v1-ep150", "version": "1", "fileId": "66c7e041c76c4b35b132423a40070a79", "classIds": ["Crex crex", "Scolopax rusticola"], "channels": [[{"startTime": 0.0, "endTime": 5.0, "predictions": {"probabilities": [-9.021306037902832, 0.13422974944114685], "logits": [NaN, -1.86406672000885]}, "groundTruth": [0.0, 0.0]}, {"startTime": 5.0, "endTime": 10.0, "predictions": {"probabilities": [-10.103340148925781, 1.9294793605804443], "logits": [NaN, NaN]}, "groundTruth": [0.0, 0.0]}, {"startTime": 10.0, "endTime": 15.0, "predictions": {"probabilities": [-9.113162994384766, 0.8390989303588867], "logits": [NaN, 1.6515389680862427]}, "groundTruth": [0.0, 0.0]}, {"startTime": 15.0, "endTime": 20.0, "predictions": {"probabilities": [-8.811579704284668, -0.742520809173584], "logits": [NaN, NaN]}, "groundTruth": [0.0, 0.0]}]]}