{"modelName": "devise-221117-v1-ep150", "version": "1", "fileId": "66ce2f2f1a3b4ca6bfd0599fbf3ba43e", "classIds": ["Crex crex", "Scolopax rusticola"], "channels": [[{"startTime": 0.0, "endTime": 5.0, "predictions": {"probabilities": [0.00019837458967231214, 0.3290686309337616], "logits": []}, "groundTruth": [0.0, 0.0]}, {"startTime": 5.0, "endTime": 10.0, "predictions": {"probabilities": [0.0004423744685482234, 0.6273559331893921], "logits": []}, "groundTruth": [0.0, 0.0]}, {"startTime": 10.0, "endTime": 15.0, "predictions": {"probabilities": [9.726730786496773e-05, 0.1870143711566925], "logits": []}, "groundTruth": [0.0, 0.0]}, {"startTime": 15.0, "endTime": 20.0, "predictions": {"probabilities": [2.257356209156569e-05, 0.03393010050058365], "logits": []}, "groundTruth": [0.0, 0.0]}]]}