{"modelName": "devise-221117-v1-ep150", "version": "1", "fileId": "66f16152806548bf959c33d4f35a2f70", "classIds": ["Crex crex", "Scolopax rusticola"], "channels": [[{"startTime": 0.0, "endTime": 5.0, "predictions": {"probabilities": [5.778165359515697e-05, 0.059385400265455246], "logits": []}, "groundTruth": [0.0, 0.0]}, {"startTime": 5.0, "endTime": 10.0, "predictions": {"probabilities": [0.00017764991207513958, 0.14508450031280518], "logits": []}, "groundTruth": [0.0, 0.0]}, {"startTime": 10.0, "endTime": 15.0, "predictions": {"probabilities": [0.00030740583315491676, 0.3247435390949249], "logits": []}, "groundTruth": [0.0, 0.0]}, {"startTime": 15.0, "endTime": 20.0, "predictions": {"probabilities": [0.00045555553515441716, 0.49015432596206665], "logits": []}, "groundTruth": [0.0, 0.0]}]]}