{"modelName": "devise-221117-v1-ep150", "version": "1", "fileId": "66f6dcc0b74d4c8d8ab27ec3b215930d", "classIds": ["Crex crex", "Scolopax rusticola"], "channels": [[{"startTime": 0.0, "endTime": 5.0, "predictions": {"probabilities": [0.00013775285333395004, 0.3466949760913849], "logits": []}, "groundTruth": [0.0, 0.0]}, {"startTime": 5.0, "endTime": 10.0, "predictions": {"probabilities": [9.156442683888599e-05, 0.7211347818374634], "logits": []}, "groundTruth": [0.0, 0.0]}, {"startTime": 10.0, "endTime": 15.0, "predictions": {"probabilities": [0.00022044927754905075, 0.7259648442268372], "logits": []}, "groundTruth": [0.0, 0.0]}, {"startTime": 15.0, "endTime": 20.0, "predictions": {"probabilities": [2.9645647373399697e-05, 0.08963248878717422], "logits": []}, "groundTruth": [0.0, 0.0]}]]}