{"modelName": "devise-221117-v1-ep150", "version": "1", "fileId": "6738ee5c851f4acdb1b1b5deb4c4b678", "classIds": ["Crex crex", "Scolopax rusticola"], "channels": [[{"startTime": 0.0, "endTime": 5.0, "predictions": {"probabilities": [-17.674869537353516, 15.067551612854004], "logits": [NaN, NaN]}, "groundTruth": [0.0, 0.0]}, {"startTime": 5.0, "endTime": 10.0, "predictions": {"probabilities": [-10.800623893737793, -3.473916530609131], "logits": [NaN, NaN]}, "groundTruth": [0.0, 0.0]}, {"startTime": 10.0, "endTime": 15.0, "predictions": {"probabilities": [-9.013017654418945, -1.216160535812378], "logits": [NaN, NaN]}, "groundTruth": [0.0, 0.0]}, {"startTime": 15.0, "endTime": 20.0, "predictions": {"probabilities": [-8.605177879333496, -1.0755455493927002], "logits": [NaN, NaN]}, "groundTruth": [0.0, 0.0]}]]}