{"modelName": "devise-221117-v1-ep150", "version": "1", "fileId": "6738ee5c851f4acdb1b1b5deb4c4b678", "classIds": ["Crex crex", "Scolopax rusticola"], "channels": [[{"startTime": 0.0, "endTime": 5.0, "predictions": {"probabilities": [2.1081508094766832e-08, 0.9999997615814209], "logits": []}, "groundTruth": [0.0, 0.0]}, {"startTime": 5.0, "endTime": 10.0, "predictions": {"probabilities": [2.0386363758007064e-05, 0.030063563957810402], "logits": []}, "groundTruth": [0.0, 0.0]}, {"startTime": 10.0, "endTime": 15.0, "predictions": {"probabilities": [0.00012179886834928766, 0.22861284017562866], "logits": []}, "groundTruth": [0.0, 0.0]}, {"startTime": 15.0, "endTime": 20.0, "predictions": {"probabilities": [0.00018312144675292075, 0.2543499171733856], "logits": []}, "groundTruth": [0.0, 0.0]}]]}