{"modelName": "devise-221117-v1-ep150", "version": "1", "fileId": "674dd0cd274841b28bcaf85d356c3317", "classIds": ["Crex crex", "Scolopax rusticola"], "channels": [[{"startTime": 0.0, "endTime": 5.0, "predictions": {"probabilities": [0.000108198648376856, 0.14206130802631378], "logits": []}, "groundTruth": [0.0, 1.0]}, {"startTime": 5.0, "endTime": 10.0, "predictions": {"probabilities": [2.3353744893483963e-07, 0.9999924898147583], "logits": []}, "groundTruth": [0.0, 1.0]}, {"startTime": 10.0, "endTime": 15.0, "predictions": {"probabilities": [3.9763233417033916e-07, 0.9996744394302368], "logits": []}, "groundTruth": [0.0, 1.0]}]]}