{"modelName": "devise-221117-v1-ep150", "version": "1", "fileId": "69529c8510704dffa35d5091e0338332", "classIds": ["Crex crex", "Scolopax rusticola"], "channels": [[{"startTime": 0.0, "endTime": 5.0, "predictions": {"probabilities": [0.00012227820116095245, 0.18213075399398804], "logits": []}, "groundTruth": [0.0, 0.0]}, {"startTime": 5.0, "endTime": 10.0, "predictions": {"probabilities": [0.00015595945296809077, 0.18372979760169983], "logits": []}, "groundTruth": [0.0, 0.0]}, {"startTime": 10.0, "endTime": 15.0, "predictions": {"probabilities": [0.00016929271805565804, 0.3565707504749298], "logits": []}, "groundTruth": [0.0, 0.0]}, {"startTime": 15.0, "endTime": 20.0, "predictions": {"probabilities": [0.00010795048729050905, 0.19070741534233093], "logits": []}, "groundTruth": [0.0, 0.0]}]]}