{"modelName": "devise-221117-v1-ep150", "version": "1", "fileId": "69adf022c30545099eaa485cef3c4641", "classIds": ["Crex crex", "Scolopax rusticola"], "channels": [[{"startTime": 0.0, "endTime": 5.0, "predictions": {"probabilities": [-9.465664863586426, -1.4882763624191284], "logits": [NaN, NaN]}, "groundTruth": [0.0, 0.0]}, {"startTime": 5.0, "endTime": 10.0, "predictions": {"probabilities": [-8.882913589477539, -0.5824355483055115], "logits": [NaN, NaN]}, "groundTruth": [0.0, 0.0]}, {"startTime": 10.0, "endTime": 15.0, "predictions": {"probabilities": [-9.509068489074707, 3.9850966930389404], "logits": [NaN, NaN]}, "groundTruth": [0.0, 0.0]}, {"startTime": 15.0, "endTime": 20.0, "predictions": {"probabilities": [-12.24038314819336, 3.756946325302124], "logits": [NaN, NaN]}, "groundTruth": [0.0, 0.0]}]]}