{"modelName": "devise-221117-v1-ep150", "version": "1", "fileId": "6a891d34b464448fbcbad3030c94c459", "classIds": ["Crex crex", "Scolopax rusticola"], "channels": [[{"startTime": 0.0, "endTime": 5.0, "predictions": {"probabilities": [0.00011439509398769587, 0.24065014719963074], "logits": []}, "groundTruth": [0.0, 0.0]}, {"startTime": 5.0, "endTime": 10.0, "predictions": {"probabilities": [0.0002402087120572105, 0.37535038590431213], "logits": []}, "groundTruth": [0.0, 0.0]}, {"startTime": 10.0, "endTime": 15.0, "predictions": {"probabilities": [0.0003978114400524646, 0.549462616443634], "logits": []}, "groundTruth": [0.0, 0.0]}, {"startTime": 15.0, "endTime": 20.0, "predictions": {"probabilities": [4.359595914138481e-05, 0.0707576796412468], "logits": []}, "groundTruth": [0.0, 0.0]}]]}