{"modelName": "devise-221117-v1-ep150", "version": "1", "fileId": "6ab6c8fd3364478ba9ed84c34da9bafe", "classIds": ["Crex crex", "Scolopax rusticola"], "channels": [[{"startTime": 0.0, "endTime": 5.0, "predictions": {"probabilities": [-12.19994831085205, -4.591458797454834], "logits": [NaN, NaN]}, "groundTruth": [0.0, 0.0]}, {"startTime": 5.0, "endTime": 10.0, "predictions": {"probabilities": [-10.1654052734375, -1.956666350364685], "logits": [NaN, NaN]}, "groundTruth": [0.0, 0.0]}, {"startTime": 10.0, "endTime": 15.0, "predictions": {"probabilities": [-8.215664863586426, 0.12000291049480438], "logits": [NaN, -1.9924025535583496]}, "groundTruth": [0.0, 0.0]}, {"startTime": 15.0, "endTime": 20.0, "predictions": {"probabilities": [-9.824687957763672, -1.7893319129943848], "logits": [NaN, NaN]}, "groundTruth": [0.0, 0.0]}]]}