{"modelName": "devise-221117-v1-ep150", "version": "1", "fileId": "6ab6c8fd3364478ba9ed84c34da9bafe", "classIds": ["Crex crex", "Scolopax rusticola"], "channels": [[{"startTime": 0.0, "endTime": 5.0, "predictions": {"probabilities": [5.030690317653352e-06, 0.010036309249699116], "logits": []}, "groundTruth": [0.0, 0.0]}, {"startTime": 5.0, "endTime": 10.0, "predictions": {"probabilities": [3.84772356483154e-05, 0.12382827699184418], "logits": []}, "groundTruth": [0.0, 0.0]}, {"startTime": 10.0, "endTime": 15.0, "predictions": {"probabilities": [0.00027031160425394773, 0.529964804649353], "logits": []}, "groundTruth": [0.0, 0.0]}, {"startTime": 15.0, "endTime": 20.0, "predictions": {"probabilities": [5.409644654719159e-05, 0.14315465092658997], "logits": []}, "groundTruth": [0.0, 0.0]}]]}