{"modelName": "devise-221117-v1-ep150", "version": "1", "fileId": "6b8b6cd62ed140debc367be66706c3ba", "classIds": ["Crex crex", "Scolopax rusticola"], "channels": [[{"startTime": 0.0, "endTime": 5.0, "predictions": {"probabilities": [-10.708024978637695, -3.570197105407715], "logits": [NaN, NaN]}, "groundTruth": [0.0, 1.0]}, {"startTime": 5.0, "endTime": 10.0, "predictions": {"probabilities": [-11.552534103393555, 7.846565246582031], "logits": [NaN, NaN]}, "groundTruth": [0.0, 1.0]}, {"startTime": 6.0, "endTime": 11.0, "predictions": {"probabilities": [-12.699482917785645, 8.969289779663086], "logits": [NaN, NaN]}, "groundTruth": [0.0, 1.0]}]]}