{"modelName": "devise-221117-v1-ep150", "version": "1", "fileId": "6b8b6cd62ed140debc367be66706c3ba", "classIds": ["Crex crex", "Scolopax rusticola"], "channels": [[{"startTime": 0.0, "endTime": 5.0, "predictions": {"probabilities": [2.2364238247973844e-05, 0.027379561215639114], "logits": []}, "groundTruth": [0.0, 1.0]}, {"startTime": 5.0, "endTime": 10.0, "predictions": {"probabilities": [9.61156274570385e-06, 0.9996090531349182], "logits": []}, "groundTruth": [0.0, 1.0]}, {"startTime": 6.0, "endTime": 11.0, "predictions": {"probabilities": [3.0526944101438858e-06, 0.9998726844787598], "logits": []}, "groundTruth": [0.0, 1.0]}]]}