{"modelName": "devise-221117-v1-ep150", "version": "1", "fileId": "6c02a45f5dc84280a4f78f408acd6139", "classIds": ["Crex crex", "Scolopax rusticola"], "channels": [[{"startTime": 0.0, "endTime": 5.0, "predictions": {"probabilities": [-9.899442672729492, -1.6658412218093872], "logits": [NaN, NaN]}, "groundTruth": [0.0, 0.0]}, {"startTime": 5.0, "endTime": 10.0, "predictions": {"probabilities": [-10.157774925231934, -1.641684651374817], "logits": [NaN, NaN]}, "groundTruth": [0.0, 0.0]}, {"startTime": 10.0, "endTime": 15.0, "predictions": {"probabilities": [-11.596890449523926, -4.098696231842041], "logits": [NaN, NaN]}, "groundTruth": [0.0, 0.0]}, {"startTime": 15.0, "endTime": 20.0, "predictions": {"probabilities": [-8.872054100036621, 2.099693775177002], "logits": [NaN, NaN]}, "groundTruth": [0.0, 0.0]}]]}