{"modelName": "devise-221117-v1-ep150", "version": "1", "fileId": "6c6657a17bf34388bb86012dfe508679", "classIds": ["Crex crex", "Scolopax rusticola"], "channels": [[{"startTime": 0.0, "endTime": 5.0, "predictions": {"probabilities": [-12.211833000183105, -5.471225261688232], "logits": [NaN, NaN]}, "groundTruth": [0.0, 0.0]}, {"startTime": 5.0, "endTime": 10.0, "predictions": {"probabilities": [-11.321650505065918, -4.027564525604248], "logits": [NaN, NaN]}, "groundTruth": [0.0, 0.0]}, {"startTime": 10.0, "endTime": 15.0, "predictions": {"probabilities": [-8.958765983581543, -0.8681944608688354], "logits": [NaN, NaN]}, "groundTruth": [0.0, 0.0]}, {"startTime": 15.0, "endTime": 20.0, "predictions": {"probabilities": [-10.396261215209961, -3.5131609439849854], "logits": [NaN, NaN]}, "groundTruth": [0.0, 0.0]}]]}