{"modelName": "devise-221117-v1-ep150", "version": "1", "fileId": "6c6bb19626d147218ca24259eb6dac9b", "classIds": ["Crex crex", "Scolopax rusticola"], "channels": [[{"startTime": 0.0, "endTime": 5.0, "predictions": {"probabilities": [0.00029795561567880213, 0.43441060185432434], "logits": []}, "groundTruth": [0.0, 0.0]}, {"startTime": 5.0, "endTime": 10.0, "predictions": {"probabilities": [0.00022539572091773152, 0.3454512655735016], "logits": []}, "groundTruth": [0.0, 0.0]}, {"startTime": 10.0, "endTime": 15.0, "predictions": {"probabilities": [0.00021898472914472222, 0.37319663166999817], "logits": []}, "groundTruth": [0.0, 0.0]}, {"startTime": 15.0, "endTime": 20.0, "predictions": {"probabilities": [1.3424262760963757e-05, 0.019427482038736343], "logits": []}, "groundTruth": [0.0, 0.0]}]]}