{"modelName": "devise-221117-v1-ep150", "version": "1", "fileId": "6c99675d37114e3faf6d5e31d2a23dfb", "classIds": ["Crex crex", "Scolopax rusticola"], "channels": [[{"startTime": 0.0, "endTime": 5.0, "predictions": {"probabilities": [0.00020218611462041736, 0.2402302622795105], "logits": []}, "groundTruth": [0.0, 1.0]}, {"startTime": 5.0, "endTime": 10.0, "predictions": {"probabilities": [4.348378752183635e-06, 0.9997898936271667], "logits": []}, "groundTruth": [0.0, 1.0]}, {"startTime": 10.0, "endTime": 15.0, "predictions": {"probabilities": [1.3771879991963942e-07, 0.999984622001648], "logits": []}, "groundTruth": [0.0, 1.0]}, {"startTime": 12.0, "endTime": 17.0, "predictions": {"probabilities": [2.182577645726269e-06, 0.9998242259025574], "logits": []}, "groundTruth": [0.0, 1.0]}]]}