{"modelName": "devise-221117-v1-ep150", "version": "1", "fileId": "6da698fcd17b44649faf9b9fbe8c7819", "classIds": ["Crex crex", "Scolopax rusticola"], "channels": [[{"startTime": 0.0, "endTime": 5.0, "predictions": {"probabilities": [6.1187906794657465e-06, 0.00845892634242773], "logits": []}, "groundTruth": [0.0, 0.0]}, {"startTime": 5.0, "endTime": 10.0, "predictions": {"probabilities": [5.91328353038989e-06, 0.008135090582072735], "logits": []}, "groundTruth": [0.0, 0.0]}, {"startTime": 10.0, "endTime": 15.0, "predictions": {"probabilities": [0.00020564062288030982, 0.4105446934700012], "logits": []}, "groundTruth": [0.0, 0.0]}, {"startTime": 15.0, "endTime": 20.0, "predictions": {"probabilities": [2.6126032025786117e-05, 0.041019175201654434], "logits": []}, "groundTruth": [0.0, 0.0]}]]}