{"modelName": "devise-221117-v1-ep150", "version": "1", "fileId": "6dccfa70588e44bd917858d143c566d6", "classIds": ["Crex crex", "Scolopax rusticola"], "channels": [[{"startTime": 0.0, "endTime": 5.0, "predictions": {"probabilities": [0.0003625240351539105, 0.41835492849349976], "logits": []}, "groundTruth": [0.0, 0.0]}, {"startTime": 5.0, "endTime": 10.0, "predictions": {"probabilities": [0.000254918442806229, 0.2877821922302246], "logits": []}, "groundTruth": [0.0, 0.0]}, {"startTime": 10.0, "endTime": 15.0, "predictions": {"probabilities": [0.0002659507154021412, 0.48620638251304626], "logits": []}, "groundTruth": [0.0, 0.0]}, {"startTime": 15.0, "endTime": 20.0, "predictions": {"probabilities": [0.0005727324169129133, 0.573889970779419], "logits": []}, "groundTruth": [0.0, 0.0]}]]}