{"modelName": "devise-221117-v1-ep150", "version": "1", "fileId": "6e4a5de5c89b4d61855039e5ffa90d35", "classIds": ["Crex crex", "Scolopax rusticola"], "channels": [[{"startTime": 0.0, "endTime": 5.0, "predictions": {"probabilities": [3.1653413316234946e-05, 0.04967702552676201], "logits": []}, "groundTruth": [0.0, 1.0]}, {"startTime": 5.0, "endTime": 10.0, "predictions": {"probabilities": [1.4100021871854551e-05, 0.9992733597755432], "logits": []}, "groundTruth": [0.0, 1.0]}, {"startTime": 10.0, "endTime": 15.0, "predictions": {"probabilities": [7.987057126790376e-10, 1.0], "logits": []}, "groundTruth": [0.0, 1.0]}, {"startTime": 14.0, "endTime": 19.0, "predictions": {"probabilities": [4.1313760448247194e-05, 0.858390748500824], "logits": []}, "groundTruth": [0.0, 0.0]}]]}