{"modelName": "devise-221117-v1-ep150", "version": "1", "fileId": "6e4a5de5c89b4d61855039e5ffa90d35", "classIds": ["Crex crex", "Scolopax rusticola"], "channels": [[{"startTime": 0.0, "endTime": 5.0, "predictions": {"probabilities": [-10.36063289642334, -2.9512593746185303], "logits": [NaN, NaN]}, "groundTruth": [0.0, 1.0]}, {"startTime": 5.0, "endTime": 10.0, "predictions": {"probabilities": [-11.169320106506348, 7.226420879364014], "logits": [NaN, NaN]}, "groundTruth": [0.0, 1.0]}, {"startTime": 10.0, "endTime": 15.0, "predictions": {"probabilities": [-20.948028564453125, 17.783220291137695], "logits": [NaN, NaN]}, "groundTruth": [0.0, 1.0]}, {"startTime": 14.0, "endTime": 19.0, "predictions": {"probabilities": [-10.094273567199707, 1.801987886428833], "logits": [NaN, NaN]}, "groundTruth": [0.0, 0.0]}]]}