{"modelName": "devise-221117-v1-ep150", "version": "1", "fileId": "6e5142b3c5a644bf949d7b69ce0a185d", "classIds": ["Crex crex", "Scolopax rusticola"], "channels": [[{"startTime": 0.0, "endTime": 5.0, "predictions": {"probabilities": [7.6107799031888135e-06, 0.004882358014583588], "logits": []}, "groundTruth": [0.0, 0.0]}, {"startTime": 5.0, "endTime": 10.0, "predictions": {"probabilities": [1.2321218491706531e-05, 0.1356419026851654], "logits": []}, "groundTruth": [0.0, 0.0]}, {"startTime": 10.0, "endTime": 15.0, "predictions": {"probabilities": [5.73899228584196e-07, 0.0011522312415763736], "logits": []}, "groundTruth": [0.0, 0.0]}, {"startTime": 15.0, "endTime": 20.0, "predictions": {"probabilities": [1.0628918971633539e-05, 0.017436878755688667], "logits": []}, "groundTruth": [0.0, 0.0]}]]}