{"modelName": "devise-221117-v1-ep150", "version": "1", "fileId": "6e5142b3c5a644bf949d7b69ce0a185d", "classIds": ["Crex crex", "Scolopax rusticola"], "channels": [[{"startTime": 0.0, "endTime": 5.0, "predictions": {"probabilities": [-11.785937309265137, -5.317232608795166], "logits": [NaN, NaN]}, "groundTruth": [0.0, 0.0]}, {"startTime": 5.0, "endTime": 10.0, "predictions": {"probabilities": [-11.30417537689209, -1.851968765258789], "logits": [NaN, NaN]}, "groundTruth": [0.0, 0.0]}, {"startTime": 10.0, "endTime": 15.0, "predictions": {"probabilities": [-14.370811462402344, -6.764902114868164], "logits": [NaN, NaN]}, "groundTruth": [0.0, 0.0]}, {"startTime": 15.0, "endTime": 20.0, "predictions": {"probabilities": [-11.451921463012695, -4.031577110290527], "logits": [NaN, NaN]}, "groundTruth": [0.0, 0.0]}]]}