{"modelName": "devise-221117-v1-ep150", "version": "1", "fileId": "6e8a610aed8340f3a018e44ef68c7c0a", "classIds": ["Crex crex", "Scolopax rusticola"], "channels": [[{"startTime": 0.0, "endTime": 5.0, "predictions": {"probabilities": [-12.242630004882812, -4.6213698387146], "logits": [NaN, NaN]}, "groundTruth": [0.0, 0.0]}, {"startTime": 5.0, "endTime": 10.0, "predictions": {"probabilities": [-13.059399604797363, 7.078004837036133], "logits": [NaN, NaN]}, "groundTruth": [0.0, 0.0]}, {"startTime": 10.0, "endTime": 15.0, "predictions": {"probabilities": [-12.677409172058105, 2.1605477333068848], "logits": [NaN, NaN]}, "groundTruth": [0.0, 0.0]}, {"startTime": 15.0, "endTime": 20.0, "predictions": {"probabilities": [-10.718682289123535, -3.1531834602355957], "logits": [NaN, NaN]}, "groundTruth": [0.0, 0.0]}]]}