{"modelName": "devise-221117-v1-ep150", "version": "1", "fileId": "6e9f9f15f53d4a47b6a702e424e6607a", "classIds": ["Crex crex", "Scolopax rusticola"], "channels": [[{"startTime": 0.0, "endTime": 5.0, "predictions": {"probabilities": [-9.71365737915039, -1.6782115697860718], "logits": [NaN, NaN]}, "groundTruth": [0.0, 0.0]}, {"startTime": 5.0, "endTime": 10.0, "predictions": {"probabilities": [-12.353699684143066, -2.940173387527466], "logits": [NaN, NaN]}, "groundTruth": [0.0, 0.0]}, {"startTime": 10.0, "endTime": 15.0, "predictions": {"probabilities": [-12.975759506225586, -5.977472305297852], "logits": [NaN, NaN]}, "groundTruth": [0.0, 0.0]}, {"startTime": 15.0, "endTime": 20.0, "predictions": {"probabilities": [-10.641545295715332, -3.62958025932312], "logits": [NaN, NaN]}, "groundTruth": [0.0, 0.0]}]]}