{"modelName": "devise-221117-v1-ep150", "version": "1", "fileId": "6ec5f565083a4a26bc680afa18439dc8", "classIds": ["Crex crex", "Scolopax rusticola"], "channels": [[{"startTime": 0.0, "endTime": 5.0, "predictions": {"probabilities": [-9.852072715759277, -2.283188581466675], "logits": [NaN, NaN]}, "groundTruth": [0.0, 0.0]}, {"startTime": 5.0, "endTime": 10.0, "predictions": {"probabilities": [-12.558740615844727, -4.952700614929199], "logits": [NaN, NaN]}, "groundTruth": [0.0, 0.0]}, {"startTime": 10.0, "endTime": 15.0, "predictions": {"probabilities": [-8.995327949523926, -0.19888773560523987], "logits": [NaN, NaN]}, "groundTruth": [0.0, 0.0]}, {"startTime": 15.0, "endTime": 20.0, "predictions": {"probabilities": [-14.515603065490723, -1.7892675399780273], "logits": [NaN, NaN]}, "groundTruth": [0.0, 0.0]}]]}