{"modelName": "devise-221117-v1-ep150", "version": "1", "fileId": "6edcc5b49c9348d5a3ffaa52de300cd3", "classIds": ["Crex crex", "Scolopax rusticola"], "channels": [[{"startTime": 0.0, "endTime": 5.0, "predictions": {"probabilities": [-10.61396312713623, 1.3716967105865479], "logits": [NaN, NaN]}, "groundTruth": [0.0, 0.0]}, {"startTime": 5.0, "endTime": 10.0, "predictions": {"probabilities": [-12.808781623840332, 0.17871719598770142], "logits": [NaN, -1.5250627994537354]}, "groundTruth": [0.0, 0.0]}, {"startTime": 10.0, "endTime": 15.0, "predictions": {"probabilities": [-9.028215408325195, -0.06567157059907913], "logits": [NaN, NaN]}, "groundTruth": [0.0, 0.0]}, {"startTime": 15.0, "endTime": 20.0, "predictions": {"probabilities": [-12.092625617980957, -5.0750732421875], "logits": [NaN, NaN]}, "groundTruth": [0.0, 0.0]}]]}