{"modelName": "devise-221117-v1-ep150", "version": "1", "fileId": "6ee1b249c07b4042a6e267819af6bf46", "classIds": ["Crex crex", "Scolopax rusticola"], "channels": [[{"startTime": 0.0, "endTime": 5.0, "predictions": {"probabilities": [-8.347601890563965, -0.9046801924705505], "logits": [NaN, NaN]}, "groundTruth": [0.0, 0.0]}, {"startTime": 5.0, "endTime": 10.0, "predictions": {"probabilities": [-8.50747013092041, -1.2117633819580078], "logits": [NaN, NaN]}, "groundTruth": [0.0, 0.0]}, {"startTime": 10.0, "endTime": 15.0, "predictions": {"probabilities": [-7.708230018615723, 0.6463406085968018], "logits": [NaN, 0.6029923558235168]}, "groundTruth": [0.0, 0.0]}, {"startTime": 15.0, "endTime": 20.0, "predictions": {"probabilities": [-10.470727920532227, -3.2890937328338623], "logits": [NaN, NaN]}, "groundTruth": [0.0, 0.0]}]]}