{"modelName": "devise-221117-v1-ep150", "version": "1", "fileId": "6f5fcb71d3d347b4a22d00924f09449d", "classIds": ["Crex crex", "Scolopax rusticola"], "channels": [[{"startTime": 0.0, "endTime": 5.0, "predictions": {"probabilities": [-7.8006205558776855, 1.3912099599838257], "logits": [NaN, NaN]}, "groundTruth": [0.0, 0.0]}, {"startTime": 5.0, "endTime": 10.0, "predictions": {"probabilities": [-8.874853134155273, -1.129084825515747], "logits": [NaN, NaN]}, "groundTruth": [0.0, 0.0]}, {"startTime": 10.0, "endTime": 15.0, "predictions": {"probabilities": [-12.124903678894043, 6.5366530418396], "logits": [NaN, NaN]}, "groundTruth": [0.0, 0.0]}, {"startTime": 15.0, "endTime": 20.0, "predictions": {"probabilities": [-12.052556991577148, 6.991556167602539], "logits": [NaN, NaN]}, "groundTruth": [0.0, 0.0]}]]}