{"modelName": "devise-221117-v1-ep150", "version": "1", "fileId": "6f79a3d18e5c47fca4c327e3f8c788db", "classIds": ["Crex crex", "Scolopax rusticola"], "channels": [[{"startTime": 0.0, "endTime": 5.0, "predictions": {"probabilities": [3.258322612964548e-05, 0.04559915140271187], "logits": []}, "groundTruth": [0.0, 0.0]}, {"startTime": 5.0, "endTime": 10.0, "predictions": {"probabilities": [4.340943996794522e-05, 0.03959743678569794], "logits": []}, "groundTruth": [0.0, 0.0]}, {"startTime": 10.0, "endTime": 15.0, "predictions": {"probabilities": [3.1542345823254436e-05, 0.03670575097203255], "logits": []}, "groundTruth": [0.0, 0.0]}, {"startTime": 15.0, "endTime": 20.0, "predictions": {"probabilities": [0.000397823634557426, 0.6751330494880676], "logits": []}, "groundTruth": [0.0, 0.0]}]]}