{"modelName": "devise-221117-v1-ep150", "version": "1", "fileId": "712cfa03c1894b6599757a32c9164ca8", "classIds": ["Crex crex", "Scolopax rusticola"], "channels": [[{"startTime": 0.0, "endTime": 5.0, "predictions": {"probabilities": [-8.040078163146973, -0.15620090067386627], "logits": [NaN, NaN]}, "groundTruth": [0.0, 0.0]}, {"startTime": 5.0, "endTime": 10.0, "predictions": {"probabilities": [-10.190765380859375, -2.473905086517334], "logits": [NaN, NaN]}, "groundTruth": [0.0, 0.0]}, {"startTime": 10.0, "endTime": 15.0, "predictions": {"probabilities": [-10.149910926818848, -2.699385643005371], "logits": [NaN, NaN]}, "groundTruth": [0.0, 0.0]}, {"startTime": 15.0, "endTime": 20.0, "predictions": {"probabilities": [-7.7254252433776855, -0.3405503034591675], "logits": [NaN, NaN]}, "groundTruth": [0.0, 0.0]}]]}