{"modelName": "devise-221117-v1-ep150", "version": "1", "fileId": "716c20d5755f46ceb92e16d131f2e858", "classIds": ["Crex crex", "Scolopax rusticola"], "channels": [[{"startTime": 0.0, "endTime": 5.0, "predictions": {"probabilities": [5.2551251428667456e-05, 0.05404089763760567], "logits": []}, "groundTruth": [0.0, 0.0]}, {"startTime": 5.0, "endTime": 10.0, "predictions": {"probabilities": [0.00042148446664214134, 0.6183536648750305], "logits": []}, "groundTruth": [0.0, 0.0]}, {"startTime": 10.0, "endTime": 15.0, "predictions": {"probabilities": [1.3466820746543817e-05, 0.02969691902399063], "logits": []}, "groundTruth": [0.0, 0.0]}, {"startTime": 15.0, "endTime": 20.0, "predictions": {"probabilities": [0.00015888265625108033, 0.2075546830892563], "logits": []}, "groundTruth": [0.0, 0.0]}]]}