{"modelName": "devise-221117-v1-ep150", "version": "1", "fileId": "71a1a9812b654632baf7127fdd6631d6", "classIds": ["Crex crex", "Scolopax rusticola"], "channels": [[{"startTime": 0.0, "endTime": 5.0, "predictions": {"probabilities": [-9.11500072479248, -2.423447608947754], "logits": [NaN, NaN]}, "groundTruth": [0.0, 0.0]}, {"startTime": 5.0, "endTime": 10.0, "predictions": {"probabilities": [-8.19967269897461, -0.6901208162307739], "logits": [NaN, NaN]}, "groundTruth": [0.0, 0.0]}, {"startTime": 10.0, "endTime": 15.0, "predictions": {"probabilities": [-8.803557395935059, -1.6410307884216309], "logits": [NaN, NaN]}, "groundTruth": [0.0, 0.0]}, {"startTime": 15.0, "endTime": 20.0, "predictions": {"probabilities": [-9.532281875610352, -2.4038772583007812], "logits": [NaN, NaN]}, "groundTruth": [0.0, 0.0]}]]}