{"modelName": "devise-221117-v1-ep150", "version": "1", "fileId": "73f7753d3be242abb7af7c55f375fb06", "classIds": ["Crex crex", "Scolopax rusticola"], "channels": [[{"startTime": 0.0, "endTime": 5.0, "predictions": {"probabilities": [-9.126823425292969, -2.476445436477661], "logits": [NaN, NaN]}, "groundTruth": [0.0, 0.0]}, {"startTime": 5.0, "endTime": 10.0, "predictions": {"probabilities": [-9.633439064025879, -2.2003209590911865], "logits": [NaN, NaN]}, "groundTruth": [0.0, 0.0]}, {"startTime": 10.0, "endTime": 15.0, "predictions": {"probabilities": [-12.67488956451416, -5.620689392089844], "logits": [NaN, NaN]}, "groundTruth": [0.0, 0.0]}, {"startTime": 15.0, "endTime": 20.0, "predictions": {"probabilities": [-10.217028617858887, -3.5995450019836426], "logits": [NaN, NaN]}, "groundTruth": [0.0, 0.0]}]]}