{"modelName": "devise-221117-v1-ep150", "version": "1", "fileId": "73fc260f9618411999edeecb8307681a", "classIds": ["Crex crex", "Scolopax rusticola"], "channels": [[{"startTime": 0.0, "endTime": 5.0, "predictions": {"probabilities": [0.0002174948458559811, 0.4261094927787781], "logits": []}, "groundTruth": [0.0, 0.0]}, {"startTime": 5.0, "endTime": 10.0, "predictions": {"probabilities": [0.00027872499777004123, 0.44219085574150085], "logits": []}, "groundTruth": [0.0, 0.0]}, {"startTime": 10.0, "endTime": 15.0, "predictions": {"probabilities": [7.971860759425908e-05, 0.16844022274017334], "logits": []}, "groundTruth": [0.0, 0.0]}, {"startTime": 15.0, "endTime": 20.0, "predictions": {"probabilities": [0.0005417339853011072, 0.6523829102516174], "logits": []}, "groundTruth": [0.0, 0.0]}]]}