{"modelName": "devise-221117-v1-ep150", "version": "1", "fileId": "743d7234dada47e6912f9f502ff42244", "classIds": ["Crex crex", "Scolopax rusticola"], "channels": [[{"startTime": 0.0, "endTime": 5.0, "predictions": {"probabilities": [-12.279138565063477, -4.755063056945801], "logits": [NaN, NaN]}, "groundTruth": [0.0, 0.0]}, {"startTime": 5.0, "endTime": 10.0, "predictions": {"probabilities": [-10.216910362243652, 0.6000657677650452], "logits": [NaN, 0.4057391583919525]}, "groundTruth": [0.0, 0.0]}, {"startTime": 10.0, "endTime": 15.0, "predictions": {"probabilities": [-11.118141174316406, -4.083425998687744], "logits": [NaN, NaN]}, "groundTruth": [0.0, 0.0]}, {"startTime": 15.0, "endTime": 20.0, "predictions": {"probabilities": [-9.980106353759766, 2.435908555984497], "logits": [NaN, NaN]}, "groundTruth": [0.0, 0.0]}]]}