{"modelName": "devise-221117-v1-ep150", "version": "1", "fileId": "74856cdb3afb437e97270d788aa0e067", "classIds": ["Crex crex", "Scolopax rusticola"], "channels": [[{"startTime": 0.0, "endTime": 5.0, "predictions": {"probabilities": [-18.65705680847168, 0.634330689907074], "logits": [NaN, 0.5508409738540649]}, "groundTruth": [0.0, 1.0]}, {"startTime": 5.0, "endTime": 10.0, "predictions": {"probabilities": [-15.986087799072266, 6.253468036651611], "logits": [NaN, NaN]}, "groundTruth": [0.0, 1.0]}, {"startTime": 10.0, "endTime": 15.0, "predictions": {"probabilities": [-16.14394187927246, 9.549270629882812], "logits": [NaN, NaN]}, "groundTruth": [0.0, 1.0]}, {"startTime": 13.0, "endTime": 18.0, "predictions": {"probabilities": [-19.90209197998047, 20.410261154174805], "logits": [NaN, NaN]}, "groundTruth": [0.0, 1.0]}]]}