{"modelName": "devise-221117-v1-ep150", "version": "1", "fileId": "74f6f6eab425407484efc48911251e67", "classIds": ["Crex crex", "Scolopax rusticola"], "channels": [[{"startTime": 0.0, "endTime": 5.0, "predictions": {"probabilities": [-10.550786018371582, 0.1638113111257553], "logits": [NaN, -1.6301389932632446]}, "groundTruth": [0.0, 0.0]}, {"startTime": 5.0, "endTime": 10.0, "predictions": {"probabilities": [-12.266241073608398, -4.024505615234375], "logits": [NaN, NaN]}, "groundTruth": [0.0, 0.0]}, {"startTime": 10.0, "endTime": 15.0, "predictions": {"probabilities": [-12.724974632263184, -5.051901340484619], "logits": [NaN, NaN]}, "groundTruth": [0.0, 0.0]}, {"startTime": 15.0, "endTime": 20.0, "predictions": {"probabilities": [-12.015149116516113, -4.892903804779053], "logits": [NaN, NaN]}, "groundTruth": [0.0, 0.0]}]]}