{"modelName": "devise-221117-v1-ep150", "version": "1", "fileId": "7586aeaf0c8541eda5d4bbbcd08582fd", "classIds": ["Crex crex", "Scolopax rusticola"], "channels": [[{"startTime": 0.0, "endTime": 5.0, "predictions": {"probabilities": [-9.447951316833496, -2.3428781032562256], "logits": [NaN, NaN]}, "groundTruth": [0.0, 0.0]}, {"startTime": 5.0, "endTime": 10.0, "predictions": {"probabilities": [-9.571139335632324, -2.428225517272949], "logits": [NaN, NaN]}, "groundTruth": [0.0, 0.0]}, {"startTime": 10.0, "endTime": 15.0, "predictions": {"probabilities": [-8.786401748657227, -1.6781260967254639], "logits": [NaN, NaN]}, "groundTruth": [0.0, 0.0]}, {"startTime": 15.0, "endTime": 20.0, "predictions": {"probabilities": [-10.385255813598633, 3.928262233734131], "logits": [NaN, NaN]}, "groundTruth": [0.0, 0.0]}]]}