{"modelName": "devise-221117-v1-ep150", "version": "1", "fileId": "75ec2b07293d441f9926f4fd337bdeac", "classIds": ["Crex crex", "Scolopax rusticola"], "channels": [[{"startTime": 0.0, "endTime": 5.0, "predictions": {"probabilities": [-15.551949501037598, 11.248957633972168], "logits": [NaN, NaN]}, "groundTruth": [0.0, 0.0]}, {"startTime": 5.0, "endTime": 10.0, "predictions": {"probabilities": [-9.988568305969238, -3.2339911460876465], "logits": [NaN, NaN]}, "groundTruth": [0.0, 0.0]}, {"startTime": 10.0, "endTime": 15.0, "predictions": {"probabilities": [-10.866082191467285, -3.8386964797973633], "logits": [NaN, NaN]}, "groundTruth": [0.0, 0.0]}, {"startTime": 15.0, "endTime": 20.0, "predictions": {"probabilities": [-14.7600679397583, -4.290190696716309], "logits": [NaN, NaN]}, "groundTruth": [0.0, 0.0]}]]}