{"modelName": "devise-221117-v1-ep150", "version": "1", "fileId": "7605a91e1634497a98ae2566fe630116", "classIds": ["Crex crex", "Scolopax rusticola"], "channels": [[{"startTime": 0.0, "endTime": 5.0, "predictions": {"probabilities": [-15.862914085388184, 10.684581756591797], "logits": [NaN, NaN]}, "groundTruth": [0.0, 0.0]}, {"startTime": 5.0, "endTime": 10.0, "predictions": {"probabilities": [-9.947487831115723, -2.1359450817108154], "logits": [NaN, NaN]}, "groundTruth": [0.0, 0.0]}, {"startTime": 10.0, "endTime": 15.0, "predictions": {"probabilities": [-10.18276309967041, -2.8914573192596436], "logits": [NaN, NaN]}, "groundTruth": [0.0, 0.0]}, {"startTime": 15.0, "endTime": 20.0, "predictions": {"probabilities": [-9.656448364257812, -1.7098950147628784], "logits": [NaN, NaN]}, "groundTruth": [0.0, 0.0]}]]}