{"modelName": "devise-221117-v1-ep150", "version": "1", "fileId": "7781089cd41040f6be463c1d9be9b6b6", "classIds": ["Crex crex", "Scolopax rusticola"], "channels": [[{"startTime": 0.0, "endTime": 5.0, "predictions": {"probabilities": [-9.35488510131836, -1.9837946891784668], "logits": [NaN, NaN]}, "groundTruth": [0.0, 0.0]}, {"startTime": 5.0, "endTime": 10.0, "predictions": {"probabilities": [-8.824956893920898, -1.4114962816238403], "logits": [NaN, NaN]}, "groundTruth": [0.0, 0.0]}, {"startTime": 10.0, "endTime": 15.0, "predictions": {"probabilities": [-11.815483093261719, -4.845592498779297], "logits": [NaN, NaN]}, "groundTruth": [0.0, 0.0]}, {"startTime": 15.0, "endTime": 20.0, "predictions": {"probabilities": [-11.006117820739746, -3.1674227714538574], "logits": [NaN, NaN]}, "groundTruth": [0.0, 0.0]}]]}