{"modelName": "devise-221117-v1-ep150", "version": "1", "fileId": "77b11e2a37d44bd2b369f1330e67b43d", "classIds": ["Crex crex", "Scolopax rusticola"], "channels": [[{"startTime": 0.0, "endTime": 5.0, "predictions": {"probabilities": [-7.778842449188232, 0.5519476532936096], "logits": [NaN, 0.20854315161705017]}, "groundTruth": [0.0, 0.0]}, {"startTime": 5.0, "endTime": 10.0, "predictions": {"probabilities": [-8.283294677734375, -0.36683887243270874], "logits": [NaN, NaN]}, "groundTruth": [0.0, 0.0]}, {"startTime": 10.0, "endTime": 15.0, "predictions": {"probabilities": [-11.687825202941895, -4.806953430175781], "logits": [NaN, NaN]}, "groundTruth": [0.0, 0.0]}, {"startTime": 15.0, "endTime": 20.0, "predictions": {"probabilities": [-8.554980278015137, -0.7650615572929382], "logits": [NaN, NaN]}, "groundTruth": [0.0, 0.0]}]]}