{"modelName": "devise-221117-v1-ep150", "version": "1", "fileId": "77d35e682aab484aa6aaea35d58758d7", "classIds": ["Crex crex", "Scolopax rusticola"], "channels": [[{"startTime": 0.0, "endTime": 5.0, "predictions": {"probabilities": [-13.148780822753906, 7.957437515258789], "logits": [NaN, NaN]}, "groundTruth": [0.0, 1.0]}, {"startTime": 5.0, "endTime": 10.0, "predictions": {"probabilities": [-17.029993057250977, 11.366059303283691], "logits": [NaN, NaN]}, "groundTruth": [0.0, 1.0]}, {"startTime": 10.0, "endTime": 15.0, "predictions": {"probabilities": [-15.03057861328125, 11.866169929504395], "logits": [NaN, NaN]}, "groundTruth": [0.0, 1.0]}, {"startTime": 13.0, "endTime": 18.0, "predictions": {"probabilities": [-14.497121810913086, 11.63452434539795], "logits": [NaN, NaN]}, "groundTruth": [0.0, 1.0]}]]}