{"modelName": "devise-221117-v1-ep150", "version": "1", "fileId": "77f94c4d567547a8bcc8434e2ce8d99e", "classIds": ["Crex crex", "Scolopax rusticola"], "channels": [[{"startTime": 0.0, "endTime": 5.0, "predictions": {"probabilities": [-12.590842247009277, -2.4293222427368164], "logits": [NaN, NaN]}, "groundTruth": [0.0, 0.0]}, {"startTime": 5.0, "endTime": 10.0, "predictions": {"probabilities": [-8.938274383544922, 2.3967530727386475], "logits": [NaN, NaN]}, "groundTruth": [0.0, 0.0]}, {"startTime": 10.0, "endTime": 15.0, "predictions": {"probabilities": [-11.168599128723145, -3.9759411811828613], "logits": [NaN, NaN]}, "groundTruth": [0.0, 0.0]}, {"startTime": 15.0, "endTime": 20.0, "predictions": {"probabilities": [-8.583398818969727, -0.6260882616043091], "logits": [NaN, NaN]}, "groundTruth": [0.0, 0.0]}]]}