{"modelName": "devise-221117-v1-ep150", "version": "1", "fileId": "780855096dc9434db7d8b4aaf793eced", "classIds": ["Crex crex", "Scolopax rusticola"], "channels": [[{"startTime": 0.0, "endTime": 5.0, "predictions": {"probabilities": [8.365782559849322e-05, 0.15285232663154602], "logits": []}, "groundTruth": [0.0, 0.0]}, {"startTime": 5.0, "endTime": 10.0, "predictions": {"probabilities": [2.4771521566435695e-05, 0.046175967901945114], "logits": []}, "groundTruth": [0.0, 0.0]}, {"startTime": 10.0, "endTime": 15.0, "predictions": {"probabilities": [2.44497769017471e-05, 0.03736219182610512], "logits": []}, "groundTruth": [0.0, 0.0]}, {"startTime": 15.0, "endTime": 20.0, "predictions": {"probabilities": [0.0006340982508845627, 0.739012598991394], "logits": []}, "groundTruth": [0.0, 0.0]}]]}