{"modelName": "devise-221117-v1-ep150", "version": "1", "fileId": "780855096dc9434db7d8b4aaf793eced", "classIds": ["Crex crex", "Scolopax rusticola"], "channels": [[{"startTime": 0.0, "endTime": 5.0, "predictions": {"probabilities": [-9.388691902160645, -1.7124027013778687], "logits": [NaN, NaN]}, "groundTruth": [0.0, 0.0]}, {"startTime": 5.0, "endTime": 10.0, "predictions": {"probabilities": [-10.605791091918945, -3.028019666671753], "logits": [NaN, NaN]}, "groundTruth": [0.0, 0.0]}, {"startTime": 10.0, "endTime": 15.0, "predictions": {"probabilities": [-10.618865013122559, -3.2490179538726807], "logits": [NaN, NaN]}, "groundTruth": [0.0, 0.0]}, {"startTime": 15.0, "endTime": 20.0, "predictions": {"probabilities": [-7.362672328948975, 1.040842890739441], "logits": [NaN, NaN]}, "groundTruth": [0.0, 0.0]}]]}