{"modelName": "devise-221117-v1-ep150", "version": "1", "fileId": "78b047c6bfce4c159d89a145c05ef6bc", "classIds": ["Crex crex", "Scolopax rusticola"], "channels": [[{"startTime": 0.0, "endTime": 5.0, "predictions": {"probabilities": [-13.432548522949219, 7.046570777893066], "logits": [NaN, NaN]}, "groundTruth": [0.0, 0.0]}, {"startTime": 5.0, "endTime": 10.0, "predictions": {"probabilities": [-8.562826156616211, -0.30779439210891724], "logits": [NaN, NaN]}, "groundTruth": [0.0, 0.0]}, {"startTime": 10.0, "endTime": 15.0, "predictions": {"probabilities": [-8.684540748596191, 1.724547028541565], "logits": [NaN, NaN]}, "groundTruth": [0.0, 0.0]}, {"startTime": 15.0, "endTime": 20.0, "predictions": {"probabilities": [-8.211899757385254, -0.32247239351272583], "logits": [NaN, NaN]}, "groundTruth": [0.0, 0.0]}]]}