{"modelName": "devise-221117-v1-ep150", "version": "1", "fileId": "79fe9e08d86d4d31a886b73230369449", "classIds": ["Crex crex", "Scolopax rusticola"], "channels": [[{"startTime": 0.0, "endTime": 5.0, "predictions": {"probabilities": [0.00014348654076457024, 0.2674042284488678], "logits": []}, "groundTruth": [0.0, 0.0]}, {"startTime": 5.0, "endTime": 10.0, "predictions": {"probabilities": [0.00021705235121771693, 0.38383883237838745], "logits": []}, "groundTruth": [0.0, 0.0]}, {"startTime": 10.0, "endTime": 15.0, "predictions": {"probabilities": [0.00010143339022761211, 0.19458696246147156], "logits": []}, "groundTruth": [0.0, 0.0]}, {"startTime": 15.0, "endTime": 20.0, "predictions": {"probabilities": [0.0003301212564110756, 0.4664182662963867], "logits": []}, "groundTruth": [0.0, 0.0]}]]}