{"modelName": "devise-221117-v1-ep150", "version": "1", "fileId": "7ad1f829dcad469bb829032de94d4573", "classIds": ["Crex crex", "Scolopax rusticola"], "channels": [[{"startTime": 0.0, "endTime": 5.0, "predictions": {"probabilities": [-11.315443992614746, 0.8139327168464661], "logits": [NaN, 1.4757694005966187]}, "groundTruth": [0.0, 1.0]}, {"startTime": 5.0, "endTime": 10.0, "predictions": {"probabilities": [-14.245838165283203, 7.173838138580322], "logits": [NaN, NaN]}, "groundTruth": [0.0, 1.0]}, {"startTime": 7.0, "endTime": 12.0, "predictions": {"probabilities": [-11.284980773925781, 5.312878608703613], "logits": [NaN, NaN]}, "groundTruth": [0.0, 0.0]}]]}