{"modelName": "devise-221117-v1-ep150", "version": "1", "fileId": "7ad1f829dcad469bb829032de94d4573", "classIds": ["Crex crex", "Scolopax rusticola"], "channels": [[{"startTime": 0.0, "endTime": 5.0, "predictions": {"probabilities": [1.2183157195977401e-05, 0.6929469108581543], "logits": []}, "groundTruth": [0.0, 1.0]}, {"startTime": 5.0, "endTime": 10.0, "predictions": {"probabilities": [6.502955898213258e-07, 0.9992341995239258], "logits": []}, "groundTruth": [0.0, 1.0]}, {"startTime": 7.0, "endTime": 12.0, "predictions": {"probabilities": [1.2560000868688803e-05, 0.9950963854789734], "logits": []}, "groundTruth": [0.0, 0.0]}]]}