{"modelName": "devise-221117-v1-ep150", "version": "1", "fileId": "7af18fca3a954f018543a5d1c145b0d7", "classIds": ["Crex crex", "Scolopax rusticola"], "channels": [[{"startTime": 0.0, "endTime": 5.0, "predictions": {"probabilities": [0.00048485645675100386, 0.5594460368156433], "logits": []}, "groundTruth": [0.0, 0.0]}, {"startTime": 5.0, "endTime": 10.0, "predictions": {"probabilities": [0.00016498818877153099, 0.3224446475505829], "logits": []}, "groundTruth": [0.0, 0.0]}, {"startTime": 10.0, "endTime": 15.0, "predictions": {"probabilities": [0.0002999953576363623, 0.3861066997051239], "logits": []}, "groundTruth": [0.0, 0.0]}, {"startTime": 15.0, "endTime": 20.0, "predictions": {"probabilities": [6.9215297116898e-05, 0.11758600175380707], "logits": []}, "groundTruth": [0.0, 0.0]}]]}