{"modelName": "devise-221117-v1-ep150", "version": "1", "fileId": "7b429095dbe74b7989bbb62b15e34e87", "classIds": ["Crex crex", "Scolopax rusticola"], "channels": [[{"startTime": 0.0, "endTime": 5.0, "predictions": {"probabilities": [6.125381332822144e-05, 0.05248232185840607], "logits": []}, "groundTruth": [0.0, 1.0]}, {"startTime": 5.0, "endTime": 10.0, "predictions": {"probabilities": [3.223067324142903e-08, 1.0], "logits": []}, "groundTruth": [0.0, 1.0]}, {"startTime": 10.0, "endTime": 15.0, "predictions": {"probabilities": [1.0028173846876598e-07, 0.9999994039535522], "logits": []}, "groundTruth": [0.0, 1.0]}, {"startTime": 12.0, "endTime": 17.0, "predictions": {"probabilities": [4.521467076301633e-07, 0.999992847442627], "logits": []}, "groundTruth": [0.0, 1.0]}]]}