{"modelName": "devise-221117-v1-ep150", "version": "1", "fileId": "7b9fb7b722a14ea28d9dd7c3efdca4d1", "classIds": ["Crex crex", "Scolopax rusticola"], "channels": [[{"startTime": 0.0, "endTime": 5.0, "predictions": {"probabilities": [6.354357901727781e-05, 0.09263695776462555], "logits": []}, "groundTruth": [0.0, 0.0]}, {"startTime": 5.0, "endTime": 10.0, "predictions": {"probabilities": [1.612112100701779e-05, 0.03595985844731331], "logits": []}, "groundTruth": [0.0, 0.0]}, {"startTime": 10.0, "endTime": 15.0, "predictions": {"probabilities": [7.023102455150365e-08, 0.9999997615814209], "logits": []}, "groundTruth": [0.0, 0.0]}, {"startTime": 15.0, "endTime": 20.0, "predictions": {"probabilities": [6.97158247930929e-05, 0.9085939526557922], "logits": []}, "groundTruth": [0.0, 0.0]}]]}