{"modelName": "devise-221117-v1-ep150", "version": "1", "fileId": "7b9fb7b722a14ea28d9dd7c3efdca4d1", "classIds": ["Crex crex", "Scolopax rusticola"], "channels": [[{"startTime": 0.0, "endTime": 5.0, "predictions": {"probabilities": [-9.663721084594727, -2.2818543910980225], "logits": [NaN, NaN]}, "groundTruth": [0.0, 0.0]}, {"startTime": 5.0, "endTime": 10.0, "predictions": {"probabilities": [-11.035364151000977, -3.288729667663574], "logits": [NaN, NaN]}, "groundTruth": [0.0, 0.0]}, {"startTime": 10.0, "endTime": 15.0, "predictions": {"probabilities": [-16.47147560119629, 15.088663101196289], "logits": [NaN, NaN]}, "groundTruth": [0.0, 0.0]}, {"startTime": 15.0, "endTime": 20.0, "predictions": {"probabilities": [-9.571013450622559, 2.296586275100708], "logits": [NaN, NaN]}, "groundTruth": [0.0, 0.0]}]]}