{"modelName": "devise-221117-v1-ep150", "version": "1", "fileId": "7bf76980e9b2424f862dd491e578cbf7", "classIds": ["Crex crex", "Scolopax rusticola"], "channels": [[{"startTime": 0.0, "endTime": 5.0, "predictions": {"probabilities": [2.9364640795392916e-05, 0.05329270288348198], "logits": []}, "groundTruth": [0.0, 0.0]}, {"startTime": 5.0, "endTime": 10.0, "predictions": {"probabilities": [0.00010584680421743542, 0.13190189003944397], "logits": []}, "groundTruth": [0.0, 0.0]}, {"startTime": 10.0, "endTime": 15.0, "predictions": {"probabilities": [6.56082556815818e-05, 0.16981291770935059], "logits": []}, "groundTruth": [0.0, 0.0]}, {"startTime": 15.0, "endTime": 20.0, "predictions": {"probabilities": [7.605495920870453e-05, 0.8285033702850342], "logits": []}, "groundTruth": [0.0, 0.0]}]]}