{"modelName": "devise-221117-v1-ep150", "version": "1", "fileId": "7cf6738dca8d4a5aa7b251dd6106c574", "classIds": ["Crex crex", "Scolopax rusticola"], "channels": [[{"startTime": 0.0, "endTime": 5.0, "predictions": {"probabilities": [-9.139016151428223, -1.4902944564819336], "logits": [NaN, NaN]}, "groundTruth": [0.0, 0.0]}, {"startTime": 5.0, "endTime": 10.0, "predictions": {"probabilities": [-10.215655326843262, 3.491028070449829], "logits": [NaN, NaN]}, "groundTruth": [0.0, 0.0]}, {"startTime": 10.0, "endTime": 15.0, "predictions": {"probabilities": [-9.922731399536133, -2.1003286838531494], "logits": [NaN, NaN]}, "groundTruth": [0.0, 0.0]}, {"startTime": 15.0, "endTime": 20.0, "predictions": {"probabilities": [-9.681620597839355, 0.929205060005188], "logits": [NaN, 2.5745418071746826]}, "groundTruth": [0.0, 0.0]}]]}