{"modelName": "devise-221117-v1-ep150", "version": "1", "fileId": "7df756a8e7694eda972c204d5502c586", "classIds": ["Crex crex", "Scolopax rusticola"], "channels": [[{"startTime": 0.0, "endTime": 5.0, "predictions": {"probabilities": [-8.643807411193848, -1.1086424589157104], "logits": [NaN, NaN]}, "groundTruth": [0.0, 0.0]}, {"startTime": 5.0, "endTime": 10.0, "predictions": {"probabilities": [-18.02742576599121, 7.201474189758301], "logits": [NaN, NaN]}, "groundTruth": [0.0, 0.0]}, {"startTime": 10.0, "endTime": 15.0, "predictions": {"probabilities": [-10.041463851928711, -2.7914657592773438], "logits": [NaN, NaN]}, "groundTruth": [0.0, 0.0]}, {"startTime": 15.0, "endTime": 20.0, "predictions": {"probabilities": [-8.871353149414062, -1.1232584714889526], "logits": [NaN, NaN]}, "groundTruth": [0.0, 0.0]}]]}