{"modelName": "devise-221117-v1-ep150", "version": "1", "fileId": "7df756a8e7694eda972c204d5502c586", "classIds": ["Crex crex", "Scolopax rusticola"], "channels": [[{"startTime": 0.0, "endTime": 5.0, "predictions": {"probabilities": [0.0001761836465448141, 0.24812406301498413], "logits": []}, "groundTruth": [0.0, 0.0]}, {"startTime": 5.0, "endTime": 10.0, "predictions": {"probabilities": [1.4817961968560667e-08, 0.9992550015449524], "logits": []}, "groundTruth": [0.0, 0.0]}, {"startTime": 10.0, "endTime": 15.0, "predictions": {"probabilities": [4.3554071453399956e-05, 0.05778709799051285], "logits": []}, "groundTruth": [0.0, 0.0]}, {"startTime": 15.0, "endTime": 20.0, "predictions": {"probabilities": [0.00014033284969627857, 0.245407372713089], "logits": []}, "groundTruth": [0.0, 0.0]}]]}