{"modelName": "devise-221117-v1-ep150", "version": "1", "fileId": "7e0e9148c4a94f80adf9f24045b6a22a", "classIds": ["Crex crex", "Scolopax rusticola"], "channels": [[{"startTime": 0.0, "endTime": 5.0, "predictions": {"probabilities": [-12.59760856628418, 3.425244092941284], "logits": [NaN, NaN]}, "groundTruth": [0.0, 1.0]}, {"startTime": 5.0, "endTime": 10.0, "predictions": {"probabilities": [-14.024361610412598, 10.317032814025879], "logits": [NaN, NaN]}, "groundTruth": [0.0, 1.0]}, {"startTime": 10.0, "endTime": 15.0, "predictions": {"probabilities": [-14.165850639343262, 8.912003517150879], "logits": [NaN, NaN]}, "groundTruth": [0.0, 1.0]}, {"startTime": 11.0, "endTime": 16.0, "predictions": {"probabilities": [-14.573324203491211, 10.342588424682617], "logits": [NaN, NaN]}, "groundTruth": [0.0, 1.0]}]]}