{"modelName": "devise-221117-v1-ep150", "version": "1", "fileId": "7e0e9148c4a94f80adf9f24045b6a22a", "classIds": ["Crex crex", "Scolopax rusticola"], "channels": [[{"startTime": 0.0, "endTime": 5.0, "predictions": {"probabilities": [3.3800772598624462e-06, 0.9684841632843018], "logits": []}, "groundTruth": [0.0, 1.0]}, {"startTime": 5.0, "endTime": 10.0, "predictions": {"probabilities": [8.115154059851193e-07, 0.9999669790267944], "logits": []}, "groundTruth": [0.0, 1.0]}, {"startTime": 10.0, "endTime": 15.0, "predictions": {"probabilities": [7.044479843898444e-07, 0.9998652935028076], "logits": []}, "groundTruth": [0.0, 1.0]}, {"startTime": 11.0, "endTime": 16.0, "predictions": {"probabilities": [4.686898193995148e-07, 0.9999678134918213], "logits": []}, "groundTruth": [0.0, 1.0]}]]}