{"modelName": "devise-221117-v1-ep150", "version": "1", "fileId": "7e69cf1057e14a40ac343c610705c809", "classIds": ["Crex crex", "Scolopax rusticola"], "channels": [[{"startTime": 0.0, "endTime": 5.0, "predictions": {"probabilities": [-15.889007568359375, 7.015625953674316], "logits": [NaN, NaN]}, "groundTruth": [0.0, 1.0]}, {"startTime": 5.0, "endTime": 10.0, "predictions": {"probabilities": [-13.048044204711914, 9.125920295715332], "logits": [NaN, NaN]}, "groundTruth": [0.0, 1.0]}, {"startTime": 10.0, "endTime": 15.0, "predictions": {"probabilities": [-17.59314727783203, 10.72072982788086], "logits": [NaN, NaN]}, "groundTruth": [0.0, 1.0]}, {"startTime": 14.0, "endTime": 19.0, "predictions": {"probabilities": [-17.21645164489746, 5.902817726135254], "logits": [NaN, NaN]}, "groundTruth": [0.0, 1.0]}]]}