{"modelName": "devise-221117-v1-ep150", "version": "1", "fileId": "7ec2593e00d644aaa9c2005e689c7854", "classIds": ["Crex crex", "Scolopax rusticola"], "channels": [[{"startTime": 0.0, "endTime": 5.0, "predictions": {"probabilities": [0.0005003378028050065, 0.6641102433204651], "logits": []}, "groundTruth": [0.0, 0.0]}, {"startTime": 5.0, "endTime": 10.0, "predictions": {"probabilities": [6.233315070858225e-05, 0.2121788114309311], "logits": []}, "groundTruth": [0.0, 0.0]}, {"startTime": 10.0, "endTime": 15.0, "predictions": {"probabilities": [0.00023916525242384523, 0.38240110874176025], "logits": []}, "groundTruth": [0.0, 0.0]}, {"startTime": 15.0, "endTime": 20.0, "predictions": {"probabilities": [0.0005473681376315653, 0.6795622110366821], "logits": []}, "groundTruth": [0.0, 0.0]}]]}