{"modelName": "devise-221117-v1-ep150", "version": "1", "fileId": "7ec2593e00d644aaa9c2005e689c7854", "classIds": ["Crex crex", "Scolopax rusticola"], "channels": [[{"startTime": 0.0, "endTime": 5.0, "predictions": {"probabilities": [-7.599726676940918, 0.6816650629043579], "logits": [NaN, 0.7614343762397766]}, "groundTruth": [0.0, 0.0]}, {"startTime": 5.0, "endTime": 10.0, "predictions": {"probabilities": [-9.682954788208008, -1.3118418455123901], "logits": [NaN, NaN]}, "groundTruth": [0.0, 0.0]}, {"startTime": 10.0, "endTime": 15.0, "predictions": {"probabilities": [-8.338116645812988, -0.47936904430389404], "logits": [NaN, NaN]}, "groundTruth": [0.0, 0.0]}, {"startTime": 15.0, "endTime": 20.0, "predictions": {"probabilities": [-7.509841442108154, 0.7517603635787964], "logits": [NaN, 1.1080230474472046]}, "groundTruth": [0.0, 0.0]}]]}