{"modelName": "devise-221117-v1-ep150", "version": "1", "fileId": "7f7013209dcb4cb182b186ce3b1d70d3", "classIds": ["Crex crex", "Scolopax rusticola"], "channels": [[{"startTime": 0.0, "endTime": 5.0, "predictions": {"probabilities": [5.705419243895449e-05, 0.1579957902431488], "logits": []}, "groundTruth": [0.0, 0.0]}, {"startTime": 5.0, "endTime": 10.0, "predictions": {"probabilities": [0.000256988569162786, 0.433163583278656], "logits": []}, "groundTruth": [0.0, 0.0]}, {"startTime": 10.0, "endTime": 15.0, "predictions": {"probabilities": [0.00036106680636294186, 0.8307937979698181], "logits": []}, "groundTruth": [0.0, 0.0]}, {"startTime": 15.0, "endTime": 20.0, "predictions": {"probabilities": [1.078483023775334e-06, 0.9999549388885498], "logits": []}, "groundTruth": [0.0, 0.0]}]]}