{"modelName": "devise-221117-v1-ep150", "version": "1", "fileId": "7f7013209dcb4cb182b186ce3b1d70d3", "classIds": ["Crex crex", "Scolopax rusticola"], "channels": [[{"startTime": 0.0, "endTime": 5.0, "predictions": {"probabilities": [-9.771451950073242, -1.6732165813446045], "logits": [NaN, NaN]}, "groundTruth": [0.0, 0.0]}, {"startTime": 5.0, "endTime": 10.0, "predictions": {"probabilities": [-8.26622200012207, -0.26895537972450256], "logits": [NaN, NaN]}, "groundTruth": [0.0, 0.0]}, {"startTime": 10.0, "endTime": 15.0, "predictions": {"probabilities": [-7.92608642578125, 1.5912634134292603], "logits": [NaN, NaN]}, "groundTruth": [0.0, 0.0]}, {"startTime": 15.0, "endTime": 20.0, "predictions": {"probabilities": [-13.739953994750977, 10.007722854614258], "logits": [NaN, NaN]}, "groundTruth": [0.0, 0.0]}]]}