{"modelName": "devise-221117-v1-ep150", "version": "1", "fileId": "8012f39cfb964b89bbc220a26e6ddcea", "classIds": ["Crex crex", "Scolopax rusticola"], "channels": [[{"startTime": 0.0, "endTime": 5.0, "predictions": {"probabilities": [0.0004586826835293323, 0.6123841404914856], "logits": []}, "groundTruth": [0.0, 1.0]}, {"startTime": 5.0, "endTime": 10.0, "predictions": {"probabilities": [1.358138934648423e-09, 1.0], "logits": []}, "groundTruth": [0.0, 1.0]}, {"startTime": 10.0, "endTime": 15.0, "predictions": {"probabilities": [3.824384364747857e-09, 0.9999953508377075], "logits": []}, "groundTruth": [0.0, 1.0]}, {"startTime": 13.0, "endTime": 18.0, "predictions": {"probabilities": [1.1163785451628883e-08, 0.9999088048934937], "logits": []}, "groundTruth": [0.0, 1.0]}]]}