{"modelName": "devise-221117-v1-ep150", "version": "1", "fileId": "8012f39cfb964b89bbc220a26e6ddcea", "classIds": ["Crex crex", "Scolopax rusticola"], "channels": [[{"startTime": 0.0, "endTime": 5.0, "predictions": {"probabilities": [-7.68669319152832, 0.45734497904777527], "logits": [NaN, -0.1710357517004013]}, "groundTruth": [0.0, 1.0]}, {"startTime": 5.0, "endTime": 10.0, "predictions": {"probabilities": [-20.417150497436523, 21.854692459106445], "logits": [NaN, NaN]}, "groundTruth": [0.0, 1.0]}, {"startTime": 10.0, "endTime": 15.0, "predictions": {"probabilities": [-19.381868362426758, 12.28020191192627], "logits": [NaN, NaN]}, "groundTruth": [0.0, 1.0]}, {"startTime": 13.0, "endTime": 18.0, "predictions": {"probabilities": [-18.310590744018555, 9.302382469177246], "logits": [NaN, NaN]}, "groundTruth": [0.0, 1.0]}]]}