{"modelName": "devise-221117-v1-ep150", "version": "1", "fileId": "80dabe6dee0d41a09ed865a1096f5c45", "classIds": ["Crex crex", "Scolopax rusticola"], "channels": [[{"startTime": 0.0, "endTime": 5.0, "predictions": {"probabilities": [0.00029224198078736663, 0.44246000051498413], "logits": []}, "groundTruth": [0.0, 0.0]}, {"startTime": 5.0, "endTime": 10.0, "predictions": {"probabilities": [0.0005521262064576149, 0.692055344581604], "logits": []}, "groundTruth": [0.0, 0.0]}, {"startTime": 10.0, "endTime": 15.0, "predictions": {"probabilities": [9.288427827414125e-05, 0.20714032649993896], "logits": []}, "groundTruth": [0.0, 0.0]}, {"startTime": 15.0, "endTime": 20.0, "predictions": {"probabilities": [0.00019490512204356492, 0.24757243692874908], "logits": []}, "groundTruth": [0.0, 0.0]}]]}