{"modelName": "devise-221117-v1-ep150", "version": "1", "fileId": "818a692a8372494fb392e93d4ed75e1d", "classIds": ["Crex crex", "Scolopax rusticola"], "channels": [[{"startTime": 0.0, "endTime": 5.0, "predictions": {"probabilities": [0.00021044918685220182, 0.8401930332183838], "logits": []}, "groundTruth": [0.0, 0.0]}, {"startTime": 5.0, "endTime": 10.0, "predictions": {"probabilities": [0.0004022230568807572, 0.8033867478370667], "logits": []}, "groundTruth": [0.0, 0.0]}, {"startTime": 10.0, "endTime": 15.0, "predictions": {"probabilities": [0.0002635527343954891, 0.36647534370422363], "logits": []}, "groundTruth": [0.0, 0.0]}, {"startTime": 15.0, "endTime": 20.0, "predictions": {"probabilities": [0.00010939117055386305, 0.14906096458435059], "logits": []}, "groundTruth": [0.0, 0.0]}]]}