{"modelName": "devise-221117-v1-ep150", "version": "1", "fileId": "823fbb99f71d42fb98ca74a22a1d4c12", "classIds": ["Crex crex", "Scolopax rusticola"], "channels": [[{"startTime": 0.0, "endTime": 5.0, "predictions": {"probabilities": [-10.09361457824707, -2.320859909057617], "logits": [NaN, NaN]}, "groundTruth": [0.0, 0.0]}, {"startTime": 5.0, "endTime": 10.0, "predictions": {"probabilities": [-10.363929748535156, 3.501323699951172], "logits": [NaN, NaN]}, "groundTruth": [0.0, 0.0]}, {"startTime": 10.0, "endTime": 15.0, "predictions": {"probabilities": [-8.283233642578125, 0.334826797246933], "logits": [NaN, -0.6864340901374817]}, "groundTruth": [0.0, 0.0]}, {"startTime": 15.0, "endTime": 20.0, "predictions": {"probabilities": [-7.845221996307373, 1.1670986413955688], "logits": [NaN, NaN]}, "groundTruth": [0.0, 0.0]}]]}