{"modelName": "devise-221117-v1-ep150", "version": "1", "fileId": "823fbb99f71d42fb98ca74a22a1d4c12", "classIds": ["Crex crex", "Scolopax rusticola"], "channels": [[{"startTime": 0.0, "endTime": 5.0, "predictions": {"probabilities": [4.134099435759708e-05, 0.08941002190113068], "logits": []}, "groundTruth": [0.0, 0.0]}, {"startTime": 5.0, "endTime": 10.0, "predictions": {"probabilities": [3.154923251713626e-05, 0.970725417137146], "logits": []}, "groundTruth": [0.0, 0.0]}, {"startTime": 10.0, "endTime": 15.0, "predictions": {"probabilities": [0.00025265480508096516, 0.5829333662986755], "logits": []}, "groundTruth": [0.0, 0.0]}, {"startTime": 15.0, "endTime": 20.0, "predictions": {"probabilities": [0.0003914653789252043, 0.7626201510429382], "logits": []}, "groundTruth": [0.0, 0.0]}]]}