{"modelName": "devise-221117-v1-ep150", "version": "1", "fileId": "824dd12d384e451389761071dfd8821e", "classIds": ["Crex crex", "Scolopax rusticola"], "channels": [[{"startTime": 0.0, "endTime": 5.0, "predictions": {"probabilities": [3.522506449371576e-05, 0.06265896558761597], "logits": []}, "groundTruth": [0.0, 0.0]}, {"startTime": 5.0, "endTime": 10.0, "predictions": {"probabilities": [1.605173383723013e-05, 0.02796507254242897], "logits": []}, "groundTruth": [0.0, 0.0]}, {"startTime": 10.0, "endTime": 15.0, "predictions": {"probabilities": [8.567542977289122e-07, 0.0006607751711271703], "logits": []}, "groundTruth": [0.0, 0.0]}, {"startTime": 11.0, "endTime": 16.0, "predictions": {"probabilities": [2.497227740150265e-07, 0.00017792537983041257], "logits": []}, "groundTruth": [0.0, 0.0]}]]}