{"modelName": "devise-221117-v1-ep150", "version": "1", "fileId": "82836269814742c385bbfda35db00348", "classIds": ["Crex crex", "Scolopax rusticola"], "channels": [[{"startTime": 0.0, "endTime": 5.0, "predictions": {"probabilities": [-9.721742630004883, -2.2559702396392822], "logits": [NaN, NaN]}, "groundTruth": [0.0, 0.0]}, {"startTime": 5.0, "endTime": 10.0, "predictions": {"probabilities": [-7.812392234802246, 0.10107021778821945], "logits": [NaN, -2.185389518737793]}, "groundTruth": [0.0, 0.0]}, {"startTime": 10.0, "endTime": 15.0, "predictions": {"probabilities": [-7.783769130706787, 0.34198853373527527], "logits": [NaN, -0.6544451117515564]}, "groundTruth": [0.0, 0.0]}, {"startTime": 15.0, "endTime": 20.0, "predictions": {"probabilities": [-8.269893646240234, -0.4053042531013489], "logits": [NaN, NaN]}, "groundTruth": [0.0, 0.0]}]]}