{"modelName": "devise-221117-v1-ep150", "version": "1", "fileId": "82836269814742c385bbfda35db00348", "classIds": ["Crex crex", "Scolopax rusticola"], "channels": [[{"startTime": 0.0, "endTime": 5.0, "predictions": {"probabilities": [5.996181789669208e-05, 0.09483572840690613], "logits": []}, "groundTruth": [0.0, 0.0]}, {"startTime": 5.0, "endTime": 10.0, "predictions": {"probabilities": [0.0004045250825583935, 0.5252460241317749], "logits": []}, "groundTruth": [0.0, 0.0]}, {"startTime": 10.0, "endTime": 15.0, "predictions": {"probabilities": [0.0004162662662565708, 0.5846734642982483], "logits": []}, "groundTruth": [0.0, 0.0]}, {"startTime": 15.0, "endTime": 20.0, "predictions": {"probabilities": [0.00025604694383218884, 0.40003859996795654], "logits": []}, "groundTruth": [0.0, 0.0]}]]}