{"modelName": "devise-221117-v1-ep150", "version": "1", "fileId": "836103eb09ca42c3bcd022bb32b82c8c", "classIds": ["Crex crex", "Scolopax rusticola"], "channels": [[{"startTime": 0.0, "endTime": 5.0, "predictions": {"probabilities": [-8.98779582977295, -1.728184461593628], "logits": [NaN, NaN]}, "groundTruth": [0.0, 0.0]}, {"startTime": 5.0, "endTime": 10.0, "predictions": {"probabilities": [-8.034464836120605, -0.695582926273346], "logits": [NaN, NaN]}, "groundTruth": [0.0, 0.0]}, {"startTime": 10.0, "endTime": 15.0, "predictions": {"probabilities": [-8.405546188354492, -1.0287957191467285], "logits": [NaN, NaN]}, "groundTruth": [0.0, 0.0]}, {"startTime": 15.0, "endTime": 20.0, "predictions": {"probabilities": [-8.694500923156738, -1.5845921039581299], "logits": [NaN, NaN]}, "groundTruth": [0.0, 0.0]}]]}