{"modelName": "devise-221117-v1-ep150", "version": "1", "fileId": "836103eb09ca42c3bcd022bb32b82c8c", "classIds": ["Crex crex", "Scolopax rusticola"], "channels": [[{"startTime": 0.0, "endTime": 5.0, "predictions": {"probabilities": [0.00012490953668020666, 0.15081994235515594], "logits": []}, "groundTruth": [0.0, 0.0]}, {"startTime": 5.0, "endTime": 10.0, "predictions": {"probabilities": [0.0003239929210394621, 0.3327922821044922], "logits": []}, "groundTruth": [0.0, 0.0]}, {"startTime": 10.0, "endTime": 15.0, "predictions": {"probabilities": [0.00022357363195624202, 0.26331764459609985], "logits": []}, "groundTruth": [0.0, 0.0]}, {"startTime": 15.0, "endTime": 20.0, "predictions": {"probabilities": [0.0001674763479968533, 0.17014610767364502], "logits": []}, "groundTruth": [0.0, 0.0]}]]}