{"modelName": "devise-221117-v1-ep150", "version": "1", "fileId": "837d72aee8ef4bf4b6911f08c31b74e6", "classIds": ["Crex crex", "Scolopax rusticola"], "channels": [[{"startTime": 0.0, "endTime": 5.0, "predictions": {"probabilities": [-7.687565326690674, 0.5248669981956482], "logits": [NaN, 0.09955014288425446]}, "groundTruth": [0.0, 0.0]}, {"startTime": 5.0, "endTime": 10.0, "predictions": {"probabilities": [-8.244340896606445, -0.8532518148422241], "logits": [NaN, NaN]}, "groundTruth": [0.0, 0.0]}, {"startTime": 10.0, "endTime": 15.0, "predictions": {"probabilities": [-7.138421058654785, 1.4371423721313477], "logits": [NaN, NaN]}, "groundTruth": [0.0, 0.0]}, {"startTime": 15.0, "endTime": 20.0, "predictions": {"probabilities": [-7.943563938140869, -0.7415955066680908], "logits": [NaN, NaN]}, "groundTruth": [0.0, 0.0]}]]}