{"modelName": "devise-221117-v1-ep150", "version": "1", "fileId": "83d935e94841459aa2b6be45b49086c8", "classIds": ["Crex crex", "Scolopax rusticola"], "channels": [[{"startTime": 0.0, "endTime": 5.0, "predictions": {"probabilities": [8.589582284912467e-05, 0.49810710549354553], "logits": []}, "groundTruth": [0.0, 0.0]}, {"startTime": 5.0, "endTime": 10.0, "predictions": {"probabilities": [8.280374458990991e-05, 0.1311650425195694], "logits": []}, "groundTruth": [0.0, 0.0]}, {"startTime": 10.0, "endTime": 15.0, "predictions": {"probabilities": [1.3521861546905711e-05, 0.9806913137435913], "logits": []}, "groundTruth": [0.0, 0.0]}, {"startTime": 15.0, "endTime": 20.0, "predictions": {"probabilities": [0.00019899253675248474, 0.35803890228271484], "logits": []}, "groundTruth": [0.0, 0.0]}]]}