{"modelName": "devise-221117-v1-ep150", "version": "1", "fileId": "848e2970d8884fa1b3260b4cfc1e590f", "classIds": ["Crex crex", "Scolopax rusticola"], "channels": [[{"startTime": 0.0, "endTime": 5.0, "predictions": {"probabilities": [-13.74606990814209, -6.859233379364014], "logits": [NaN, NaN]}, "groundTruth": [0.0, 0.0]}, {"startTime": 5.0, "endTime": 10.0, "predictions": {"probabilities": [-9.5938138961792, -2.419041872024536], "logits": [NaN, NaN]}, "groundTruth": [0.0, 0.0]}, {"startTime": 10.0, "endTime": 15.0, "predictions": {"probabilities": [-12.275073051452637, -5.368259429931641], "logits": [NaN, NaN]}, "groundTruth": [0.0, 0.0]}, {"startTime": 15.0, "endTime": 20.0, "predictions": {"probabilities": [-12.26321792602539, -4.098446369171143], "logits": [NaN, NaN]}, "groundTruth": [0.0, 0.0]}]]}