{"modelName": "devise-221117-v1-ep150", "version": "1", "fileId": "84cf0eb16853412cb31e6aa0ffc2d376", "classIds": ["Crex crex", "Scolopax rusticola"], "channels": [[{"startTime": 0.0, "endTime": 5.0, "predictions": {"probabilities": [1.1996014848136838e-08, 0.9998942613601685], "logits": []}, "groundTruth": [0.0, 1.0]}, {"startTime": 5.0, "endTime": 10.0, "predictions": {"probabilities": [2.0863540228788224e-08, 0.9998379945755005], "logits": []}, "groundTruth": [0.0, 1.0]}, {"startTime": 7.0, "endTime": 12.0, "predictions": {"probabilities": [1.5805461828222178e-07, 0.9999982118606567], "logits": []}, "groundTruth": [0.0, 1.0]}]]}