{"modelName": "devise-221117-v1-ep150", "version": "1", "fileId": "84d8650f4daa4e5ba44dcbf7b20914d8", "classIds": ["Crex crex", "Scolopax rusticola"], "channels": [[{"startTime": 0.0, "endTime": 5.0, "predictions": {"probabilities": [-14.197383880615234, 14.305875778198242], "logits": [NaN, NaN]}, "groundTruth": [0.0, 0.0]}, {"startTime": 5.0, "endTime": 10.0, "predictions": {"probabilities": [-20.8004207611084, 18.815431594848633], "logits": [NaN, NaN]}, "groundTruth": [0.0, 0.0]}, {"startTime": 10.0, "endTime": 15.0, "predictions": {"probabilities": [-13.562872886657715, 6.245365619659424], "logits": [NaN, NaN]}, "groundTruth": [0.0, 0.0]}, {"startTime": 15.0, "endTime": 20.0, "predictions": {"probabilities": [-10.569422721862793, 5.13323450088501], "logits": [NaN, NaN]}, "groundTruth": [0.0, 0.0]}]]}