{"modelName": "devise-221117-v1-ep150", "version": "1", "fileId": "857be10c6de54703aeb15cae40653d0d", "classIds": ["Crex crex", "Scolopax rusticola"], "channels": [[{"startTime": 0.0, "endTime": 5.0, "predictions": {"probabilities": [-10.22333812713623, -2.1585724353790283], "logits": [NaN, NaN]}, "groundTruth": [0.0, 0.0]}, {"startTime": 5.0, "endTime": 10.0, "predictions": {"probabilities": [-16.552919387817383, 16.043338775634766], "logits": [NaN, NaN]}, "groundTruth": [0.0, 1.0]}, {"startTime": 10.0, "endTime": 15.0, "predictions": {"probabilities": [-17.541364669799805, 16.47836685180664], "logits": [NaN, NaN]}, "groundTruth": [0.0, 1.0]}, {"startTime": 13.0, "endTime": 18.0, "predictions": {"probabilities": [-16.255300521850586, 16.483291625976562], "logits": [NaN, NaN]}, "groundTruth": [0.0, 1.0]}]]}