{"modelName": "devise-221117-v1-ep150", "version": "1", "fileId": "85efc832be5c4a67b20695698bab165d", "classIds": ["Crex crex", "Scolopax rusticola"], "channels": [[{"startTime": 0.0, "endTime": 5.0, "predictions": {"probabilities": [5.171130760572851e-05, 0.06937223672866821], "logits": []}, "groundTruth": [0.0, 0.0]}, {"startTime": 5.0, "endTime": 10.0, "predictions": {"probabilities": [6.160094199003652e-05, 0.44014984369277954], "logits": []}, "groundTruth": [0.0, 0.0]}, {"startTime": 10.0, "endTime": 15.0, "predictions": {"probabilities": [7.643725984962657e-05, 0.7365218997001648], "logits": []}, "groundTruth": [0.0, 0.0]}, {"startTime": 15.0, "endTime": 20.0, "predictions": {"probabilities": [0.00015010382048785686, 0.2709602117538452], "logits": []}, "groundTruth": [0.0, 0.0]}]]}