{"modelName": "devise-221117-v1-ep150", "version": "1", "fileId": "867818a7a73c4100b0a5288a9268d6d0", "classIds": ["Crex crex", "Scolopax rusticola"], "channels": [[{"startTime": 0.0, "endTime": 5.0, "predictions": {"probabilities": [3.9402457332471386e-06, 0.005753761623054743], "logits": []}, "groundTruth": [0.0, 0.0]}, {"startTime": 5.0, "endTime": 10.0, "predictions": {"probabilities": [1.1863146937685087e-05, 0.991563081741333], "logits": []}, "groundTruth": [0.0, 0.0]}, {"startTime": 10.0, "endTime": 15.0, "predictions": {"probabilities": [6.724904960719869e-05, 0.8420792818069458], "logits": []}, "groundTruth": [0.0, 0.0]}, {"startTime": 14.0, "endTime": 19.0, "predictions": {"probabilities": [3.004396376127261e-07, 0.9990735054016113], "logits": []}, "groundTruth": [0.0, 0.0]}]]}