{"modelName": "devise-221117-v1-ep150", "version": "1", "fileId": "86be2fcac5534d558e3ee502daa27e14", "classIds": ["Crex crex", "Scolopax rusticola"], "channels": [[{"startTime": 0.0, "endTime": 5.0, "predictions": {"probabilities": [0.0002956742246169597, 0.4931330382823944], "logits": []}, "groundTruth": [0.0, 0.0]}, {"startTime": 5.0, "endTime": 10.0, "predictions": {"probabilities": [0.0003963081690017134, 0.5594508647918701], "logits": []}, "groundTruth": [0.0, 0.0]}, {"startTime": 10.0, "endTime": 15.0, "predictions": {"probabilities": [5.401675298344344e-05, 0.10319794714450836], "logits": []}, "groundTruth": [0.0, 0.0]}, {"startTime": 15.0, "endTime": 20.0, "predictions": {"probabilities": [2.7780379241448827e-05, 0.43911123275756836], "logits": []}, "groundTruth": [0.0, 0.0]}]]}