{"modelName": "devise-221117-v1-ep150", "version": "1", "fileId": "86ddb57fa8894a2ab03bb4573579cfbd", "classIds": ["Crex crex", "Scolopax rusticola"], "channels": [[{"startTime": 0.0, "endTime": 5.0, "predictions": {"probabilities": [-9.37244987487793, -2.0077946186065674], "logits": [NaN, NaN]}, "groundTruth": [0.0, 0.0]}, {"startTime": 5.0, "endTime": 10.0, "predictions": {"probabilities": [-11.396209716796875, -4.461062908172607], "logits": [NaN, NaN]}, "groundTruth": [0.0, 0.0]}, {"startTime": 10.0, "endTime": 15.0, "predictions": {"probabilities": [-10.852627754211426, -4.077652931213379], "logits": [NaN, NaN]}, "groundTruth": [0.0, 0.0]}, {"startTime": 15.0, "endTime": 20.0, "predictions": {"probabilities": [-9.116671562194824, -1.2625181674957275], "logits": [NaN, NaN]}, "groundTruth": [0.0, 0.0]}]]}