{"modelName": "devise-221117-v1-ep150", "version": "1", "fileId": "86f3bb650d8f4480a3b68447f95b5358", "classIds": ["Crex crex", "Scolopax rusticola"], "channels": [[{"startTime": 0.0, "endTime": 5.0, "predictions": {"probabilities": [0.0002940210688393563, 0.40117692947387695], "logits": []}, "groundTruth": [0.0, 0.0]}, {"startTime": 5.0, "endTime": 10.0, "predictions": {"probabilities": [0.0002902172855101526, 0.5372753739356995], "logits": []}, "groundTruth": [0.0, 0.0]}, {"startTime": 10.0, "endTime": 15.0, "predictions": {"probabilities": [0.0002322922518942505, 0.34815749526023865], "logits": []}, "groundTruth": [0.0, 0.0]}, {"startTime": 15.0, "endTime": 20.0, "predictions": {"probabilities": [0.0003081705654039979, 0.5564335584640503], "logits": []}, "groundTruth": [0.0, 0.0]}]]}