{"modelName": "devise-221117-v1-ep150", "version": "1", "fileId": "874d5b0c099d40ccb32034110fbd7586", "classIds": ["Crex crex", "Scolopax rusticola"], "channels": [[{"startTime": 0.0, "endTime": 5.0, "predictions": {"probabilities": [3.1300676255341386e-06, 0.0033485721796751022], "logits": []}, "groundTruth": [0.0, 0.0]}, {"startTime": 5.0, "endTime": 10.0, "predictions": {"probabilities": [4.303833702579141e-05, 0.049444954842329025], "logits": []}, "groundTruth": [0.0, 0.0]}, {"startTime": 10.0, "endTime": 15.0, "predictions": {"probabilities": [2.3463371690013446e-05, 0.201171413064003], "logits": []}, "groundTruth": [0.0, 0.0]}, {"startTime": 15.0, "endTime": 20.0, "predictions": {"probabilities": [6.942061190784443e-06, 0.01315696444362402], "logits": []}, "groundTruth": [0.0, 0.0]}]]}