{"modelName": "devise-221117-v1-ep150", "version": "1", "fileId": "874d5b0c099d40ccb32034110fbd7586", "classIds": ["Crex crex", "Scolopax rusticola"], "channels": [[{"startTime": 0.0, "endTime": 5.0, "predictions": {"probabilities": [-12.674452781677246, -5.69586706161499], "logits": [NaN, NaN]}, "groundTruth": [0.0, 0.0]}, {"startTime": 5.0, "endTime": 10.0, "predictions": {"probabilities": [-10.053376197814941, -2.956186056137085], "logits": [NaN, NaN]}, "groundTruth": [0.0, 0.0]}, {"startTime": 10.0, "endTime": 15.0, "predictions": {"probabilities": [-10.660046577453613, -1.3789891004562378], "logits": [NaN, NaN]}, "groundTruth": [0.0, 0.0]}, {"startTime": 15.0, "endTime": 20.0, "predictions": {"probabilities": [-11.877904891967773, -4.317559719085693], "logits": [NaN, NaN]}, "groundTruth": [0.0, 0.0]}]]}