{"modelName": "devise-221117-v1-ep150", "version": "1", "fileId": "8766395626684afdb3578ce0e7523f54", "classIds": ["Crex crex", "Scolopax rusticola"], "channels": [[{"startTime": 0.0, "endTime": 5.0, "predictions": {"probabilities": [-7.751934051513672, 0.37213391065597534], "logits": [NaN, -0.523073136806488]}, "groundTruth": [0.0, 0.0]}, {"startTime": 5.0, "endTime": 10.0, "predictions": {"probabilities": [-8.830782890319824, -0.7334792017936707], "logits": [NaN, NaN]}, "groundTruth": [0.0, 0.0]}, {"startTime": 10.0, "endTime": 15.0, "predictions": {"probabilities": [-8.162245750427246, -0.8031731843948364], "logits": [NaN, NaN]}, "groundTruth": [0.0, 0.0]}, {"startTime": 15.0, "endTime": 20.0, "predictions": {"probabilities": [-9.533303260803223, -1.7374404668807983], "logits": [NaN, NaN]}, "groundTruth": [0.0, 0.0]}]]}