{"modelName": "devise-221117-v1-ep150", "version": "1", "fileId": "8794defdf33a4b398aa86419d8731099", "classIds": ["Crex crex", "Scolopax rusticola"], "channels": [[{"startTime": 0.0, "endTime": 5.0, "predictions": {"probabilities": [0.00026107803569175303, 0.33696404099464417], "logits": []}, "groundTruth": [0.0, 0.0]}, {"startTime": 5.0, "endTime": 10.0, "predictions": {"probabilities": [0.0004075976030435413, 0.4342699646949768], "logits": []}, "groundTruth": [0.0, 1.0]}, {"startTime": 10.0, "endTime": 15.0, "predictions": {"probabilities": [3.354317414050456e-06, 0.9999611377716064], "logits": []}, "groundTruth": [0.0, 1.0]}, {"startTime": 14.0, "endTime": 19.0, "predictions": {"probabilities": [8.056671504164115e-06, 0.9991258978843689], "logits": []}, "groundTruth": [0.0, 1.0]}]]}