{"modelName": "devise-221117-v1-ep150", "version": "1", "fileId": "8794defdf33a4b398aa86419d8731099", "classIds": ["Crex crex", "Scolopax rusticola"], "channels": [[{"startTime": 0.0, "endTime": 5.0, "predictions": {"probabilities": [-8.2504301071167, -0.6768529415130615], "logits": [NaN, NaN]}, "groundTruth": [0.0, 0.0]}, {"startTime": 5.0, "endTime": 10.0, "predictions": {"probabilities": [-7.8048224449157715, -0.2644506096839905], "logits": [NaN, NaN]}, "groundTruth": [0.0, 1.0]}, {"startTime": 10.0, "endTime": 15.0, "predictions": {"probabilities": [-12.60525894165039, 10.156899452209473], "logits": [NaN, NaN]}, "groundTruth": [0.0, 1.0]}, {"startTime": 14.0, "endTime": 19.0, "predictions": {"probabilities": [-11.729001998901367, 7.0413665771484375], "logits": [NaN, NaN]}, "groundTruth": [0.0, 1.0]}]]}