{"modelName": "devise-221117-v1-ep150", "version": "1", "fileId": "87da3fb8f05541da8b9c4062faf18772", "classIds": ["Crex crex", "Scolopax rusticola"], "channels": [[{"startTime": 0.0, "endTime": 5.0, "predictions": {"probabilities": [-10.185884475708008, 5.44016695022583], "logits": [NaN, NaN]}, "groundTruth": [0.0, 0.0]}, {"startTime": 5.0, "endTime": 10.0, "predictions": {"probabilities": [-9.345571517944336, -0.6489548683166504], "logits": [NaN, NaN]}, "groundTruth": [0.0, 0.0]}, {"startTime": 10.0, "endTime": 15.0, "predictions": {"probabilities": [-11.434320449829102, 3.1242427825927734], "logits": [NaN, NaN]}, "groundTruth": [0.0, 0.0]}, {"startTime": 15.0, "endTime": 20.0, "predictions": {"probabilities": [-9.151865005493164, -1.8228435516357422], "logits": [NaN, NaN]}, "groundTruth": [0.0, 0.0]}]]}