{"modelName": "devise-221117-v1-ep150", "version": "1", "fileId": "88565653856e465d81c4c9dbc921aa73", "classIds": ["Crex crex", "Scolopax rusticola"], "channels": [[{"startTime": 0.0, "endTime": 5.0, "predictions": {"probabilities": [-8.678353309631348, -0.6961473226547241], "logits": [NaN, NaN]}, "groundTruth": [0.0, 0.0]}, {"startTime": 5.0, "endTime": 10.0, "predictions": {"probabilities": [-10.085244178771973, -2.1832869052886963], "logits": [NaN, NaN]}, "groundTruth": [0.0, 0.0]}, {"startTime": 10.0, "endTime": 15.0, "predictions": {"probabilities": [-8.848793029785156, -1.1671563386917114], "logits": [NaN, NaN]}, "groundTruth": [0.0, 0.0]}, {"startTime": 15.0, "endTime": 20.0, "predictions": {"probabilities": [-10.724525451660156, 6.057682514190674], "logits": [NaN, NaN]}, "groundTruth": [0.0, 0.0]}]]}