{"modelName": "devise-221117-v1-ep150", "version": "1", "fileId": "88565653856e465d81c4c9dbc921aa73", "classIds": ["Crex crex", "Scolopax rusticola"], "channels": [[{"startTime": 0.0, "endTime": 5.0, "predictions": {"probabilities": [0.00017020218365360051, 0.33266696333885193], "logits": []}, "groundTruth": [0.0, 0.0]}, {"startTime": 5.0, "endTime": 10.0, "predictions": {"probabilities": [4.168847590335645e-05, 0.10126139968633652], "logits": []}, "groundTruth": [0.0, 0.0]}, {"startTime": 10.0, "endTime": 15.0, "predictions": {"probabilities": [0.00014353430015034974, 0.2373693734407425], "logits": []}, "groundTruth": [0.0, 0.0]}, {"startTime": 15.0, "endTime": 20.0, "predictions": {"probabilities": [2.199825394200161e-05, 0.9976656436920166], "logits": []}, "groundTruth": [0.0, 0.0]}]]}