{"modelName": "devise-221117-v1-ep150", "version": "1", "fileId": "88d5c00c009f468a93bd425845d8dbd7", "classIds": ["Crex crex", "Scolopax rusticola"], "channels": [[{"startTime": 0.0, "endTime": 5.0, "predictions": {"probabilities": [-9.263165473937988, 3.8215856552124023], "logits": [NaN, NaN]}, "groundTruth": [0.0, 1.0]}, {"startTime": 5.0, "endTime": 10.0, "predictions": {"probabilities": [-15.885961532592773, 10.568181991577148], "logits": [NaN, NaN]}, "groundTruth": [0.0, 1.0]}, {"startTime": 10.0, "endTime": 15.0, "predictions": {"probabilities": [-11.552709579467773, 6.279237747192383], "logits": [NaN, NaN]}, "groundTruth": [0.0, 1.0]}, {"startTime": 15.0, "endTime": 20.0, "predictions": {"probabilities": [-14.083147048950195, 9.766902923583984], "logits": [NaN, NaN]}, "groundTruth": [0.0, 1.0]}]]}