{"modelName": "devise-221117-v1-ep150", "version": "1", "fileId": "88d5c00c009f468a93bd425845d8dbd7", "classIds": ["Crex crex", "Scolopax rusticola"], "channels": [[{"startTime": 0.0, "endTime": 5.0, "predictions": {"probabilities": [9.484559268457815e-05, 0.9785760045051575], "logits": []}, "groundTruth": [0.0, 1.0]}, {"startTime": 5.0, "endTime": 10.0, "predictions": {"probabilities": [1.2612886735041684e-07, 0.999974250793457], "logits": []}, "groundTruth": [0.0, 1.0]}, {"startTime": 10.0, "endTime": 15.0, "predictions": {"probabilities": [9.609876542526763e-06, 0.9981287121772766], "logits": []}, "groundTruth": [0.0, 1.0]}, {"startTime": 15.0, "endTime": 20.0, "predictions": {"probabilities": [7.651852911294554e-07, 0.9999426603317261], "logits": []}, "groundTruth": [0.0, 1.0]}]]}