{"modelName": "devise-221117-v1-ep150", "version": "1", "fileId": "89e98969f64e40a1a3731c82dbae258a", "classIds": ["Crex crex", "Scolopax rusticola"], "channels": [[{"startTime": 0.0, "endTime": 5.0, "predictions": {"probabilities": [4.2753996240207925e-05, 0.18682138621807098], "logits": []}, "groundTruth": [0.0, 0.0]}, {"startTime": 5.0, "endTime": 10.0, "predictions": {"probabilities": [5.857539872522466e-05, 0.09046762436628342], "logits": []}, "groundTruth": [0.0, 0.0]}, {"startTime": 10.0, "endTime": 15.0, "predictions": {"probabilities": [6.566389492945746e-05, 0.05844439938664436], "logits": []}, "groundTruth": [0.0, 0.0]}, {"startTime": 15.0, "endTime": 20.0, "predictions": {"probabilities": [1.7443553588236682e-05, 0.05772098898887634], "logits": []}, "groundTruth": [0.0, 0.0]}]]}