{"modelName": "devise-221117-v1-ep150", "version": "1", "fileId": "8a699a8c54ac482a8c8d8dc41293c869", "classIds": ["Crex crex", "Scolopax rusticola"], "channels": [[{"startTime": 0.0, "endTime": 5.0, "predictions": {"probabilities": [4.5736895117443055e-05, 0.09211254119873047], "logits": []}, "groundTruth": [0.0, 0.0]}, {"startTime": 5.0, "endTime": 10.0, "predictions": {"probabilities": [6.536177534144372e-05, 0.1285519003868103], "logits": []}, "groundTruth": [0.0, 0.0]}, {"startTime": 10.0, "endTime": 15.0, "predictions": {"probabilities": [3.0271767172962427e-06, 0.06847696751356125], "logits": []}, "groundTruth": [0.0, 0.0]}, {"startTime": 15.0, "endTime": 20.0, "predictions": {"probabilities": [0.0001882093638414517, 0.6034326553344727], "logits": []}, "groundTruth": [0.0, 0.0]}]]}