{"modelName": "devise-221117-v1-ep150", "version": "1", "fileId": "8ac092d8db544e6faaed6e5a945b8400", "classIds": ["Crex crex", "Scolopax rusticola"], "channels": [[{"startTime": 0.0, "endTime": 5.0, "predictions": {"probabilities": [1.954009803739609e-06, 0.0029771081171929836], "logits": []}, "groundTruth": [0.0, 0.0]}, {"startTime": 5.0, "endTime": 10.0, "predictions": {"probabilities": [5.812335803057067e-05, 0.06051770597696304], "logits": []}, "groundTruth": [0.0, 0.0]}, {"startTime": 10.0, "endTime": 15.0, "predictions": {"probabilities": [1.3045676496403757e-05, 0.037142734974622726], "logits": []}, "groundTruth": [0.0, 0.0]}, {"startTime": 15.0, "endTime": 20.0, "predictions": {"probabilities": [1.6754628404669347e-06, 0.003348106052726507], "logits": []}, "groundTruth": [0.0, 0.0]}]]}