{"modelName": "devise-221117-v1-ep150", "version": "1", "fileId": "8c43f4c1486e4ec98f3bf40eb705e4be", "classIds": ["Crex crex", "Scolopax rusticola"], "channels": [[{"startTime": 0.0, "endTime": 5.0, "predictions": {"probabilities": [-9.695687294006348, -2.2105467319488525], "logits": [NaN, NaN]}, "groundTruth": [0.0, 0.0]}, {"startTime": 5.0, "endTime": 10.0, "predictions": {"probabilities": [-8.227103233337402, -0.6726306676864624], "logits": [NaN, NaN]}, "groundTruth": [0.0, 0.0]}, {"startTime": 10.0, "endTime": 15.0, "predictions": {"probabilities": [-10.37286376953125, -3.314052104949951], "logits": [NaN, NaN]}, "groundTruth": [0.0, 0.0]}, {"startTime": 15.0, "endTime": 20.0, "predictions": {"probabilities": [-8.675724029541016, -1.1344780921936035], "logits": [NaN, NaN]}, "groundTruth": [0.0, 0.0]}]]}