{"modelName": "devise-221117-v1-ep150", "version": "1", "fileId": "8cb33dba936c447295aae50ee49524bb", "classIds": ["Crex crex", "Scolopax rusticola"], "channels": [[{"startTime": 0.0, "endTime": 5.0, "predictions": {"probabilities": [-13.221634864807129, 6.881698131561279], "logits": [NaN, NaN]}, "groundTruth": [0.0, 1.0]}, {"startTime": 5.0, "endTime": 10.0, "predictions": {"probabilities": [-13.094366073608398, 6.273651599884033], "logits": [NaN, NaN]}, "groundTruth": [0.0, 1.0]}, {"startTime": 10.0, "endTime": 15.0, "predictions": {"probabilities": [-11.577499389648438, -4.527374744415283], "logits": [NaN, NaN]}, "groundTruth": [0.0, 1.0]}, {"startTime": 11.0, "endTime": 16.0, "predictions": {"probabilities": [-9.563190460205078, -1.8418444395065308], "logits": [NaN, NaN]}, "groundTruth": [0.0, 1.0]}]]}