{"modelName": "devise-221117-v1-ep150", "version": "1", "fileId": "8d108622c3e8466888ea0cb27859000d", "classIds": ["Crex crex", "Scolopax rusticola"], "channels": [[{"startTime": 0.0, "endTime": 5.0, "predictions": {"probabilities": [4.8745485401013866e-05, 0.04605526849627495], "logits": []}, "groundTruth": [0.0, 0.0]}, {"startTime": 5.0, "endTime": 10.0, "predictions": {"probabilities": [0.0003638981725089252, 0.5398439168930054], "logits": []}, "groundTruth": [0.0, 0.0]}, {"startTime": 10.0, "endTime": 15.0, "predictions": {"probabilities": [0.0004111811867915094, 0.5417424440383911], "logits": []}, "groundTruth": [0.0, 0.0]}, {"startTime": 15.0, "endTime": 20.0, "predictions": {"probabilities": [0.00010452493734192103, 0.15114107728004456], "logits": []}, "groundTruth": [0.0, 0.0]}]]}