{"modelName": "devise-221117-v1-ep150", "version": "1", "fileId": "8d295858ae404aaea0a4fd759c3cf918", "classIds": ["Crex crex", "Scolopax rusticola"], "channels": [[{"startTime": 0.0, "endTime": 5.0, "predictions": {"probabilities": [-9.238378524780273, -2.1669766902923584], "logits": [NaN, NaN]}, "groundTruth": [0.0, 0.0]}, {"startTime": 5.0, "endTime": 10.0, "predictions": {"probabilities": [-11.937082290649414, -3.3136539459228516], "logits": [NaN, NaN]}, "groundTruth": [0.0, 0.0]}, {"startTime": 10.0, "endTime": 15.0, "predictions": {"probabilities": [-15.257356643676758, -8.414266586303711], "logits": [NaN, NaN]}, "groundTruth": [0.0, 0.0]}, {"startTime": 15.0, "endTime": 20.0, "predictions": {"probabilities": [-17.079402923583984, 9.302003860473633], "logits": [NaN, NaN]}, "groundTruth": [0.0, 0.0]}]]}