{"modelName": "devise-221117-v1-ep150", "version": "1", "fileId": "8d295858ae404aaea0a4fd759c3cf918", "classIds": ["Crex crex", "Scolopax rusticola"], "channels": [[{"startTime": 0.0, "endTime": 5.0, "predictions": {"probabilities": [9.722566755954176e-05, 0.10275544226169586], "logits": []}, "groundTruth": [0.0, 0.0]}, {"startTime": 5.0, "endTime": 10.0, "predictions": {"probabilities": [6.5431700022600126e-06, 0.035105738788843155], "logits": []}, "groundTruth": [0.0, 0.0]}, {"startTime": 10.0, "endTime": 15.0, "predictions": {"probabilities": [2.3649070612918877e-07, 0.00022163288667798042], "logits": []}, "groundTruth": [0.0, 0.0]}, {"startTime": 15.0, "endTime": 20.0, "predictions": {"probabilities": [3.8239264199546597e-08, 0.9999088048934937], "logits": []}, "groundTruth": [0.0, 0.0]}]]}