{"modelName": "devise-221117-v1-ep150", "version": "1", "fileId": "8d626958e8094dc18fcce6dcc2307022", "classIds": ["Crex crex", "Scolopax rusticola"], "channels": [[{"startTime": 0.0, "endTime": 5.0, "predictions": {"probabilities": [-11.088263511657715, -3.6900625228881836], "logits": [NaN, NaN]}, "groundTruth": [0.0, 0.0]}, {"startTime": 5.0, "endTime": 10.0, "predictions": {"probabilities": [-11.36674690246582, 0.4698750674724579], "logits": [NaN, -0.12064582109451294]}, "groundTruth": [0.0, 0.0]}, {"startTime": 10.0, "endTime": 15.0, "predictions": {"probabilities": [-11.014607429504395, -3.7105906009674072], "logits": [NaN, NaN]}, "groundTruth": [0.0, 0.0]}, {"startTime": 14.0, "endTime": 19.0, "predictions": {"probabilities": [-10.308144569396973, -2.7285895347595215], "logits": [NaN, NaN]}, "groundTruth": [0.0, 0.0]}]]}