{"modelName": "devise-221117-v1-ep150", "version": "1", "fileId": "8d8cf5cfb7554ca49820ae3796f6bc2a", "classIds": ["Crex crex", "Scolopax rusticola"], "channels": [[{"startTime": 0.0, "endTime": 5.0, "predictions": {"probabilities": [-13.213603973388672, 5.476639270782471], "logits": [NaN, NaN]}, "groundTruth": [0.0, 0.0]}, {"startTime": 5.0, "endTime": 10.0, "predictions": {"probabilities": [-10.01805305480957, -3.0762078762054443], "logits": [NaN, NaN]}, "groundTruth": [0.0, 0.0]}, {"startTime": 10.0, "endTime": 15.0, "predictions": {"probabilities": [-7.670156002044678, 1.2730859518051147], "logits": [NaN, NaN]}, "groundTruth": [0.0, 0.0]}, {"startTime": 15.0, "endTime": 20.0, "predictions": {"probabilities": [-9.51699161529541, 1.6486196517944336], "logits": [NaN, NaN]}, "groundTruth": [0.0, 0.0]}]]}