{"modelName": "devise-221117-v1-ep150", "version": "1", "fileId": "8e2d785b6a4e41f2b2787e87b80e714e", "classIds": ["Crex crex", "Scolopax rusticola"], "channels": [[{"startTime": 0.0, "endTime": 5.0, "predictions": {"probabilities": [-13.813026428222656, 1.9745135307312012], "logits": [NaN, NaN]}, "groundTruth": [0.0, 0.0]}, {"startTime": 5.0, "endTime": 10.0, "predictions": {"probabilities": [-12.792184829711914, -5.862303256988525], "logits": [NaN, NaN]}, "groundTruth": [0.0, 1.0]}, {"startTime": 8.0, "endTime": 13.0, "predictions": {"probabilities": [-10.397830963134766, -1.7789524793624878], "logits": [NaN, NaN]}, "groundTruth": [0.0, 1.0]}]]}