{"modelName": "devise-221117-v1-ep150", "version": "1", "fileId": "8e2d785b6a4e41f2b2787e87b80e714e", "classIds": ["Crex crex", "Scolopax rusticola"], "channels": [[{"startTime": 0.0, "endTime": 5.0, "predictions": {"probabilities": [1.0024862149293767e-06, 0.8780950307846069], "logits": []}, "groundTruth": [0.0, 0.0]}, {"startTime": 5.0, "endTime": 10.0, "predictions": {"probabilities": [2.7824253265862353e-06, 0.002836614614352584], "logits": []}, "groundTruth": [0.0, 1.0]}, {"startTime": 8.0, "endTime": 13.0, "predictions": {"probabilities": [3.049763290619012e-05, 0.14443252980709076], "logits": []}, "groundTruth": [0.0, 1.0]}]]}