{"modelName": "devise-221117-v1-ep150", "version": "1", "fileId": "8eb38e64e3594683aa0c9af8af449b9a", "classIds": ["Crex crex", "Scolopax rusticola"], "channels": [[{"startTime": 0.0, "endTime": 5.0, "predictions": {"probabilities": [0.000493857020046562, 0.5961910486221313], "logits": []}, "groundTruth": [0.0, 0.0]}, {"startTime": 5.0, "endTime": 10.0, "predictions": {"probabilities": [0.00022746848117094487, 0.2823737561702728], "logits": []}, "groundTruth": [0.0, 0.0]}, {"startTime": 10.0, "endTime": 15.0, "predictions": {"probabilities": [0.0002925212902482599, 0.5024031400680542], "logits": []}, "groundTruth": [0.0, 0.0]}, {"startTime": 15.0, "endTime": 20.0, "predictions": {"probabilities": [0.00027742882957682014, 0.7515252828598022], "logits": []}, "groundTruth": [0.0, 0.0]}]]}