{"modelName": "devise-221117-v1-ep150", "version": "1", "fileId": "8ed85e7759df461aa02d5a5febd4f540", "classIds": ["Crex crex", "Scolopax rusticola"], "channels": [[{"startTime": 0.0, "endTime": 5.0, "predictions": {"probabilities": [0.0005198043072596192, 0.690199077129364], "logits": []}, "groundTruth": [0.0, 0.0]}, {"startTime": 5.0, "endTime": 10.0, "predictions": {"probabilities": [0.00031247935839928687, 0.5298659205436707], "logits": []}, "groundTruth": [0.0, 0.0]}, {"startTime": 10.0, "endTime": 15.0, "predictions": {"probabilities": [0.00021302806271705776, 0.443305641412735], "logits": []}, "groundTruth": [0.0, 0.0]}, {"startTime": 15.0, "endTime": 20.0, "predictions": {"probabilities": [4.650858318200335e-05, 0.9143499732017517], "logits": []}, "groundTruth": [0.0, 0.0]}]]}