{"modelName": "devise-221117-v1-ep150", "version": "1", "fileId": "8f3b2ec6d2ff4beb9fa0568c06cfc660", "classIds": ["Crex crex", "Scolopax rusticola"], "channels": [[{"startTime": 0.0, "endTime": 5.0, "predictions": {"probabilities": [0.0002627130306791514, 0.30947068333625793], "logits": []}, "groundTruth": [0.0, 0.0]}, {"startTime": 5.0, "endTime": 10.0, "predictions": {"probabilities": [1.1119986083940603e-05, 0.011688761413097382], "logits": []}, "groundTruth": [0.0, 0.0]}, {"startTime": 10.0, "endTime": 15.0, "predictions": {"probabilities": [1.0737216143752448e-05, 0.015056716278195381], "logits": []}, "groundTruth": [0.0, 0.0]}, {"startTime": 15.0, "endTime": 20.0, "predictions": {"probabilities": [1.2487730600696523e-05, 0.01486216951161623], "logits": []}, "groundTruth": [0.0, 0.0]}]]}