{"modelName": "devise-221117-v1-ep150", "version": "1", "fileId": "90cbac7a731843b88fff4f0a6bfbbc66", "classIds": ["Crex crex", "Scolopax rusticola"], "channels": [[{"startTime": 0.0, "endTime": 5.0, "predictions": {"probabilities": [5.383151346904924e-07, 0.9999821186065674], "logits": []}, "groundTruth": [0.0, 1.0]}, {"startTime": 5.0, "endTime": 10.0, "predictions": {"probabilities": [7.523516387664131e-08, 0.9993519186973572], "logits": []}, "groundTruth": [0.0, 1.0]}, {"startTime": 10.0, "endTime": 15.0, "predictions": {"probabilities": [2.0177540136501193e-06, 0.9997534155845642], "logits": []}, "groundTruth": [0.0, 1.0]}, {"startTime": 12.0, "endTime": 17.0, "predictions": {"probabilities": [5.355198595680122e-08, 0.9999995231628418], "logits": []}, "groundTruth": [0.0, 1.0]}]]}