{"modelName": "devise-221117-v1-ep150", "version": "1", "fileId": "91e39b1646034322a051950930972c85", "classIds": ["Crex crex", "Scolopax rusticola"], "channels": [[{"startTime": 0.0, "endTime": 5.0, "predictions": {"probabilities": [-8.451277732849121, -0.4609074592590332], "logits": [NaN, NaN]}, "groundTruth": [0.0, 0.0]}, {"startTime": 5.0, "endTime": 10.0, "predictions": {"probabilities": [-8.37932300567627, -0.2748599052429199], "logits": [NaN, NaN]}, "groundTruth": [0.0, 0.0]}, {"startTime": 10.0, "endTime": 15.0, "predictions": {"probabilities": [-8.353281021118164, -0.7340834140777588], "logits": [NaN, NaN]}, "groundTruth": [0.0, 0.0]}, {"startTime": 15.0, "endTime": 20.0, "predictions": {"probabilities": [-7.59607458114624, 0.558562695980072], "logits": [NaN, 0.23533084988594055]}, "groundTruth": [0.0, 0.0]}]]}