{"modelName": "devise-221117-v1-ep150", "version": "1", "fileId": "9234a7dc027c4d748364e41f6f38ca88", "classIds": ["Crex crex", "Scolopax rusticola"], "channels": [[{"startTime": 0.0, "endTime": 5.0, "predictions": {"probabilities": [4.567077849060297e-05, 0.07338318228721619], "logits": []}, "groundTruth": [0.0, 0.0]}, {"startTime": 5.0, "endTime": 10.0, "predictions": {"probabilities": [0.0002947648463305086, 0.3699624538421631], "logits": []}, "groundTruth": [0.0, 0.0]}, {"startTime": 10.0, "endTime": 15.0, "predictions": {"probabilities": [9.616009265300818e-06, 0.039031416177749634], "logits": []}, "groundTruth": [0.0, 0.0]}, {"startTime": 15.0, "endTime": 20.0, "predictions": {"probabilities": [6.627575203310698e-06, 0.3205679953098297], "logits": []}, "groundTruth": [0.0, 0.0]}]]}