{"modelName": "devise-221117-v1-ep150", "version": "1", "fileId": "93b24c28d3b3417fa121961a3f501360", "classIds": ["Crex crex", "Scolopax rusticola"], "channels": [[{"startTime": 0.0, "endTime": 5.0, "predictions": {"probabilities": [-8.628921508789062, -1.6669062376022339], "logits": [NaN, NaN]}, "groundTruth": [0.0, 0.0]}, {"startTime": 5.0, "endTime": 10.0, "predictions": {"probabilities": [-9.152558326721191, -1.7067697048187256], "logits": [NaN, NaN]}, "groundTruth": [0.0, 0.0]}, {"startTime": 10.0, "endTime": 15.0, "predictions": {"probabilities": [-9.20494556427002, -1.8924720287322998], "logits": [NaN, NaN]}, "groundTruth": [0.0, 0.0]}, {"startTime": 15.0, "endTime": 20.0, "predictions": {"probabilities": [-7.807351112365723, 0.523406982421875], "logits": [NaN, 0.09369643032550812]}, "groundTruth": [0.0, 0.0]}]]}