{"modelName": "devise-221117-v1-ep150", "version": "1", "fileId": "93d63f6fb90d4c46a7fd11bace7055c1", "classIds": ["Crex crex", "Scolopax rusticola"], "channels": [[{"startTime": 0.0, "endTime": 5.0, "predictions": {"probabilities": [-16.47378921508789, 16.004989624023438], "logits": [NaN, NaN]}, "groundTruth": [0.0, 1.0]}, {"startTime": 5.0, "endTime": 10.0, "predictions": {"probabilities": [-12.503296852111816, 6.9227142333984375], "logits": [NaN, NaN]}, "groundTruth": [0.0, 1.0]}, {"startTime": 10.0, "endTime": 15.0, "predictions": {"probabilities": [-15.22516918182373, 13.063655853271484], "logits": [NaN, NaN]}, "groundTruth": [0.0, 1.0]}, {"startTime": 12.0, "endTime": 17.0, "predictions": {"probabilities": [-20.776805877685547, 22.697420120239258], "logits": [NaN, NaN]}, "groundTruth": [0.0, 1.0]}]]}