{"modelName": "devise-221117-v1-ep150", "version": "1", "fileId": "93f1cc63dcad49ea9d739c3001ae7e1b", "classIds": ["Crex crex", "Scolopax rusticola"], "channels": [[{"startTime": 0.0, "endTime": 5.0, "predictions": {"probabilities": [2.675090172488126e-06, 0.9944484233856201], "logits": []}, "groundTruth": [0.0, 0.0]}, {"startTime": 5.0, "endTime": 10.0, "predictions": {"probabilities": [9.168963879346848e-05, 0.13418151438236237], "logits": []}, "groundTruth": [0.0, 0.0]}, {"startTime": 10.0, "endTime": 15.0, "predictions": {"probabilities": [0.000299207866191864, 0.6278906464576721], "logits": []}, "groundTruth": [0.0, 0.0]}, {"startTime": 15.0, "endTime": 20.0, "predictions": {"probabilities": [6.860325811430812e-05, 0.07374086230993271], "logits": []}, "groundTruth": [0.0, 0.0]}]]}