{"modelName": "devise-221117-v1-ep150", "version": "1", "fileId": "9435ee6fc1ef4d7c8fd169b6f9a55748", "classIds": ["Crex crex", "Scolopax rusticola"], "channels": [[{"startTime": 0.0, "endTime": 5.0, "predictions": {"probabilities": [2.1685151295969263e-05, 0.028782188892364502], "logits": []}, "groundTruth": [0.0, 0.0]}, {"startTime": 5.0, "endTime": 10.0, "predictions": {"probabilities": [1.6902238712646067e-05, 0.019816601648926735], "logits": []}, "groundTruth": [0.0, 0.0]}, {"startTime": 10.0, "endTime": 15.0, "predictions": {"probabilities": [1.8166439986089244e-05, 0.030740635469555855], "logits": []}, "groundTruth": [0.0, 0.0]}, {"startTime": 15.0, "endTime": 20.0, "predictions": {"probabilities": [5.205862180446275e-06, 0.10570342093706131], "logits": []}, "groundTruth": [0.0, 0.0]}]]}