{"modelName": "devise-221117-v1-ep150", "version": "1", "fileId": "947bff26e8c743b49d180578943d94a6", "classIds": ["Crex crex", "Scolopax rusticola"], "channels": [[{"startTime": 0.0, "endTime": 5.0, "predictions": {"probabilities": [-16.307497024536133, 9.94650936126709], "logits": [NaN, NaN]}, "groundTruth": [0.0, 1.0]}, {"startTime": 5.0, "endTime": 10.0, "predictions": {"probabilities": [-12.992692947387695, 11.650362014770508], "logits": [NaN, NaN]}, "groundTruth": [0.0, 1.0]}, {"startTime": 8.0, "endTime": 13.0, "predictions": {"probabilities": [-8.600292205810547, 1.9485442638397217], "logits": [NaN, NaN]}, "groundTruth": [0.0, 1.0]}]]}