{"modelName": "devise-221117-v1-ep150", "version": "1", "fileId": "947bff26e8c743b49d180578943d94a6", "classIds": ["Crex crex", "Scolopax rusticola"], "channels": [[{"startTime": 0.0, "endTime": 5.0, "predictions": {"probabilities": [8.274543006336899e-08, 0.9999520778656006], "logits": []}, "groundTruth": [0.0, 1.0]}, {"startTime": 5.0, "endTime": 10.0, "predictions": {"probabilities": [2.276901113873464e-06, 0.9999912977218628], "logits": []}, "groundTruth": [0.0, 1.0]}, {"startTime": 8.0, "endTime": 13.0, "predictions": {"probabilities": [0.0001840181357692927, 0.8752878308296204], "logits": []}, "groundTruth": [0.0, 1.0]}]]}