{"modelName": "devise-221117-v1-ep150", "version": "1", "fileId": "94c5c417c3b241e2af3b78b836969334", "classIds": ["Crex crex", "Scolopax rusticola"], "channels": [[{"startTime": 0.0, "endTime": 5.0, "predictions": {"probabilities": [2.51959977504157e-06, 0.004024564754217863], "logits": []}, "groundTruth": [0.0, 0.0]}, {"startTime": 5.0, "endTime": 10.0, "predictions": {"probabilities": [0.0003510960377752781, 0.3299567401409149], "logits": []}, "groundTruth": [0.0, 0.0]}, {"startTime": 10.0, "endTime": 15.0, "predictions": {"probabilities": [5.91056450502947e-05, 0.08634446561336517], "logits": []}, "groundTruth": [0.0, 0.0]}, {"startTime": 15.0, "endTime": 20.0, "predictions": {"probabilities": [0.0002090068010147661, 0.20193131268024445], "logits": []}, "groundTruth": [0.0, 0.0]}]]}