{"modelName": "devise-221117-v1-ep150", "version": "1", "fileId": "94c5c417c3b241e2af3b78b836969334", "classIds": ["Crex crex", "Scolopax rusticola"], "channels": [[{"startTime": 0.0, "endTime": 5.0, "predictions": {"probabilities": [-12.89140796661377, -5.511305809020996], "logits": [NaN, NaN]}, "groundTruth": [0.0, 0.0]}, {"startTime": 5.0, "endTime": 10.0, "predictions": {"probabilities": [-7.954099655151367, -0.7083806991577148], "logits": [NaN, NaN]}, "groundTruth": [0.0, 0.0]}, {"startTime": 10.0, "endTime": 15.0, "predictions": {"probabilities": [-9.736124992370605, -2.3591089248657227], "logits": [NaN, NaN]}, "groundTruth": [0.0, 0.0]}, {"startTime": 15.0, "endTime": 20.0, "predictions": {"probabilities": [-8.47293472290039, -1.3742671012878418], "logits": [NaN, NaN]}, "groundTruth": [0.0, 0.0]}]]}