{"modelName": "devise-221117-v1-ep150", "version": "1", "fileId": "9505ac728851423abed5fe8767f93f9b", "classIds": ["Crex crex", "Scolopax rusticola"], "channels": [[{"startTime": 0.0, "endTime": 5.0, "predictions": {"probabilities": [-7.725047588348389, 0.15825732052326202], "logits": [NaN, -1.6712521314620972]}, "groundTruth": [0.0, 0.0]}, {"startTime": 5.0, "endTime": 10.0, "predictions": {"probabilities": [-7.727189540863037, -0.04538068175315857], "logits": [NaN, NaN]}, "groundTruth": [0.0, 0.0]}, {"startTime": 10.0, "endTime": 15.0, "predictions": {"probabilities": [-9.098346710205078, -0.4255508482456207], "logits": [NaN, NaN]}, "groundTruth": [0.0, 0.0]}, {"startTime": 15.0, "endTime": 20.0, "predictions": {"probabilities": [-8.926565170288086, -1.633156180381775], "logits": [NaN, NaN]}, "groundTruth": [0.0, 0.0]}]]}