{"modelName": "devise-221117-v1-ep150", "version": "1", "fileId": "9590526b7aa247d6bf326d88aa16ddbd", "classIds": ["Crex crex", "Scolopax rusticola"], "channels": [[{"startTime": 0.0, "endTime": 5.0, "predictions": {"probabilities": [0.00014895149797666818, 0.4803950786590576], "logits": []}, "groundTruth": [0.0, 0.0]}, {"startTime": 5.0, "endTime": 10.0, "predictions": {"probabilities": [0.00033406162401661277, 0.4768425226211548], "logits": []}, "groundTruth": [0.0, 0.0]}, {"startTime": 10.0, "endTime": 15.0, "predictions": {"probabilities": [0.00023021173547022045, 0.40773913264274597], "logits": []}, "groundTruth": [0.0, 0.0]}, {"startTime": 15.0, "endTime": 20.0, "predictions": {"probabilities": [0.0006038230494596064, 0.7043777108192444], "logits": []}, "groundTruth": [0.0, 0.0]}]]}