{"modelName": "devise-221117-v1-ep150", "version": "1", "fileId": "9597f9665ee34057b87020a804c51ec9", "classIds": ["Crex crex", "Scolopax rusticola"], "channels": [[{"startTime": 0.0, "endTime": 5.0, "predictions": {"probabilities": [7.282240144235175e-09, 1.0], "logits": []}, "groundTruth": [0.0, 1.0]}, {"startTime": 5.0, "endTime": 10.0, "predictions": {"probabilities": [2.2083513613324612e-06, 0.9945830702781677], "logits": []}, "groundTruth": [0.0, 1.0]}, {"startTime": 10.0, "endTime": 15.0, "predictions": {"probabilities": [3.5372730167182453e-07, 0.9999966621398926], "logits": []}, "groundTruth": [0.0, 1.0]}, {"startTime": 11.0, "endTime": 16.0, "predictions": {"probabilities": [1.2001905815850478e-06, 0.9999526739120483], "logits": []}, "groundTruth": [0.0, 1.0]}]]}