{"modelName": "devise-221117-v1-ep150", "version": "1", "fileId": "9597f9665ee34057b87020a804c51ec9", "classIds": ["Crex crex", "Scolopax rusticola"], "channels": [[{"startTime": 0.0, "endTime": 5.0, "predictions": {"probabilities": [-18.73782730102539, 18.124284744262695], "logits": [NaN, NaN]}, "groundTruth": [0.0, 1.0]}, {"startTime": 5.0, "endTime": 10.0, "predictions": {"probabilities": [-13.023262023925781, 5.212796211242676], "logits": [NaN, NaN]}, "groundTruth": [0.0, 1.0]}, {"startTime": 10.0, "endTime": 15.0, "predictions": {"probabilities": [-14.85473918914795, 12.624505996704102], "logits": [NaN, NaN]}, "groundTruth": [0.0, 1.0]}, {"startTime": 11.0, "endTime": 16.0, "predictions": {"probabilities": [-13.633028984069824, 9.957527160644531], "logits": [NaN, NaN]}, "groundTruth": [0.0, 1.0]}]]}