{"modelName": "devise-221117-v1-ep150", "version": "1", "fileId": "95b9d016da0d4c36ab8343668d4d0c91", "classIds": ["Crex crex", "Scolopax rusticola"], "channels": [[{"startTime": 0.0, "endTime": 5.0, "predictions": {"probabilities": [-10.690215110778809, 1.5105146169662476], "logits": [NaN, NaN]}, "groundTruth": [0.0, 0.0]}, {"startTime": 5.0, "endTime": 10.0, "predictions": {"probabilities": [-9.670445442199707, -1.5048816204071045], "logits": [NaN, NaN]}, "groundTruth": [0.0, 0.0]}, {"startTime": 10.0, "endTime": 15.0, "predictions": {"probabilities": [-9.577598571777344, -1.9205914735794067], "logits": [NaN, NaN]}, "groundTruth": [0.0, 0.0]}, {"startTime": 15.0, "endTime": 20.0, "predictions": {"probabilities": [-10.304854393005371, 2.9576187133789062], "logits": [NaN, NaN]}, "groundTruth": [0.0, 0.0]}]]}