{"modelName": "devise-221117-v1-ep150", "version": "1", "fileId": "960da8c7e32d4108855e193812ec44ec", "classIds": ["Crex crex", "Scolopax rusticola"], "channels": [[{"startTime": 0.0, "endTime": 5.0, "predictions": {"probabilities": [0.0002167989732697606, 0.3459063768386841], "logits": []}, "groundTruth": [0.0, 0.0]}, {"startTime": 5.0, "endTime": 10.0, "predictions": {"probabilities": [0.0005513255600817502, 0.7572218179702759], "logits": []}, "groundTruth": [0.0, 0.0]}, {"startTime": 10.0, "endTime": 15.0, "predictions": {"probabilities": [0.00028639688389375806, 0.3238770365715027], "logits": []}, "groundTruth": [0.0, 0.0]}, {"startTime": 15.0, "endTime": 20.0, "predictions": {"probabilities": [4.928643465973437e-05, 0.08051662892103195], "logits": []}, "groundTruth": [0.0, 0.0]}]]}