{"modelName": "devise-221117-v1-ep150", "version": "1", "fileId": "960da8c7e32d4108855e193812ec44ec", "classIds": ["Crex crex", "Scolopax rusticola"], "channels": [[{"startTime": 0.0, "endTime": 5.0, "predictions": {"probabilities": [-8.436323165893555, -0.6370823383331299], "logits": [NaN, NaN]}, "groundTruth": [0.0, 0.0]}, {"startTime": 5.0, "endTime": 10.0, "predictions": {"probabilities": [-7.502633571624756, 1.1375081539154053], "logits": [NaN, NaN]}, "groundTruth": [0.0, 0.0]}, {"startTime": 10.0, "endTime": 15.0, "predictions": {"probabilities": [-8.157845497131348, -0.7360110878944397], "logits": [NaN, NaN]}, "groundTruth": [0.0, 0.0]}, {"startTime": 15.0, "endTime": 20.0, "predictions": {"probabilities": [-9.91781234741211, -2.4353482723236084], "logits": [NaN, NaN]}, "groundTruth": [0.0, 0.0]}]]}