{"modelName": "devise-221117-v1-ep150", "version": "1", "fileId": "96240cac3e3344538ccac32c0f9002ab", "classIds": ["Crex crex", "Scolopax rusticola"], "channels": [[{"startTime": 0.0, "endTime": 5.0, "predictions": {"probabilities": [-8.888635635375977, -0.71509850025177], "logits": [NaN, NaN]}, "groundTruth": [0.0, 0.0]}, {"startTime": 5.0, "endTime": 10.0, "predictions": {"probabilities": [-13.1444091796875, -6.355738162994385], "logits": [NaN, NaN]}, "groundTruth": [0.0, 0.0]}, {"startTime": 10.0, "endTime": 15.0, "predictions": {"probabilities": [-9.656615257263184, -2.2541794776916504], "logits": [NaN, NaN]}, "groundTruth": [0.0, 0.0]}, {"startTime": 15.0, "endTime": 20.0, "predictions": {"probabilities": [-10.520482063293457, -3.7141342163085938], "logits": [NaN, NaN]}, "groundTruth": [0.0, 0.0]}]]}