{"modelName": "devise-221117-v1-ep150", "version": "1", "fileId": "9653f2555a1c425584c2acf3401d05f4", "classIds": ["Crex crex", "Scolopax rusticola"], "channels": [[{"startTime": 0.0, "endTime": 5.0, "predictions": {"probabilities": [1.0835948160092812e-05, 0.007977867498993874], "logits": []}, "groundTruth": [0.0, 0.0]}, {"startTime": 5.0, "endTime": 10.0, "predictions": {"probabilities": [4.033776349388063e-05, 0.06579749286174774], "logits": []}, "groundTruth": [0.0, 0.0]}, {"startTime": 10.0, "endTime": 15.0, "predictions": {"probabilities": [0.00028871846734546125, 0.33316856622695923], "logits": []}, "groundTruth": [0.0, 0.0]}, {"startTime": 15.0, "endTime": 20.0, "predictions": {"probabilities": [2.044992106675636e-05, 0.0255119688808918], "logits": []}, "groundTruth": [0.0, 0.0]}]]}