{"modelName": "devise-221117-v1-ep150", "version": "1", "fileId": "967a19cb31024594ab203a8ee49987a5", "classIds": ["Crex crex", "Scolopax rusticola"], "channels": [[{"startTime": 0.0, "endTime": 5.0, "predictions": {"probabilities": [0.00028729060431942344, 0.7657867670059204], "logits": []}, "groundTruth": [0.0, 0.0]}, {"startTime": 5.0, "endTime": 10.0, "predictions": {"probabilities": [0.00040876728598959744, 0.5164036750793457], "logits": []}, "groundTruth": [0.0, 0.0]}, {"startTime": 10.0, "endTime": 15.0, "predictions": {"probabilities": [0.00019239637185819447, 0.3587082028388977], "logits": []}, "groundTruth": [0.0, 0.0]}, {"startTime": 15.0, "endTime": 20.0, "predictions": {"probabilities": [0.0002476136141922325, 0.4442973732948303], "logits": []}, "groundTruth": [0.0, 0.0]}]]}