{"modelName": "devise-221117-v1-ep150", "version": "1", "fileId": "967a19cb31024594ab203a8ee49987a5", "classIds": ["Crex crex", "Scolopax rusticola"], "channels": [[{"startTime": 0.0, "endTime": 5.0, "predictions": {"probabilities": [-8.154728889465332, 1.1846716403961182], "logits": [NaN, NaN]}, "groundTruth": [0.0, 0.0]}, {"startTime": 5.0, "endTime": 10.0, "predictions": {"probabilities": [-7.801955699920654, 0.06563826650381088], "logits": [NaN, -2.655704975128174]}, "groundTruth": [0.0, 0.0]}, {"startTime": 10.0, "endTime": 15.0, "predictions": {"probabilities": [-8.555760383605957, -0.5809752345085144], "logits": [NaN, NaN]}, "groundTruth": [0.0, 0.0]}, {"startTime": 15.0, "endTime": 20.0, "predictions": {"probabilities": [-8.303393363952637, -0.2237391322851181], "logits": [NaN, NaN]}, "groundTruth": [0.0, 0.0]}]]}