{"modelName": "devise-221117-v1-ep150", "version": "1", "fileId": "9734f288f972432298534f821dc3cd31", "classIds": ["Crex crex", "Scolopax rusticola"], "channels": [[{"startTime": 0.0, "endTime": 5.0, "predictions": {"probabilities": [-10.70749568939209, -1.9519150257110596], "logits": [NaN, NaN]}, "groundTruth": [0.0, 0.0]}, {"startTime": 5.0, "endTime": 10.0, "predictions": {"probabilities": [-10.064647674560547, -2.40960431098938], "logits": [NaN, NaN]}, "groundTruth": [0.0, 0.0]}, {"startTime": 10.0, "endTime": 15.0, "predictions": {"probabilities": [-10.57460880279541, -3.514474630355835], "logits": [NaN, NaN]}, "groundTruth": [0.0, 0.0]}, {"startTime": 15.0, "endTime": 20.0, "predictions": {"probabilities": [-9.058398246765137, -1.7857840061187744], "logits": [NaN, NaN]}, "groundTruth": [0.0, 0.0]}]]}