{"modelName": "devise-221117-v1-ep150", "version": "1", "fileId": "9734f288f972432298534f821dc3cd31", "classIds": ["Crex crex", "Scolopax rusticola"], "channels": [[{"startTime": 0.0, "endTime": 5.0, "predictions": {"probabilities": [2.2376079868990928e-05, 0.12434470653533936], "logits": []}, "groundTruth": [0.0, 0.0]}, {"startTime": 5.0, "endTime": 10.0, "predictions": {"probabilities": [4.2555977415759116e-05, 0.0824432447552681], "logits": []}, "groundTruth": [0.0, 0.0]}, {"startTime": 10.0, "endTime": 15.0, "predictions": {"probabilities": [2.5556104446877725e-05, 0.028903178870677948], "logits": []}, "groundTruth": [0.0, 0.0]}, {"startTime": 15.0, "endTime": 20.0, "predictions": {"probabilities": [0.00011639573494903743, 0.14359040558338165], "logits": []}, "groundTruth": [0.0, 0.0]}]]}