{"modelName": "devise-221117-v1-ep150", "version": "1", "fileId": "9815e739735f40248beea104bc9bc390", "classIds": ["Crex crex", "Scolopax rusticola"], "channels": [[{"startTime": 0.0, "endTime": 5.0, "predictions": {"probabilities": [-7.63887357711792, 0.4728887379169464], "logits": [NaN, -0.10855156183242798]}, "groundTruth": [0.0, 0.0]}, {"startTime": 5.0, "endTime": 10.0, "predictions": {"probabilities": [-8.726447105407715, -0.7463517189025879], "logits": [NaN, NaN]}, "groundTruth": [0.0, 0.0]}, {"startTime": 10.0, "endTime": 15.0, "predictions": {"probabilities": [-9.335577011108398, -1.8042469024658203], "logits": [NaN, NaN]}, "groundTruth": [0.0, 0.0]}, {"startTime": 15.0, "endTime": 20.0, "predictions": {"probabilities": [-9.575031280517578, -2.394752025604248], "logits": [NaN, NaN]}, "groundTruth": [0.0, 0.0]}]]}