{"modelName": "devise-221117-v1-ep150", "version": "1", "fileId": "984c769cfbc448cc938c308bad12dc1e", "classIds": ["Crex crex", "Scolopax rusticola"], "channels": [[{"startTime": 0.0, "endTime": 5.0, "predictions": {"probabilities": [-9.525090217590332, -2.2650632858276367], "logits": [NaN, NaN]}, "groundTruth": [0.0, 0.0]}, {"startTime": 5.0, "endTime": 10.0, "predictions": {"probabilities": [-9.029288291931152, -0.9910140037536621], "logits": [NaN, NaN]}, "groundTruth": [0.0, 0.0]}, {"startTime": 10.0, "endTime": 15.0, "predictions": {"probabilities": [-9.813225746154785, -2.7738723754882812], "logits": [NaN, NaN]}, "groundTruth": [0.0, 0.0]}, {"startTime": 15.0, "endTime": 20.0, "predictions": {"probabilities": [-8.848146438598633, -1.6153897047042847], "logits": [NaN, NaN]}, "groundTruth": [0.0, 0.0]}]]}