{"modelName": "devise-221117-v1-ep150", "version": "1", "fileId": "984c769cfbc448cc938c308bad12dc1e", "classIds": ["Crex crex", "Scolopax rusticola"], "channels": [[{"startTime": 0.0, "endTime": 5.0, "predictions": {"probabilities": [7.299181743292138e-05, 0.09405803680419922], "logits": []}, "groundTruth": [0.0, 0.0]}, {"startTime": 5.0, "endTime": 10.0, "predictions": {"probabilities": [0.00011983339936705306, 0.27071183919906616], "logits": []}, "groundTruth": [0.0, 0.0]}, {"startTime": 10.0, "endTime": 15.0, "predictions": {"probabilities": [5.47200434084516e-05, 0.058752503246068954], "logits": []}, "groundTruth": [0.0, 0.0]}, {"startTime": 15.0, "endTime": 20.0, "predictions": {"probabilities": [0.00014362711226567626, 0.16584166884422302], "logits": []}, "groundTruth": [0.0, 0.0]}]]}