{"modelName": "devise-221117-v1-ep150", "version": "1", "fileId": "98fdb390d31740499d8089c575178088", "classIds": ["Crex crex", "Scolopax rusticola"], "channels": [[{"startTime": 0.0, "endTime": 5.0, "predictions": {"probabilities": [6.759566167602316e-05, 0.1272306740283966], "logits": []}, "groundTruth": [0.0, 0.0]}, {"startTime": 5.0, "endTime": 10.0, "predictions": {"probabilities": [2.5235620341845788e-05, 0.030560435727238655], "logits": []}, "groundTruth": [0.0, 0.0]}, {"startTime": 10.0, "endTime": 15.0, "predictions": {"probabilities": [0.00024186544760596007, 0.3154869079589844], "logits": []}, "groundTruth": [0.0, 0.0]}, {"startTime": 15.0, "endTime": 20.0, "predictions": {"probabilities": [0.00010621231194818392, 0.978053092956543], "logits": []}, "groundTruth": [0.0, 0.0]}]]}