{"modelName": "devise-221117-v1-ep150", "version": "1", "fileId": "98fdb390d31740499d8089c575178088", "classIds": ["Crex crex", "Scolopax rusticola"], "channels": [[{"startTime": 0.0, "endTime": 5.0, "predictions": {"probabilities": [-9.601899147033691, -1.925669550895691], "logits": [NaN, NaN]}, "groundTruth": [0.0, 0.0]}, {"startTime": 5.0, "endTime": 10.0, "predictions": {"probabilities": [-10.587228775024414, -3.4570119380950928], "logits": [NaN, NaN]}, "groundTruth": [0.0, 0.0]}, {"startTime": 10.0, "endTime": 15.0, "predictions": {"probabilities": [-8.326887130737305, -0.7745906114578247], "logits": [NaN, NaN]}, "groundTruth": [0.0, 0.0]}, {"startTime": 15.0, "endTime": 20.0, "predictions": {"probabilities": [-9.149964332580566, 3.796938896179199], "logits": [NaN, NaN]}, "groundTruth": [0.0, 0.0]}]]}