{"modelName": "devise-221117-v1-ep150", "version": "1", "fileId": "9916ef41ec124180b531a8e03c8bf1e4", "classIds": ["Crex crex", "Scolopax rusticola"], "channels": [[{"startTime": 0.0, "endTime": 5.0, "predictions": {"probabilities": [-9.315107345581055, -1.218788743019104], "logits": [NaN, NaN]}, "groundTruth": [0.0, 0.0]}, {"startTime": 5.0, "endTime": 10.0, "predictions": {"probabilities": [-9.893654823303223, -1.9681346416473389], "logits": [NaN, NaN]}, "groundTruth": [0.0, 0.0]}, {"startTime": 10.0, "endTime": 15.0, "predictions": {"probabilities": [-13.65649700164795, -2.6056618690490723], "logits": [NaN, NaN]}, "groundTruth": [0.0, 0.0]}, {"startTime": 15.0, "endTime": 20.0, "predictions": {"probabilities": [-10.19800853729248, 0.39409559965133667], "logits": [NaN, -0.43012869358062744]}, "groundTruth": [0.0, 0.0]}]]}