{"modelName": "devise-221117-v1-ep150", "version": "1", "fileId": "9a0b1911a1654923a488f557a0d02226", "classIds": ["Crex crex", "Scolopax rusticola"], "channels": [[{"startTime": 0.0, "endTime": 5.0, "predictions": {"probabilities": [-9.331913948059082, 1.8376210927963257], "logits": [NaN, NaN]}, "groundTruth": [0.0, 0.0]}, {"startTime": 5.0, "endTime": 10.0, "predictions": {"probabilities": [-7.832447052001953, 0.4873417019844055], "logits": [NaN, -0.05064401403069496]}, "groundTruth": [0.0, 1.0]}, {"startTime": 10.0, "endTime": 15.0, "predictions": {"probabilities": [-8.28449535369873, 1.6204286813735962], "logits": [NaN, NaN]}, "groundTruth": [0.0, 1.0]}, {"startTime": 11.0, "endTime": 16.0, "predictions": {"probabilities": [-8.21611213684082, -0.11762560158967972], "logits": [NaN, NaN]}, "groundTruth": [0.0, 0.0]}]]}