{"modelName": "devise-221117-v1-ep150", "version": "1", "fileId": "9a3819c060ff402d8b29b0c0fb4cedd1", "classIds": ["Crex crex", "Scolopax rusticola"], "channels": [[{"startTime": 0.0, "endTime": 5.0, "predictions": {"probabilities": [0.000157087022671476, 0.9304363131523132], "logits": []}, "groundTruth": [0.0, 0.0]}, {"startTime": 5.0, "endTime": 10.0, "predictions": {"probabilities": [2.5743778664377714e-08, 0.9999845027923584], "logits": []}, "groundTruth": [0.0, 0.0]}, {"startTime": 10.0, "endTime": 15.0, "predictions": {"probabilities": [1.0525811831030296e-06, 0.999908447265625], "logits": []}, "groundTruth": [0.0, 0.0]}, {"startTime": 15.0, "endTime": 20.0, "predictions": {"probabilities": [3.054519402212463e-05, 0.09786020219326019], "logits": []}, "groundTruth": [0.0, 0.0]}]]}