{"modelName": "devise-221117-v1-ep150", "version": "1", "fileId": "9a3819c060ff402d8b29b0c0fb4cedd1", "classIds": ["Crex crex", "Scolopax rusticola"], "channels": [[{"startTime": 0.0, "endTime": 5.0, "predictions": {"probabilities": [-8.758553504943848, 2.5934109687805176], "logits": [NaN, NaN]}, "groundTruth": [0.0, 0.0]}, {"startTime": 5.0, "endTime": 10.0, "predictions": {"probabilities": [-17.475072860717773, 11.07337474822998], "logits": [NaN, NaN]}, "groundTruth": [0.0, 0.0]}, {"startTime": 10.0, "endTime": 15.0, "predictions": {"probabilities": [-13.764264106750488, 9.299200057983398], "logits": [NaN, NaN]}, "groundTruth": [0.0, 0.0]}, {"startTime": 15.0, "endTime": 20.0, "predictions": {"probabilities": [-10.396272659301758, -2.2212295532226562], "logits": [NaN, NaN]}, "groundTruth": [0.0, 0.0]}]]}