{"modelName": "devise-221117-v1-ep150", "version": "1", "fileId": "9a3c7dd8311e4b86b107f8709574a7c4", "classIds": ["Crex crex", "Scolopax rusticola"], "channels": [[{"startTime": 0.0, "endTime": 5.0, "predictions": {"probabilities": [1.0848545173303137e-07, 0.9998916387557983], "logits": []}, "groundTruth": [0.0, 0.0]}, {"startTime": 5.0, "endTime": 10.0, "predictions": {"probabilities": [1.2500765977918604e-09, 1.0], "logits": []}, "groundTruth": [0.0, 1.0]}, {"startTime": 10.0, "endTime": 15.0, "predictions": {"probabilities": [4.2494701801842893e-07, 0.9994187355041504], "logits": []}, "groundTruth": [0.0, 1.0]}, {"startTime": 12.0, "endTime": 17.0, "predictions": {"probabilities": [1.6345421682828487e-09, 1.0], "logits": []}, "groundTruth": [0.0, 1.0]}]]}