{"modelName": "devise-221117-v1-ep150", "version": "1", "fileId": "9a939dbc48ae40959309e36916491997", "classIds": ["Crex crex", "Scolopax rusticola"], "channels": [[{"startTime": 0.0, "endTime": 5.0, "predictions": {"probabilities": [-8.39730453491211, -0.6596359014511108], "logits": [NaN, NaN]}, "groundTruth": [0.0, 0.0]}, {"startTime": 5.0, "endTime": 10.0, "predictions": {"probabilities": [-9.165563583374023, -2.0796539783477783], "logits": [NaN, NaN]}, "groundTruth": [0.0, 0.0]}, {"startTime": 10.0, "endTime": 15.0, "predictions": {"probabilities": [-8.64204216003418, -1.137210488319397], "logits": [NaN, NaN]}, "groundTruth": [0.0, 0.0]}, {"startTime": 15.0, "endTime": 20.0, "predictions": {"probabilities": [-8.261590003967285, 1.0686688423156738], "logits": [NaN, NaN]}, "groundTruth": [0.0, 0.0]}]]}