{"modelName": "devise-221117-v1-ep150", "version": "1", "fileId": "9b5d014636aa4d7daff1c0505f86a2ce", "classIds": ["Crex crex", "Scolopax rusticola"], "channels": [[{"startTime": 0.0, "endTime": 5.0, "predictions": {"probabilities": [0.0001827816158765927, 0.37879127264022827], "logits": []}, "groundTruth": [0.0, 0.0]}, {"startTime": 5.0, "endTime": 10.0, "predictions": {"probabilities": [4.9609210691414773e-05, 0.47934219241142273], "logits": []}, "groundTruth": [0.0, 0.0]}, {"startTime": 10.0, "endTime": 15.0, "predictions": {"probabilities": [9.061633136298042e-06, 0.9867585301399231], "logits": []}, "groundTruth": [0.0, 0.0]}, {"startTime": 15.0, "endTime": 20.0, "predictions": {"probabilities": [0.0001381038746330887, 0.9487502574920654], "logits": []}, "groundTruth": [0.0, 0.0]}]]}