{"modelName": "devise-221117-v1-ep150", "version": "1", "fileId": "9b5d014636aa4d7daff1c0505f86a2ce", "classIds": ["Crex crex", "Scolopax rusticola"], "channels": [[{"startTime": 0.0, "endTime": 5.0, "predictions": {"probabilities": [-8.607035636901855, -0.49468177556991577], "logits": [NaN, NaN]}, "groundTruth": [0.0, 0.0]}, {"startTime": 5.0, "endTime": 10.0, "predictions": {"probabilities": [-9.911284446716309, -0.08267829567193985], "logits": [NaN, NaN]}, "groundTruth": [0.0, 0.0]}, {"startTime": 10.0, "endTime": 15.0, "predictions": {"probabilities": [-11.611452102661133, 4.311068534851074], "logits": [NaN, NaN]}, "groundTruth": [0.0, 0.0]}, {"startTime": 15.0, "endTime": 20.0, "predictions": {"probabilities": [-8.88736629486084, 2.9184348583221436], "logits": [NaN, NaN]}, "groundTruth": [0.0, 0.0]}]]}