{"modelName": "devise-221117-v1-ep150", "version": "1", "fileId": "9b93eba368754ef8b9598116ec1ae8f6", "classIds": ["Crex crex", "Scolopax rusticola"], "channels": [[{"startTime": 0.0, "endTime": 5.0, "predictions": {"probabilities": [-10.489924430847168, 6.693528652191162], "logits": [NaN, NaN]}, "groundTruth": [0.0, 0.0]}, {"startTime": 5.0, "endTime": 10.0, "predictions": {"probabilities": [-12.10410213470459, 8.798638343811035], "logits": [NaN, NaN]}, "groundTruth": [0.0, 1.0]}, {"startTime": 10.0, "endTime": 15.0, "predictions": {"probabilities": [-14.943851470947266, 8.270098686218262], "logits": [NaN, NaN]}, "groundTruth": [0.0, 1.0]}, {"startTime": 13.0, "endTime": 18.0, "predictions": {"probabilities": [-10.833075523376465, 6.055442810058594], "logits": [NaN, NaN]}, "groundTruth": [0.0, 0.0]}]]}