{"modelName": "devise-221117-v1-ep150", "version": "1", "fileId": "9bbb4e4614fd4bfa9e99c8c7c6f29e3b", "classIds": ["Crex crex", "Scolopax rusticola"], "channels": [[{"startTime": 0.0, "endTime": 5.0, "predictions": {"probabilities": [4.7363829480673303e-07, 0.9986032843589783], "logits": []}, "groundTruth": [0.0, 0.0]}, {"startTime": 5.0, "endTime": 10.0, "predictions": {"probabilities": [6.702104826672439e-08, 0.999972939491272], "logits": []}, "groundTruth": [0.0, 0.0]}, {"startTime": 10.0, "endTime": 15.0, "predictions": {"probabilities": [0.0002088822948280722, 0.2443210482597351], "logits": []}, "groundTruth": [0.0, 0.0]}, {"startTime": 13.0, "endTime": 18.0, "predictions": {"probabilities": [0.0001551812601974234, 0.16287453472614288], "logits": []}, "groundTruth": [0.0, 0.0]}]]}