{"modelName": "devise-221117-v1-ep150", "version": "1", "fileId": "9bf14a4ea40d48bb8076483722905dca", "classIds": ["Crex crex", "Scolopax rusticola"], "channels": [[{"startTime": 0.0, "endTime": 5.0, "predictions": {"probabilities": [-17.1803035736084, 10.460627555847168], "logits": [NaN, NaN]}, "groundTruth": [0.0, 1.0]}, {"startTime": 5.0, "endTime": 10.0, "predictions": {"probabilities": [-15.480865478515625, 13.334044456481934], "logits": [NaN, NaN]}, "groundTruth": [0.0, 1.0]}, {"startTime": 8.0, "endTime": 13.0, "predictions": {"probabilities": [-13.834420204162598, 9.002385139465332], "logits": [NaN, NaN]}, "groundTruth": [0.0, 1.0]}]]}