{"modelName": "devise-221117-v1-ep150", "version": "1", "fileId": "9bf3d3f89da541c8bd454232e300485a", "classIds": ["Crex crex", "Scolopax rusticola"], "channels": [[{"startTime": 0.0, "endTime": 5.0, "predictions": {"probabilities": [2.8896461117255967e-06, 0.9797190427780151], "logits": []}, "groundTruth": [0.0, 0.0]}, {"startTime": 5.0, "endTime": 10.0, "predictions": {"probabilities": [9.81453318615877e-09, 1.0], "logits": []}, "groundTruth": [0.0, 1.0]}, {"startTime": 10.0, "endTime": 15.0, "predictions": {"probabilities": [7.074310701682407e-07, 0.9999748468399048], "logits": []}, "groundTruth": [0.0, 1.0]}]]}