{"modelName": "devise-221117-v1-ep150", "version": "1", "fileId": "9c278adff4bf41de9aa5916381ffbf44", "classIds": ["Crex crex", "Scolopax rusticola"], "channels": [[{"startTime": 0.0, "endTime": 5.0, "predictions": {"probabilities": [5.4479278333019465e-06, 0.02919137105345726], "logits": []}, "groundTruth": [0.0, 0.0]}, {"startTime": 5.0, "endTime": 10.0, "predictions": {"probabilities": [2.1574884101482894e-07, 0.0005300146876834333], "logits": []}, "groundTruth": [0.0, 0.0]}, {"startTime": 10.0, "endTime": 15.0, "predictions": {"probabilities": [6.294087029345974e-07, 0.7837902903556824], "logits": []}, "groundTruth": [0.0, 0.0]}, {"startTime": 15.0, "endTime": 20.0, "predictions": {"probabilities": [7.621911777278001e-07, 0.6389118432998657], "logits": []}, "groundTruth": [0.0, 0.0]}]]}