{"modelName": "devise-221117-v1-ep150", "version": "1", "fileId": "9c992925cc7e41f885d097ea24c72385", "classIds": ["Crex crex", "Scolopax rusticola"], "channels": [[{"startTime": 0.0, "endTime": 5.0, "predictions": {"probabilities": [8.624578185845166e-06, 0.00752913998439908], "logits": []}, "groundTruth": [0.0, 0.0]}, {"startTime": 5.0, "endTime": 10.0, "predictions": {"probabilities": [5.269618668535259e-06, 0.004466872196644545], "logits": []}, "groundTruth": [0.0, 0.0]}, {"startTime": 10.0, "endTime": 15.0, "predictions": {"probabilities": [1.876351780083496e-05, 0.978696346282959], "logits": []}, "groundTruth": [0.0, 0.0]}, {"startTime": 15.0, "endTime": 20.0, "predictions": {"probabilities": [4.8857455112738535e-05, 0.32983165979385376], "logits": []}, "groundTruth": [0.0, 0.0]}]]}