{"modelName": "devise-221117-v1-ep150", "version": "1", "fileId": "9c992925cc7e41f885d097ea24c72385", "classIds": ["Crex crex", "Scolopax rusticola"], "channels": [[{"startTime": 0.0, "endTime": 5.0, "predictions": {"probabilities": [-11.66088581085205, -4.8814167976379395], "logits": [NaN, NaN]}, "groundTruth": [0.0, 0.0]}, {"startTime": 5.0, "endTime": 10.0, "predictions": {"probabilities": [-12.153547286987305, -5.406589984893799], "logits": [NaN, NaN]}, "groundTruth": [0.0, 0.0]}, {"startTime": 10.0, "endTime": 15.0, "predictions": {"probabilities": [-10.883577346801758, 3.827342987060547], "logits": [NaN, NaN]}, "groundTruth": [0.0, 0.0]}, {"startTime": 15.0, "endTime": 20.0, "predictions": {"probabilities": [-9.926554679870605, -0.7089465260505676], "logits": [NaN, NaN]}, "groundTruth": [0.0, 0.0]}]]}