{"modelName": "devise-221117-v1-ep150", "version": "1", "fileId": "9dd48c4e8e594ee198c17e32d972d661", "classIds": ["Crex crex", "Scolopax rusticola"], "channels": [[{"startTime": 0.0, "endTime": 5.0, "predictions": {"probabilities": [0.00023541980772279203, 0.6321393251419067], "logits": []}, "groundTruth": [0.0, 0.0]}, {"startTime": 5.0, "endTime": 10.0, "predictions": {"probabilities": [5.585748658631928e-05, 0.10768932104110718], "logits": []}, "groundTruth": [0.0, 0.0]}, {"startTime": 10.0, "endTime": 15.0, "predictions": {"probabilities": [5.859841257915832e-05, 0.11868918687105179], "logits": []}, "groundTruth": [0.0, 0.0]}, {"startTime": 15.0, "endTime": 20.0, "predictions": {"probabilities": [2.537919681344647e-05, 0.0834432914853096], "logits": []}, "groundTruth": [0.0, 0.0]}]]}