{"modelName": "devise-221117-v1-ep150", "version": "1", "fileId": "9e278f1780894d8daf4a4a5cae0cb11a", "classIds": ["Crex crex", "Scolopax rusticola"], "channels": [[{"startTime": 0.0, "endTime": 5.0, "predictions": {"probabilities": [-9.468127250671387, -0.9344459772109985], "logits": [NaN, NaN]}, "groundTruth": [0.0, 0.0]}, {"startTime": 5.0, "endTime": 10.0, "predictions": {"probabilities": [-8.507810592651367, 0.43171799182891846], "logits": [NaN, -0.2748452425003052]}, "groundTruth": [0.0, 0.0]}, {"startTime": 10.0, "endTime": 15.0, "predictions": {"probabilities": [-8.831732749938965, -1.1626331806182861], "logits": [NaN, NaN]}, "groundTruth": [0.0, 0.0]}, {"startTime": 15.0, "endTime": 20.0, "predictions": {"probabilities": [-11.950523376464844, -3.812079429626465], "logits": [NaN, NaN]}, "groundTruth": [0.0, 0.0]}]]}