{"modelName": "devise-221117-v1-ep150", "version": "1", "fileId": "9e278f1780894d8daf4a4a5cae0cb11a", "classIds": ["Crex crex", "Scolopax rusticola"], "channels": [[{"startTime": 0.0, "endTime": 5.0, "predictions": {"probabilities": [7.727002230240032e-05, 0.2820236086845398], "logits": []}, "groundTruth": [0.0, 0.0]}, {"startTime": 5.0, "endTime": 10.0, "predictions": {"probabilities": [0.00020184459572192281, 0.6062838435173035], "logits": []}, "groundTruth": [0.0, 0.0]}, {"startTime": 10.0, "endTime": 15.0, "predictions": {"probabilities": [0.00014600367285311222, 0.23818914592266083], "logits": []}, "groundTruth": [0.0, 0.0]}, {"startTime": 15.0, "endTime": 20.0, "predictions": {"probabilities": [6.455811217165319e-06, 0.021624229848384857], "logits": []}, "groundTruth": [0.0, 0.0]}]]}