{"modelName": "devise-221117-v1-ep150", "version": "1", "fileId": "9e56a09ac60646079523b0a806ca7c93", "classIds": ["Crex crex", "Scolopax rusticola"], "channels": [[{"startTime": 0.0, "endTime": 5.0, "predictions": {"probabilities": [-8.265946388244629, -0.365252822637558], "logits": [NaN, NaN]}, "groundTruth": [0.0, 0.0]}, {"startTime": 5.0, "endTime": 10.0, "predictions": {"probabilities": [-7.948957443237305, 0.3565240800380707], "logits": [NaN, -0.590482771396637]}, "groundTruth": [0.0, 0.0]}, {"startTime": 10.0, "endTime": 15.0, "predictions": {"probabilities": [-9.244729042053223, -1.9784942865371704], "logits": [NaN, NaN]}, "groundTruth": [0.0, 0.0]}, {"startTime": 15.0, "endTime": 20.0, "predictions": {"probabilities": [-8.441027641296387, -0.31360024213790894], "logits": [NaN, NaN]}, "groundTruth": [0.0, 0.0]}]]}