{"modelName": "devise-221117-v1-ep150", "version": "1", "fileId": "9e56a09ac60646079523b0a806ca7c93", "classIds": ["Crex crex", "Scolopax rusticola"], "channels": [[{"startTime": 0.0, "endTime": 5.0, "predictions": {"probabilities": [0.00025705937878228724, 0.4096885919570923], "logits": []}, "groundTruth": [0.0, 0.0]}, {"startTime": 5.0, "endTime": 10.0, "predictions": {"probabilities": [0.0003529054229147732, 0.588198721408844], "logits": []}, "groundTruth": [0.0, 0.0]}, {"startTime": 10.0, "endTime": 15.0, "predictions": {"probabilities": [9.66102525126189e-05, 0.12147943675518036], "logits": []}, "groundTruth": [0.0, 0.0]}, {"startTime": 15.0, "endTime": 20.0, "predictions": {"probabilities": [0.0002157816634280607, 0.42223620414733887], "logits": []}, "groundTruth": [0.0, 0.0]}]]}