{"modelName": "devise-221117-v1-ep150", "version": "1", "fileId": "9ecba398aabe4f5a9feda9e9b2846b78", "classIds": ["Crex crex", "Scolopax rusticola"], "channels": [[{"startTime": 0.0, "endTime": 5.0, "predictions": {"probabilities": [4.4726019154950336e-07, 0.999970555305481], "logits": []}, "groundTruth": [0.0, 0.0]}, {"startTime": 5.0, "endTime": 10.0, "predictions": {"probabilities": [0.000209990976145491, 0.42145150899887085], "logits": []}, "groundTruth": [0.0, 0.0]}, {"startTime": 10.0, "endTime": 15.0, "predictions": {"probabilities": [5.5833839724073187e-05, 0.0697227194905281], "logits": []}, "groundTruth": [0.0, 0.0]}, {"startTime": 15.0, "endTime": 20.0, "predictions": {"probabilities": [2.2534093659487553e-05, 0.04057097062468529], "logits": []}, "groundTruth": [0.0, 0.0]}]]}