{"modelName": "devise-221117-v1-ep150", "version": "1", "fileId": "9f403fbcaa8541fa8c06cb25a481d3b2", "classIds": ["Crex crex", "Scolopax rusticola"], "channels": [[{"startTime": 0.0, "endTime": 5.0, "predictions": {"probabilities": [0.0002765731478575617, 0.5266609191894531], "logits": []}, "groundTruth": [0.0, 0.0]}, {"startTime": 5.0, "endTime": 10.0, "predictions": {"probabilities": [0.0005980805144645274, 0.5245617628097534], "logits": []}, "groundTruth": [0.0, 0.0]}, {"startTime": 10.0, "endTime": 15.0, "predictions": {"probabilities": [0.0004724543250631541, 0.5059133768081665], "logits": []}, "groundTruth": [0.0, 0.0]}, {"startTime": 15.0, "endTime": 20.0, "predictions": {"probabilities": [6.254077015910298e-05, 0.10492508858442307], "logits": []}, "groundTruth": [0.0, 0.0]}]]}