{"modelName": "devise-221117-v1-ep150", "version": "1", "fileId": "a029871bca3f43af9a5ca4877b9ab5f3", "classIds": ["Crex crex", "Scolopax rusticola"], "channels": [[{"startTime": 0.0, "endTime": 5.0, "predictions": {"probabilities": [8.500898729835171e-06, 0.36206021904945374], "logits": []}, "groundTruth": [0.0, 0.0]}, {"startTime": 5.0, "endTime": 10.0, "predictions": {"probabilities": [2.5999521312769502e-05, 0.045016925781965256], "logits": []}, "groundTruth": [0.0, 0.0]}, {"startTime": 10.0, "endTime": 15.0, "predictions": {"probabilities": [0.00010086499969474971, 0.18047569692134857], "logits": []}, "groundTruth": [0.0, 0.0]}, {"startTime": 15.0, "endTime": 20.0, "predictions": {"probabilities": [6.37408229522407e-05, 0.21948784589767456], "logits": []}, "groundTruth": [0.0, 0.0]}]]}