{"modelName": "devise-221117-v1-ep150", "version": "1", "fileId": "a029871bca3f43af9a5ca4877b9ab5f3", "classIds": ["Crex crex", "Scolopax rusticola"], "channels": [[{"startTime": 0.0, "endTime": 5.0, "predictions": {"probabilities": [-11.67533016204834, -0.5664333701133728], "logits": [NaN, NaN]}, "groundTruth": [0.0, 0.0]}, {"startTime": 5.0, "endTime": 10.0, "predictions": {"probabilities": [-10.557406425476074, -3.054655075073242], "logits": [NaN, NaN]}, "groundTruth": [0.0, 0.0]}, {"startTime": 10.0, "endTime": 15.0, "predictions": {"probabilities": [-9.201626777648926, -1.5131279230117798], "logits": [NaN, NaN]}, "groundTruth": [0.0, 0.0]}, {"startTime": 15.0, "endTime": 20.0, "predictions": {"probabilities": [-9.660621643066406, -1.2686535120010376], "logits": [NaN, NaN]}, "groundTruth": [0.0, 0.0]}]]}