{"modelName": "devise-221117-v1-ep150", "version": "1", "fileId": "a03ecc4bd64a4883ab90fd0493b50355", "classIds": ["Crex crex", "Scolopax rusticola"], "channels": [[{"startTime": 0.0, "endTime": 5.0, "predictions": {"probabilities": [-11.895094871520996, -4.715528964996338], "logits": [NaN, NaN]}, "groundTruth": [0.0, 0.0]}, {"startTime": 5.0, "endTime": 10.0, "predictions": {"probabilities": [-9.24851131439209, -1.8026632070541382], "logits": [NaN, NaN]}, "groundTruth": [0.0, 0.0]}, {"startTime": 10.0, "endTime": 15.0, "predictions": {"probabilities": [-8.146007537841797, 0.0354914590716362], "logits": [NaN, -3.3023264408111572]}, "groundTruth": [0.0, 0.0]}, {"startTime": 15.0, "endTime": 20.0, "predictions": {"probabilities": [-8.42986011505127, -0.8433356285095215], "logits": [NaN, NaN]}, "groundTruth": [0.0, 0.0]}]]}