{"modelName": "devise-221117-v1-ep150", "version": "1", "fileId": "a03ecc4bd64a4883ab90fd0493b50355", "classIds": ["Crex crex", "Scolopax rusticola"], "channels": [[{"startTime": 0.0, "endTime": 5.0, "predictions": {"probabilities": [6.823747753514908e-06, 0.008875645697116852], "logits": []}, "groundTruth": [0.0, 0.0]}, {"startTime": 5.0, "endTime": 10.0, "predictions": {"probabilities": [9.624557424103841e-05, 0.1415271759033203], "logits": []}, "groundTruth": [0.0, 0.0]}, {"startTime": 10.0, "endTime": 15.0, "predictions": {"probabilities": [0.00028980642673559487, 0.5088719129562378], "logits": []}, "groundTruth": [0.0, 0.0]}, {"startTime": 15.0, "endTime": 20.0, "predictions": {"probabilities": [0.0002182044117944315, 0.30083271861076355], "logits": []}, "groundTruth": [0.0, 0.0]}]]}