{"modelName": "devise-221117-v1-ep150", "version": "1", "fileId": "a0ed03fcbc384d7fb53f480afda010e9", "classIds": ["Crex crex", "Scolopax rusticola"], "channels": [[{"startTime": 0.0, "endTime": 5.0, "predictions": {"probabilities": [0.00012546365906018764, 0.18328236043453217], "logits": []}, "groundTruth": [0.0, 0.0]}, {"startTime": 5.0, "endTime": 10.0, "predictions": {"probabilities": [0.00011197465937584639, 0.1477644145488739], "logits": []}, "groundTruth": [0.0, 0.0]}, {"startTime": 10.0, "endTime": 15.0, "predictions": {"probabilities": [0.00016706803580746055, 0.9321209788322449], "logits": []}, "groundTruth": [0.0, 0.0]}, {"startTime": 15.0, "endTime": 20.0, "predictions": {"probabilities": [6.016280167386867e-05, 0.20363454520702362], "logits": []}, "groundTruth": [0.0, 0.0]}]]}