{"modelName": "devise-221117-v1-ep150", "version": "1", "fileId": "a0ed03fcbc384d7fb53f480afda010e9", "classIds": ["Crex crex", "Scolopax rusticola"], "channels": [[{"startTime": 0.0, "endTime": 5.0, "predictions": {"probabilities": [-8.983368873596191, -1.4942654371261597], "logits": [NaN, NaN]}, "groundTruth": [0.0, 0.0]}, {"startTime": 5.0, "endTime": 10.0, "predictions": {"probabilities": [-9.097126007080078, -1.7522437572479248], "logits": [NaN, NaN]}, "groundTruth": [0.0, 0.0]}, {"startTime": 10.0, "endTime": 15.0, "predictions": {"probabilities": [-8.696942329406738, 2.6197359561920166], "logits": [NaN, NaN]}, "groundTruth": [0.0, 0.0]}, {"startTime": 15.0, "endTime": 20.0, "predictions": {"probabilities": [-9.718396186828613, -1.3637311458587646], "logits": [NaN, NaN]}, "groundTruth": [0.0, 0.0]}]]}