{"modelName": "devise-221117-v1-ep150", "version": "1", "fileId": "a1301a5bddd749a8ab74df1b71a4bb4a", "classIds": ["Crex crex", "Scolopax rusticola"], "channels": [[{"startTime": 0.0, "endTime": 5.0, "predictions": {"probabilities": [-8.570974349975586, -1.076922059059143], "logits": [NaN, NaN]}, "groundTruth": [0.0, 0.0]}, {"startTime": 5.0, "endTime": 10.0, "predictions": {"probabilities": [-8.019147872924805, -1.016785979270935], "logits": [NaN, NaN]}, "groundTruth": [0.0, 0.0]}, {"startTime": 10.0, "endTime": 15.0, "predictions": {"probabilities": [-9.146138191223145, -1.5200127363204956], "logits": [NaN, NaN]}, "groundTruth": [0.0, 0.0]}, {"startTime": 15.0, "endTime": 20.0, "predictions": {"probabilities": [-8.982925415039062, -1.3264873027801514], "logits": [NaN, NaN]}, "groundTruth": [0.0, 0.0]}]]}