{"modelName": "devise-221117-v1-ep150", "version": "1", "fileId": "a14cc0f0c15d401fa7a1eaf25d98b889", "classIds": ["Crex crex", "Scolopax rusticola"], "channels": [[{"startTime": 0.0, "endTime": 5.0, "predictions": {"probabilities": [-9.274798393249512, 2.4005625247955322], "logits": [NaN, NaN]}, "groundTruth": [0.0, 1.0]}, {"startTime": 5.0, "endTime": 10.0, "predictions": {"probabilities": [-12.32038402557373, 9.357665061950684], "logits": [NaN, NaN]}, "groundTruth": [0.0, 1.0]}, {"startTime": 10.0, "endTime": 15.0, "predictions": {"probabilities": [-16.16832160949707, 11.553382873535156], "logits": [NaN, NaN]}, "groundTruth": [0.0, 1.0]}, {"startTime": 13.0, "endTime": 18.0, "predictions": {"probabilities": [-16.99064826965332, 16.47406578063965], "logits": [NaN, NaN]}, "groundTruth": [0.0, 1.0]}]]}