{"modelName": "devise-221117-v1-ep150", "version": "1", "fileId": "a14cc0f0c15d401fa7a1eaf25d98b889", "classIds": ["Crex crex", "Scolopax rusticola"], "channels": [[{"startTime": 0.0, "endTime": 5.0, "predictions": {"probabilities": [9.374876390211284e-05, 0.9168702363967896], "logits": []}, "groundTruth": [0.0, 1.0]}, {"startTime": 5.0, "endTime": 10.0, "predictions": {"probabilities": [4.459880983631592e-06, 0.9999136924743652], "logits": []}, "groundTruth": [0.0, 1.0]}, {"startTime": 10.0, "endTime": 15.0, "predictions": {"probabilities": [9.510144138857868e-08, 0.9999903440475464], "logits": []}, "groundTruth": [0.0, 1.0]}, {"startTime": 13.0, "endTime": 18.0, "predictions": {"probabilities": [4.1788347004967363e-08, 0.9999998807907104], "logits": []}, "groundTruth": [0.0, 1.0]}]]}