{"modelName": "devise-221117-v1-ep150", "version": "1", "fileId": "a1c43c7878e74ab4be5e82abb6b0d42d", "classIds": ["Crex crex", "Scolopax rusticola"], "channels": [[{"startTime": 0.0, "endTime": 5.0, "predictions": {"probabilities": [0.00015333955525420606, 0.2251417487859726], "logits": []}, "groundTruth": [0.0, 0.0]}, {"startTime": 5.0, "endTime": 10.0, "predictions": {"probabilities": [7.74176005506888e-05, 0.1467028707265854], "logits": []}, "groundTruth": [0.0, 0.0]}, {"startTime": 10.0, "endTime": 15.0, "predictions": {"probabilities": [0.0002572511148173362, 0.3300397992134094], "logits": []}, "groundTruth": [0.0, 0.0]}, {"startTime": 15.0, "endTime": 20.0, "predictions": {"probabilities": [9.111595136346295e-05, 0.17862612009048462], "logits": []}, "groundTruth": [0.0, 0.0]}]]}