{"modelName": "devise-221117-v1-ep150", "version": "1", "fileId": "a1c43c7878e74ab4be5e82abb6b0d42d", "classIds": ["Crex crex", "Scolopax rusticola"], "channels": [[{"startTime": 0.0, "endTime": 5.0, "predictions": {"probabilities": [-8.782702445983887, -1.2359498739242554], "logits": [NaN, NaN]}, "groundTruth": [0.0, 0.0]}, {"startTime": 5.0, "endTime": 10.0, "predictions": {"probabilities": [-9.466218948364258, -1.7606985569000244], "logits": [NaN, NaN]}, "groundTruth": [0.0, 0.0]}, {"startTime": 10.0, "endTime": 15.0, "predictions": {"probabilities": [-8.2652006149292, -0.7080049514770508], "logits": [NaN, NaN]}, "groundTruth": [0.0, 0.0]}, {"startTime": 15.0, "endTime": 20.0, "predictions": {"probabilities": [-9.3032865524292, -1.5256834030151367], "logits": [NaN, NaN]}, "groundTruth": [0.0, 0.0]}]]}