{"modelName": "devise-221117-v1-ep150", "version": "1", "fileId": "a2325f92f7ed4b76b8d9604883226ef8", "classIds": ["Crex crex", "Scolopax rusticola"], "channels": [[{"startTime": 0.0, "endTime": 5.0, "predictions": {"probabilities": [3.7612444430124015e-05, 0.9782472252845764], "logits": []}, "groundTruth": [0.0, 0.0]}, {"startTime": 5.0, "endTime": 10.0, "predictions": {"probabilities": [2.2469834881633233e-09, 0.9999995231628418], "logits": []}, "groundTruth": [0.0, 0.0]}, {"startTime": 10.0, "endTime": 15.0, "predictions": {"probabilities": [0.00013132738240528852, 0.1786513477563858], "logits": []}, "groundTruth": [0.0, 0.0]}, {"startTime": 15.0, "endTime": 20.0, "predictions": {"probabilities": [4.366281791590154e-05, 0.8855941295623779], "logits": []}, "groundTruth": [0.0, 0.0]}]]}