{"modelName": "devise-221117-v1-ep150", "version": "1", "fileId": "a2325f92f7ed4b76b8d9604883226ef8", "classIds": ["Crex crex", "Scolopax rusticola"], "channels": [[{"startTime": 0.0, "endTime": 5.0, "predictions": {"probabilities": [-10.188138008117676, 3.8060240745544434], "logits": [NaN, NaN]}, "groundTruth": [0.0, 0.0]}, {"startTime": 5.0, "endTime": 10.0, "predictions": {"probabilities": [-19.913677215576172, 14.449675559997559], "logits": [NaN, NaN]}, "groundTruth": [0.0, 0.0]}, {"startTime": 10.0, "endTime": 15.0, "predictions": {"probabilities": [-8.9376859664917, -1.525511622428894], "logits": [NaN, NaN]}, "groundTruth": [0.0, 0.0]}, {"startTime": 15.0, "endTime": 20.0, "predictions": {"probabilities": [-10.038969993591309, 2.046505928039551], "logits": [NaN, NaN]}, "groundTruth": [0.0, 0.0]}]]}