{"modelName": "devise-221117-v1-ep150", "version": "1", "fileId": "a2838ff5ef0b4373b11312541ec7b27f", "classIds": ["Crex crex", "Scolopax rusticola"], "channels": [[{"startTime": 0.0, "endTime": 5.0, "predictions": {"probabilities": [9.449757635593414e-05, 0.0985640287399292], "logits": []}, "groundTruth": [0.0, 0.0]}, {"startTime": 5.0, "endTime": 10.0, "predictions": {"probabilities": [0.00014926542644388974, 0.22717370092868805], "logits": []}, "groundTruth": [0.0, 0.0]}, {"startTime": 10.0, "endTime": 15.0, "predictions": {"probabilities": [7.213056233013049e-05, 0.1021956279873848], "logits": []}, "groundTruth": [0.0, 0.0]}, {"startTime": 15.0, "endTime": 20.0, "predictions": {"probabilities": [3.037627948287991e-06, 0.22934894263744354], "logits": []}, "groundTruth": [0.0, 0.0]}]]}