{"modelName": "devise-221117-v1-ep150", "version": "1", "fileId": "a2838ff5ef0b4373b11312541ec7b27f", "classIds": ["Crex crex", "Scolopax rusticola"], "channels": [[{"startTime": 0.0, "endTime": 5.0, "predictions": {"probabilities": [-9.266841888427734, -2.213282585144043], "logits": [NaN, NaN]}, "groundTruth": [0.0, 0.0]}, {"startTime": 5.0, "endTime": 10.0, "predictions": {"probabilities": [-8.809635162353516, -1.2243393659591675], "logits": [NaN, NaN]}, "groundTruth": [0.0, 0.0]}, {"startTime": 10.0, "endTime": 15.0, "predictions": {"probabilities": [-9.53696060180664, -2.173063278198242], "logits": [NaN, NaN]}, "groundTruth": [0.0, 0.0]}, {"startTime": 15.0, "endTime": 20.0, "predictions": {"probabilities": [-12.70443058013916, -1.2119911909103394], "logits": [NaN, NaN]}, "groundTruth": [0.0, 0.0]}]]}