{"modelName": "devise-221117-v1-ep150", "version": "1", "fileId": "a292bfef1f344b13b02f0e8a6540fa7b", "classIds": ["Crex crex", "Scolopax rusticola"], "channels": [[{"startTime": 0.0, "endTime": 5.0, "predictions": {"probabilities": [-20.260597229003906, 14.541017532348633], "logits": [NaN, NaN]}, "groundTruth": [0.0, 1.0]}, {"startTime": 5.0, "endTime": 10.0, "predictions": {"probabilities": [-12.261279106140137, -4.868946552276611], "logits": [NaN, NaN]}, "groundTruth": [0.0, 0.0]}, {"startTime": 10.0, "endTime": 15.0, "predictions": {"probabilities": [-21.04604721069336, 15.976760864257812], "logits": [NaN, NaN]}, "groundTruth": [0.0, 1.0]}, {"startTime": 14.0, "endTime": 19.0, "predictions": {"probabilities": [-25.420827865600586, 26.19207000732422], "logits": [NaN, NaN]}, "groundTruth": [0.0, 1.0]}]]}