{"modelName": "devise-221117-v1-ep150", "version": "1", "fileId": "a292bfef1f344b13b02f0e8a6540fa7b", "classIds": ["Crex crex", "Scolopax rusticola"], "channels": [[{"startTime": 0.0, "endTime": 5.0, "predictions": {"probabilities": [1.588306930422334e-09, 0.9999995231628418], "logits": []}, "groundTruth": [0.0, 1.0]}, {"startTime": 5.0, "endTime": 10.0, "predictions": {"probabilities": [4.731426543003181e-06, 0.00762289809063077], "logits": []}, "groundTruth": [0.0, 0.0]}, {"startTime": 10.0, "endTime": 15.0, "predictions": {"probabilities": [7.241321431372683e-10, 0.9999998807907104], "logits": []}, "groundTruth": [0.0, 1.0]}, {"startTime": 14.0, "endTime": 19.0, "predictions": {"probabilities": [9.117478473597007e-12, 1.0], "logits": []}, "groundTruth": [0.0, 1.0]}]]}