{"modelName": "devise-221117-v1-ep150", "version": "1", "fileId": "a308ca0f8fb741ddb89fc099a517da16", "classIds": ["Crex crex", "Scolopax rusticola"], "channels": [[{"startTime": 0.0, "endTime": 5.0, "predictions": {"probabilities": [-9.104253768920898, -1.953969955444336], "logits": [NaN, NaN]}, "groundTruth": [0.0, 0.0]}, {"startTime": 5.0, "endTime": 10.0, "predictions": {"probabilities": [-12.272032737731934, -4.543125629425049], "logits": [NaN, NaN]}, "groundTruth": [0.0, 0.0]}, {"startTime": 10.0, "endTime": 15.0, "predictions": {"probabilities": [-10.564523696899414, -3.657851457595825], "logits": [NaN, NaN]}, "groundTruth": [0.0, 0.0]}, {"startTime": 15.0, "endTime": 20.0, "predictions": {"probabilities": [-10.265058517456055, -2.706981658935547], "logits": [NaN, NaN]}, "groundTruth": [0.0, 0.0]}]]}