{"modelName": "devise-221117-v1-ep150", "version": "1", "fileId": "a3788938e61d45069bda7256a2654d8b", "classIds": ["Crex crex", "Scolopax rusticola"], "channels": [[{"startTime": 0.0, "endTime": 5.0, "predictions": {"probabilities": [0.00015003040607552975, 0.13112667202949524], "logits": []}, "groundTruth": [0.0, 0.0]}, {"startTime": 5.0, "endTime": 10.0, "predictions": {"probabilities": [5.286328087095171e-05, 0.06812036037445068], "logits": []}, "groundTruth": [0.0, 0.0]}, {"startTime": 10.0, "endTime": 15.0, "predictions": {"probabilities": [2.2213620468392037e-05, 0.023684585466980934], "logits": []}, "groundTruth": [0.0, 0.0]}, {"startTime": 15.0, "endTime": 20.0, "predictions": {"probabilities": [2.9241713491501287e-05, 0.03706042096018791], "logits": []}, "groundTruth": [0.0, 0.0]}]]}