{"modelName": "devise-221117-v1-ep150", "version": "1", "fileId": "a37ae86506794861accee7dad974c241", "classIds": ["Crex crex", "Scolopax rusticola"], "channels": [[{"startTime": 0.0, "endTime": 5.0, "predictions": {"probabilities": [1.317563328484539e-05, 0.021946599707007408], "logits": []}, "groundTruth": [0.0, 0.0]}, {"startTime": 5.0, "endTime": 10.0, "predictions": {"probabilities": [2.5011057005031034e-05, 0.05505843088030815], "logits": []}, "groundTruth": [0.0, 0.0]}, {"startTime": 10.0, "endTime": 15.0, "predictions": {"probabilities": [5.1306604291312397e-05, 0.07986391335725784], "logits": []}, "groundTruth": [0.0, 0.0]}, {"startTime": 15.0, "endTime": 20.0, "predictions": {"probabilities": [1.0883838513109367e-05, 0.29837971925735474], "logits": []}, "groundTruth": [0.0, 0.0]}]]}