{"modelName": "devise-221117-v1-ep150", "version": "1", "fileId": "a3ac70f8b77349d79bfdab2942537c69", "classIds": ["Crex crex", "Scolopax rusticola"], "channels": [[{"startTime": 0.0, "endTime": 5.0, "predictions": {"probabilities": [-8.390885353088379, 0.0691182091832161], "logits": [NaN, -2.600314140319824]}, "groundTruth": [0.0, 0.0]}, {"startTime": 5.0, "endTime": 10.0, "predictions": {"probabilities": [-10.243236541748047, -2.372488498687744], "logits": [NaN, NaN]}, "groundTruth": [0.0, 0.0]}, {"startTime": 10.0, "endTime": 15.0, "predictions": {"probabilities": [-8.693399429321289, -1.3517473936080933], "logits": [NaN, NaN]}, "groundTruth": [0.0, 0.0]}, {"startTime": 15.0, "endTime": 20.0, "predictions": {"probabilities": [-8.556008338928223, -0.9367303848266602], "logits": [NaN, NaN]}, "groundTruth": [0.0, 0.0]}]]}