{"modelName": "devise-221117-v1-ep150", "version": "1", "fileId": "a3ac70f8b77349d79bfdab2942537c69", "classIds": ["Crex crex", "Scolopax rusticola"], "channels": [[{"startTime": 0.0, "endTime": 5.0, "predictions": {"probabilities": [0.0002268748066853732, 0.5172727108001709], "logits": []}, "groundTruth": [0.0, 0.0]}, {"startTime": 5.0, "endTime": 10.0, "predictions": {"probabilities": [3.55961819877848e-05, 0.08529479056596756], "logits": []}, "groundTruth": [0.0, 0.0]}, {"startTime": 10.0, "endTime": 15.0, "predictions": {"probabilities": [0.00016766089538577944, 0.2055848389863968], "logits": []}, "groundTruth": [0.0, 0.0]}, {"startTime": 15.0, "endTime": 20.0, "predictions": {"probabilities": [0.0001923486852319911, 0.2815612554550171], "logits": []}, "groundTruth": [0.0, 0.0]}]]}