{"modelName": "devise-221117-v1-ep150", "version": "1", "fileId": "a3e8512f68ea44dfa61ec3cf2e6aa7ba", "classIds": ["Crex crex", "Scolopax rusticola"], "channels": [[{"startTime": 0.0, "endTime": 5.0, "predictions": {"probabilities": [-8.894553184509277, 2.0112178325653076], "logits": [NaN, NaN]}, "groundTruth": [0.0, 0.0]}, {"startTime": 5.0, "endTime": 10.0, "predictions": {"probabilities": [-8.950067520141602, -0.9877152442932129], "logits": [NaN, NaN]}, "groundTruth": [0.0, 0.0]}, {"startTime": 10.0, "endTime": 15.0, "predictions": {"probabilities": [-8.714091300964355, 0.27787595987319946], "logits": [NaN, -0.9550220966339111]}, "groundTruth": [0.0, 0.0]}, {"startTime": 15.0, "endTime": 20.0, "predictions": {"probabilities": [-11.736930847167969, 2.389714002609253], "logits": [NaN, NaN]}, "groundTruth": [0.0, 0.0]}]]}