{"modelName": "devise-221117-v1-ep150", "version": "1", "fileId": "a3e8512f68ea44dfa61ec3cf2e6aa7ba", "classIds": ["Crex crex", "Scolopax rusticola"], "channels": [[{"startTime": 0.0, "endTime": 5.0, "predictions": {"probabilities": [0.00013711504288949072, 0.8819699287414551], "logits": []}, "groundTruth": [0.0, 0.0]}, {"startTime": 5.0, "endTime": 10.0, "predictions": {"probabilities": [0.00012971158139407635, 0.27136358618736267], "logits": []}, "groundTruth": [0.0, 0.0]}, {"startTime": 10.0, "endTime": 15.0, "predictions": {"probabilities": [0.0001642278948565945, 0.5690253973007202], "logits": []}, "groundTruth": [0.0, 0.0]}, {"startTime": 15.0, "endTime": 20.0, "predictions": {"probabilities": [7.993044164322782e-06, 0.9160395860671997], "logits": []}, "groundTruth": [0.0, 0.0]}]]}