{"modelName": "devise-221117-v1-ep150", "version": "1", "fileId": "a400b59e7b484f99a4547e0f1c392a3a", "classIds": ["Crex crex", "Scolopax rusticola"], "channels": [[{"startTime": 0.0, "endTime": 5.0, "predictions": {"probabilities": [0.00024441731511615217, 0.3324253261089325], "logits": []}, "groundTruth": [0.0, 0.0]}, {"startTime": 5.0, "endTime": 10.0, "predictions": {"probabilities": [0.0001845125516410917, 0.3083411455154419], "logits": []}, "groundTruth": [0.0, 0.0]}, {"startTime": 10.0, "endTime": 15.0, "predictions": {"probabilities": [0.0002454069326631725, 0.38682183623313904], "logits": []}, "groundTruth": [0.0, 0.0]}, {"startTime": 15.0, "endTime": 20.0, "predictions": {"probabilities": [0.0001627336023375392, 0.18426600098609924], "logits": []}, "groundTruth": [0.0, 0.0]}]]}