{"modelName": "devise-221117-v1-ep150", "version": "1", "fileId": "a400b59e7b484f99a4547e0f1c392a3a", "classIds": ["Crex crex", "Scolopax rusticola"], "channels": [[{"startTime": 0.0, "endTime": 5.0, "predictions": {"probabilities": [-8.316389083862305, -0.6972360610961914], "logits": [NaN, NaN]}, "groundTruth": [0.0, 0.0]}, {"startTime": 5.0, "endTime": 10.0, "predictions": {"probabilities": [-8.59760856628418, -0.8078861236572266], "logits": [NaN, NaN]}, "groundTruth": [0.0, 0.0]}, {"startTime": 10.0, "endTime": 15.0, "predictions": {"probabilities": [-8.312347412109375, -0.4606913924217224], "logits": [NaN, NaN]}, "groundTruth": [0.0, 0.0]}, {"startTime": 15.0, "endTime": 20.0, "predictions": {"probabilities": [-8.723233222961426, -1.4877079725265503], "logits": [NaN, NaN]}, "groundTruth": [0.0, 0.0]}]]}