{"modelName": "devise-221117-v1-ep150", "version": "1", "fileId": "a46e183e109e4d45aa06230f1c646666", "classIds": ["Crex crex", "Scolopax rusticola"], "channels": [[{"startTime": 0.0, "endTime": 5.0, "predictions": {"probabilities": [7.974240725161508e-05, 0.0980333760380745], "logits": []}, "groundTruth": [0.0, 0.0]}, {"startTime": 5.0, "endTime": 10.0, "predictions": {"probabilities": [3.2790394470794126e-05, 0.050188999623060226], "logits": []}, "groundTruth": [0.0, 0.0]}, {"startTime": 10.0, "endTime": 15.0, "predictions": {"probabilities": [1.08272724901326e-05, 0.01093386672437191], "logits": []}, "groundTruth": [0.0, 0.0]}, {"startTime": 15.0, "endTime": 20.0, "predictions": {"probabilities": [2.9993432690389454e-05, 0.03394310548901558], "logits": []}, "groundTruth": [0.0, 0.0]}]]}