{"modelName": "devise-221117-v1-ep150", "version": "1", "fileId": "a46e183e109e4d45aa06230f1c646666", "classIds": ["Crex crex", "Scolopax rusticola"], "channels": [[{"startTime": 0.0, "endTime": 5.0, "predictions": {"probabilities": [-9.436629295349121, -2.2192695140838623], "logits": [NaN, NaN]}, "groundTruth": [0.0, 0.0]}, {"startTime": 5.0, "endTime": 10.0, "predictions": {"probabilities": [-10.325342178344727, -2.940467119216919], "logits": [NaN, NaN]}, "groundTruth": [0.0, 0.0]}, {"startTime": 10.0, "endTime": 15.0, "predictions": {"probabilities": [-11.433431625366211, -4.50489616394043], "logits": [NaN, NaN]}, "groundTruth": [0.0, 0.0]}, {"startTime": 15.0, "endTime": 20.0, "predictions": {"probabilities": [-10.414502143859863, -3.348536968231201], "logits": [NaN, NaN]}, "groundTruth": [0.0, 0.0]}]]}