{"modelName": "devise-221117-v1-ep150", "version": "1", "fileId": "a4c76d4a1e2d4eab9bf623f4d2b7f74d", "classIds": ["Crex crex", "Scolopax rusticola"], "channels": [[{"startTime": 0.0, "endTime": 5.0, "predictions": {"probabilities": [8.391045412281528e-05, 0.13889755308628082], "logits": []}, "groundTruth": [0.0, 0.0]}, {"startTime": 5.0, "endTime": 10.0, "predictions": {"probabilities": [6.719603698002174e-05, 0.07627725601196289], "logits": []}, "groundTruth": [0.0, 0.0]}, {"startTime": 10.0, "endTime": 15.0, "predictions": {"probabilities": [7.357957088061085e-07, 0.0021254061721265316], "logits": []}, "groundTruth": [0.0, 0.0]}, {"startTime": 15.0, "endTime": 20.0, "predictions": {"probabilities": [9.118735761148855e-06, 0.007189338095486164], "logits": []}, "groundTruth": [0.0, 0.0]}]]}