{"modelName": "devise-221117-v1-ep150", "version": "1", "fileId": "a4d61ea08c8d4b2283d169d3a157db8a", "classIds": ["Crex crex", "Scolopax rusticola"], "channels": [[{"startTime": 0.0, "endTime": 5.0, "predictions": {"probabilities": [-11.445242881774902, -3.968644618988037], "logits": [NaN, NaN]}, "groundTruth": [0.0, 0.0]}, {"startTime": 5.0, "endTime": 10.0, "predictions": {"probabilities": [-10.718022346496582, 2.9677672386169434], "logits": [NaN, NaN]}, "groundTruth": [0.0, 0.0]}, {"startTime": 10.0, "endTime": 15.0, "predictions": {"probabilities": [-11.531731605529785, 3.6944048404693604], "logits": [NaN, NaN]}, "groundTruth": [0.0, 0.0]}, {"startTime": 15.0, "endTime": 20.0, "predictions": {"probabilities": [-8.983708381652832, 1.4594016075134277], "logits": [NaN, NaN]}, "groundTruth": [0.0, 0.0]}]]}