{"modelName": "devise-221117-v1-ep150", "version": "1", "fileId": "a63716fef7024a4595170616734d619d", "classIds": ["Crex crex", "Scolopax rusticola"], "channels": [[{"startTime": 0.0, "endTime": 5.0, "predictions": {"probabilities": [2.3539190806332044e-05, 0.9988951086997986], "logits": []}, "groundTruth": [0.0, 0.0]}, {"startTime": 5.0, "endTime": 10.0, "predictions": {"probabilities": [0.00021319040388334543, 0.3931010365486145], "logits": []}, "groundTruth": [0.0, 0.0]}, {"startTime": 10.0, "endTime": 15.0, "predictions": {"probabilities": [8.502789569320157e-05, 0.41128990054130554], "logits": []}, "groundTruth": [0.0, 0.0]}, {"startTime": 15.0, "endTime": 20.0, "predictions": {"probabilities": [5.5845874157967046e-05, 0.07113824784755707], "logits": []}, "groundTruth": [0.0, 0.0]}]]}