{"modelName": "devise-221117-v1-ep150", "version": "1", "fileId": "a657457ab45340cb87fde8f3ef818bd6", "classIds": ["Crex crex", "Scolopax rusticola"], "channels": [[{"startTime": 0.0, "endTime": 5.0, "predictions": {"probabilities": [-9.448238372802734, -1.8408961296081543], "logits": [NaN, NaN]}, "groundTruth": [0.0, 0.0]}, {"startTime": 5.0, "endTime": 10.0, "predictions": {"probabilities": [-8.278230667114258, -0.7475754618644714], "logits": [NaN, NaN]}, "groundTruth": [0.0, 0.0]}, {"startTime": 10.0, "endTime": 15.0, "predictions": {"probabilities": [-7.559390544891357, 0.9347231388092041], "logits": [NaN, 2.6616127490997314]}, "groundTruth": [0.0, 0.0]}, {"startTime": 15.0, "endTime": 20.0, "predictions": {"probabilities": [-9.557122230529785, -1.9208601713180542], "logits": [NaN, NaN]}, "groundTruth": [0.0, 0.0]}]]}