{"modelName": "devise-221117-v1-ep150", "version": "1", "fileId": "a683f884664a4a2fa28f5fdf82f88f31", "classIds": ["Crex crex", "Scolopax rusticola"], "channels": [[{"startTime": 0.0, "endTime": 5.0, "predictions": {"probabilities": [0.00012055131810484454, 0.17139729857444763], "logits": []}, "groundTruth": [0.0, 0.0]}, {"startTime": 5.0, "endTime": 10.0, "predictions": {"probabilities": [2.1977222786517814e-05, 0.015719488263130188], "logits": []}, "groundTruth": [0.0, 0.0]}, {"startTime": 10.0, "endTime": 15.0, "predictions": {"probabilities": [3.2556639780523255e-05, 0.02922002412378788], "logits": []}, "groundTruth": [0.0, 0.0]}, {"startTime": 15.0, "endTime": 20.0, "predictions": {"probabilities": [3.6486949284153525e-07, 0.9978798627853394], "logits": []}, "groundTruth": [0.0, 0.0]}]]}