{"modelName": "devise-221117-v1-ep150", "version": "1", "fileId": "a6968c6ab5b44657a5e7c1dc26d116dc", "classIds": ["Crex crex", "Scolopax rusticola"], "channels": [[{"startTime": 0.0, "endTime": 5.0, "predictions": {"probabilities": [0.00016551809676457196, 0.25168609619140625], "logits": []}, "groundTruth": [0.0, 0.0]}, {"startTime": 5.0, "endTime": 10.0, "predictions": {"probabilities": [0.00033645317307673395, 0.46169090270996094], "logits": []}, "groundTruth": [0.0, 0.0]}, {"startTime": 10.0, "endTime": 15.0, "predictions": {"probabilities": [5.800281360279769e-05, 0.093053437769413], "logits": []}, "groundTruth": [0.0, 0.0]}, {"startTime": 15.0, "endTime": 20.0, "predictions": {"probabilities": [1.3901043530495372e-05, 0.02241460233926773], "logits": []}, "groundTruth": [0.0, 0.0]}]]}