{"modelName": "devise-221117-v1-ep150", "version": "1", "fileId": "a7199756e3f84cccbb2d36400eb19fe1", "classIds": ["Crex crex", "Scolopax rusticola"], "channels": [[{"startTime": 0.0, "endTime": 5.0, "predictions": {"probabilities": [0.0001644663861952722, 0.39583006501197815], "logits": []}, "groundTruth": [0.0, 0.0]}, {"startTime": 5.0, "endTime": 10.0, "predictions": {"probabilities": [0.0001756470592226833, 0.3404752314090729], "logits": []}, "groundTruth": [0.0, 0.0]}, {"startTime": 10.0, "endTime": 15.0, "predictions": {"probabilities": [2.1400104742497206e-05, 0.31453660130500793], "logits": []}, "groundTruth": [0.0, 0.0]}, {"startTime": 15.0, "endTime": 20.0, "predictions": {"probabilities": [0.00012399765546433628, 0.37943750619888306], "logits": []}, "groundTruth": [0.0, 0.0]}]]}