{"modelName": "devise-221117-v1-ep150", "version": "1", "fileId": "a75252df0f354d24a47d3fd2ded36d19", "classIds": ["Crex crex", "Scolopax rusticola"], "channels": [[{"startTime": 0.0, "endTime": 5.0, "predictions": {"probabilities": [-9.995312690734863, 0.793358564376831], "logits": [NaN, 1.345290184020996]}, "groundTruth": [0.0, 0.0]}, {"startTime": 5.0, "endTime": 10.0, "predictions": {"probabilities": [-15.669083595275879, 10.0938081741333], "logits": [NaN, NaN]}, "groundTruth": [0.0, 0.0]}, {"startTime": 10.0, "endTime": 15.0, "predictions": {"probabilities": [-9.81603717803955, -2.518476963043213], "logits": [NaN, NaN]}, "groundTruth": [0.0, 0.0]}, {"startTime": 15.0, "endTime": 20.0, "predictions": {"probabilities": [-9.89426040649414, -2.4229679107666016], "logits": [NaN, NaN]}, "groundTruth": [0.0, 0.0]}]]}