{"modelName": "devise-221117-v1-ep150", "version": "1", "fileId": "a801288a2d70418599b831435b73c63f", "classIds": ["Crex crex", "Scolopax rusticola"], "channels": [[{"startTime": 0.0, "endTime": 5.0, "predictions": {"probabilities": [-8.795382499694824, 1.481764554977417], "logits": [NaN, NaN]}, "groundTruth": [0.0, 0.0]}, {"startTime": 5.0, "endTime": 10.0, "predictions": {"probabilities": [-11.403804779052734, 5.24756383895874], "logits": [NaN, NaN]}, "groundTruth": [0.0, 1.0]}, {"startTime": 8.384, "endTime": 13.384, "predictions": {"probabilities": [-16.99781608581543, 13.061564445495605], "logits": [NaN, NaN]}, "groundTruth": [0.0, 1.0]}]]}