{"modelName": "devise-221117-v1-ep150", "version": "1", "fileId": "a801288a2d70418599b831435b73c63f", "classIds": ["Crex crex", "Scolopax rusticola"], "channels": [[{"startTime": 0.0, "endTime": 5.0, "predictions": {"probabilities": [0.0001514077594038099, 0.8148389458656311], "logits": []}, "groundTruth": [0.0, 0.0]}, {"startTime": 5.0, "endTime": 10.0, "predictions": {"probabilities": [1.1152845218020957e-05, 0.9947671890258789], "logits": []}, "groundTruth": [0.0, 1.0]}, {"startTime": 8.384, "endTime": 13.384, "predictions": {"probabilities": [4.148988352881133e-08, 0.9999978542327881], "logits": []}, "groundTruth": [0.0, 1.0]}]]}