{"modelName": "devise-221117-v1-ep150", "version": "1", "fileId": "a8134adbc1ca481fbdb7f173a91baffc", "classIds": ["Crex crex", "Scolopax rusticola"], "channels": [[{"startTime": 0.0, "endTime": 5.0, "predictions": {"probabilities": [6.171288987388834e-05, 0.07926643639802933], "logits": []}, "groundTruth": [0.0, 0.0]}, {"startTime": 5.0, "endTime": 10.0, "predictions": {"probabilities": [3.35855147568509e-05, 0.05079859867691994], "logits": []}, "groundTruth": [0.0, 0.0]}, {"startTime": 10.0, "endTime": 15.0, "predictions": {"probabilities": [6.251572631299496e-05, 0.11580458283424377], "logits": []}, "groundTruth": [0.0, 0.0]}, {"startTime": 15.0, "endTime": 20.0, "predictions": {"probabilities": [0.00011988460755674168, 0.20274357497692108], "logits": []}, "groundTruth": [0.0, 0.0]}]]}