{"modelName": "devise-221117-v1-ep150", "version": "1", "fileId": "a8134adbc1ca481fbdb7f173a91baffc", "classIds": ["Crex crex", "Scolopax rusticola"], "channels": [[{"startTime": 0.0, "endTime": 5.0, "predictions": {"probabilities": [-9.69295597076416, -2.4523558616638184], "logits": [NaN, NaN]}, "groundTruth": [0.0, 0.0]}, {"startTime": 5.0, "endTime": 10.0, "predictions": {"probabilities": [-10.301382064819336, -2.9277522563934326], "logits": [NaN, NaN]}, "groundTruth": [0.0, 0.0]}, {"startTime": 10.0, "endTime": 15.0, "predictions": {"probabilities": [-9.68002986907959, -2.032773971557617], "logits": [NaN, NaN]}, "groundTruth": [0.0, 0.0]}, {"startTime": 15.0, "endTime": 20.0, "predictions": {"probabilities": [-9.028861045837402, -1.369234323501587], "logits": [NaN, NaN]}, "groundTruth": [0.0, 0.0]}]]}