{"modelName": "devise-221117-v1-ep150", "version": "1", "fileId": "a8278bcfb7c54d6fa3d855ecc1d855cd", "classIds": ["Crex crex", "Scolopax rusticola"], "channels": [[{"startTime": 0.0, "endTime": 5.0, "predictions": {"probabilities": [1.088643557523028e-07, 0.9999996423721313], "logits": []}, "groundTruth": [0.0, 0.0]}, {"startTime": 5.0, "endTime": 10.0, "predictions": {"probabilities": [3.832241054624319e-05, 0.06757687032222748], "logits": []}, "groundTruth": [0.0, 0.0]}, {"startTime": 10.0, "endTime": 15.0, "predictions": {"probabilities": [3.765554765777779e-06, 0.9992837309837341], "logits": []}, "groundTruth": [0.0, 0.0]}, {"startTime": 15.0, "endTime": 20.0, "predictions": {"probabilities": [1.4361067769641522e-05, 0.032543208450078964], "logits": []}, "groundTruth": [0.0, 0.0]}]]}