{"modelName": "devise-221117-v1-ep150", "version": "1", "fileId": "a90e508d34684e27ace8ec10cc14a08c", "classIds": ["Crex crex", "Scolopax rusticola"], "channels": [[{"startTime": 0.0, "endTime": 5.0, "predictions": {"probabilities": [-14.243186950683594, 3.551997661590576], "logits": [NaN, NaN]}, "groundTruth": [0.0, 0.0]}, {"startTime": 5.0, "endTime": 10.0, "predictions": {"probabilities": [-9.838144302368164, -2.5129919052124023], "logits": [NaN, NaN]}, "groundTruth": [0.0, 0.0]}, {"startTime": 10.0, "endTime": 15.0, "predictions": {"probabilities": [-9.215554237365723, 2.531728506088257], "logits": [NaN, NaN]}, "groundTruth": [0.0, 0.0]}, {"startTime": 15.0, "endTime": 20.0, "predictions": {"probabilities": [-9.12741470336914, 3.1372251510620117], "logits": [NaN, NaN]}, "groundTruth": [0.0, 0.0]}]]}