{"modelName": "devise-221117-v1-ep150", "version": "1", "fileId": "a91045b6b6a74ae081902b0250217c0f", "classIds": ["Crex crex", "Scolopax rusticola"], "channels": [[{"startTime": 0.0, "endTime": 5.0, "predictions": {"probabilities": [-8.482833862304688, -0.7898582816123962], "logits": [NaN, NaN]}, "groundTruth": [0.0, 0.0]}, {"startTime": 5.0, "endTime": 10.0, "predictions": {"probabilities": [-11.102425575256348, 1.978660225868225], "logits": [NaN, NaN]}, "groundTruth": [0.0, 0.0]}, {"startTime": 10.0, "endTime": 15.0, "predictions": {"probabilities": [-10.740095138549805, -3.2991464138031006], "logits": [NaN, NaN]}, "groundTruth": [0.0, 0.0]}, {"startTime": 15.0, "endTime": 20.0, "predictions": {"probabilities": [-8.516159057617188, -1.164398431777954], "logits": [NaN, NaN]}, "groundTruth": [0.0, 0.0]}]]}