{"modelName": "devise-221117-v1-ep150", "version": "1", "fileId": "a970e0279a464be79316059947a9eac6", "classIds": ["Crex crex", "Scolopax rusticola"], "channels": [[{"startTime": 0.0, "endTime": 5.0, "predictions": {"probabilities": [5.8028261264553294e-05, 0.06964242458343506], "logits": []}, "groundTruth": [0.0, 0.0]}, {"startTime": 5.0, "endTime": 10.0, "predictions": {"probabilities": [0.0001389863609801978, 0.12663181126117706], "logits": []}, "groundTruth": [0.0, 0.0]}, {"startTime": 10.0, "endTime": 15.0, "predictions": {"probabilities": [0.00016370600496884435, 0.20025713741779327], "logits": []}, "groundTruth": [0.0, 0.0]}, {"startTime": 15.0, "endTime": 20.0, "predictions": {"probabilities": [5.2924260671716183e-05, 0.15895065665245056], "logits": []}, "groundTruth": [0.0, 0.0]}]]}