{"modelName": "devise-221117-v1-ep150", "version": "1", "fileId": "a9f772c1c83d4085ab0f588af267d5d1", "classIds": ["Crex crex", "Scolopax rusticola"], "channels": [[{"startTime": 0.0, "endTime": 5.0, "predictions": {"probabilities": [0.00011748047836590558, 0.20227240025997162], "logits": []}, "groundTruth": [0.0, 0.0]}, {"startTime": 5.0, "endTime": 10.0, "predictions": {"probabilities": [0.000613921380136162, 0.6824857592582703], "logits": []}, "groundTruth": [0.0, 0.0]}, {"startTime": 10.0, "endTime": 15.0, "predictions": {"probabilities": [0.00023023391258902848, 0.4782244563102722], "logits": []}, "groundTruth": [0.0, 0.0]}, {"startTime": 15.0, "endTime": 20.0, "predictions": {"probabilities": [0.0005249252426438034, 0.6402584910392761], "logits": []}, "groundTruth": [0.0, 0.0]}]]}