{"modelName": "devise-221117-v1-ep150", "version": "1", "fileId": "aafddd3e5e25454c8f310155df7ad38c", "classIds": ["Crex crex", "Scolopax rusticola"], "channels": [[{"startTime": 0.0, "endTime": 5.0, "predictions": {"probabilities": [-8.435921669006348, -0.4526083171367645], "logits": [NaN, NaN]}, "groundTruth": [0.0, 0.0]}, {"startTime": 5.0, "endTime": 10.0, "predictions": {"probabilities": [-10.56161117553711, -2.992807626724243], "logits": [NaN, NaN]}, "groundTruth": [0.0, 0.0]}, {"startTime": 10.0, "endTime": 15.0, "predictions": {"probabilities": [-7.798379898071289, -0.20151656866073608], "logits": [NaN, NaN]}, "groundTruth": [0.0, 0.0]}, {"startTime": 15.0, "endTime": 20.0, "predictions": {"probabilities": [-8.178351402282715, -0.6438917517662048], "logits": [NaN, NaN]}, "groundTruth": [0.0, 0.0]}]]}