{"modelName": "devise-221117-v1-ep150", "version": "1", "fileId": "ab7d028a1c394730af012275848738a6", "classIds": ["Crex crex", "Scolopax rusticola"], "channels": [[{"startTime": 0.0, "endTime": 5.0, "predictions": {"probabilities": [0.00013815498095937073, 0.2057275027036667], "logits": []}, "groundTruth": [0.0, 0.0]}, {"startTime": 5.0, "endTime": 10.0, "predictions": {"probabilities": [0.00019176691421307623, 0.33022430539131165], "logits": []}, "groundTruth": [0.0, 0.0]}, {"startTime": 10.0, "endTime": 15.0, "predictions": {"probabilities": [0.00042911642231047153, 0.5910536646842957], "logits": []}, "groundTruth": [0.0, 0.0]}, {"startTime": 15.0, "endTime": 20.0, "predictions": {"probabilities": [0.0005762560176663101, 0.6240465641021729], "logits": []}, "groundTruth": [0.0, 0.0]}]]}