{"modelName": "devise-221117-v1-ep150", "version": "1", "fileId": "ad061954a54547849a6c45d8315bd15c", "classIds": ["Crex crex", "Scolopax rusticola"], "channels": [[{"startTime": 0.0, "endTime": 5.0, "predictions": {"probabilities": [-8.571462631225586, -0.5458379983901978], "logits": [NaN, NaN]}, "groundTruth": [0.0, 0.0]}, {"startTime": 5.0, "endTime": 10.0, "predictions": {"probabilities": [-8.971701622009277, -1.1087307929992676], "logits": [NaN, NaN]}, "groundTruth": [0.0, 0.0]}, {"startTime": 10.0, "endTime": 15.0, "predictions": {"probabilities": [-10.38512134552002, -2.42303466796875], "logits": [NaN, NaN]}, "groundTruth": [0.0, 0.0]}, {"startTime": 15.0, "endTime": 20.0, "predictions": {"probabilities": [-10.588315963745117, -2.6115360260009766], "logits": [NaN, NaN]}, "groundTruth": [0.0, 0.0]}]]}