{"modelName": "devise-221117-v1-ep150", "version": "1", "fileId": "ad5279b4bf6a4d558c23292cc3d32673", "classIds": ["Crex crex", "Scolopax rusticola"], "channels": [[{"startTime": 0.0, "endTime": 5.0, "predictions": {"probabilities": [-10.110788345336914, -2.76603627204895], "logits": [NaN, NaN]}, "groundTruth": [0.0, 0.0]}, {"startTime": 5.0, "endTime": 10.0, "predictions": {"probabilities": [-10.871668815612793, -3.2084696292877197], "logits": [NaN, NaN]}, "groundTruth": [0.0, 0.0]}, {"startTime": 10.0, "endTime": 15.0, "predictions": {"probabilities": [-9.059969902038574, 2.8897976875305176], "logits": [NaN, NaN]}, "groundTruth": [0.0, 0.0]}, {"startTime": 15.0, "endTime": 20.0, "predictions": {"probabilities": [-12.621721267700195, -0.38608628511428833], "logits": [NaN, NaN]}, "groundTruth": [0.0, 0.0]}]]}