{"modelName": "devise-221117-v1-ep150", "version": "1", "fileId": "ad5279b4bf6a4d558c23292cc3d32673", "classIds": ["Crex crex", "Scolopax rusticola"], "channels": [[{"startTime": 0.0, "endTime": 5.0, "predictions": {"probabilities": [4.063710366608575e-05, 0.05918734520673752], "logits": []}, "groundTruth": [0.0, 0.0]}, {"startTime": 5.0, "endTime": 10.0, "predictions": {"probabilities": [1.898829395940993e-05, 0.038848236203193665], "logits": []}, "groundTruth": [0.0, 0.0]}, {"startTime": 10.0, "endTime": 15.0, "predictions": {"probabilities": [0.00011621297016972676, 0.9473398327827454], "logits": []}, "groundTruth": [0.0, 0.0]}, {"startTime": 15.0, "endTime": 20.0, "predictions": {"probabilities": [3.2995496894727694e-06, 0.40465983748435974], "logits": []}, "groundTruth": [0.0, 0.0]}]]}