{"modelName": "devise-221117-v1-ep150", "version": "1", "fileId": "ad7b0666dbee42698af612a687347fd1", "classIds": ["Crex crex", "Scolopax rusticola"], "channels": [[{"startTime": 0.0, "endTime": 5.0, "predictions": {"probabilities": [-12.831274032592773, -5.829060077667236], "logits": [NaN, NaN]}, "groundTruth": [0.0, 0.0]}, {"startTime": 5.0, "endTime": 10.0, "predictions": {"probabilities": [-12.23105239868164, 0.42514652013778687], "logits": [NaN, -0.3016813099384308]}, "groundTruth": [0.0, 0.0]}, {"startTime": 10.0, "endTime": 15.0, "predictions": {"probabilities": [-9.377935409545898, -0.11550227552652359], "logits": [NaN, NaN]}, "groundTruth": [0.0, 0.0]}, {"startTime": 15.0, "endTime": 20.0, "predictions": {"probabilities": [-8.180266380310059, -0.5771026015281677], "logits": [NaN, NaN]}, "groundTruth": [0.0, 0.0]}]]}