{"modelName": "devise-221117-v1-ep150", "version": "1", "fileId": "ad9f5e31847644d9a1a56bf5845cb961", "classIds": ["Crex crex", "Scolopax rusticola"], "channels": [[{"startTime": 0.0, "endTime": 5.0, "predictions": {"probabilities": [-9.166049003601074, -1.6404367685317993], "logits": [NaN, NaN]}, "groundTruth": [0.0, 0.0]}, {"startTime": 5.0, "endTime": 10.0, "predictions": {"probabilities": [-10.181676864624023, -3.3614501953125], "logits": [NaN, NaN]}, "groundTruth": [0.0, 0.0]}, {"startTime": 10.0, "endTime": 15.0, "predictions": {"probabilities": [-12.775970458984375, -6.048336505889893], "logits": [NaN, NaN]}, "groundTruth": [0.0, 0.0]}, {"startTime": 15.0, "endTime": 20.0, "predictions": {"probabilities": [-11.377307891845703, -4.502087593078613], "logits": [NaN, NaN]}, "groundTruth": [0.0, 0.0]}]]}