{"modelName": "devise-221117-v1-ep150", "version": "1", "fileId": "ad9f5e31847644d9a1a56bf5845cb961", "classIds": ["Crex crex", "Scolopax rusticola"], "channels": [[{"startTime": 0.0, "endTime": 5.0, "predictions": {"probabilities": [0.00010451776324771345, 0.16240563988685608], "logits": []}, "groundTruth": [0.0, 0.0]}, {"startTime": 5.0, "endTime": 10.0, "predictions": {"probabilities": [3.785623994190246e-05, 0.03352220728993416], "logits": []}, "groundTruth": [0.0, 0.0]}, {"startTime": 10.0, "endTime": 15.0, "predictions": {"probabilities": [2.8279080197535222e-06, 0.0023562225978821516], "logits": []}, "groundTruth": [0.0, 0.0]}, {"startTime": 15.0, "endTime": 20.0, "predictions": {"probabilities": [1.1452307262516115e-05, 0.010964281857013702], "logits": []}, "groundTruth": [0.0, 0.0]}]]}