{"modelName": "devise-221117-v1-ep150", "version": "1", "fileId": "ae03b9d788214b2c811a02a62c6261cd", "classIds": ["Crex crex", "Scolopax rusticola"], "channels": [[{"startTime": 0.0, "endTime": 5.0, "predictions": {"probabilities": [0.0001723130844766274, 0.2255752831697464], "logits": []}, "groundTruth": [0.0, 0.0]}, {"startTime": 5.0, "endTime": 10.0, "predictions": {"probabilities": [1.6654041246511042e-05, 0.034951046109199524], "logits": []}, "groundTruth": [0.0, 0.0]}, {"startTime": 10.0, "endTime": 15.0, "predictions": {"probabilities": [0.00011332976282574236, 0.19913402199745178], "logits": []}, "groundTruth": [0.0, 0.0]}, {"startTime": 15.0, "endTime": 20.0, "predictions": {"probabilities": [0.00012785886065103114, 0.24351073801517487], "logits": []}, "groundTruth": [0.0, 0.0]}]]}