{"modelName": "devise-221117-v1-ep150", "version": "1", "fileId": "ae3ebc64dcc146a8a263de8e3b4e0dd7", "classIds": ["Crex crex", "Scolopax rusticola"], "channels": [[{"startTime": 0.0, "endTime": 5.0, "predictions": {"probabilities": [2.9241598895168863e-05, 0.9973641037940979], "logits": []}, "groundTruth": [0.0, 0.0]}, {"startTime": 5.0, "endTime": 10.0, "predictions": {"probabilities": [1.2855003660661168e-05, 0.012829044833779335], "logits": []}, "groundTruth": [0.0, 0.0]}, {"startTime": 10.0, "endTime": 15.0, "predictions": {"probabilities": [5.311208951752633e-05, 0.08168897032737732], "logits": []}, "groundTruth": [0.0, 0.0]}, {"startTime": 15.0, "endTime": 20.0, "predictions": {"probabilities": [0.00011031792382709682, 0.1861771196126938], "logits": []}, "groundTruth": [0.0, 0.0]}]]}