{"modelName": "devise-221117-v1-ep150", "version": "1", "fileId": "ae419802ab694916a56b8eefde1e923f", "classIds": ["Crex crex", "Scolopax rusticola"], "channels": [[{"startTime": 0.0, "endTime": 5.0, "predictions": {"probabilities": [0.00038143954589031637, 0.3618319034576416], "logits": []}, "groundTruth": [0.0, 1.0]}, {"startTime": 5.0, "endTime": 10.0, "predictions": {"probabilities": [3.9245795051101595e-05, 0.9990509152412415], "logits": []}, "groundTruth": [0.0, 1.0]}, {"startTime": 10.0, "endTime": 15.0, "predictions": {"probabilities": [4.1830537611531327e-07, 0.9999891519546509], "logits": []}, "groundTruth": [0.0, 1.0]}]]}