{"modelName": "devise-221117-v1-ep150", "version": "1", "fileId": "ae419802ab694916a56b8eefde1e923f", "classIds": ["Crex crex", "Scolopax rusticola"], "channels": [[{"startTime": 0.0, "endTime": 5.0, "predictions": {"probabilities": [-7.871176719665527, -0.5674219727516174], "logits": [NaN, NaN]}, "groundTruth": [0.0, 1.0]}, {"startTime": 5.0, "endTime": 10.0, "predictions": {"probabilities": [-10.14562702178955, 6.959098815917969], "logits": [NaN, NaN]}, "groundTruth": [0.0, 1.0]}, {"startTime": 10.0, "endTime": 15.0, "predictions": {"probabilities": [-14.687053680419922, 11.431082725524902], "logits": [NaN, NaN]}, "groundTruth": [0.0, 1.0]}]]}