{"modelName": "devise-221117-v1-ep150", "version": "1", "fileId": "ae7e4f176dc64cb69d565add0537f31a", "classIds": ["Crex crex", "Scolopax rusticola"], "channels": [[{"startTime": 0.0, "endTime": 5.0, "predictions": {"probabilities": [8.182826604752336e-06, 0.9958235025405884], "logits": []}, "groundTruth": [0.0, 1.0]}, {"startTime": 5.0, "endTime": 10.0, "predictions": {"probabilities": [6.02583099862386e-07, 0.9999942779541016], "logits": []}, "groundTruth": [0.0, 1.0]}, {"startTime": 10.0, "endTime": 15.0, "predictions": {"probabilities": [9.475953265791759e-05, 0.8209497332572937], "logits": []}, "groundTruth": [0.0, 1.0]}, {"startTime": 13.0, "endTime": 18.0, "predictions": {"probabilities": [9.562505147187039e-05, 0.3388999104499817], "logits": []}, "groundTruth": [0.0, 1.0]}]]}