{"modelName": "devise-221117-v1-ep150", "version": "1", "fileId": "ae9930ced43c4aa792692bfd09d45ad7", "classIds": ["Crex crex", "Scolopax rusticola"], "channels": [[{"startTime": 0.0, "endTime": 5.0, "predictions": {"probabilities": [-8.325255393981934, -0.5438491702079773], "logits": [NaN, NaN]}, "groundTruth": [0.0, 0.0]}, {"startTime": 5.0, "endTime": 10.0, "predictions": {"probabilities": [-8.45894718170166, -0.9718068838119507], "logits": [NaN, NaN]}, "groundTruth": [0.0, 0.0]}, {"startTime": 10.0, "endTime": 15.0, "predictions": {"probabilities": [-8.179583549499512, -0.03758901357650757], "logits": [NaN, NaN]}, "groundTruth": [0.0, 0.0]}, {"startTime": 15.0, "endTime": 20.0, "predictions": {"probabilities": [-8.245352745056152, 0.9205419421195984], "logits": [NaN, 2.449733257293701]}, "groundTruth": [0.0, 0.0]}]]}