{"modelName": "devise-221117-v1-ep150", "version": "1", "fileId": "ae9930ced43c4aa792692bfd09d45ad7", "classIds": ["Crex crex", "Scolopax rusticola"], "channels": [[{"startTime": 0.0, "endTime": 5.0, "predictions": {"probabilities": [0.00024226032837759703, 0.3672926127910614], "logits": []}, "groundTruth": [0.0, 0.0]}, {"startTime": 5.0, "endTime": 10.0, "predictions": {"probabilities": [0.00021195020235609263, 0.27452048659324646], "logits": []}, "groundTruth": [0.0, 0.0]}, {"startTime": 10.0, "endTime": 15.0, "predictions": {"probabilities": [0.00028024011407978833, 0.49060386419296265], "logits": []}, "groundTruth": [0.0, 0.0]}, {"startTime": 15.0, "endTime": 20.0, "predictions": {"probabilities": [0.0002624066546559334, 0.7151525020599365], "logits": []}, "groundTruth": [0.0, 0.0]}]]}