{"modelName": "devise-221117-v1-ep150", "version": "1", "fileId": "af296faccec54b838287be527de03871", "classIds": ["Crex crex", "Scolopax rusticola"], "channels": [[{"startTime": 0.0, "endTime": 5.0, "predictions": {"probabilities": [4.383579289424233e-05, 0.04122393950819969], "logits": []}, "groundTruth": [0.0, 0.0]}, {"startTime": 5.0, "endTime": 10.0, "predictions": {"probabilities": [6.201576979947276e-06, 0.9419984221458435], "logits": []}, "groundTruth": [0.0, 0.0]}, {"startTime": 10.0, "endTime": 15.0, "predictions": {"probabilities": [7.276943051692797e-06, 0.08663147687911987], "logits": []}, "groundTruth": [0.0, 0.0]}, {"startTime": 15.0, "endTime": 20.0, "predictions": {"probabilities": [2.7193989808438346e-05, 0.02967105060815811], "logits": []}, "groundTruth": [0.0, 0.0]}]]}