{"modelName": "devise-221117-v1-ep150", "version": "1", "fileId": "af56b129ecff4d15823774480437d0de", "classIds": ["Crex crex", "Scolopax rusticola"], "channels": [[{"startTime": 0.0, "endTime": 5.0, "predictions": {"probabilities": [-9.247160911560059, 2.1025383472442627], "logits": [NaN, NaN]}, "groundTruth": [0.0, 0.0]}, {"startTime": 5.0, "endTime": 10.0, "predictions": {"probabilities": [-9.722870826721191, -2.5671615600585938], "logits": [NaN, NaN]}, "groundTruth": [0.0, 0.0]}, {"startTime": 10.0, "endTime": 15.0, "predictions": {"probabilities": [-8.230956077575684, -0.14962270855903625], "logits": [NaN, NaN]}, "groundTruth": [0.0, 0.0]}, {"startTime": 15.0, "endTime": 20.0, "predictions": {"probabilities": [-11.00493049621582, 5.6632304191589355], "logits": [NaN, NaN]}, "groundTruth": [0.0, 0.0]}]]}