{"modelName": "devise-221117-v1-ep150", "version": "1", "fileId": "af56b129ecff4d15823774480437d0de", "classIds": ["Crex crex", "Scolopax rusticola"], "channels": [[{"startTime": 0.0, "endTime": 5.0, "predictions": {"probabilities": [9.637561743147671e-05, 0.891149640083313], "logits": []}, "groundTruth": [0.0, 0.0]}, {"startTime": 5.0, "endTime": 10.0, "predictions": {"probabilities": [5.989420606056228e-05, 0.07128198444843292], "logits": []}, "groundTruth": [0.0, 0.0]}, {"startTime": 10.0, "endTime": 15.0, "predictions": {"probabilities": [0.00026621072902344167, 0.4626639485359192], "logits": []}, "groundTruth": [0.0, 0.0]}, {"startTime": 15.0, "endTime": 20.0, "predictions": {"probabilities": [1.661928035900928e-05, 0.9965407252311707], "logits": []}, "groundTruth": [0.0, 0.0]}]]}