{"modelName": "devise-221117-v1-ep150", "version": "1", "fileId": "afed90b89ff34fe3876346fd663cb20c", "classIds": ["Crex crex", "Scolopax rusticola"], "channels": [[{"startTime": 0.0, "endTime": 5.0, "predictions": {"probabilities": [-14.577597618103027, 10.333826065063477], "logits": [NaN, NaN]}, "groundTruth": [0.0, 1.0]}, {"startTime": 5.0, "endTime": 10.0, "predictions": {"probabilities": [-13.432281494140625, 6.286365509033203], "logits": [NaN, NaN]}, "groundTruth": [0.0, 1.0]}, {"startTime": 7.0, "endTime": 12.0, "predictions": {"probabilities": [-14.436014175415039, 6.2827558517456055], "logits": [NaN, NaN]}, "groundTruth": [0.0, 1.0]}]]}