{"modelName": "devise-221117-v1-ep150", "version": "1", "fileId": "afed90b89ff34fe3876346fd663cb20c", "classIds": ["Crex crex", "Scolopax rusticola"], "channels": [[{"startTime": 0.0, "endTime": 5.0, "predictions": {"probabilities": [4.666912047923688e-07, 0.9999674558639526], "logits": []}, "groundTruth": [0.0, 1.0]}, {"startTime": 5.0, "endTime": 10.0, "predictions": {"probabilities": [1.4670118844151148e-06, 0.998141884803772], "logits": []}, "groundTruth": [0.0, 1.0]}, {"startTime": 7.0, "endTime": 12.0, "predictions": {"probabilities": [5.37673315648135e-07, 0.9981352090835571], "logits": []}, "groundTruth": [0.0, 1.0]}]]}