{"modelName": "devise-221117-v1-ep150", "version": "1", "fileId": "b093f46b10a54aef90f8edef29adb042", "classIds": ["Crex crex", "Scolopax rusticola"], "channels": [[{"startTime": 0.0, "endTime": 5.0, "predictions": {"probabilities": [-9.81456184387207, -2.471466064453125], "logits": [NaN, NaN]}, "groundTruth": [0.0, 0.0]}, {"startTime": 5.0, "endTime": 10.0, "predictions": {"probabilities": [-7.841753005981445, 0.6949723362922668], "logits": [NaN, 0.8234695196151733]}, "groundTruth": [0.0, 0.0]}, {"startTime": 10.0, "endTime": 15.0, "predictions": {"probabilities": [-8.997406959533691, 2.8447458744049072], "logits": [NaN, NaN]}, "groundTruth": [0.0, 0.0]}, {"startTime": 15.0, "endTime": 20.0, "predictions": {"probabilities": [-9.506114959716797, -1.4051145315170288], "logits": [NaN, NaN]}, "groundTruth": [0.0, 0.0]}]]}