{"modelName": "devise-221117-v1-ep150", "version": "1", "fileId": "b161d2f002f245eebb7dcb5f4f1def4b", "classIds": ["Crex crex", "Scolopax rusticola"], "channels": [[{"startTime": 0.0, "endTime": 5.0, "predictions": {"probabilities": [-8.564651489257812, -0.4961504340171814], "logits": [NaN, NaN]}, "groundTruth": [0.0, 0.0]}, {"startTime": 5.0, "endTime": 10.0, "predictions": {"probabilities": [-7.649199962615967, 0.6408108472824097], "logits": [NaN, 0.5788851976394653]}, "groundTruth": [0.0, 0.0]}, {"startTime": 10.0, "endTime": 15.0, "predictions": {"probabilities": [-7.645947456359863, 0.41645926237106323], "logits": [NaN, -0.33732566237449646]}, "groundTruth": [0.0, 0.0]}, {"startTime": 15.0, "endTime": 20.0, "predictions": {"probabilities": [-10.60239028930664, -2.5581467151641846], "logits": [NaN, NaN]}, "groundTruth": [0.0, 0.0]}]]}