{"modelName": "devise-221117-v1-ep150", "version": "1", "fileId": "b18f60d44908460eaea5b4d9053d657f", "classIds": ["Crex crex", "Scolopax rusticola"], "channels": [[{"startTime": 0.0, "endTime": 5.0, "predictions": {"probabilities": [-18.560503005981445, 13.840729713439941], "logits": [NaN, NaN]}, "groundTruth": [0.0, 1.0]}, {"startTime": 5.0, "endTime": 10.0, "predictions": {"probabilities": [-17.123977661132812, 12.100221633911133], "logits": [NaN, NaN]}, "groundTruth": [0.0, 1.0]}, {"startTime": 8.0, "endTime": 13.0, "predictions": {"probabilities": [-15.632098197937012, 8.065054893493652], "logits": [NaN, NaN]}, "groundTruth": [0.0, 1.0]}]]}