{"modelName": "devise-221117-v1-ep150", "version": "1", "fileId": "b18f60d44908460eaea5b4d9053d657f", "classIds": ["Crex crex", "Scolopax rusticola"], "channels": [[{"startTime": 0.0, "endTime": 5.0, "predictions": {"probabilities": [8.695128173030753e-09, 0.9999990463256836], "logits": []}, "groundTruth": [0.0, 1.0]}, {"startTime": 5.0, "endTime": 10.0, "predictions": {"probabilities": [3.657219238561993e-08, 0.9999943971633911], "logits": []}, "groundTruth": [0.0, 1.0]}, {"startTime": 8.0, "endTime": 13.0, "predictions": {"probabilities": [1.6257956758636283e-07, 0.9996857643127441], "logits": []}, "groundTruth": [0.0, 1.0]}]]}