{"modelName": "devise-221117-v1-ep150", "version": "1", "fileId": "b22e6d97e5fa4a7f997f1bed54a8cf08", "classIds": ["Crex crex", "Scolopax rusticola"], "channels": [[{"startTime": 0.0, "endTime": 5.0, "predictions": {"probabilities": [2.528112418076489e-05, 0.03743501007556915], "logits": []}, "groundTruth": [0.0, 0.0]}, {"startTime": 5.0, "endTime": 10.0, "predictions": {"probabilities": [0.00015883828746154904, 0.295180082321167], "logits": []}, "groundTruth": [0.0, 0.0]}, {"startTime": 10.0, "endTime": 15.0, "predictions": {"probabilities": [9.835342643782496e-05, 0.18648961186408997], "logits": []}, "groundTruth": [0.0, 0.0]}, {"startTime": 15.0, "endTime": 20.0, "predictions": {"probabilities": [0.0003297268121968955, 0.41183730959892273], "logits": []}, "groundTruth": [0.0, 0.0]}]]}