{"modelName": "devise-221117-v1-ep150", "version": "1", "fileId": "b2549d01d1384c2387f58ec4bc6013c1", "classIds": ["Crex crex", "Scolopax rusticola"], "channels": [[{"startTime": 0.0, "endTime": 5.0, "predictions": {"probabilities": [-12.904440879821777, -5.663557052612305], "logits": [NaN, NaN]}, "groundTruth": [0.0, 0.0]}, {"startTime": 5.0, "endTime": 10.0, "predictions": {"probabilities": [-13.76661491394043, -6.935972213745117], "logits": [NaN, NaN]}, "groundTruth": [0.0, 0.0]}, {"startTime": 10.0, "endTime": 15.0, "predictions": {"probabilities": [-11.291075706481934, -3.627370595932007], "logits": [NaN, NaN]}, "groundTruth": [0.0, 0.0]}, {"startTime": 15.0, "endTime": 20.0, "predictions": {"probabilities": [-11.802403450012207, -3.537186861038208], "logits": [NaN, NaN]}, "groundTruth": [0.0, 0.0]}]]}