{"modelName": "devise-221117-v1-ep150", "version": "1", "fileId": "b2549d01d1384c2387f58ec4bc6013c1", "classIds": ["Crex crex", "Scolopax rusticola"], "channels": [[{"startTime": 0.0, "endTime": 5.0, "predictions": {"probabilities": [2.4869752905942732e-06, 0.0034581508953124285], "logits": []}, "groundTruth": [0.0, 0.0]}, {"startTime": 5.0, "endTime": 10.0, "predictions": {"probabilities": [1.0501096312509617e-06, 0.0009712332393974066], "logits": []}, "groundTruth": [0.0, 0.0]}, {"startTime": 10.0, "endTime": 15.0, "predictions": {"probabilities": [1.2483682439778931e-05, 0.025897487998008728], "logits": []}, "groundTruth": [0.0, 0.0]}, {"startTime": 15.0, "endTime": 20.0, "predictions": {"probabilities": [7.4864869930024724e-06, 0.028272472321987152], "logits": []}, "groundTruth": [0.0, 0.0]}]]}