{"modelName": "devise-221117-v1-ep150", "version": "1", "fileId": "b2821eaadfa142f2887817d6eae6dfe0", "classIds": ["Crex crex", "Scolopax rusticola"], "channels": [[{"startTime": 0.0, "endTime": 5.0, "predictions": {"probabilities": [-7.371326446533203, 0.782173216342926], "logits": [NaN, 1.2783759832382202]}, "groundTruth": [0.0, 0.0]}, {"startTime": 5.0, "endTime": 10.0, "predictions": {"probabilities": [-9.376269340515137, -1.939994215965271], "logits": [NaN, NaN]}, "groundTruth": [0.0, 0.0]}, {"startTime": 10.0, "endTime": 15.0, "predictions": {"probabilities": [-7.948702335357666, 0.19835472106933594], "logits": [NaN, -1.3966093063354492]}, "groundTruth": [0.0, 0.0]}, {"startTime": 15.0, "endTime": 20.0, "predictions": {"probabilities": [-11.156049728393555, -3.7229361534118652], "logits": [NaN, NaN]}, "groundTruth": [0.0, 0.0]}]]}