{"modelName": "devise-221117-v1-ep150", "version": "1", "fileId": "b2d1530f1f104a369f2bca55a89a6c95", "classIds": ["Crex crex", "Scolopax rusticola"], "channels": [[{"startTime": 0.0, "endTime": 5.0, "predictions": {"probabilities": [0.00010661454871296883, 0.18636563420295715], "logits": []}, "groundTruth": [0.0, 0.0]}, {"startTime": 5.0, "endTime": 10.0, "predictions": {"probabilities": [0.00021047327027190477, 0.5802701115608215], "logits": []}, "groundTruth": [0.0, 0.0]}, {"startTime": 10.0, "endTime": 15.0, "predictions": {"probabilities": [0.0003874207322951406, 0.6861881613731384], "logits": []}, "groundTruth": [0.0, 0.0]}, {"startTime": 15.0, "endTime": 20.0, "predictions": {"probabilities": [0.00021805900905746967, 0.5548700094223022], "logits": []}, "groundTruth": [0.0, 0.0]}]]}