{"modelName": "devise-221117-v1-ep150", "version": "1", "fileId": "b3de7bc259f042cc8de1ea2e3b906637", "classIds": ["Crex crex", "Scolopax rusticola"], "channels": [[{"startTime": 0.0, "endTime": 5.0, "predictions": {"probabilities": [-7.947092533111572, 0.5863996148109436], "logits": [NaN, 0.3491012156009674]}, "groundTruth": [0.0, 0.0]}, {"startTime": 5.0, "endTime": 10.0, "predictions": {"probabilities": [-9.683126449584961, -1.3385145664215088], "logits": [NaN, NaN]}, "groundTruth": [0.0, 0.0]}, {"startTime": 10.0, "endTime": 15.0, "predictions": {"probabilities": [-9.122475624084473, -1.0984938144683838], "logits": [NaN, NaN]}, "groundTruth": [0.0, 0.0]}, {"startTime": 15.0, "endTime": 20.0, "predictions": {"probabilities": [-9.305442810058594, -1.2019619941711426], "logits": [NaN, NaN]}, "groundTruth": [0.0, 0.0]}]]}