{"modelName": "devise-221117-v1-ep150", "version": "1", "fileId": "b3de7bc259f042cc8de1ea2e3b906637", "classIds": ["Crex crex", "Scolopax rusticola"], "channels": [[{"startTime": 0.0, "endTime": 5.0, "predictions": {"probabilities": [0.00035356395528651774, 0.6425386667251587], "logits": []}, "groundTruth": [0.0, 0.0]}, {"startTime": 5.0, "endTime": 10.0, "predictions": {"probabilities": [6.23224550508894e-05, 0.207754448056221], "logits": []}, "groundTruth": [0.0, 0.0]}, {"startTime": 10.0, "endTime": 15.0, "predictions": {"probabilities": [0.00010917212057393044, 0.2500222325325012], "logits": []}, "groundTruth": [0.0, 0.0]}, {"startTime": 15.0, "endTime": 20.0, "predictions": {"probabilities": [9.091971151065081e-05, 0.23112638294696808], "logits": []}, "groundTruth": [0.0, 0.0]}]]}