{"modelName": "devise-221117-v1-ep150", "version": "1", "fileId": "b3f80577604a4f4295273bb5c72de5ab", "classIds": ["Crex crex", "Scolopax rusticola"], "channels": [[{"startTime": 0.0, "endTime": 5.0, "predictions": {"probabilities": [-9.10342025756836, -0.7878444790840149], "logits": [NaN, NaN]}, "groundTruth": [0.0, 0.0]}, {"startTime": 5.0, "endTime": 10.0, "predictions": {"probabilities": [-10.752615928649902, -3.7852706909179688], "logits": [NaN, NaN]}, "groundTruth": [0.0, 0.0]}, {"startTime": 10.0, "endTime": 15.0, "predictions": {"probabilities": [-9.911761283874512, -1.3582110404968262], "logits": [NaN, NaN]}, "groundTruth": [0.0, 0.0]}, {"startTime": 15.0, "endTime": 20.0, "predictions": {"probabilities": [-10.689388275146484, -3.694261074066162], "logits": [NaN, NaN]}, "groundTruth": [0.0, 0.0]}]]}