{"modelName": "devise-221117-v1-ep150", "version": "1", "fileId": "b3f80577604a4f4295273bb5c72de5ab", "classIds": ["Crex crex", "Scolopax rusticola"], "channels": [[{"startTime": 0.0, "endTime": 5.0, "predictions": {"probabilities": [0.00011127215111628175, 0.3126316964626312], "logits": []}, "groundTruth": [0.0, 0.0]}, {"startTime": 5.0, "endTime": 10.0, "predictions": {"probabilities": [2.1388925233623013e-05, 0.022198744118213654], "logits": []}, "groundTruth": [0.0, 0.0]}, {"startTime": 10.0, "endTime": 15.0, "predictions": {"probabilities": [4.958556382916868e-05, 0.2045312076807022], "logits": []}, "groundTruth": [0.0, 0.0]}, {"startTime": 15.0, "endTime": 20.0, "predictions": {"probabilities": [2.2784932298236527e-05, 0.02426251396536827], "logits": []}, "groundTruth": [0.0, 0.0]}]]}