{"modelName": "devise-221117-v1-ep150", "version": "1", "fileId": "b3ffb994196d4048a10a5e34e9bad3ed", "classIds": ["Crex crex", "Scolopax rusticola"], "channels": [[{"startTime": 0.0, "endTime": 5.0, "predictions": {"probabilities": [2.0700663299066946e-05, 0.037776559591293335], "logits": []}, "groundTruth": [0.0, 0.0]}, {"startTime": 5.0, "endTime": 10.0, "predictions": {"probabilities": [7.670523336855695e-05, 0.08872415125370026], "logits": []}, "groundTruth": [0.0, 0.0]}, {"startTime": 10.0, "endTime": 15.0, "predictions": {"probabilities": [7.45288630810137e-09, 0.9999899864196777], "logits": []}, "groundTruth": [0.0, 0.0]}, {"startTime": 15.0, "endTime": 20.0, "predictions": {"probabilities": [2.5826609544310486e-06, 0.9999071359634399], "logits": []}, "groundTruth": [0.0, 0.0]}]]}