{"modelName": "devise-221117-v1-ep150", "version": "1", "fileId": "b3ff25725c3a452092c359aa0a6edd84", "classIds": ["Crex crex", "Scolopax rusticola"], "channels": [[{"startTime": 0.0, "endTime": 5.0, "predictions": {"probabilities": [-15.826740264892578, -8.851408958435059], "logits": [NaN, NaN]}, "groundTruth": [0.0, 0.0]}, {"startTime": 5.0, "endTime": 10.0, "predictions": {"probabilities": [-15.72174072265625, -5.567988395690918], "logits": [NaN, NaN]}, "groundTruth": [0.0, 0.0]}, {"startTime": 10.0, "endTime": 15.0, "predictions": {"probabilities": [-12.919292449951172, -5.6681084632873535], "logits": [NaN, NaN]}, "groundTruth": [0.0, 0.0]}, {"startTime": 15.0, "endTime": 20.0, "predictions": {"probabilities": [-15.67970085144043, -8.649239540100098], "logits": [NaN, NaN]}, "groundTruth": [0.0, 0.0]}]]}