{"modelName": "devise-221117-v1-ep150", "version": "1", "fileId": "b47dd2a7adec412f858b7597287899d3", "classIds": ["Crex crex", "Scolopax rusticola"], "channels": [[{"startTime": 0.0, "endTime": 5.0, "predictions": {"probabilities": [6.896859304106329e-06, 0.18955904245376587], "logits": []}, "groundTruth": [0.0, 0.0]}, {"startTime": 5.0, "endTime": 10.0, "predictions": {"probabilities": [0.0004316932463552803, 0.4504894018173218], "logits": []}, "groundTruth": [0.0, 0.0]}, {"startTime": 10.0, "endTime": 15.0, "predictions": {"probabilities": [4.3910640670219436e-05, 0.9849984049797058], "logits": []}, "groundTruth": [0.0, 0.0]}, {"startTime": 15.0, "endTime": 20.0, "predictions": {"probabilities": [4.354794782557292e-06, 0.00470250379294157], "logits": []}, "groundTruth": [0.0, 0.0]}]]}