{"modelName": "devise-221117-v1-ep150", "version": "1", "fileId": "b4ea34a99a434f6fa1826b522113a047", "classIds": ["Crex crex", "Scolopax rusticola"], "channels": [[{"startTime": 0.0, "endTime": 5.0, "predictions": {"probabilities": [-10.968453407287598, 0.6954003572463989], "logits": [NaN, 0.8254894018173218]}, "groundTruth": [0.0, 1.0]}, {"startTime": 5.0, "endTime": 10.0, "predictions": {"probabilities": [-24.464868545532227, 24.199604034423828], "logits": [NaN, NaN]}, "groundTruth": [0.0, 1.0]}, {"startTime": 8.0, "endTime": 13.0, "predictions": {"probabilities": [-27.049659729003906, 27.158586502075195], "logits": [NaN, NaN]}, "groundTruth": [0.0, 1.0]}]]}