{"modelName": "devise-221117-v1-ep150", "version": "1", "fileId": "b4ffbe550b9b4f4c88759c3a8c0dc921", "classIds": ["Crex crex", "Scolopax rusticola"], "channels": [[{"startTime": 0.0, "endTime": 5.0, "predictions": {"probabilities": [-9.399229049682617, -1.097577452659607], "logits": [NaN, NaN]}, "groundTruth": [0.0, 0.0]}, {"startTime": 5.0, "endTime": 10.0, "predictions": {"probabilities": [-12.5629243850708, -5.251791477203369], "logits": [NaN, NaN]}, "groundTruth": [0.0, 0.0]}, {"startTime": 10.0, "endTime": 15.0, "predictions": {"probabilities": [-8.782709121704102, -1.1506699323654175], "logits": [NaN, NaN]}, "groundTruth": [0.0, 0.0]}, {"startTime": 15.0, "endTime": 20.0, "predictions": {"probabilities": [-14.78887939453125, -7.522735118865967], "logits": [NaN, NaN]}, "groundTruth": [0.0, 0.0]}]]}