{"modelName": "devise-221117-v1-ep150", "version": "1", "fileId": "b4ffbe550b9b4f4c88759c3a8c0dc921", "classIds": ["Crex crex", "Scolopax rusticola"], "channels": [[{"startTime": 0.0, "endTime": 5.0, "predictions": {"probabilities": [8.27810144983232e-05, 0.25019410252571106], "logits": []}, "groundTruth": [0.0, 0.0]}, {"startTime": 5.0, "endTime": 10.0, "predictions": {"probabilities": [3.499368858683738e-06, 0.005210830830037594], "logits": []}, "groundTruth": [0.0, 0.0]}, {"startTime": 10.0, "endTime": 15.0, "predictions": {"probabilities": [0.00015333853662014008, 0.24036674201488495], "logits": []}, "groundTruth": [0.0, 0.0]}, {"startTime": 15.0, "endTime": 20.0, "predictions": {"probabilities": [3.778079644689569e-07, 0.0005403596442192793], "logits": []}, "groundTruth": [0.0, 0.0]}]]}