{"modelName": "devise-221117-v1-ep150", "version": "1", "fileId": "b505c066dc4b4877a4cb58ae1a03ed42", "classIds": ["Crex crex", "Scolopax rusticola"], "channels": [[{"startTime": 0.0, "endTime": 5.0, "predictions": {"probabilities": [1.3212188676448022e-08, 0.9628913402557373], "logits": []}, "groundTruth": [0.0, 0.0]}, {"startTime": 5.0, "endTime": 10.0, "predictions": {"probabilities": [1.8716944396146573e-05, 0.09754463285207748], "logits": []}, "groundTruth": [0.0, 0.0]}, {"startTime": 10.0, "endTime": 15.0, "predictions": {"probabilities": [4.574464583129156e-06, 0.008034677244722843], "logits": []}, "groundTruth": [0.0, 0.0]}, {"startTime": 15.0, "endTime": 20.0, "predictions": {"probabilities": [1.1973910659435205e-05, 0.020574873313307762], "logits": []}, "groundTruth": [0.0, 0.0]}]]}