{"modelName": "devise-221117-v1-ep150", "version": "1", "fileId": "b50a95cad5104734975af9f0b3a0538d", "classIds": ["Crex crex", "Scolopax rusticola"], "channels": [[{"startTime": 0.0, "endTime": 5.0, "predictions": {"probabilities": [2.9769737011520192e-05, 0.854482889175415], "logits": []}, "groundTruth": [0.0, 1.0]}, {"startTime": 5.0, "endTime": 10.0, "predictions": {"probabilities": [8.23054424614611e-09, 1.0], "logits": []}, "groundTruth": [0.0, 1.0]}, {"startTime": 10.0, "endTime": 15.0, "predictions": {"probabilities": [5.7392984587067986e-08, 0.9987724423408508], "logits": []}, "groundTruth": [0.0, 1.0]}, {"startTime": 13.0, "endTime": 18.0, "predictions": {"probabilities": [6.643228971370263e-07, 0.9999762773513794], "logits": []}, "groundTruth": [0.0, 1.0]}]]}