{"modelName": "devise-221117-v1-ep150", "version": "1", "fileId": "b50a95cad5104734975af9f0b3a0538d", "classIds": ["Crex crex", "Scolopax rusticola"], "channels": [[{"startTime": 0.0, "endTime": 5.0, "predictions": {"probabilities": [-10.421988487243652, 1.7702025175094604], "logits": [NaN, NaN]}, "groundTruth": [0.0, 1.0]}, {"startTime": 5.0, "endTime": 10.0, "predictions": {"probabilities": [-18.615413665771484, 19.381420135498047], "logits": [NaN, NaN]}, "groundTruth": [0.0, 1.0]}, {"startTime": 10.0, "endTime": 15.0, "predictions": {"probabilities": [-16.673343658447266, 6.701517581939697], "logits": [NaN, NaN]}, "groundTruth": [0.0, 1.0]}, {"startTime": 13.0, "endTime": 18.0, "predictions": {"probabilities": [-14.224496841430664, 10.649934768676758], "logits": [NaN, NaN]}, "groundTruth": [0.0, 1.0]}]]}