{"modelName": "devise-221117-v1-ep150", "version": "1", "fileId": "b52d37fe43b146e78c2a83e06cd4fc3f", "classIds": ["Crex crex", "Scolopax rusticola"], "channels": [[{"startTime": 0.0, "endTime": 5.0, "predictions": {"probabilities": [-13.894055366516113, 8.032149314880371], "logits": [NaN, NaN]}, "groundTruth": [0.0, 0.0]}, {"startTime": 5.0, "endTime": 10.0, "predictions": {"probabilities": [-8.722792625427246, -1.246490240097046], "logits": [NaN, NaN]}, "groundTruth": [0.0, 0.0]}, {"startTime": 10.0, "endTime": 15.0, "predictions": {"probabilities": [-9.86604118347168, 4.383182525634766], "logits": [NaN, NaN]}, "groundTruth": [0.0, 0.0]}, {"startTime": 15.0, "endTime": 20.0, "predictions": {"probabilities": [-10.601527214050293, -3.143659830093384], "logits": [NaN, NaN]}, "groundTruth": [0.0, 0.0]}]]}