{"modelName": "devise-221117-v1-ep150", "version": "1", "fileId": "b52d37fe43b146e78c2a83e06cd4fc3f", "classIds": ["Crex crex", "Scolopax rusticola"], "channels": [[{"startTime": 0.0, "endTime": 5.0, "predictions": {"probabilities": [9.244597549695754e-07, 0.9996752738952637], "logits": []}, "groundTruth": [0.0, 0.0]}, {"startTime": 5.0, "endTime": 10.0, "predictions": {"probabilities": [0.0001628053141757846, 0.22330829501152039], "logits": []}, "groundTruth": [0.0, 0.0]}, {"startTime": 10.0, "endTime": 15.0, "predictions": {"probabilities": [5.190512092667632e-05, 0.9876684546470642], "logits": []}, "groundTruth": [0.0, 0.0]}, {"startTime": 15.0, "endTime": 20.0, "predictions": {"probabilities": [2.4877366740838625e-05, 0.04134182631969452], "logits": []}, "groundTruth": [0.0, 0.0]}]]}