{"modelName": "devise-221117-v1-ep150", "version": "1", "fileId": "b550747e4f394a3a96a61ce33b05f138", "classIds": ["Crex crex", "Scolopax rusticola"], "channels": [[{"startTime": 0.0, "endTime": 5.0, "predictions": {"probabilities": [2.573048334397754e-07, 0.0002594151010271162], "logits": []}, "groundTruth": [0.0, 0.0]}, {"startTime": 5.0, "endTime": 10.0, "predictions": {"probabilities": [1.5412761058541946e-05, 0.01877792365849018], "logits": []}, "groundTruth": [0.0, 0.0]}, {"startTime": 10.0, "endTime": 15.0, "predictions": {"probabilities": [2.6131539925700054e-05, 0.024993551895022392], "logits": []}, "groundTruth": [0.0, 0.0]}, {"startTime": 15.0, "endTime": 20.0, "predictions": {"probabilities": [7.489875883948116e-07, 0.9998542070388794], "logits": []}, "groundTruth": [0.0, 0.0]}]]}