{"modelName": "devise-221117-v1-ep150", "version": "1", "fileId": "b58c15aae4e1454a9355098c2e4736ca", "classIds": ["Crex crex", "Scolopax rusticola"], "channels": [[{"startTime": 0.0, "endTime": 5.0, "predictions": {"probabilities": [4.164953134022653e-05, 0.05310225859284401], "logits": []}, "groundTruth": [0.0, 0.0]}, {"startTime": 5.0, "endTime": 10.0, "predictions": {"probabilities": [1.7727054455463076e-06, 0.0013447944074869156], "logits": []}, "groundTruth": [0.0, 0.0]}, {"startTime": 10.0, "endTime": 15.0, "predictions": {"probabilities": [1.032696104630304e-06, 0.0017490258906036615], "logits": []}, "groundTruth": [0.0, 0.0]}, {"startTime": 15.0, "endTime": 20.0, "predictions": {"probabilities": [5.731225883209845e-06, 0.006702675484120846], "logits": []}, "groundTruth": [0.0, 0.0]}]]}