{"modelName": "devise-221117-v1-ep150", "version": "1", "fileId": "b5915441377f4ffcba935bb9a0ac60d5", "classIds": ["Crex crex", "Scolopax rusticola"], "channels": [[{"startTime": 0.0, "endTime": 5.0, "predictions": {"probabilities": [4.465023448574357e-05, 0.08212970197200775], "logits": []}, "groundTruth": [0.0, 0.0]}, {"startTime": 5.0, "endTime": 10.0, "predictions": {"probabilities": [2.2709784843755187e-06, 0.004080519080162048], "logits": []}, "groundTruth": [0.0, 0.0]}, {"startTime": 10.0, "endTime": 15.0, "predictions": {"probabilities": [3.727763760252856e-05, 0.05860888957977295], "logits": []}, "groundTruth": [0.0, 0.0]}, {"startTime": 15.0, "endTime": 20.0, "predictions": {"probabilities": [6.091664909035899e-05, 0.0645085945725441], "logits": []}, "groundTruth": [0.0, 0.0]}]]}