{"modelName": "devise-221117-v1-ep150", "version": "1", "fileId": "b5915441377f4ffcba935bb9a0ac60d5", "classIds": ["Crex crex", "Scolopax rusticola"], "channels": [[{"startTime": 0.0, "endTime": 5.0, "predictions": {"probabilities": [-10.016606330871582, -2.4137563705444336], "logits": [NaN, NaN]}, "groundTruth": [0.0, 0.0]}, {"startTime": 5.0, "endTime": 10.0, "predictions": {"probabilities": [-12.9952974319458, -5.497442245483398], "logits": [NaN, NaN]}, "groundTruth": [0.0, 0.0]}, {"startTime": 10.0, "endTime": 15.0, "predictions": {"probabilities": [-10.1970796585083, -2.776472330093384], "logits": [NaN, NaN]}, "groundTruth": [0.0, 0.0]}, {"startTime": 15.0, "endTime": 20.0, "predictions": {"probabilities": [-9.70594310760498, -2.6742734909057617], "logits": [NaN, NaN]}, "groundTruth": [0.0, 0.0]}]]}