{"modelName": "devise-221117-v1-ep150", "version": "1", "fileId": "b5bddcd62f7f43d7b6d92a5aa0ea2017", "classIds": ["Crex crex", "Scolopax rusticola"], "channels": [[{"startTime": 0.0, "endTime": 5.0, "predictions": {"probabilities": [5.564716047956608e-05, 0.9783205986022949], "logits": []}, "groundTruth": [0.0, 0.0]}, {"startTime": 5.0, "endTime": 10.0, "predictions": {"probabilities": [0.0001436402671970427, 0.3074306845664978], "logits": []}, "groundTruth": [0.0, 0.0]}, {"startTime": 10.0, "endTime": 15.0, "predictions": {"probabilities": [4.641382020054152e-06, 0.06354597955942154], "logits": []}, "groundTruth": [0.0, 0.0]}, {"startTime": 15.0, "endTime": 20.0, "predictions": {"probabilities": [0.0001170919495052658, 0.7544395923614502], "logits": []}, "groundTruth": [0.0, 0.0]}]]}