{"modelName": "devise-221117-v1-ep150", "version": "1", "fileId": "b5bddcd62f7f43d7b6d92a5aa0ea2017", "classIds": ["Crex crex", "Scolopax rusticola"], "channels": [[{"startTime": 0.0, "endTime": 5.0, "predictions": {"probabilities": [-9.79642391204834, 3.809476375579834], "logits": [NaN, NaN]}, "groundTruth": [0.0, 0.0]}, {"startTime": 5.0, "endTime": 10.0, "predictions": {"probabilities": [-8.848054885864258, -0.8121587634086609], "logits": [NaN, NaN]}, "groundTruth": [0.0, 0.0]}, {"startTime": 10.0, "endTime": 15.0, "predictions": {"probabilities": [-12.28049373626709, -2.6903367042541504], "logits": [NaN, NaN]}, "groundTruth": [0.0, 0.0]}, {"startTime": 15.0, "endTime": 20.0, "predictions": {"probabilities": [-9.052433967590332, 1.1224323511123657], "logits": [NaN, NaN]}, "groundTruth": [0.0, 0.0]}]]}