{"modelName": "devise-221117-v1-ep150", "version": "1", "fileId": "b6230d30562d4dfeaeaa80c8397b1b0d", "classIds": ["Crex crex", "Scolopax rusticola"], "channels": [[{"startTime": 0.0, "endTime": 5.0, "predictions": {"probabilities": [4.2250598198734224e-05, 0.06794830411672592], "logits": []}, "groundTruth": [0.0, 0.0]}, {"startTime": 5.0, "endTime": 10.0, "predictions": {"probabilities": [5.812502058688551e-05, 0.14179469645023346], "logits": []}, "groundTruth": [0.0, 0.0]}, {"startTime": 10.0, "endTime": 15.0, "predictions": {"probabilities": [0.0001937987981364131, 0.21256130933761597], "logits": []}, "groundTruth": [0.0, 0.0]}, {"startTime": 15.0, "endTime": 20.0, "predictions": {"probabilities": [0.00036852865014225245, 0.5629160404205322], "logits": []}, "groundTruth": [0.0, 0.0]}]]}