{"modelName": "devise-221117-v1-ep150", "version": "1", "fileId": "b69408e5df3749f4af07bddab8b84cda", "classIds": ["Crex crex", "Scolopax rusticola"], "channels": [[{"startTime": 0.0, "endTime": 5.0, "predictions": {"probabilities": [6.013119491399266e-05, 0.06362693756818771], "logits": []}, "groundTruth": [0.0, 0.0]}, {"startTime": 5.0, "endTime": 10.0, "predictions": {"probabilities": [7.023397483862936e-05, 0.0758790597319603], "logits": []}, "groundTruth": [0.0, 0.0]}, {"startTime": 10.0, "endTime": 15.0, "predictions": {"probabilities": [3.3648359476501355e-06, 0.9987051486968994], "logits": []}, "groundTruth": [0.0, 0.0]}, {"startTime": 15.0, "endTime": 20.0, "predictions": {"probabilities": [9.09926882286527e-07, 0.9278748035430908], "logits": []}, "groundTruth": [0.0, 0.0]}]]}