{"modelName": "devise-221117-v1-ep150", "version": "1", "fileId": "b6d2b7915a834e4ab6a2432e8fb4be7c", "classIds": ["Crex crex", "Scolopax rusticola"], "channels": [[{"startTime": 0.0, "endTime": 5.0, "predictions": {"probabilities": [-11.777416229248047, 4.205622673034668], "logits": [NaN, NaN]}, "groundTruth": [0.0, 0.0]}, {"startTime": 5.0, "endTime": 10.0, "predictions": {"probabilities": [-10.17602825164795, -2.5585713386535645], "logits": [NaN, NaN]}, "groundTruth": [0.0, 0.0]}, {"startTime": 10.0, "endTime": 15.0, "predictions": {"probabilities": [-10.42968463897705, -2.779320001602173], "logits": [NaN, NaN]}, "groundTruth": [0.0, 0.0]}, {"startTime": 15.0, "endTime": 20.0, "predictions": {"probabilities": [-9.62278938293457, -1.8471962213516235], "logits": [NaN, NaN]}, "groundTruth": [0.0, 0.0]}]]}