{"modelName": "devise-221117-v1-ep150", "version": "1", "fileId": "b7393031c12047879c830d2ab54d8240", "classIds": ["Crex crex", "Scolopax rusticola"], "channels": [[{"startTime": 0.0, "endTime": 5.0, "predictions": {"probabilities": [2.1934280084678903e-05, 0.026924433186650276], "logits": []}, "groundTruth": [0.0, 0.0]}, {"startTime": 5.0, "endTime": 10.0, "predictions": {"probabilities": [9.585649240761995e-05, 0.0985458567738533], "logits": []}, "groundTruth": [0.0, 0.0]}, {"startTime": 10.0, "endTime": 15.0, "predictions": {"probabilities": [0.00015355755749624223, 0.4654567241668701], "logits": []}, "groundTruth": [0.0, 0.0]}, {"startTime": 15.0, "endTime": 20.0, "predictions": {"probabilities": [3.896320049534552e-05, 0.0771620124578476], "logits": []}, "groundTruth": [0.0, 0.0]}]]}