{"modelName": "devise-221117-v1-ep150", "version": "1", "fileId": "b7393031c12047879c830d2ab54d8240", "classIds": ["Crex crex", "Scolopax rusticola"], "channels": [[{"startTime": 0.0, "endTime": 5.0, "predictions": {"probabilities": [-10.727437973022461, -3.5874276161193848], "logits": [NaN, NaN]}, "groundTruth": [0.0, 0.0]}, {"startTime": 5.0, "endTime": 10.0, "predictions": {"probabilities": [-9.252562522888184, -2.213487148284912], "logits": [NaN, NaN]}, "groundTruth": [0.0, 0.0]}, {"startTime": 10.0, "endTime": 15.0, "predictions": {"probabilities": [-8.781281471252441, -0.13839367032051086], "logits": [NaN, NaN]}, "groundTruth": [0.0, 0.0]}, {"startTime": 15.0, "endTime": 20.0, "predictions": {"probabilities": [-10.152853965759277, -2.481546401977539], "logits": [NaN, NaN]}, "groundTruth": [0.0, 0.0]}]]}