{"modelName": "devise-221117-v1-ep150", "version": "1", "fileId": "b7692339606f4642b4de29e6fbd73efd", "classIds": ["Crex crex", "Scolopax rusticola"], "channels": [[{"startTime": 0.0, "endTime": 5.0, "predictions": {"probabilities": [-8.854771614074707, -1.341044306755066], "logits": [NaN, NaN]}, "groundTruth": [0.0, 0.0]}, {"startTime": 5.0, "endTime": 10.0, "predictions": {"probabilities": [-10.733839988708496, -2.1163220405578613], "logits": [NaN, NaN]}, "groundTruth": [0.0, 0.0]}, {"startTime": 10.0, "endTime": 15.0, "predictions": {"probabilities": [-11.677166938781738, -3.0748915672302246], "logits": [NaN, NaN]}, "groundTruth": [0.0, 0.0]}, {"startTime": 15.0, "endTime": 20.0, "predictions": {"probabilities": [-8.38652515411377, -0.0400288924574852], "logits": [NaN, NaN]}, "groundTruth": [0.0, 0.0]}]]}