{"modelName": "devise-221117-v1-ep150", "version": "1", "fileId": "b7e625eec7184e8985ce4b1d973e1524", "classIds": ["Crex crex", "Scolopax rusticola"], "channels": [[{"startTime": 0.0, "endTime": 5.0, "predictions": {"probabilities": [-16.614055633544922, 8.568042755126953], "logits": [NaN, NaN]}, "groundTruth": [0.0, 1.0]}, {"startTime": 5.0, "endTime": 10.0, "predictions": {"probabilities": [-18.64759635925293, 14.527580261230469], "logits": [NaN, NaN]}, "groundTruth": [0.0, 1.0]}, {"startTime": 10.0, "endTime": 15.0, "predictions": {"probabilities": [-16.644489288330078, 9.168063163757324], "logits": [NaN, NaN]}, "groundTruth": [0.0, 1.0]}, {"startTime": 14.0, "endTime": 19.0, "predictions": {"probabilities": [-17.203134536743164, 6.99314546585083], "logits": [NaN, NaN]}, "groundTruth": [0.0, 1.0]}]]}