{"modelName": "devise-221117-v1-ep150", "version": "1", "fileId": "b7fad8b587e34b44a8fa8a2b78793e1d", "classIds": ["Crex crex", "Scolopax rusticola"], "channels": [[{"startTime": 0.0, "endTime": 5.0, "predictions": {"probabilities": [0.0003516175493132323, 0.648973822593689], "logits": []}, "groundTruth": [0.0, 0.0]}, {"startTime": 5.0, "endTime": 10.0, "predictions": {"probabilities": [0.0001713647216092795, 0.2837753891944885], "logits": []}, "groundTruth": [0.0, 0.0]}, {"startTime": 10.0, "endTime": 15.0, "predictions": {"probabilities": [0.00012195843737572432, 0.2072441428899765], "logits": []}, "groundTruth": [0.0, 0.0]}, {"startTime": 15.0, "endTime": 20.0, "predictions": {"probabilities": [0.000267575669568032, 0.4305422604084015], "logits": []}, "groundTruth": [0.0, 0.0]}]]}