{"modelName": "devise-221117-v1-ep150", "version": "1", "fileId": "b83e1977ad2c4bf89f2f1327a14722ef", "classIds": ["Crex crex", "Scolopax rusticola"], "channels": [[{"startTime": 0.0, "endTime": 5.0, "predictions": {"probabilities": [0.0002256937586935237, 0.35476425290107727], "logits": []}, "groundTruth": [0.0, 0.0]}, {"startTime": 5.0, "endTime": 10.0, "predictions": {"probabilities": [0.0002508313918951899, 0.322651743888855], "logits": []}, "groundTruth": [0.0, 0.0]}, {"startTime": 10.0, "endTime": 15.0, "predictions": {"probabilities": [0.00028948221006430686, 0.43883341550827026], "logits": []}, "groundTruth": [0.0, 0.0]}, {"startTime": 15.0, "endTime": 20.0, "predictions": {"probabilities": [7.754094895062735e-07, 0.9999957084655762], "logits": []}, "groundTruth": [0.0, 0.0]}]]}