{"modelName": "devise-221117-v1-ep150", "version": "1", "fileId": "b87af03880824138a1dcb306d01d6b36", "classIds": ["Crex crex", "Scolopax rusticola"], "channels": [[{"startTime": 0.0, "endTime": 5.0, "predictions": {"probabilities": [0.0003048997896257788, 0.6252323985099792], "logits": []}, "groundTruth": [0.0, 0.0]}, {"startTime": 5.0, "endTime": 10.0, "predictions": {"probabilities": [0.00023949040041770786, 0.44932878017425537], "logits": []}, "groundTruth": [0.0, 0.0]}, {"startTime": 10.0, "endTime": 15.0, "predictions": {"probabilities": [0.00033808642183430493, 0.6705164909362793], "logits": []}, "groundTruth": [0.0, 0.0]}, {"startTime": 15.0, "endTime": 20.0, "predictions": {"probabilities": [9.251900792150991e-07, 0.9996514320373535], "logits": []}, "groundTruth": [0.0, 0.0]}]]}