{"modelName": "devise-221117-v1-ep150", "version": "1", "fileId": "b8cd7773f55b45fb8dc14731c9fc625b", "classIds": ["Crex crex", "Scolopax rusticola"], "channels": [[{"startTime": 0.0, "endTime": 5.0, "predictions": {"probabilities": [-10.300487518310547, -2.741605281829834], "logits": [NaN, NaN]}, "groundTruth": [0.0, 0.0]}, {"startTime": 5.0, "endTime": 10.0, "predictions": {"probabilities": [-8.650895118713379, -1.1627132892608643], "logits": [NaN, NaN]}, "groundTruth": [0.0, 0.0]}, {"startTime": 10.0, "endTime": 15.0, "predictions": {"probabilities": [-8.244295120239258, 0.3577669858932495], "logits": [NaN, -0.5850692391395569]}, "groundTruth": [0.0, 0.0]}, {"startTime": 15.0, "endTime": 20.0, "predictions": {"probabilities": [-9.675934791564941, -1.0577155351638794], "logits": [NaN, NaN]}, "groundTruth": [0.0, 0.0]}]]}