{"modelName": "devise-221117-v1-ep150", "version": "1", "fileId": "b8e999c49f39496e8fd9a375ee0cbba3", "classIds": ["Crex crex", "Scolopax rusticola"], "channels": [[{"startTime": 0.0, "endTime": 5.0, "predictions": {"probabilities": [-9.435750007629395, -1.4632155895233154], "logits": [NaN, NaN]}, "groundTruth": [0.0, 0.0]}, {"startTime": 5.0, "endTime": 10.0, "predictions": {"probabilities": [-13.605817794799805, -6.885781288146973], "logits": [NaN, NaN]}, "groundTruth": [0.0, 0.0]}, {"startTime": 10.0, "endTime": 15.0, "predictions": {"probabilities": [-8.71830940246582, -1.453537106513977], "logits": [NaN, NaN]}, "groundTruth": [0.0, 0.0]}, {"startTime": 15.0, "endTime": 20.0, "predictions": {"probabilities": [-9.722159385681152, -3.0071115493774414], "logits": [NaN, NaN]}, "groundTruth": [0.0, 0.0]}]]}