{"modelName": "devise-221117-v1-ep150", "version": "1", "fileId": "b9470148b80a4014af096752ca7cf643", "classIds": ["Crex crex", "Scolopax rusticola"], "channels": [[{"startTime": 0.0, "endTime": 5.0, "predictions": {"probabilities": [-7.973981857299805, 0.6680386066436768], "logits": [NaN, 0.699327290058136]}, "groundTruth": [0.0, 0.0]}, {"startTime": 5.0, "endTime": 10.0, "predictions": {"probabilities": [-11.530061721801758, -4.741823673248291], "logits": [NaN, NaN]}, "groundTruth": [0.0, 0.0]}, {"startTime": 10.0, "endTime": 15.0, "predictions": {"probabilities": [-9.511581420898438, -2.491425037384033], "logits": [NaN, NaN]}, "groundTruth": [0.0, 0.0]}, {"startTime": 15.0, "endTime": 20.0, "predictions": {"probabilities": [-8.987751960754395, -1.6197874546051025], "logits": [NaN, NaN]}, "groundTruth": [0.0, 0.0]}]]}