{"modelName": "devise-221117-v1-ep150", "version": "1", "fileId": "b9470148b80a4014af096752ca7cf643", "classIds": ["Crex crex", "Scolopax rusticola"], "channels": [[{"startTime": 0.0, "endTime": 5.0, "predictions": {"probabilities": [0.0003441867884248495, 0.6610638499259949], "logits": []}, "groundTruth": [0.0, 0.0]}, {"startTime": 5.0, "endTime": 10.0, "predictions": {"probabilities": [9.830000635702163e-06, 0.008647296577692032], "logits": []}, "groundTruth": [0.0, 0.0]}, {"startTime": 10.0, "endTime": 15.0, "predictions": {"probabilities": [7.398446905426681e-05, 0.07646150887012482], "logits": []}, "groundTruth": [0.0, 0.0]}, {"startTime": 15.0, "endTime": 20.0, "predictions": {"probabilities": [0.00012491502275224775, 0.16523419320583344], "logits": []}, "groundTruth": [0.0, 0.0]}]]}