{"modelName": "devise-221117-v1-ep150", "version": "1", "fileId": "b97bcd2f243443f99c810e83ec36a7f8", "classIds": ["Crex crex", "Scolopax rusticola"], "channels": [[{"startTime": 0.0, "endTime": 5.0, "predictions": {"probabilities": [-7.984101295471191, 0.049563899636268616], "logits": [NaN, -2.953658103942871]}, "groundTruth": [0.0, 0.0]}, {"startTime": 5.0, "endTime": 10.0, "predictions": {"probabilities": [-8.79792308807373, -1.2942111492156982], "logits": [NaN, NaN]}, "groundTruth": [0.0, 0.0]}, {"startTime": 10.0, "endTime": 15.0, "predictions": {"probabilities": [-8.140738487243652, -0.006269283592700958], "logits": [NaN, NaN]}, "groundTruth": [0.0, 0.0]}, {"startTime": 15.0, "endTime": 20.0, "predictions": {"probabilities": [-8.27216911315918, -0.2260807901620865], "logits": [NaN, NaN]}, "groundTruth": [0.0, 0.0]}]]}