{"modelName": "devise-221117-v1-ep150", "version": "1", "fileId": "b97bcd2f243443f99c810e83ec36a7f8", "classIds": ["Crex crex", "Scolopax rusticola"], "channels": [[{"startTime": 0.0, "endTime": 5.0, "predictions": {"probabilities": [0.00034072253038175404, 0.5123884081840515], "logits": []}, "groundTruth": [0.0, 0.0]}, {"startTime": 5.0, "endTime": 10.0, "predictions": {"probabilities": [0.00015102364704944193, 0.21514087915420532], "logits": []}, "groundTruth": [0.0, 0.0]}, {"startTime": 10.0, "endTime": 15.0, "predictions": {"probabilities": [0.00029133702628314495, 0.4984326660633087], "logits": []}, "groundTruth": [0.0, 0.0]}, {"startTime": 15.0, "endTime": 20.0, "predictions": {"probabilities": [0.0002554651291575283, 0.4437193274497986], "logits": []}, "groundTruth": [0.0, 0.0]}]]}