{"modelName": "devise-221117-v1-ep150", "version": "1", "fileId": "b9939e1c5ac3498aa550450ad15ca9a7", "classIds": ["Crex crex", "Scolopax rusticola"], "channels": [[{"startTime": 0.0, "endTime": 5.0, "predictions": {"probabilities": [-8.88451099395752, 1.3303128480911255], "logits": [NaN, NaN]}, "groundTruth": [0.0, 0.0]}, {"startTime": 5.0, "endTime": 10.0, "predictions": {"probabilities": [-9.258744239807129, -1.8743176460266113], "logits": [NaN, NaN]}, "groundTruth": [0.0, 0.0]}, {"startTime": 10.0, "endTime": 15.0, "predictions": {"probabilities": [-11.82080364227295, -4.513686180114746], "logits": [NaN, NaN]}, "groundTruth": [0.0, 0.0]}, {"startTime": 15.0, "endTime": 20.0, "predictions": {"probabilities": [-7.597509860992432, 1.3947253227233887], "logits": [NaN, NaN]}, "groundTruth": [0.0, 0.0]}]]}