{"modelName": "devise-221117-v1-ep150", "version": "1", "fileId": "bac98d24ac6c4594833d67266da164ef", "classIds": ["Crex crex", "Scolopax rusticola"], "channels": [[{"startTime": 0.0, "endTime": 5.0, "predictions": {"probabilities": [-9.72230052947998, -2.383004903793335], "logits": [NaN, NaN]}, "groundTruth": [0.0, 0.0]}, {"startTime": 5.0, "endTime": 10.0, "predictions": {"probabilities": [-11.149093627929688, -0.8406165838241577], "logits": [NaN, NaN]}, "groundTruth": [0.0, 0.0]}, {"startTime": 10.0, "endTime": 15.0, "predictions": {"probabilities": [-11.615486145019531, 4.474192142486572], "logits": [NaN, NaN]}, "groundTruth": [0.0, 0.0]}, {"startTime": 15.0, "endTime": 20.0, "predictions": {"probabilities": [-9.980670928955078, 1.2801228761672974], "logits": [NaN, NaN]}, "groundTruth": [0.0, 0.0]}]]}