{"modelName": "devise-221117-v1-ep150", "version": "1", "fileId": "bb7b318bdf3848debb8841135682e9ad", "classIds": ["Crex crex", "Scolopax rusticola"], "channels": [[{"startTime": 0.0, "endTime": 5.0, "predictions": {"probabilities": [0.00027776070055551827, 0.5751728415489197], "logits": []}, "groundTruth": [0.0, 0.0]}, {"startTime": 5.0, "endTime": 10.0, "predictions": {"probabilities": [6.92017556502833e-06, 0.999097466468811], "logits": []}, "groundTruth": [0.0, 0.0]}, {"startTime": 10.0, "endTime": 15.0, "predictions": {"probabilities": [8.905615800358646e-07, 0.9997634291648865], "logits": []}, "groundTruth": [0.0, 0.0]}, {"startTime": 15.0, "endTime": 20.0, "predictions": {"probabilities": [7.376938447123393e-05, 0.9489826560020447], "logits": []}, "groundTruth": [0.0, 0.0]}]]}