{"modelName": "devise-221117-v1-ep150", "version": "1", "fileId": "bbaf1e1dd6c242b2be0fde505874e389", "classIds": ["Crex crex", "Scolopax rusticola"], "channels": [[{"startTime": 0.0, "endTime": 5.0, "predictions": {"probabilities": [3.753028795472346e-05, 0.07712076604366302], "logits": []}, "groundTruth": [0.0, 0.0]}, {"startTime": 5.0, "endTime": 10.0, "predictions": {"probabilities": [3.2705011108191684e-05, 0.05428485944867134], "logits": []}, "groundTruth": [0.0, 0.0]}, {"startTime": 10.0, "endTime": 15.0, "predictions": {"probabilities": [4.7861412895144895e-05, 0.08698341995477676], "logits": []}, "groundTruth": [0.0, 0.0]}, {"startTime": 15.0, "endTime": 20.0, "predictions": {"probabilities": [0.000389931199606508, 0.4179286062717438], "logits": []}, "groundTruth": [0.0, 0.0]}]]}