{"modelName": "devise-221117-v1-ep150", "version": "1", "fileId": "bc0140eb12944e2baf70e65169b4565b", "classIds": ["Crex crex", "Scolopax rusticola"], "channels": [[{"startTime": 0.0, "endTime": 5.0, "predictions": {"probabilities": [-8.284687042236328, -0.7295092940330505], "logits": [NaN, NaN]}, "groundTruth": [0.0, 0.0]}, {"startTime": 5.0, "endTime": 10.0, "predictions": {"probabilities": [-8.839828491210938, -1.221938133239746], "logits": [NaN, NaN]}, "groundTruth": [0.0, 0.0]}, {"startTime": 10.0, "endTime": 15.0, "predictions": {"probabilities": [-8.22369384765625, 0.2825426757335663], "logits": [NaN, -0.9318838119506836]}, "groundTruth": [0.0, 0.0]}, {"startTime": 15.0, "endTime": 20.0, "predictions": {"probabilities": [-7.749393463134766, 0.38104331493377686], "logits": [NaN, -0.4851222634315491]}, "groundTruth": [0.0, 0.0]}]]}