{"modelName": "devise-221117-v1-ep150", "version": "1", "fileId": "bcd93cc11cb845789ba74fefadc1e0e9", "classIds": ["Crex crex", "Scolopax rusticola"], "channels": [[{"startTime": 0.0, "endTime": 5.0, "predictions": {"probabilities": [2.0025961333658415e-08, 0.9999960660934448], "logits": []}, "groundTruth": [0.0, 1.0]}, {"startTime": 5.0, "endTime": 10.0, "predictions": {"probabilities": [2.115484534215284e-07, 0.9999990463256836], "logits": []}, "groundTruth": [0.0, 1.0]}, {"startTime": 10.0, "endTime": 15.0, "predictions": {"probabilities": [3.241649437768501e-08, 1.0], "logits": []}, "groundTruth": [0.0, 1.0]}, {"startTime": 14.0, "endTime": 19.0, "predictions": {"probabilities": [4.620011395672918e-08, 0.9999750852584839], "logits": []}, "groundTruth": [0.0, 1.0]}]]}