{"modelName": "devise-221117-v1-ep150", "version": "1", "fileId": "bd05c001ace842f4ab09e7feb001e6b3", "classIds": ["Crex crex", "Scolopax rusticola"], "channels": [[{"startTime": 0.0, "endTime": 5.0, "predictions": {"probabilities": [-8.278255462646484, 3.0855653285980225], "logits": [NaN, NaN]}, "groundTruth": [0.0, 0.0]}, {"startTime": 5.0, "endTime": 10.0, "predictions": {"probabilities": [-10.270323753356934, -3.086920738220215], "logits": [NaN, NaN]}, "groundTruth": [0.0, 0.0]}, {"startTime": 10.0, "endTime": 15.0, "predictions": {"probabilities": [-7.349793434143066, 0.9287977814674377], "logits": [NaN, 2.5683670043945312]}, "groundTruth": [0.0, 0.0]}, {"startTime": 15.0, "endTime": 20.0, "predictions": {"probabilities": [-9.95003604888916, -2.6649858951568604], "logits": [NaN, NaN]}, "groundTruth": [0.0, 0.0]}]]}