{"modelName": "devise-221117-v1-ep150", "version": "1", "fileId": "bd05c001ace842f4ab09e7feb001e6b3", "classIds": ["Crex crex", "Scolopax rusticola"], "channels": [[{"startTime": 0.0, "endTime": 5.0, "predictions": {"probabilities": [0.0002539154083933681, 0.9562933444976807], "logits": []}, "groundTruth": [0.0, 0.0]}, {"startTime": 5.0, "endTime": 10.0, "predictions": {"probabilities": [3.4644956031115726e-05, 0.04364999756217003], "logits": []}, "groundTruth": [0.0, 0.0]}, {"startTime": 10.0, "endTime": 15.0, "predictions": {"probabilities": [0.0006423122831620276, 0.7168313264846802], "logits": []}, "groundTruth": [0.0, 0.0]}, {"startTime": 15.0, "endTime": 20.0, "predictions": {"probabilities": [4.772363536176272e-05, 0.06507134437561035], "logits": []}, "groundTruth": [0.0, 0.0]}]]}