{"modelName": "devise-221117-v1-ep150", "version": "1", "fileId": "bda33ec9f7af48f99112342da7d6ffa9", "classIds": ["Crex crex", "Scolopax rusticola"], "channels": [[{"startTime": 0.0, "endTime": 5.0, "predictions": {"probabilities": [-8.962831497192383, -0.13580068945884705], "logits": [NaN, NaN]}, "groundTruth": [0.0, 0.0]}, {"startTime": 5.0, "endTime": 10.0, "predictions": {"probabilities": [-8.04295825958252, -0.5209329128265381], "logits": [NaN, NaN]}, "groundTruth": [0.0, 0.0]}, {"startTime": 10.0, "endTime": 15.0, "predictions": {"probabilities": [-11.411081314086914, 0.6707801818847656], "logits": [NaN, 0.711715817451477]}, "groundTruth": [0.0, 0.0]}, {"startTime": 15.0, "endTime": 20.0, "predictions": {"probabilities": [-7.831374168395996, -0.13542161881923676], "logits": [NaN, NaN]}, "groundTruth": [0.0, 0.0]}]]}