{"modelName": "devise-221117-v1-ep150", "version": "1", "fileId": "bdb17cb70f7d483b9bd3e54b4a675f8e", "classIds": ["Crex crex", "Scolopax rusticola"], "channels": [[{"startTime": 0.0, "endTime": 5.0, "predictions": {"probabilities": [-7.76248836517334, -0.16851462423801422], "logits": [NaN, NaN]}, "groundTruth": [0.0, 0.0]}, {"startTime": 5.0, "endTime": 10.0, "predictions": {"probabilities": [-8.225703239440918, 0.16027455031871796], "logits": [NaN, -1.6561866998672485]}, "groundTruth": [0.0, 0.0]}, {"startTime": 10.0, "endTime": 15.0, "predictions": {"probabilities": [-10.950993537902832, -4.496606826782227], "logits": [NaN, NaN]}, "groundTruth": [0.0, 0.0]}, {"startTime": 15.0, "endTime": 20.0, "predictions": {"probabilities": [-8.37499713897705, -0.866400420665741], "logits": [NaN, NaN]}, "groundTruth": [0.0, 0.0]}]]}