{"modelName": "devise-221117-v1-ep150", "version": "1", "fileId": "be7e5efe2c9942debf7e35c20a5cf485", "classIds": ["Crex crex", "Scolopax rusticola"], "channels": [[{"startTime": 0.0, "endTime": 5.0, "predictions": {"probabilities": [2.4089495127554983e-06, 0.9957277774810791], "logits": []}, "groundTruth": [0.0, 0.0]}, {"startTime": 5.0, "endTime": 10.0, "predictions": {"probabilities": [2.3514174245065078e-05, 0.04677851125597954], "logits": []}, "groundTruth": [0.0, 0.0]}, {"startTime": 10.0, "endTime": 15.0, "predictions": {"probabilities": [0.0006423343438655138, 0.6779804229736328], "logits": []}, "groundTruth": [0.0, 0.0]}, {"startTime": 15.0, "endTime": 20.0, "predictions": {"probabilities": [8.388237620238215e-05, 0.23231031000614166], "logits": []}, "groundTruth": [0.0, 0.0]}]]}