{"modelName": "devise-221117-v1-ep150", "version": "1", "fileId": "be83576f9102467a8b6e26576d09b4d9", "classIds": ["Crex crex", "Scolopax rusticola"], "channels": [[{"startTime": 0.0, "endTime": 5.0, "predictions": {"probabilities": [0.00018165887740906328, 0.4514744281768799], "logits": []}, "groundTruth": [0.0, 0.0]}, {"startTime": 5.0, "endTime": 10.0, "predictions": {"probabilities": [0.00020448370196390897, 0.3795180916786194], "logits": []}, "groundTruth": [0.0, 0.0]}, {"startTime": 10.0, "endTime": 15.0, "predictions": {"probabilities": [0.00018673570593819022, 0.20153522491455078], "logits": []}, "groundTruth": [0.0, 0.0]}, {"startTime": 15.0, "endTime": 20.0, "predictions": {"probabilities": [2.328049231437035e-05, 0.027453778311610222], "logits": []}, "groundTruth": [0.0, 0.0]}]]}