{"modelName": "devise-221117-v1-ep150", "version": "1", "fileId": "becd17f6f2594a27b9d3052481d8d418", "classIds": ["Crex crex", "Scolopax rusticola"], "channels": [[{"startTime": 0.0, "endTime": 5.0, "predictions": {"probabilities": [0.0004419329634401947, 0.45722249150276184], "logits": []}, "groundTruth": [0.0, 0.0]}, {"startTime": 5.0, "endTime": 10.0, "predictions": {"probabilities": [0.0005225694039836526, 0.6261080503463745], "logits": []}, "groundTruth": [0.0, 0.0]}, {"startTime": 10.0, "endTime": 15.0, "predictions": {"probabilities": [0.00025157578056678176, 0.41160035133361816], "logits": []}, "groundTruth": [0.0, 0.0]}, {"startTime": 15.0, "endTime": 20.0, "predictions": {"probabilities": [0.0003565794904716313, 0.32858553528785706], "logits": []}, "groundTruth": [0.0, 0.0]}]]}