{"modelName": "devise-221117-v1-ep150", "version": "1", "fileId": "bee93a969d7b40d080431e3872149c12", "classIds": ["Crex crex", "Scolopax rusticola"], "channels": [[{"startTime": 0.0, "endTime": 5.0, "predictions": {"probabilities": [0.00013106690312270075, 0.1702379584312439], "logits": []}, "groundTruth": [0.0, 0.0]}, {"startTime": 5.0, "endTime": 10.0, "predictions": {"probabilities": [4.567385531117907e-06, 0.005116961896419525], "logits": []}, "groundTruth": [0.0, 0.0]}, {"startTime": 10.0, "endTime": 15.0, "predictions": {"probabilities": [2.1756408386863768e-05, 0.21238212287425995], "logits": []}, "groundTruth": [0.0, 0.0]}, {"startTime": 15.0, "endTime": 20.0, "predictions": {"probabilities": [6.672645395155996e-05, 0.9299560189247131], "logits": []}, "groundTruth": [0.0, 0.0]}]]}