{"modelName": "devise-221117-v1-ep150", "version": "1", "fileId": "bf98c482fe8f4ee68671f44dffce793f", "classIds": ["Crex crex", "Scolopax rusticola"], "channels": [[{"startTime": 0.0, "endTime": 5.0, "predictions": {"probabilities": [1.0870910500671016e-06, 0.0009473649552091956], "logits": []}, "groundTruth": [0.0, 0.0]}, {"startTime": 5.0, "endTime": 10.0, "predictions": {"probabilities": [4.377338336780667e-05, 0.04844077304005623], "logits": []}, "groundTruth": [0.0, 0.0]}, {"startTime": 10.0, "endTime": 15.0, "predictions": {"probabilities": [5.4039010137785226e-05, 0.2832111120223999], "logits": []}, "groundTruth": [0.0, 0.0]}, {"startTime": 15.0, "endTime": 20.0, "predictions": {"probabilities": [3.4929905723402044e-06, 0.0029289533849805593], "logits": []}, "groundTruth": [0.0, 0.0]}]]}