{"modelName": "devise-221117-v1-ep150", "version": "1", "fileId": "bf98c482fe8f4ee68671f44dffce793f", "classIds": ["Crex crex", "Scolopax rusticola"], "channels": [[{"startTime": 0.0, "endTime": 5.0, "predictions": {"probabilities": [-13.732004165649414, -6.960878372192383], "logits": [NaN, NaN]}, "groundTruth": [0.0, 0.0]}, {"startTime": 5.0, "endTime": 10.0, "predictions": {"probabilities": [-10.0364408493042, -2.977760076522827], "logits": [NaN, NaN]}, "groundTruth": [0.0, 0.0]}, {"startTime": 10.0, "endTime": 15.0, "predictions": {"probabilities": [-9.825750350952148, -0.9285888075828552], "logits": [NaN, NaN]}, "groundTruth": [0.0, 0.0]}, {"startTime": 15.0, "endTime": 20.0, "predictions": {"probabilities": [-12.564748764038086, -5.830176830291748], "logits": [NaN, NaN]}, "groundTruth": [0.0, 0.0]}]]}