{"modelName": "devise-221117-v1-ep150", "version": "1", "fileId": "c09354e8bbf94c1f8eeeceabcbdeff84", "classIds": ["Crex crex", "Scolopax rusticola"], "channels": [[{"startTime": 0.0, "endTime": 5.0, "predictions": {"probabilities": [-10.24260139465332, 3.9392316341400146], "logits": [NaN, NaN]}, "groundTruth": [0.0, 1.0]}, {"startTime": 5.0, "endTime": 10.0, "predictions": {"probabilities": [-12.945755958557129, 7.686082363128662], "logits": [NaN, NaN]}, "groundTruth": [0.0, 1.0]}, {"startTime": 10.0, "endTime": 15.0, "predictions": {"probabilities": [-23.506370544433594, 24.13852310180664], "logits": [NaN, NaN]}, "groundTruth": [0.0, 1.0]}, {"startTime": 14.0, "endTime": 19.0, "predictions": {"probabilities": [-23.287477493286133, 22.003047943115234], "logits": [NaN, NaN]}, "groundTruth": [0.0, 1.0]}]]}