{"modelName": "devise-221117-v1-ep150", "version": "1", "fileId": "c0abe88dc65b4276a1d8d950c498909a", "classIds": ["Crex crex", "Scolopax rusticola"], "channels": [[{"startTime": 0.0, "endTime": 5.0, "predictions": {"probabilities": [-10.181748390197754, 0.633517324924469], "logits": [NaN, 0.5473361015319824]}, "groundTruth": [0.0, 0.0]}, {"startTime": 5.0, "endTime": 10.0, "predictions": {"probabilities": [-10.57222843170166, -3.365201711654663], "logits": [NaN, NaN]}, "groundTruth": [0.0, 0.0]}, {"startTime": 10.0, "endTime": 15.0, "predictions": {"probabilities": [-11.870843887329102, -4.9756975173950195], "logits": [NaN, NaN]}, "groundTruth": [0.0, 0.0]}, {"startTime": 15.0, "endTime": 20.0, "predictions": {"probabilities": [-11.379186630249023, 6.600583553314209], "logits": [NaN, NaN]}, "groundTruth": [0.0, 0.0]}]]}