{"modelName": "devise-221117-v1-ep150", "version": "1", "fileId": "c0abe88dc65b4276a1d8d950c498909a", "classIds": ["Crex crex", "Scolopax rusticola"], "channels": [[{"startTime": 0.0, "endTime": 5.0, "predictions": {"probabilities": [3.785353328566998e-05, 0.6532865762710571], "logits": []}, "groundTruth": [0.0, 0.0]}, {"startTime": 5.0, "endTime": 10.0, "predictions": {"probabilities": [2.5617007850087248e-05, 0.033400874584913254], "logits": []}, "groundTruth": [0.0, 0.0]}, {"startTime": 10.0, "endTime": 15.0, "predictions": {"probabilities": [6.991252121224534e-06, 0.0068563674576580524], "logits": []}, "groundTruth": [0.0, 0.0]}, {"startTime": 15.0, "endTime": 20.0, "predictions": {"probabilities": [1.1430811355239712e-05, 0.9986422657966614], "logits": []}, "groundTruth": [0.0, 0.0]}]]}