{"modelName": "devise-221117-v1-ep150", "version": "1", "fileId": "c137fc0342b6407b9312a76c67a64836", "classIds": ["Crex crex", "Scolopax rusticola"], "channels": [[{"startTime": 0.0, "endTime": 5.0, "predictions": {"probabilities": [0.00011313820868963376, 0.11387697607278824], "logits": []}, "groundTruth": [0.0, 0.0]}, {"startTime": 5.0, "endTime": 10.0, "predictions": {"probabilities": [0.00011053483467549086, 0.10719883441925049], "logits": []}, "groundTruth": [0.0, 0.0]}, {"startTime": 10.0, "endTime": 15.0, "predictions": {"probabilities": [9.456436964683235e-05, 0.12596504390239716], "logits": []}, "groundTruth": [0.0, 0.0]}, {"startTime": 15.0, "endTime": 20.0, "predictions": {"probabilities": [8.977276593213901e-05, 0.14225983619689941], "logits": []}, "groundTruth": [0.0, 0.0]}]]}