{"modelName": "devise-221117-v1-ep150", "version": "1", "fileId": "c142f724313640a18689532a62779074", "classIds": ["Crex crex", "Scolopax rusticola"], "channels": [[{"startTime": 0.0, "endTime": 5.0, "predictions": {"probabilities": [-9.667499542236328, -1.4671452045440674], "logits": [NaN, NaN]}, "groundTruth": [0.0, 0.0]}, {"startTime": 5.0, "endTime": 10.0, "predictions": {"probabilities": [-11.130727767944336, -3.9005050659179688], "logits": [NaN, NaN]}, "groundTruth": [0.0, 0.0]}, {"startTime": 10.0, "endTime": 15.0, "predictions": {"probabilities": [-10.041040420532227, -2.891665458679199], "logits": [NaN, NaN]}, "groundTruth": [0.0, 0.0]}, {"startTime": 15.0, "endTime": 20.0, "predictions": {"probabilities": [-8.32628345489502, -0.13181547820568085], "logits": [NaN, NaN]}, "groundTruth": [0.0, 0.0]}]]}