{"modelName": "devise-221117-v1-ep150", "version": "1", "fileId": "c142f724313640a18689532a62779074", "classIds": ["Crex crex", "Scolopax rusticola"], "channels": [[{"startTime": 0.0, "endTime": 5.0, "predictions": {"probabilities": [6.330395262921229e-05, 0.18737691640853882], "logits": []}, "groundTruth": [0.0, 0.0]}, {"startTime": 5.0, "endTime": 10.0, "predictions": {"probabilities": [1.4654802725999616e-05, 0.019830485805869102], "logits": []}, "groundTruth": [0.0, 0.0]}, {"startTime": 10.0, "endTime": 15.0, "predictions": {"probabilities": [4.3572512367973104e-05, 0.05256710946559906], "logits": []}, "groundTruth": [0.0, 0.0]}, {"startTime": 15.0, "endTime": 20.0, "predictions": {"probabilities": [0.0002420114615233615, 0.4670937657356262], "logits": []}, "groundTruth": [0.0, 0.0]}]]}