{"modelName": "devise-221117-v1-ep150", "version": "1", "fileId": "c1c8f800f32a4aa7b959324ab204ef23", "classIds": ["Crex crex", "Scolopax rusticola"], "channels": [[{"startTime": 0.0, "endTime": 5.0, "predictions": {"probabilities": [1.943393446168784e-09, 0.9999992847442627], "logits": []}, "groundTruth": [0.0, 0.0]}, {"startTime": 5.0, "endTime": 10.0, "predictions": {"probabilities": [9.873764611256775e-06, 0.07852041721343994], "logits": []}, "groundTruth": [0.0, 0.0]}, {"startTime": 10.0, "endTime": 15.0, "predictions": {"probabilities": [9.693360334495082e-05, 0.13363902270793915], "logits": []}, "groundTruth": [0.0, 0.0]}, {"startTime": 15.0, "endTime": 20.0, "predictions": {"probabilities": [1.8269187421537936e-05, 0.03941332921385765], "logits": []}, "groundTruth": [0.0, 0.0]}]]}