{"modelName": "devise-221117-v1-ep150", "version": "1", "fileId": "c1de0b728bad48219265c58c1710e53f", "classIds": ["Crex crex", "Scolopax rusticola"], "channels": [[{"startTime": 0.0, "endTime": 5.0, "predictions": {"probabilities": [0.00018225396343041211, 0.8788760900497437], "logits": []}, "groundTruth": [0.0, 1.0]}, {"startTime": 5.0, "endTime": 10.0, "predictions": {"probabilities": [6.648724956903607e-05, 0.8876044750213623], "logits": []}, "groundTruth": [0.0, 1.0]}, {"startTime": 10.0, "endTime": 15.0, "predictions": {"probabilities": [4.601746695698239e-05, 0.9965221881866455], "logits": []}, "groundTruth": [0.0, 1.0]}, {"startTime": 13.0, "endTime": 18.0, "predictions": {"probabilities": [2.3740418328088708e-05, 0.9243853092193604], "logits": []}, "groundTruth": [0.0, 1.0]}]]}