{"modelName": "devise-221117-v1-ep150", "version": "1", "fileId": "c239609de2124a10a9bd07821feb309f", "classIds": ["Crex crex", "Scolopax rusticola"], "channels": [[{"startTime": 0.0, "endTime": 5.0, "predictions": {"probabilities": [-15.04200553894043, 10.839376449584961], "logits": [NaN, NaN]}, "groundTruth": [0.0, 1.0]}, {"startTime": 5.0, "endTime": 10.0, "predictions": {"probabilities": [-15.751986503601074, 6.2793169021606445], "logits": [NaN, NaN]}, "groundTruth": [0.0, 1.0]}, {"startTime": 6.0, "endTime": 11.0, "predictions": {"probabilities": [-18.238523483276367, 12.066939353942871], "logits": [NaN, NaN]}, "groundTruth": [0.0, 1.0]}]]}