{"modelName": "devise-221117-v1-ep150", "version": "1", "fileId": "c289d2cc957441f9a9db035886450360", "classIds": ["Crex crex", "Scolopax rusticola"], "channels": [[{"startTime": 0.0, "endTime": 5.0, "predictions": {"probabilities": [-8.527217864990234, -0.5778125524520874], "logits": [NaN, NaN]}, "groundTruth": [0.0, 0.0]}, {"startTime": 5.0, "endTime": 10.0, "predictions": {"probabilities": [-8.365086555480957, -0.7996944785118103], "logits": [NaN, NaN]}, "groundTruth": [0.0, 0.0]}, {"startTime": 10.0, "endTime": 15.0, "predictions": {"probabilities": [-7.981250286102295, 0.07031255215406418], "logits": [NaN, -2.5818979740142822]}, "groundTruth": [0.0, 0.0]}, {"startTime": 15.0, "endTime": 20.0, "predictions": {"probabilities": [-9.901498794555664, -2.1888890266418457], "logits": [NaN, NaN]}, "groundTruth": [0.0, 0.0]}]]}