{"modelName": "devise-221117-v1-ep150", "version": "1", "fileId": "c2a7cf7687bb4cbfa8e06ee176fb98c8", "classIds": ["Crex crex", "Scolopax rusticola"], "channels": [[{"startTime": 0.0, "endTime": 5.0, "predictions": {"probabilities": [1.3659909200214315e-05, 0.012334056198596954], "logits": []}, "groundTruth": [0.0, 0.0]}, {"startTime": 5.0, "endTime": 10.0, "predictions": {"probabilities": [0.0003959739697165787, 0.42675095796585083], "logits": []}, "groundTruth": [0.0, 0.0]}, {"startTime": 10.0, "endTime": 15.0, "predictions": {"probabilities": [0.00033853441709652543, 0.7007427215576172], "logits": []}, "groundTruth": [0.0, 0.0]}, {"startTime": 15.0, "endTime": 20.0, "predictions": {"probabilities": [0.00010603400005493313, 0.08373041450977325], "logits": []}, "groundTruth": [0.0, 0.0]}]]}