{"modelName": "devise-221117-v1-ep150", "version": "1", "fileId": "c2a7aa192eff475a8534bf3265237add", "classIds": ["Crex crex", "Scolopax rusticola"], "channels": [[{"startTime": 0.0, "endTime": 5.0, "predictions": {"probabilities": [-10.165942192077637, -2.9725868701934814], "logits": [NaN, NaN]}, "groundTruth": [0.0, 0.0]}, {"startTime": 5.0, "endTime": 10.0, "predictions": {"probabilities": [-10.8182954788208, -2.2593271732330322], "logits": [NaN, NaN]}, "groundTruth": [0.0, 0.0]}, {"startTime": 10.0, "endTime": 15.0, "predictions": {"probabilities": [-8.552828788757324, -0.864952027797699], "logits": [NaN, NaN]}, "groundTruth": [0.0, 0.0]}, {"startTime": 15.0, "endTime": 20.0, "predictions": {"probabilities": [-9.53943157196045, -2.130919933319092], "logits": [NaN, NaN]}, "groundTruth": [0.0, 0.0]}]]}