{"modelName": "devise-221117-v1-ep150", "version": "1", "fileId": "c2eee23598794eb491dbaa217861cd91", "classIds": ["Crex crex", "Scolopax rusticola"], "channels": [[{"startTime": 0.0, "endTime": 5.0, "predictions": {"probabilities": [-9.144461631774902, -0.6999304890632629], "logits": [NaN, NaN]}, "groundTruth": [0.0, 0.0]}, {"startTime": 5.0, "endTime": 10.0, "predictions": {"probabilities": [-9.680868148803711, -2.205233097076416], "logits": [NaN, NaN]}, "groundTruth": [0.0, 0.0]}, {"startTime": 10.0, "endTime": 15.0, "predictions": {"probabilities": [-10.682597160339355, -0.4631839990615845], "logits": [NaN, NaN]}, "groundTruth": [0.0, 0.0]}, {"startTime": 15.0, "endTime": 20.0, "predictions": {"probabilities": [-13.678250312805176, -5.062315940856934], "logits": [NaN, NaN]}, "groundTruth": [0.0, 0.0]}]]}