{"modelName": "devise-221117-v1-ep150", "version": "1", "fileId": "c4b902f839a04b3688faa77c8bf4b012", "classIds": ["Crex crex", "Scolopax rusticola"], "channels": [[{"startTime": 0.0, "endTime": 5.0, "predictions": {"probabilities": [3.436607585172169e-06, 0.9987034797668457], "logits": []}, "groundTruth": [0.0, 0.0]}, {"startTime": 5.0, "endTime": 10.0, "predictions": {"probabilities": [8.291555423056707e-05, 0.3171224594116211], "logits": []}, "groundTruth": [0.0, 0.0]}, {"startTime": 10.0, "endTime": 15.0, "predictions": {"probabilities": [9.199678606819361e-05, 0.19480514526367188], "logits": []}, "groundTruth": [0.0, 0.0]}, {"startTime": 15.0, "endTime": 20.0, "predictions": {"probabilities": [7.0185364165809e-05, 0.1574791669845581], "logits": []}, "groundTruth": [0.0, 0.0]}]]}