{"modelName": "devise-221117-v1-ep150", "version": "1", "fileId": "c51198355da74180981825dc749597f8", "classIds": ["Crex crex", "Scolopax rusticola"], "channels": [[{"startTime": 0.0, "endTime": 5.0, "predictions": {"probabilities": [-11.21835994720459, -3.7152085304260254], "logits": [NaN, NaN]}, "groundTruth": [0.0, 0.0]}, {"startTime": 5.0, "endTime": 10.0, "predictions": {"probabilities": [-10.737282752990723, -3.1707041263580322], "logits": [NaN, NaN]}, "groundTruth": [0.0, 0.0]}, {"startTime": 10.0, "endTime": 15.0, "predictions": {"probabilities": [-10.563124656677246, -2.918875217437744], "logits": [NaN, NaN]}, "groundTruth": [0.0, 0.0]}, {"startTime": 15.0, "endTime": 20.0, "predictions": {"probabilities": [-8.197858810424805, -0.6715386509895325], "logits": [NaN, NaN]}, "groundTruth": [0.0, 0.0]}]]}