{"modelName": "devise-221117-v1-ep150", "version": "1", "fileId": "c5972fd752f34d158e5f489fda74d907", "classIds": ["Crex crex", "Scolopax rusticola"], "channels": [[{"startTime": 0.0, "endTime": 5.0, "predictions": {"probabilities": [-13.27923583984375, 10.856782913208008], "logits": [NaN, NaN]}, "groundTruth": [0.0, 0.0]}, {"startTime": 5.0, "endTime": 10.0, "predictions": {"probabilities": [-8.549615859985352, 3.08324933052063], "logits": [NaN, NaN]}, "groundTruth": [0.0, 0.0]}, {"startTime": 10.0, "endTime": 15.0, "predictions": {"probabilities": [-8.037483215332031, -0.474165678024292], "logits": [NaN, NaN]}, "groundTruth": [0.0, 0.0]}, {"startTime": 15.0, "endTime": 20.0, "predictions": {"probabilities": [-12.577225685119629, 3.1684024333953857], "logits": [NaN, NaN]}, "groundTruth": [0.0, 0.0]}]]}