{"modelName": "devise-221117-v1-ep150", "version": "1", "fileId": "c5a14614b74d4c889b603c3d0ef9c047", "classIds": ["Crex crex", "Scolopax rusticola"], "channels": [[{"startTime": 0.0, "endTime": 5.0, "predictions": {"probabilities": [-8.866133689880371, -1.490086555480957], "logits": [NaN, NaN]}, "groundTruth": [0.0, 0.0]}, {"startTime": 5.0, "endTime": 10.0, "predictions": {"probabilities": [-11.585674285888672, 7.052405834197998], "logits": [NaN, NaN]}, "groundTruth": [0.0, 0.0]}, {"startTime": 10.0, "endTime": 15.0, "predictions": {"probabilities": [-9.70216178894043, 1.2012521028518677], "logits": [NaN, NaN]}, "groundTruth": [0.0, 0.0]}, {"startTime": 15.0, "endTime": 20.0, "predictions": {"probabilities": [-11.330470085144043, -3.71683931350708], "logits": [NaN, NaN]}, "groundTruth": [0.0, 0.0]}]]}