{"modelName": "devise-221117-v1-ep150", "version": "1", "fileId": "c5bb7e3633ea461aa10261a88ddb4531", "classIds": ["Crex crex", "Scolopax rusticola"], "channels": [[{"startTime": 0.0, "endTime": 5.0, "predictions": {"probabilities": [3.7006531783845276e-05, 0.13917267322540283], "logits": []}, "groundTruth": [0.0, 0.0]}, {"startTime": 5.0, "endTime": 10.0, "predictions": {"probabilities": [5.537321339943446e-05, 0.10749804973602295], "logits": []}, "groundTruth": [0.0, 0.0]}, {"startTime": 10.0, "endTime": 15.0, "predictions": {"probabilities": [2.9922835892648436e-05, 0.07275538146495819], "logits": []}, "groundTruth": [0.0, 0.0]}, {"startTime": 15.0, "endTime": 20.0, "predictions": {"probabilities": [1.2847277730543283e-06, 0.9959981441497803], "logits": []}, "groundTruth": [0.0, 0.0]}]]}