{"modelName": "devise-221117-v1-ep150", "version": "1", "fileId": "c643d1316da24dd48a8d342dce3f3858", "classIds": ["Crex crex", "Scolopax rusticola"], "channels": [[{"startTime": 0.0, "endTime": 5.0, "predictions": {"probabilities": [0.00023556822270620614, 0.35986053943634033], "logits": []}, "groundTruth": [0.0, 0.0]}, {"startTime": 5.0, "endTime": 10.0, "predictions": {"probabilities": [4.686327883973718e-05, 0.05865783989429474], "logits": []}, "groundTruth": [0.0, 0.0]}, {"startTime": 10.0, "endTime": 15.0, "predictions": {"probabilities": [6.404284067684785e-05, 0.2861573100090027], "logits": []}, "groundTruth": [0.0, 0.0]}, {"startTime": 15.0, "endTime": 20.0, "predictions": {"probabilities": [0.00013145906268619, 0.20104393362998962], "logits": []}, "groundTruth": [0.0, 0.0]}]]}