{"modelName": "devise-221117-v1-ep150", "version": "1", "fileId": "c64e2b1ffa5942fb936f8fd99acaf19d", "classIds": ["Crex crex", "Scolopax rusticola"], "channels": [[{"startTime": 0.0, "endTime": 5.0, "predictions": {"probabilities": [5.912357664783485e-05, 0.06657923758029938], "logits": []}, "groundTruth": [0.0, 0.0]}, {"startTime": 5.0, "endTime": 10.0, "predictions": {"probabilities": [6.723385013174266e-05, 0.13970433175563812], "logits": []}, "groundTruth": [0.0, 0.0]}, {"startTime": 10.0, "endTime": 15.0, "predictions": {"probabilities": [0.00021450228814501315, 0.3767087161540985], "logits": []}, "groundTruth": [0.0, 0.0]}, {"startTime": 15.0, "endTime": 20.0, "predictions": {"probabilities": [2.2657848603557795e-05, 0.032328806817531586], "logits": []}, "groundTruth": [0.0, 0.0]}]]}