{"modelName": "devise-221117-v1-ep150", "version": "1", "fileId": "c67ec942ff2c45b999a20ed78aa76d89", "classIds": ["Crex crex", "Scolopax rusticola"], "channels": [[{"startTime": 0.0, "endTime": 5.0, "predictions": {"probabilities": [-12.251814842224121, -5.267065048217773], "logits": [NaN, NaN]}, "groundTruth": [0.0, 0.0]}, {"startTime": 5.0, "endTime": 10.0, "predictions": {"probabilities": [-10.419900894165039, -3.328325033187866], "logits": [NaN, NaN]}, "groundTruth": [0.0, 0.0]}, {"startTime": 10.0, "endTime": 15.0, "predictions": {"probabilities": [-13.159547805786133, 0.7426601052284241], "logits": [NaN, 1.0598406791687012]}, "groundTruth": [0.0, 0.0]}, {"startTime": 15.0, "endTime": 20.0, "predictions": {"probabilities": [-10.174185752868652, -2.741241455078125], "logits": [NaN, NaN]}, "groundTruth": [0.0, 0.0]}]]}