{"modelName": "devise-221117-v1-ep150", "version": "1", "fileId": "c67ec942ff2c45b999a20ed78aa76d89", "classIds": ["Crex crex", "Scolopax rusticola"], "channels": [[{"startTime": 0.0, "endTime": 5.0, "predictions": {"probabilities": [4.776417881657835e-06, 0.005132253281772137], "logits": []}, "groundTruth": [0.0, 0.0]}, {"startTime": 5.0, "endTime": 10.0, "predictions": {"probabilities": [2.9831944630132057e-05, 0.034612156450748444], "logits": []}, "groundTruth": [0.0, 0.0]}, {"startTime": 10.0, "endTime": 15.0, "predictions": {"probabilities": [1.926993036249769e-06, 0.6775772571563721], "logits": []}, "groundTruth": [0.0, 0.0]}, {"startTime": 15.0, "endTime": 20.0, "predictions": {"probabilities": [3.814087904174812e-05, 0.0605832077562809], "logits": []}, "groundTruth": [0.0, 0.0]}]]}