{"modelName": "devise-221117-v1-ep150", "version": "1", "fileId": "c687539ac94e433ab40b5414150fad0a", "classIds": ["Crex crex", "Scolopax rusticola"], "channels": [[{"startTime": 0.0, "endTime": 5.0, "predictions": {"probabilities": [-11.59555721282959, -4.879488945007324], "logits": [NaN, NaN]}, "groundTruth": [0.0, 0.0]}, {"startTime": 5.0, "endTime": 10.0, "predictions": {"probabilities": [-17.63865089416504, 18.832290649414062], "logits": [NaN, NaN]}, "groundTruth": [0.0, 1.0]}, {"startTime": 7.0, "endTime": 12.0, "predictions": {"probabilities": [-20.14224624633789, 17.013225555419922], "logits": [NaN, NaN]}, "groundTruth": [0.0, 1.0]}]]}