{"modelName": "devise-221117-v1-ep150", "version": "1", "fileId": "c6d3830f783c4e719141780c89f78e48", "classIds": ["Crex crex", "Scolopax rusticola"], "channels": [[{"startTime": 0.0, "endTime": 5.0, "predictions": {"probabilities": [-10.894532203674316, -3.804563522338867], "logits": [NaN, NaN]}, "groundTruth": [0.0, 0.0]}, {"startTime": 5.0, "endTime": 10.0, "predictions": {"probabilities": [-11.306772232055664, -4.368560314178467], "logits": [NaN, NaN]}, "groundTruth": [0.0, 0.0]}, {"startTime": 10.0, "endTime": 15.0, "predictions": {"probabilities": [-11.85172176361084, -5.043276309967041], "logits": [NaN, NaN]}, "groundTruth": [0.0, 0.0]}, {"startTime": 15.0, "endTime": 20.0, "predictions": {"probabilities": [-12.908036231994629, -3.517322063446045], "logits": [NaN, NaN]}, "groundTruth": [0.0, 0.0]}]]}