{"modelName": "devise-221117-v1-ep150", "version": "1", "fileId": "c6d3830f783c4e719141780c89f78e48", "classIds": ["Crex crex", "Scolopax rusticola"], "channels": [[{"startTime": 0.0, "endTime": 5.0, "predictions": {"probabilities": [1.8559092495706864e-05, 0.02178381197154522], "logits": []}, "groundTruth": [0.0, 0.0]}, {"startTime": 5.0, "endTime": 10.0, "predictions": {"probabilities": [1.2289264304854441e-05, 0.01251095999032259], "logits": []}, "groundTruth": [0.0, 0.0]}, {"startTime": 10.0, "endTime": 15.0, "predictions": {"probabilities": [7.126225227693794e-06, 0.0064112041145563126], "logits": []}, "groundTruth": [0.0, 0.0]}, {"startTime": 15.0, "endTime": 20.0, "predictions": {"probabilities": [2.478049736964749e-06, 0.0288233645260334], "logits": []}, "groundTruth": [0.0, 0.0]}]]}