{"modelName": "devise-221117-v1-ep150", "version": "1", "fileId": "c77256efe3fd40059991a72dfd8c0bde", "classIds": ["Crex crex", "Scolopax rusticola"], "channels": [[{"startTime": 0.0, "endTime": 5.0, "predictions": {"probabilities": [-9.160876274108887, -1.7829502820968628], "logits": [NaN, NaN]}, "groundTruth": [0.0, 0.0]}, {"startTime": 5.0, "endTime": 10.0, "predictions": {"probabilities": [-9.183284759521484, -2.1395435333251953], "logits": [NaN, NaN]}, "groundTruth": [0.0, 0.0]}, {"startTime": 10.0, "endTime": 15.0, "predictions": {"probabilities": [-9.927592277526855, -2.7820651531219482], "logits": [NaN, NaN]}, "groundTruth": [0.0, 0.0]}, {"startTime": 15.0, "endTime": 20.0, "predictions": {"probabilities": [-9.71906566619873, -2.172950506210327], "logits": [NaN, NaN]}, "groundTruth": [0.0, 0.0]}]]}