{"modelName": "devise-221117-v1-ep150", "version": "1", "fileId": "c79c236086d74b0f84e8f6495a0af745", "classIds": ["Crex crex", "Scolopax rusticola"], "channels": [[{"startTime": 0.0, "endTime": 5.0, "predictions": {"probabilities": [-7.655634880065918, 0.4520641267299652], "logits": [NaN, -0.19233419001102448]}, "groundTruth": [0.0, 0.0]}, {"startTime": 5.0, "endTime": 10.0, "predictions": {"probabilities": [-10.82442855834961, -3.3176963329315186], "logits": [NaN, NaN]}, "groundTruth": [0.0, 0.0]}, {"startTime": 10.0, "endTime": 15.0, "predictions": {"probabilities": [-8.78683853149414, -0.8893648386001587], "logits": [NaN, NaN]}, "groundTruth": [0.0, 0.0]}, {"startTime": 15.0, "endTime": 20.0, "predictions": {"probabilities": [-7.841567516326904, 0.18913091719150543], "logits": [NaN, -1.4556671380996704]}, "groundTruth": [0.0, 0.0]}]]}