{"modelName": "devise-221117-v1-ep150", "version": "1", "fileId": "c79c236086d74b0f84e8f6495a0af745", "classIds": ["Crex crex", "Scolopax rusticola"], "channels": [[{"startTime": 0.0, "endTime": 5.0, "predictions": {"probabilities": [0.00047314524999819696, 0.611129879951477], "logits": []}, "groundTruth": [0.0, 0.0]}, {"startTime": 5.0, "endTime": 10.0, "predictions": {"probabilities": [1.9906814486603253e-05, 0.034969065338373184], "logits": []}, "groundTruth": [0.0, 0.0]}, {"startTime": 10.0, "endTime": 15.0, "predictions": {"probabilities": [0.00015270673611667007, 0.2912409007549286], "logits": []}, "groundTruth": [0.0, 0.0]}, {"startTime": 15.0, "endTime": 20.0, "predictions": {"probabilities": [0.000392898014979437, 0.5471422672271729], "logits": []}, "groundTruth": [0.0, 0.0]}]]}