{"modelName": "devise-221117-v1-ep150", "version": "1", "fileId": "c881a188c96342b3b4a42b3f6e836511", "classIds": ["Crex crex", "Scolopax rusticola"], "channels": [[{"startTime": 0.0, "endTime": 5.0, "predictions": {"probabilities": [5.164349204278551e-05, 0.11486216634511948], "logits": []}, "groundTruth": [0.0, 0.0]}, {"startTime": 5.0, "endTime": 10.0, "predictions": {"probabilities": [0.00015458918642252684, 0.9213466644287109], "logits": []}, "groundTruth": [0.0, 0.0]}, {"startTime": 10.0, "endTime": 15.0, "predictions": {"probabilities": [4.128770797251491e-06, 0.003960698843002319], "logits": []}, "groundTruth": [0.0, 0.0]}, {"startTime": 15.0, "endTime": 20.0, "predictions": {"probabilities": [1.924464143598925e-08, 0.962568461894989], "logits": []}, "groundTruth": [0.0, 0.0]}]]}