{"modelName": "devise-221117-v1-ep150", "version": "1", "fileId": "c881a188c96342b3b4a42b3f6e836511", "classIds": ["Crex crex", "Scolopax rusticola"], "channels": [[{"startTime": 0.0, "endTime": 5.0, "predictions": {"probabilities": [-9.871094703674316, -2.042010545730591], "logits": [NaN, NaN]}, "groundTruth": [0.0, 0.0]}, {"startTime": 5.0, "endTime": 10.0, "predictions": {"probabilities": [-8.774584770202637, 2.4607865810394287], "logits": [NaN, NaN]}, "groundTruth": [0.0, 0.0]}, {"startTime": 10.0, "endTime": 15.0, "predictions": {"probabilities": [-12.397526741027832, -5.5273661613464355], "logits": [NaN, NaN]}, "groundTruth": [0.0, 0.0]}, {"startTime": 15.0, "endTime": 20.0, "predictions": {"probabilities": [-17.766033172607422, 3.247091293334961], "logits": [NaN, NaN]}, "groundTruth": [0.0, 0.0]}]]}