{"modelName": "devise-221117-v1-ep150", "version": "1", "fileId": "c89b58b08c3c475d8a65220a21aa2cba", "classIds": ["Crex crex", "Scolopax rusticola"], "channels": [[{"startTime": 0.0, "endTime": 5.0, "predictions": {"probabilities": [-10.707976341247559, -3.36031436920166], "logits": [NaN, NaN]}, "groundTruth": [0.0, 0.0]}, {"startTime": 5.0, "endTime": 10.0, "predictions": {"probabilities": [-11.178459167480469, -4.0424580574035645], "logits": [NaN, NaN]}, "groundTruth": [0.0, 0.0]}, {"startTime": 10.0, "endTime": 15.0, "predictions": {"probabilities": [-8.927901268005371, -0.367448091506958], "logits": [NaN, NaN]}, "groundTruth": [0.0, 0.0]}, {"startTime": 15.0, "endTime": 20.0, "predictions": {"probabilities": [-10.977052688598633, -4.175373077392578], "logits": [NaN, NaN]}, "groundTruth": [0.0, 0.0]}]]}