{"modelName": "devise-221117-v1-ep150", "version": "1", "fileId": "c89b58b08c3c475d8a65220a21aa2cba", "classIds": ["Crex crex", "Scolopax rusticola"], "channels": [[{"startTime": 0.0, "endTime": 5.0, "predictions": {"probabilities": [2.236532782262657e-05, 0.03355902433395386], "logits": []}, "groundTruth": [0.0, 0.0]}, {"startTime": 5.0, "endTime": 10.0, "predictions": {"probabilities": [1.3971749467600603e-05, 0.017251433804631233], "logits": []}, "groundTruth": [0.0, 0.0]}, {"startTime": 10.0, "endTime": 15.0, "predictions": {"probabilities": [0.0001326185156358406, 0.40915781259536743], "logits": []}, "groundTruth": [0.0, 0.0]}, {"startTime": 15.0, "endTime": 20.0, "predictions": {"probabilities": [1.7089099856093526e-05, 0.015136811882257462], "logits": []}, "groundTruth": [0.0, 0.0]}]]}