{"modelName": "devise-221117-v1-ep150", "version": "1", "fileId": "c8aae7bc616f40e3a8bebdda3e364459", "classIds": ["Crex crex", "Scolopax rusticola"], "channels": [[{"startTime": 0.0, "endTime": 5.0, "predictions": {"probabilities": [4.5511185930990905e-07, 0.999605119228363], "logits": []}, "groundTruth": [0.0, 1.0]}, {"startTime": 5.0, "endTime": 10.0, "predictions": {"probabilities": [3.70282941730693e-06, 0.9650409817695618], "logits": []}, "groundTruth": [0.0, 1.0]}, {"startTime": 8.0, "endTime": 13.0, "predictions": {"probabilities": [8.857961688590876e-07, 0.9858585000038147], "logits": []}, "groundTruth": [0.0, 1.0]}]]}