{"modelName": "devise-221117-v1-ep150", "version": "1", "fileId": "c8b031099cd645f4a36f785a27721d16", "classIds": ["Crex crex", "Scolopax rusticola"], "channels": [[{"startTime": 0.0, "endTime": 5.0, "predictions": {"probabilities": [-9.375910758972168, -2.016038179397583], "logits": [NaN, NaN]}, "groundTruth": [0.0, 0.0]}, {"startTime": 5.0, "endTime": 10.0, "predictions": {"probabilities": [-9.139622688293457, -1.1469275951385498], "logits": [NaN, NaN]}, "groundTruth": [0.0, 0.0]}, {"startTime": 10.0, "endTime": 15.0, "predictions": {"probabilities": [-9.060992240905762, -0.7219098806381226], "logits": [NaN, NaN]}, "groundTruth": [0.0, 0.0]}, {"startTime": 15.0, "endTime": 20.0, "predictions": {"probabilities": [-9.640802383422852, -2.0939009189605713], "logits": [NaN, NaN]}, "groundTruth": [0.0, 0.0]}]]}