{"modelName": "devise-221117-v1-ep150", "version": "1", "fileId": "c968080bc0174c2e9e1d696d36a80e3a", "classIds": ["Crex crex", "Scolopax rusticola"], "channels": [[{"startTime": 0.0, "endTime": 5.0, "predictions": {"probabilities": [-7.5541887283325195, -0.35831502079963684], "logits": [NaN, NaN]}, "groundTruth": [0.0, 0.0]}, {"startTime": 5.0, "endTime": 10.0, "predictions": {"probabilities": [-8.527719497680664, -0.8571389317512512], "logits": [NaN, NaN]}, "groundTruth": [0.0, 0.0]}, {"startTime": 10.0, "endTime": 15.0, "predictions": {"probabilities": [-8.65287971496582, -0.6589252352714539], "logits": [NaN, NaN]}, "groundTruth": [0.0, 0.0]}, {"startTime": 15.0, "endTime": 20.0, "predictions": {"probabilities": [-8.853459358215332, 1.610597014427185], "logits": [NaN, NaN]}, "groundTruth": [0.0, 0.0]}]]}