{"modelName": "devise-221117-v1-ep150", "version": "1", "fileId": "c9e215f7b7ed4347839b35cc8c5a9496", "classIds": ["Crex crex", "Scolopax rusticola"], "channels": [[{"startTime": 0.0, "endTime": 5.0, "predictions": {"probabilities": [-10.757134437561035, -3.8264801502227783], "logits": [NaN, NaN]}, "groundTruth": [0.0, 0.0]}, {"startTime": 5.0, "endTime": 10.0, "predictions": {"probabilities": [-8.391254425048828, -1.1282061338424683], "logits": [NaN, NaN]}, "groundTruth": [0.0, 0.0]}, {"startTime": 10.0, "endTime": 15.0, "predictions": {"probabilities": [-8.104466438293457, -0.6419357657432556], "logits": [NaN, NaN]}, "groundTruth": [0.0, 0.0]}, {"startTime": 15.0, "endTime": 20.0, "predictions": {"probabilities": [-9.711671829223633, 1.079551100730896], "logits": [NaN, NaN]}, "groundTruth": [0.0, 0.0]}]]}