{"modelName": "devise-221117-v1-ep150", "version": "1", "fileId": "ca58d9fc5ee74d37b00de1e852b462ac", "classIds": ["Crex crex", "Scolopax rusticola"], "channels": [[{"startTime": 0.0, "endTime": 5.0, "predictions": {"probabilities": [3.8446273720182944e-07, 0.9999855756759644], "logits": []}, "groundTruth": [0.0, 1.0]}, {"startTime": 5.0, "endTime": 10.0, "predictions": {"probabilities": [1.1424346268995578e-07, 0.9999982118606567], "logits": []}, "groundTruth": [0.0, 1.0]}, {"startTime": 8.0, "endTime": 13.0, "predictions": {"probabilities": [2.5083886612264905e-07, 0.9999668598175049], "logits": []}, "groundTruth": [0.0, 1.0]}]]}