{"modelName": "devise-221117-v1-ep150", "version": "1", "fileId": "cb421e7e06a14b7795eea9491a2c343f", "classIds": ["Crex crex", "Scolopax rusticola"], "channels": [[{"startTime": 0.0, "endTime": 5.0, "predictions": {"probabilities": [0.00019759079441428185, 0.28250521421432495], "logits": []}, "groundTruth": [0.0, 0.0]}, {"startTime": 5.0, "endTime": 10.0, "predictions": {"probabilities": [0.0002652791154105216, 0.6935383677482605], "logits": []}, "groundTruth": [0.0, 0.0]}, {"startTime": 10.0, "endTime": 15.0, "predictions": {"probabilities": [0.000613158626947552, 0.7149330973625183], "logits": []}, "groundTruth": [0.0, 0.0]}, {"startTime": 15.0, "endTime": 20.0, "predictions": {"probabilities": [0.0005602454766631126, 0.6194451451301575], "logits": []}, "groundTruth": [0.0, 0.0]}]]}