{"modelName": "devise-221117-v1-ep150", "version": "1", "fileId": "cb421e7e06a14b7795eea9491a2c343f", "classIds": ["Crex crex", "Scolopax rusticola"], "channels": [[{"startTime": 0.0, "endTime": 5.0, "predictions": {"probabilities": [-8.529114723205566, -0.9320686459541321], "logits": [NaN, NaN]}, "groundTruth": [0.0, 0.0]}, {"startTime": 5.0, "endTime": 10.0, "predictions": {"probabilities": [-8.23446273803711, 0.8167139887809753], "logits": [NaN, 1.4942411184310913]}, "groundTruth": [0.0, 0.0]}, {"startTime": 10.0, "endTime": 15.0, "predictions": {"probabilities": [-7.396273612976074, 0.9194650650024414], "logits": [NaN, 2.43510103225708]}, "groundTruth": [0.0, 0.0]}, {"startTime": 15.0, "endTime": 20.0, "predictions": {"probabilities": [-7.486575126647949, 0.4871937930583954], "logits": [NaN, -0.05123596265912056]}, "groundTruth": [0.0, 0.0]}]]}