{"modelName": "devise-221117-v1-ep150", "version": "1", "fileId": "cc5c0885bce041cb9bdd4c998cb802eb", "classIds": ["Crex crex", "Scolopax rusticola"], "channels": [[{"startTime": 0.0, "endTime": 5.0, "predictions": {"probabilities": [1.08783660834888e-06, 0.0024928629864007235], "logits": []}, "groundTruth": [0.0, 0.0]}, {"startTime": 5.0, "endTime": 10.0, "predictions": {"probabilities": [2.8034728529746644e-05, 0.04364856332540512], "logits": []}, "groundTruth": [0.0, 0.0]}, {"startTime": 10.0, "endTime": 15.0, "predictions": {"probabilities": [5.1960938435513526e-05, 0.8723706603050232], "logits": []}, "groundTruth": [0.0, 0.0]}, {"startTime": 15.0, "endTime": 20.0, "predictions": {"probabilities": [2.0413017409737222e-05, 0.043723300099372864], "logits": []}, "groundTruth": [0.0, 0.0]}]]}