{"modelName": "devise-221117-v1-ep150", "version": "1", "fileId": "cc888c29eb9c4e1bb65209509101ec74", "classIds": ["Crex crex", "Scolopax rusticola"], "channels": [[{"startTime": 0.0, "endTime": 5.0, "predictions": {"probabilities": [-8.88585376739502, -0.1268448680639267], "logits": [NaN, NaN]}, "groundTruth": [0.0, 0.0]}, {"startTime": 5.0, "endTime": 10.0, "predictions": {"probabilities": [-7.802664756774902, -0.2674901783466339], "logits": [NaN, NaN]}, "groundTruth": [0.0, 0.0]}, {"startTime": 10.0, "endTime": 15.0, "predictions": {"probabilities": [-9.254620552062988, 3.987135171890259], "logits": [NaN, NaN]}, "groundTruth": [0.0, 0.0]}, {"startTime": 15.0, "endTime": 20.0, "predictions": {"probabilities": [-10.667511940002441, -3.7898449897766113], "logits": [NaN, NaN]}, "groundTruth": [0.0, 0.0]}]]}