{"modelName": "devise-221117-v1-ep150", "version": "1", "fileId": "cc9e8b2854334a0586351ada9762fc86", "classIds": ["Crex crex", "Scolopax rusticola"], "channels": [[{"startTime": 0.0, "endTime": 5.0, "predictions": {"probabilities": [-9.90914249420166, -2.5868263244628906], "logits": [NaN, NaN]}, "groundTruth": [0.0, 0.0]}, {"startTime": 5.0, "endTime": 10.0, "predictions": {"probabilities": [-12.682478904724121, -5.824465751647949], "logits": [NaN, NaN]}, "groundTruth": [0.0, 0.0]}, {"startTime": 10.0, "endTime": 15.0, "predictions": {"probabilities": [-10.480206489562988, -2.8942012786865234], "logits": [NaN, NaN]}, "groundTruth": [0.0, 0.0]}, {"startTime": 15.0, "endTime": 20.0, "predictions": {"probabilities": [-16.534395217895508, 2.0844547748565674], "logits": [NaN, NaN]}, "groundTruth": [0.0, 0.0]}]]}