{"modelName": "devise-221117-v1-ep150", "version": "1", "fileId": "cc9e8b2854334a0586351ada9762fc86", "classIds": ["Crex crex", "Scolopax rusticola"], "channels": [[{"startTime": 0.0, "endTime": 5.0, "predictions": {"probabilities": [4.971557791577652e-05, 0.0699910819530487], "logits": []}, "groundTruth": [0.0, 0.0]}, {"startTime": 5.0, "endTime": 10.0, "predictions": {"probabilities": [3.1050460620463127e-06, 0.002945679472759366], "logits": []}, "groundTruth": [0.0, 0.0]}, {"startTime": 10.0, "endTime": 15.0, "predictions": {"probabilities": [2.808613317029085e-05, 0.052440959960222244], "logits": []}, "groundTruth": [0.0, 0.0]}, {"startTime": 15.0, "endTime": 20.0, "predictions": {"probabilities": [6.594826373884644e-08, 0.88938307762146], "logits": []}, "groundTruth": [0.0, 0.0]}]]}