{"modelName": "devise-221117-v1-ep150", "version": "1", "fileId": "ccd09c4fd9934a809cbb15c8a04968b3", "classIds": ["Crex crex", "Scolopax rusticola"], "channels": [[{"startTime": 0.0, "endTime": 5.0, "predictions": {"probabilities": [-12.972563743591309, -5.616308689117432], "logits": [NaN, NaN]}, "groundTruth": [0.0, 0.0]}, {"startTime": 5.0, "endTime": 10.0, "predictions": {"probabilities": [-11.396949768066406, -4.191791534423828], "logits": [NaN, NaN]}, "groundTruth": [0.0, 0.0]}, {"startTime": 10.0, "endTime": 15.0, "predictions": {"probabilities": [-12.204507827758789, -4.806399822235107], "logits": [NaN, NaN]}, "groundTruth": [0.0, 0.0]}, {"startTime": 15.0, "endTime": 20.0, "predictions": {"probabilities": [-12.141613006591797, -4.8529791831970215], "logits": [NaN, NaN]}, "groundTruth": [0.0, 0.0]}]]}