{"modelName": "devise-221117-v1-ep150", "version": "1", "fileId": "cd25583382834c3dbe98f3da1a0d0974", "classIds": ["Crex crex", "Scolopax rusticola"], "channels": [[{"startTime": 0.0, "endTime": 5.0, "predictions": {"probabilities": [6.702463451802032e-06, 0.018886273726820946], "logits": []}, "groundTruth": [0.0, 0.0]}, {"startTime": 5.0, "endTime": 10.0, "predictions": {"probabilities": [1.831726694945246e-05, 0.11360214650630951], "logits": []}, "groundTruth": [0.0, 0.0]}, {"startTime": 10.0, "endTime": 15.0, "predictions": {"probabilities": [0.00018725759582594037, 0.23102517426013947], "logits": []}, "groundTruth": [0.0, 0.0]}, {"startTime": 15.0, "endTime": 20.0, "predictions": {"probabilities": [0.00011501658445922658, 0.2427436262369156], "logits": []}, "groundTruth": [0.0, 0.0]}]]}