{"modelName": "devise-221117-v1-ep150", "version": "1", "fileId": "cd8be6852b524d9382f6bc95dce87065", "classIds": ["Crex crex", "Scolopax rusticola"], "channels": [[{"startTime": 0.0, "endTime": 5.0, "predictions": {"probabilities": [0.00031897725421004, 0.4460432231426239], "logits": []}, "groundTruth": [0.0, 0.0]}, {"startTime": 5.0, "endTime": 10.0, "predictions": {"probabilities": [0.00048344474635086954, 0.6917038559913635], "logits": []}, "groundTruth": [0.0, 0.0]}, {"startTime": 10.0, "endTime": 15.0, "predictions": {"probabilities": [0.00030272366711869836, 0.5410612225532532], "logits": []}, "groundTruth": [0.0, 0.0]}, {"startTime": 15.0, "endTime": 20.0, "predictions": {"probabilities": [1.4520556760544423e-05, 0.951185941696167], "logits": []}, "groundTruth": [0.0, 0.0]}]]}