{"modelName": "devise-221117-v1-ep150", "version": "1", "fileId": "ce3a09f7e46544b3be1fc4d6212e52a2", "classIds": ["Crex crex", "Scolopax rusticola"], "channels": [[{"startTime": 0.0, "endTime": 5.0, "predictions": {"probabilities": [-10.97314739227295, -3.984048843383789], "logits": [NaN, NaN]}, "groundTruth": [0.0, 0.0]}, {"startTime": 5.0, "endTime": 10.0, "predictions": {"probabilities": [-8.257952690124512, -0.6039243340492249], "logits": [NaN, NaN]}, "groundTruth": [0.0, 0.0]}, {"startTime": 10.0, "endTime": 15.0, "predictions": {"probabilities": [-10.558171272277832, -3.0201380252838135], "logits": [NaN, NaN]}, "groundTruth": [0.0, 0.0]}, {"startTime": 15.0, "endTime": 20.0, "predictions": {"probabilities": [-10.418347358703613, 0.0787268802523613], "logits": [NaN, -2.4597718715667725]}, "groundTruth": [0.0, 0.0]}]]}