{"modelName": "devise-221117-v1-ep150", "version": "1", "fileId": "ceb4a8b5e8644a05acc8052dc708893d", "classIds": ["Crex crex", "Scolopax rusticola"], "channels": [[{"startTime": 0.0, "endTime": 5.0, "predictions": {"probabilities": [0.00011502832785481587, 0.3044683337211609], "logits": []}, "groundTruth": [0.0, 0.0]}, {"startTime": 5.0, "endTime": 10.0, "predictions": {"probabilities": [0.00015593357966281474, 0.28712305426597595], "logits": []}, "groundTruth": [0.0, 0.0]}, {"startTime": 10.0, "endTime": 15.0, "predictions": {"probabilities": [4.673987132264301e-05, 0.09288901835680008], "logits": []}, "groundTruth": [0.0, 0.0]}, {"startTime": 15.0, "endTime": 20.0, "predictions": {"probabilities": [1.6552594388485886e-05, 0.9793954491615295], "logits": []}, "groundTruth": [0.0, 0.0]}]]}