{"modelName": "devise-221117-v1-ep150", "version": "1", "fileId": "cf0aa4bfd0714a508490126cef2e58c0", "classIds": ["Crex crex", "Scolopax rusticola"], "channels": [[{"startTime": 0.0, "endTime": 5.0, "predictions": {"probabilities": [-12.379267692565918, 6.726077556610107], "logits": [NaN, NaN]}, "groundTruth": [0.0, 1.0]}, {"startTime": 5.0, "endTime": 10.0, "predictions": {"probabilities": [-14.299050331115723, 8.107261657714844], "logits": [NaN, NaN]}, "groundTruth": [0.0, 1.0]}, {"startTime": 10.0, "endTime": 15.0, "predictions": {"probabilities": [-12.078904151916504, 3.666930913925171], "logits": [NaN, NaN]}, "groundTruth": [0.0, 1.0]}, {"startTime": 11.0, "endTime": 16.0, "predictions": {"probabilities": [-19.08216094970703, 16.436138153076172], "logits": [NaN, NaN]}, "groundTruth": [0.0, 1.0]}]]}