{"modelName": "devise-221117-v1-ep150", "version": "1", "fileId": "cf19fd9e756949cb899482361893e157", "classIds": ["Crex crex", "Scolopax rusticola"], "channels": [[{"startTime": 0.0, "endTime": 5.0, "predictions": {"probabilities": [0.00017267130897380412, 0.2818026542663574], "logits": []}, "groundTruth": [0.0, 0.0]}, {"startTime": 5.0, "endTime": 10.0, "predictions": {"probabilities": [0.0001343472395092249, 0.3904762864112854], "logits": []}, "groundTruth": [0.0, 0.0]}, {"startTime": 10.0, "endTime": 15.0, "predictions": {"probabilities": [0.00010102401574840769, 0.09905153512954712], "logits": []}, "groundTruth": [0.0, 0.0]}, {"startTime": 15.0, "endTime": 20.0, "predictions": {"probabilities": [7.38776579964906e-05, 0.12463576346635818], "logits": []}, "groundTruth": [0.0, 0.0]}]]}