{"modelName": "devise-221117-v1-ep150", "version": "1", "fileId": "d0910be7453346c88f3356ae3407f0c4", "classIds": ["Crex crex", "Scolopax rusticola"], "channels": [[{"startTime": 0.0, "endTime": 5.0, "predictions": {"probabilities": [4.97151049785316e-05, 0.13111186027526855], "logits": []}, "groundTruth": [0.0, 0.0]}, {"startTime": 5.0, "endTime": 10.0, "predictions": {"probabilities": [0.0002146630868082866, 0.3726779818534851], "logits": []}, "groundTruth": [0.0, 0.0]}, {"startTime": 10.0, "endTime": 15.0, "predictions": {"probabilities": [7.3754541517701e-05, 0.24868658185005188], "logits": []}, "groundTruth": [0.0, 0.0]}, {"startTime": 15.0, "endTime": 20.0, "predictions": {"probabilities": [9.115401917370036e-05, 0.8402876257896423], "logits": []}, "groundTruth": [0.0, 0.0]}]]}