{"modelName": "devise-221117-v1-ep150", "version": "1", "fileId": "d17602a3736040f7b9feeb8c06fd5eb6", "classIds": ["Crex crex", "Scolopax rusticola"], "channels": [[{"startTime": 0.0, "endTime": 5.0, "predictions": {"probabilities": [-8.618670463562012, -0.3479418456554413], "logits": [NaN, NaN]}, "groundTruth": [0.0, 1.0]}, {"startTime": 5.0, "endTime": 10.0, "predictions": {"probabilities": [-14.01811695098877, 11.36500358581543], "logits": [NaN, NaN]}, "groundTruth": [0.0, 1.0]}, {"startTime": 6.0, "endTime": 11.0, "predictions": {"probabilities": [-7.668739318847656, 0.5215720534324646], "logits": [NaN, 0.08634176105260849]}, "groundTruth": [0.0, 1.0]}]]}