{"modelName": "devise-221117-v1-ep150", "version": "1", "fileId": "d237c7ba67d448169d4a7e2df99952c5", "classIds": ["Crex crex", "Scolopax rusticola"], "channels": [[{"startTime": 0.0, "endTime": 5.0, "predictions": {"probabilities": [7.832982760191953e-07, 0.9992966651916504], "logits": []}, "groundTruth": [0.0, 1.0]}, {"startTime": 5.0, "endTime": 10.0, "predictions": {"probabilities": [2.6990321089215286e-07, 0.9999862909317017], "logits": []}, "groundTruth": [0.0, 1.0]}, {"startTime": 8.0, "endTime": 13.0, "predictions": {"probabilities": [5.1758829613390844e-06, 0.9998632669448853], "logits": []}, "groundTruth": [0.0, 1.0]}]]}