{"modelName": "devise-221117-v1-ep150", "version": "1", "fileId": "d24e28c4118b4245b1dcf402251c6448", "classIds": ["Crex crex", "Scolopax rusticola"], "channels": [[{"startTime": 0.0, "endTime": 5.0, "predictions": {"probabilities": [-9.263916969299316, -1.7677125930786133], "logits": [NaN, NaN]}, "groundTruth": [0.0, 0.0]}, {"startTime": 5.0, "endTime": 10.0, "predictions": {"probabilities": [-11.464468002319336, -3.6264307498931885], "logits": [NaN, NaN]}, "groundTruth": [0.0, 0.0]}, {"startTime": 10.0, "endTime": 15.0, "predictions": {"probabilities": [-8.357278823852539, -0.48270106315612793], "logits": [NaN, NaN]}, "groundTruth": [0.0, 0.0]}, {"startTime": 15.0, "endTime": 20.0, "predictions": {"probabilities": [-7.858320236206055, 0.34895142912864685], "logits": [NaN, -0.6236514449119568]}, "groundTruth": [0.0, 0.0]}]]}