{"modelName": "devise-221117-v1-ep150", "version": "1", "fileId": "d26e991d2d6d4314ba07208084a1b560", "classIds": ["Crex crex", "Scolopax rusticola"], "channels": [[{"startTime": 0.0, "endTime": 5.0, "predictions": {"probabilities": [9.015779505716637e-05, 0.1796460598707199], "logits": []}, "groundTruth": [0.0, 0.0]}, {"startTime": 5.0, "endTime": 10.0, "predictions": {"probabilities": [0.00015756917127873749, 0.3831123113632202], "logits": []}, "groundTruth": [0.0, 0.0]}, {"startTime": 10.0, "endTime": 15.0, "predictions": {"probabilities": [0.0001777283614501357, 0.6623863577842712], "logits": []}, "groundTruth": [0.0, 0.0]}, {"startTime": 15.0, "endTime": 20.0, "predictions": {"probabilities": [2.0603665689122863e-05, 0.027659596875309944], "logits": []}, "groundTruth": [0.0, 0.0]}]]}