{"modelName": "devise-221117-v1-ep150", "version": "1", "fileId": "d26e991d2d6d4314ba07208084a1b560", "classIds": ["Crex crex", "Scolopax rusticola"], "channels": [[{"startTime": 0.0, "endTime": 5.0, "predictions": {"probabilities": [-9.313858985900879, -1.518747329711914], "logits": [NaN, NaN]}, "groundTruth": [0.0, 0.0]}, {"startTime": 5.0, "endTime": 10.0, "predictions": {"probabilities": [-8.755488395690918, -0.4763588309288025], "logits": [NaN, NaN]}, "groundTruth": [0.0, 0.0]}, {"startTime": 10.0, "endTime": 15.0, "predictions": {"probabilities": [-8.635076522827148, 0.6739469766616821], "logits": [NaN, 0.7260914444923401]}, "groundTruth": [0.0, 0.0]}, {"startTime": 15.0, "endTime": 20.0, "predictions": {"probabilities": [-10.790020942687988, -3.5597331523895264], "logits": [NaN, NaN]}, "groundTruth": [0.0, 0.0]}]]}