{"modelName": "devise-221117-v1-ep150", "version": "1", "fileId": "d2b99f5ebf7c4385875a18cef4d73e5a", "classIds": ["Crex crex", "Scolopax rusticola"], "channels": [[{"startTime": 0.0, "endTime": 5.0, "predictions": {"probabilities": [2.7457706892164424e-05, 0.9862877130508423], "logits": []}, "groundTruth": [0.0, 0.0]}, {"startTime": 5.0, "endTime": 10.0, "predictions": {"probabilities": [0.00015303587133530527, 0.25246700644493103], "logits": []}, "groundTruth": [0.0, 0.0]}, {"startTime": 10.0, "endTime": 15.0, "predictions": {"probabilities": [0.00015591573901474476, 0.22137469053268433], "logits": []}, "groundTruth": [0.0, 0.0]}, {"startTime": 15.0, "endTime": 20.0, "predictions": {"probabilities": [0.0001617386151337996, 0.24140866100788116], "logits": []}, "groundTruth": [0.0, 0.0]}]]}