{"modelName": "devise-221117-v1-ep150", "version": "1", "fileId": "d3bc08dc792d44f39cc3dbe95ae8c66e", "classIds": ["Crex crex", "Scolopax rusticola"], "channels": [[{"startTime": 0.0, "endTime": 5.0, "predictions": {"probabilities": [6.238625792320818e-05, 0.07356885075569153], "logits": []}, "groundTruth": [0.0, 0.0]}, {"startTime": 5.0, "endTime": 10.0, "predictions": {"probabilities": [1.048964259098284e-05, 0.013059724122285843], "logits": []}, "groundTruth": [0.0, 0.0]}, {"startTime": 10.0, "endTime": 15.0, "predictions": {"probabilities": [7.102044946805108e-06, 0.010484830476343632], "logits": []}, "groundTruth": [0.0, 0.0]}, {"startTime": 15.0, "endTime": 20.0, "predictions": {"probabilities": [2.9620863642776385e-05, 0.03404431417584419], "logits": []}, "groundTruth": [0.0, 0.0]}]]}