{"modelName": "devise-221117-v1-ep150", "version": "1", "fileId": "d3ebff7b51cd4d0c9a1d489aee880a95", "classIds": ["Crex crex", "Scolopax rusticola"], "channels": [[{"startTime": 0.0, "endTime": 5.0, "predictions": {"probabilities": [-10.404139518737793, -3.576124429702759], "logits": [NaN, NaN]}, "groundTruth": [0.0, 0.0]}, {"startTime": 5.0, "endTime": 10.0, "predictions": {"probabilities": [-9.315617561340332, -1.887670636177063], "logits": [NaN, NaN]}, "groundTruth": [0.0, 0.0]}, {"startTime": 10.0, "endTime": 15.0, "predictions": {"probabilities": [-10.655245780944824, -3.7716567516326904], "logits": [NaN, NaN]}, "groundTruth": [0.0, 0.0]}, {"startTime": 15.0, "endTime": 20.0, "predictions": {"probabilities": [-10.386719703674316, -3.0694966316223145], "logits": [NaN, NaN]}, "groundTruth": [0.0, 0.0]}]]}