{"modelName": "devise-221117-v1-ep150", "version": "1", "fileId": "d3ebff7b51cd4d0c9a1d489aee880a95", "classIds": ["Crex crex", "Scolopax rusticola"], "channels": [[{"startTime": 0.0, "endTime": 5.0, "predictions": {"probabilities": [3.0305849577416666e-05, 0.027222158387303352], "logits": []}, "groundTruth": [0.0, 0.0]}, {"startTime": 5.0, "endTime": 10.0, "predictions": {"probabilities": [8.99993974599056e-05, 0.13151028752326965], "logits": []}, "groundTruth": [0.0, 0.0]}, {"startTime": 10.0, "endTime": 15.0, "predictions": {"probabilities": [2.3576281819259748e-05, 0.0224961768835783], "logits": []}, "groundTruth": [0.0, 0.0]}, {"startTime": 15.0, "endTime": 20.0, "predictions": {"probabilities": [3.0838378734188154e-05, 0.04438317194581032], "logits": []}, "groundTruth": [0.0, 0.0]}]]}