{"modelName": "devise-221117-v1-ep150", "version": "1", "fileId": "d46f4dec14d64a40ab1a170c25765194", "classIds": ["Crex crex", "Scolopax rusticola"], "channels": [[{"startTime": 0.0, "endTime": 5.0, "predictions": {"probabilities": [-10.149059295654297, -2.751067638397217], "logits": [NaN, NaN]}, "groundTruth": [0.0, 0.0]}, {"startTime": 5.0, "endTime": 10.0, "predictions": {"probabilities": [-8.453842163085938, -0.8739154934883118], "logits": [NaN, NaN]}, "groundTruth": [0.0, 0.0]}, {"startTime": 10.0, "endTime": 15.0, "predictions": {"probabilities": [-9.057082176208496, -2.230325937271118], "logits": [NaN, NaN]}, "groundTruth": [0.0, 0.0]}, {"startTime": 15.0, "endTime": 20.0, "predictions": {"probabilities": [-8.21349811553955, -0.29207584261894226], "logits": [NaN, NaN]}, "groundTruth": [0.0, 0.0]}]]}