{"modelName": "devise-221117-v1-ep150", "version": "1", "fileId": "d46f4dec14d64a40ab1a170c25765194", "classIds": ["Crex crex", "Scolopax rusticola"], "channels": [[{"startTime": 0.0, "endTime": 5.0, "predictions": {"probabilities": [3.911132807843387e-05, 0.0600263811647892], "logits": []}, "groundTruth": [0.0, 0.0]}, {"startTime": 5.0, "endTime": 10.0, "predictions": {"probabilities": [0.0002130347565980628, 0.29444023966789246], "logits": []}, "groundTruth": [0.0, 0.0]}, {"startTime": 10.0, "endTime": 15.0, "predictions": {"probabilities": [0.0001165490029961802, 0.09706007689237595], "logits": []}, "groundTruth": [0.0, 0.0]}, {"startTime": 15.0, "endTime": 20.0, "predictions": {"probabilities": [0.00027089775539934635, 0.4274957478046417], "logits": []}, "groundTruth": [0.0, 0.0]}]]}