{"modelName": "devise-221117-v1-ep150", "version": "1", "fileId": "d4d60c22bbbf4c7992f5932902c27b48", "classIds": ["Crex crex", "Scolopax rusticola"], "channels": [[{"startTime": 0.0, "endTime": 5.0, "predictions": {"probabilities": [1.1657062714220956e-05, 0.932508647441864], "logits": []}, "groundTruth": [0.0, 0.0]}, {"startTime": 5.0, "endTime": 10.0, "predictions": {"probabilities": [4.0101534978020936e-05, 0.045283831655979156], "logits": []}, "groundTruth": [0.0, 0.0]}, {"startTime": 10.0, "endTime": 15.0, "predictions": {"probabilities": [5.496296944329515e-05, 0.12920108437538147], "logits": []}, "groundTruth": [0.0, 0.0]}, {"startTime": 15.0, "endTime": 20.0, "predictions": {"probabilities": [1.5855850506341085e-05, 0.023319320753216743], "logits": []}, "groundTruth": [0.0, 0.0]}]]}