{"modelName": "devise-221117-v1-ep150", "version": "1", "fileId": "d507e85445cc420392ca089a8234f75e", "classIds": ["Crex crex", "Scolopax rusticola"], "channels": [[{"startTime": 0.0, "endTime": 5.0, "predictions": {"probabilities": [-8.485349655151367, -0.9970700740814209], "logits": [NaN, NaN]}, "groundTruth": [0.0, 0.0]}, {"startTime": 5.0, "endTime": 10.0, "predictions": {"probabilities": [-8.582538604736328, -1.4488131999969482], "logits": [NaN, NaN]}, "groundTruth": [0.0, 0.0]}, {"startTime": 10.0, "endTime": 15.0, "predictions": {"probabilities": [-8.846834182739258, -1.0844277143478394], "logits": [NaN, NaN]}, "groundTruth": [0.0, 0.0]}, {"startTime": 15.0, "endTime": 20.0, "predictions": {"probabilities": [-8.369569778442383, -0.8021002411842346], "logits": [NaN, NaN]}, "groundTruth": [0.0, 0.0]}]]}