{"modelName": "devise-221117-v1-ep150", "version": "1", "fileId": "d507e85445cc420392ca089a8234f75e", "classIds": ["Crex crex", "Scolopax rusticola"], "channels": [[{"startTime": 0.0, "endTime": 5.0, "predictions": {"probabilities": [0.00020642857998609543, 0.2695178687572479], "logits": []}, "groundTruth": [0.0, 0.0]}, {"startTime": 5.0, "endTime": 10.0, "predictions": {"probabilities": [0.00018731366435531527, 0.19018428027629852], "logits": []}, "groundTruth": [0.0, 0.0]}, {"startTime": 10.0, "endTime": 15.0, "predictions": {"probabilities": [0.00014381569053512067, 0.2526690363883972], "logits": []}, "groundTruth": [0.0, 0.0]}, {"startTime": 15.0, "endTime": 20.0, "predictions": {"probabilities": [0.00023176154354587197, 0.3095764219760895], "logits": []}, "groundTruth": [0.0, 0.0]}]]}