{"modelName": "devise-221117-v1-ep150", "version": "1", "fileId": "d50c275231fd4f81b48b8f009c8672c4", "classIds": ["Crex crex", "Scolopax rusticola"], "channels": [[{"startTime": 0.0, "endTime": 5.0, "predictions": {"probabilities": [-9.210192680358887, -0.4193726181983948], "logits": [NaN, NaN]}, "groundTruth": [0.0, 0.0]}, {"startTime": 5.0, "endTime": 10.0, "predictions": {"probabilities": [-15.606894493103027, 11.461607933044434], "logits": [NaN, NaN]}, "groundTruth": [0.0, 1.0]}, {"startTime": 10.0, "endTime": 15.0, "predictions": {"probabilities": [-10.270511627197266, -3.264328718185425], "logits": [NaN, NaN]}, "groundTruth": [0.0, 1.0]}, {"startTime": 13.0, "endTime": 18.0, "predictions": {"probabilities": [-8.215889930725098, -0.16187772154808044], "logits": [NaN, NaN]}, "groundTruth": [0.0, 1.0]}]]}