{"modelName": "devise-221117-v1-ep150", "version": "1", "fileId": "d50c275231fd4f81b48b8f009c8672c4", "classIds": ["Crex crex", "Scolopax rusticola"], "channels": [[{"startTime": 0.0, "endTime": 5.0, "predictions": {"probabilities": [0.0001000047632260248, 0.39666688442230225], "logits": []}, "groundTruth": [0.0, 0.0]}, {"startTime": 5.0, "endTime": 10.0, "predictions": {"probabilities": [1.6672925085003953e-07, 0.9999895095825195], "logits": []}, "groundTruth": [0.0, 1.0]}, {"startTime": 10.0, "endTime": 15.0, "predictions": {"probabilities": [3.463844768702984e-05, 0.03681540489196777], "logits": []}, "groundTruth": [0.0, 1.0]}, {"startTime": 13.0, "endTime": 18.0, "predictions": {"probabilities": [0.00027025077724829316, 0.4596187174320221], "logits": []}, "groundTruth": [0.0, 1.0]}]]}