{"modelName": "devise-221117-v1-ep150", "version": "1", "fileId": "d543f9b4a27f4e63b080493eb0302aac", "classIds": ["Crex crex", "Scolopax rusticola"], "channels": [[{"startTime": 0.0, "endTime": 5.0, "predictions": {"probabilities": [-8.20560359954834, -0.0857836902141571], "logits": [NaN, NaN]}, "groundTruth": [0.0, 0.0]}, {"startTime": 5.0, "endTime": 10.0, "predictions": {"probabilities": [-7.69205904006958, 0.39531028270721436], "logits": [NaN, -0.4250444769859314]}, "groundTruth": [0.0, 0.0]}, {"startTime": 10.0, "endTime": 15.0, "predictions": {"probabilities": [-8.587331771850586, -0.25505462288856506], "logits": [NaN, NaN]}, "groundTruth": [0.0, 0.0]}, {"startTime": 15.0, "endTime": 20.0, "predictions": {"probabilities": [-7.683191299438477, 0.815549910068512], "logits": [NaN, 1.4864836931228638]}, "groundTruth": [0.0, 0.0]}]]}