{"modelName": "devise-221117-v1-ep150", "version": "1", "fileId": "d543f9b4a27f4e63b080493eb0302aac", "classIds": ["Crex crex", "Scolopax rusticola"], "channels": [[{"startTime": 0.0, "endTime": 5.0, "predictions": {"probabilities": [0.00027304425020702183, 0.4785672426223755], "logits": []}, "groundTruth": [0.0, 0.0]}, {"startTime": 5.0, "endTime": 10.0, "predictions": {"probabilities": [0.0004562291142065078, 0.5975604057312012], "logits": []}, "groundTruth": [0.0, 0.0]}, {"startTime": 10.0, "endTime": 15.0, "predictions": {"probabilities": [0.00018641816859599203, 0.43657976388931274], "logits": []}, "groundTruth": [0.0, 0.0]}, {"startTime": 15.0, "endTime": 20.0, "predictions": {"probabilities": [0.0004602909612003714, 0.6932909488677979], "logits": []}, "groundTruth": [0.0, 0.0]}]]}