{"modelName": "devise-221117-v1-ep150", "version": "1", "fileId": "d58234a7107c4203b4377fcce2fd6663", "classIds": ["Crex crex", "Scolopax rusticola"], "channels": [[{"startTime": 0.0, "endTime": 5.0, "predictions": {"probabilities": [-13.518083572387695, 3.630415916442871], "logits": [NaN, NaN]}, "groundTruth": [0.0, 0.0]}, {"startTime": 5.0, "endTime": 10.0, "predictions": {"probabilities": [-9.35736083984375, -2.12062668800354], "logits": [NaN, NaN]}, "groundTruth": [0.0, 0.0]}, {"startTime": 10.0, "endTime": 15.0, "predictions": {"probabilities": [-9.663644790649414, 2.841614007949829], "logits": [NaN, NaN]}, "groundTruth": [0.0, 0.0]}, {"startTime": 15.0, "endTime": 20.0, "predictions": {"probabilities": [-9.872049331665039, 2.202209234237671], "logits": [NaN, NaN]}, "groundTruth": [0.0, 0.0]}]]}