{"modelName": "devise-221117-v1-ep150", "version": "1", "fileId": "d58234a7107c4203b4377fcce2fd6663", "classIds": ["Crex crex", "Scolopax rusticola"], "channels": [[{"startTime": 0.0, "endTime": 5.0, "predictions": {"probabilities": [1.3463882169162389e-06, 0.9741792678833008], "logits": []}, "groundTruth": [0.0, 0.0]}, {"startTime": 5.0, "endTime": 10.0, "predictions": {"probabilities": [8.632017852505669e-05, 0.10710812360048294], "logits": []}, "groundTruth": [0.0, 0.0]}, {"startTime": 10.0, "endTime": 15.0, "predictions": {"probabilities": [6.354842480504885e-05, 0.9448835253715515], "logits": []}, "groundTruth": [0.0, 0.0]}, {"startTime": 15.0, "endTime": 20.0, "predictions": {"probabilities": [5.159422289580107e-05, 0.9004477262496948], "logits": []}, "groundTruth": [0.0, 0.0]}]]}