{"modelName": "devise-221117-v1-ep150", "version": "1", "fileId": "d6324bb31e144347a56a2f140ea54560", "classIds": ["Crex crex", "Scolopax rusticola"], "channels": [[{"startTime": 0.0, "endTime": 5.0, "predictions": {"probabilities": [-8.823844909667969, -1.2961281538009644], "logits": [NaN, NaN]}, "groundTruth": [0.0, 1.0]}, {"startTime": 5.0, "endTime": 10.0, "predictions": {"probabilities": [-20.529394149780273, 19.715667724609375], "logits": [NaN, NaN]}, "groundTruth": [0.0, 1.0]}, {"startTime": 10.0, "endTime": 15.0, "predictions": {"probabilities": [-17.400375366210938, 10.273927688598633], "logits": [NaN, NaN]}, "groundTruth": [0.0, 1.0]}, {"startTime": 11.0, "endTime": 16.0, "predictions": {"probabilities": [-13.909062385559082, 5.310419082641602], "logits": [NaN, NaN]}, "groundTruth": [0.0, 1.0]}]]}