{"modelName": "devise-221117-v1-ep150", "version": "1", "fileId": "d6c6af70643b4a50a7b8ccbc4d7f0c67", "classIds": ["Crex crex", "Scolopax rusticola"], "channels": [[{"startTime": 0.0, "endTime": 5.0, "predictions": {"probabilities": [2.8119578928453848e-05, 0.04191385954618454], "logits": []}, "groundTruth": [0.0, 0.0]}, {"startTime": 5.0, "endTime": 10.0, "predictions": {"probabilities": [1.3560486877395306e-05, 0.9841805696487427], "logits": []}, "groundTruth": [0.0, 0.0]}, {"startTime": 10.0, "endTime": 15.0, "predictions": {"probabilities": [2.572148514445871e-05, 0.09927438199520111], "logits": []}, "groundTruth": [0.0, 0.0]}, {"startTime": 15.0, "endTime": 20.0, "predictions": {"probabilities": [2.4053749712038552e-06, 0.9945347309112549], "logits": []}, "groundTruth": [0.0, 0.0]}]]}