{"modelName": "devise-221117-v1-ep150", "version": "1", "fileId": "d70a66f2a6ef472da57918f0d4ccfbd5", "classIds": ["Crex crex", "Scolopax rusticola"], "channels": [[{"startTime": 0.0, "endTime": 5.0, "predictions": {"probabilities": [-12.27413272857666, -5.47410774230957], "logits": [NaN, NaN]}, "groundTruth": [0.0, 0.0]}, {"startTime": 5.0, "endTime": 10.0, "predictions": {"probabilities": [-8.376087188720703, -0.4762756824493408], "logits": [NaN, NaN]}, "groundTruth": [0.0, 0.0]}, {"startTime": 10.0, "endTime": 15.0, "predictions": {"probabilities": [-9.663899421691895, -2.874903917312622], "logits": [NaN, NaN]}, "groundTruth": [0.0, 0.0]}, {"startTime": 15.0, "endTime": 20.0, "predictions": {"probabilities": [-11.932391166687012, -5.17039155960083], "logits": [NaN, NaN]}, "groundTruth": [0.0, 0.0]}]]}