{"modelName": "devise-221117-v1-ep150", "version": "1", "fileId": "d7421b70ee624e26a1031eafa323e340", "classIds": ["Crex crex", "Scolopax rusticola"], "channels": [[{"startTime": 0.0, "endTime": 5.0, "predictions": {"probabilities": [-12.933992385864258, -5.8725433349609375], "logits": [NaN, NaN]}, "groundTruth": [0.0, 0.0]}, {"startTime": 5.0, "endTime": 10.0, "predictions": {"probabilities": [-16.17605972290039, -9.142887115478516], "logits": [NaN, NaN]}, "groundTruth": [0.0, 0.0]}, {"startTime": 10.0, "endTime": 15.0, "predictions": {"probabilities": [-16.90796661376953, -9.948932647705078], "logits": [NaN, NaN]}, "groundTruth": [0.0, 0.0]}, {"startTime": 15.0, "endTime": 20.0, "predictions": {"probabilities": [-13.607391357421875, -6.630228519439697], "logits": [NaN, NaN]}, "groundTruth": [0.0, 0.0]}]]}