{"modelName": "devise-221117-v1-ep150", "version": "1", "fileId": "d74806a98c4241969330a3c520227c14", "classIds": ["Crex crex", "Scolopax rusticola"], "channels": [[{"startTime": 0.0, "endTime": 5.0, "predictions": {"probabilities": [7.726913463557139e-05, 0.08121172338724136], "logits": []}, "groundTruth": [0.0, 0.0]}, {"startTime": 5.0, "endTime": 10.0, "predictions": {"probabilities": [0.0001217559038195759, 0.14884154498577118], "logits": []}, "groundTruth": [0.0, 0.0]}, {"startTime": 10.0, "endTime": 15.0, "predictions": {"probabilities": [0.00022424441704060882, 0.39150574803352356], "logits": []}, "groundTruth": [0.0, 0.0]}, {"startTime": 15.0, "endTime": 20.0, "predictions": {"probabilities": [7.126003038138151e-05, 0.4799843728542328], "logits": []}, "groundTruth": [0.0, 0.0]}]]}