{"modelName": "devise-221117-v1-ep150", "version": "1", "fileId": "d74c21a34c814d17bf00be592ed883e9", "classIds": ["Crex crex", "Scolopax rusticola"], "channels": [[{"startTime": 0.0, "endTime": 5.0, "predictions": {"probabilities": [5.739881453337148e-05, 0.24702967703342438], "logits": []}, "groundTruth": [0.0, 0.0]}, {"startTime": 5.0, "endTime": 10.0, "predictions": {"probabilities": [0.0001890909334179014, 0.3110503852367401], "logits": []}, "groundTruth": [0.0, 0.0]}, {"startTime": 10.0, "endTime": 15.0, "predictions": {"probabilities": [5.6919911003205925e-05, 0.10192220658063889], "logits": []}, "groundTruth": [0.0, 0.0]}, {"startTime": 15.0, "endTime": 20.0, "predictions": {"probabilities": [1.2363250789348967e-05, 0.999239444732666], "logits": []}, "groundTruth": [0.0, 0.0]}]]}