{"modelName": "devise-221117-v1-ep150", "version": "1", "fileId": "d74c21a34c814d17bf00be592ed883e9", "classIds": ["Crex crex", "Scolopax rusticola"], "channels": [[{"startTime": 0.0, "endTime": 5.0, "predictions": {"probabilities": [-9.765429496765137, -1.114517331123352], "logits": [NaN, NaN]}, "groundTruth": [0.0, 0.0]}, {"startTime": 5.0, "endTime": 10.0, "predictions": {"probabilities": [-8.57309341430664, -0.7952132821083069], "logits": [NaN, NaN]}, "groundTruth": [0.0, 0.0]}, {"startTime": 10.0, "endTime": 15.0, "predictions": {"probabilities": [-9.773808479309082, -2.176046848297119], "logits": [NaN, NaN]}, "groundTruth": [0.0, 0.0]}, {"startTime": 15.0, "endTime": 20.0, "predictions": {"probabilities": [-11.300769805908203, 7.1807169914245605], "logits": [NaN, NaN]}, "groundTruth": [0.0, 0.0]}]]}