{"modelName": "devise-221117-v1-ep150", "version": "1", "fileId": "d8c42eb45c9840bab12ab48268adb196", "classIds": ["Crex crex", "Scolopax rusticola"], "channels": [[{"startTime": 0.0, "endTime": 5.0, "predictions": {"probabilities": [-10.19616413116455, -1.0643519163131714], "logits": [NaN, NaN]}, "groundTruth": [0.0, 0.0]}, {"startTime": 5.0, "endTime": 10.0, "predictions": {"probabilities": [-12.607850074768066, -1.247991919517517], "logits": [NaN, NaN]}, "groundTruth": [0.0, 0.0]}, {"startTime": 10.0, "endTime": 15.0, "predictions": {"probabilities": [-11.333414077758789, -3.8449296951293945], "logits": [NaN, NaN]}, "groundTruth": [0.0, 0.0]}, {"startTime": 15.0, "endTime": 20.0, "predictions": {"probabilities": [-13.548133850097656, -5.545796871185303], "logits": [NaN, NaN]}, "groundTruth": [0.0, 0.0]}]]}