{"modelName": "devise-221117-v1-ep150", "version": "1", "fileId": "d8d37f216abc4863b2128a2da1115080", "classIds": ["Crex crex", "Scolopax rusticola"], "channels": [[{"startTime": 0.0, "endTime": 5.0, "predictions": {"probabilities": [-11.717529296875, -3.421862840652466], "logits": [NaN, NaN]}, "groundTruth": [0.0, 0.0]}, {"startTime": 5.0, "endTime": 10.0, "predictions": {"probabilities": [-8.082167625427246, -0.27342572808265686], "logits": [NaN, NaN]}, "groundTruth": [0.0, 0.0]}, {"startTime": 10.0, "endTime": 15.0, "predictions": {"probabilities": [-10.18881607055664, 1.6586889028549194], "logits": [NaN, NaN]}, "groundTruth": [0.0, 0.0]}, {"startTime": 15.0, "endTime": 20.0, "predictions": {"probabilities": [-9.664721488952637, -2.3576366901397705], "logits": [NaN, NaN]}, "groundTruth": [0.0, 0.0]}]]}