{"modelName": "devise-221117-v1-ep150", "version": "1", "fileId": "d9c811093383496dacf6df525e1357f2", "classIds": ["Crex crex", "Scolopax rusticola"], "channels": [[{"startTime": 0.0, "endTime": 5.0, "predictions": {"probabilities": [-10.877479553222656, -3.6352195739746094], "logits": [NaN, NaN]}, "groundTruth": [0.0, 0.0]}, {"startTime": 5.0, "endTime": 10.0, "predictions": {"probabilities": [-9.235739707946777, -2.1981215476989746], "logits": [NaN, NaN]}, "groundTruth": [0.0, 0.0]}, {"startTime": 10.0, "endTime": 15.0, "predictions": {"probabilities": [-9.364352226257324, -2.0494117736816406], "logits": [NaN, NaN]}, "groundTruth": [0.0, 0.0]}, {"startTime": 15.0, "endTime": 20.0, "predictions": {"probabilities": [-11.461004257202148, -3.9457812309265137], "logits": [NaN, NaN]}, "groundTruth": [0.0, 0.0]}]]}