{"modelName": "devise-221117-v1-ep150", "version": "1", "fileId": "d9c811093383496dacf6df525e1357f2", "classIds": ["Crex crex", "Scolopax rusticola"], "channels": [[{"startTime": 0.0, "endTime": 5.0, "predictions": {"probabilities": [1.8878281480283476e-05, 0.025700218975543976], "logits": []}, "groundTruth": [0.0, 0.0]}, {"startTime": 5.0, "endTime": 10.0, "predictions": {"probabilities": [9.748255251906812e-05, 0.09991929680109024], "logits": []}, "groundTruth": [0.0, 0.0]}, {"startTime": 10.0, "endTime": 15.0, "predictions": {"probabilities": [8.571884245611727e-05, 0.11411183327436447], "logits": []}, "groundTruth": [0.0, 0.0]}, {"startTime": 15.0, "endTime": 20.0, "predictions": {"probabilities": [1.0532816304476e-05, 0.01896931231021881], "logits": []}, "groundTruth": [0.0, 0.0]}]]}