{"modelName": "devise-221117-v1-ep150", "version": "1", "fileId": "d9fd6cc74856442f91eb7f0968e23361", "classIds": ["Crex crex", "Scolopax rusticola"], "channels": [[{"startTime": 0.0, "endTime": 5.0, "predictions": {"probabilities": [0.00016994400357361883, 0.27600598335266113], "logits": []}, "groundTruth": [0.0, 0.0]}, {"startTime": 5.0, "endTime": 10.0, "predictions": {"probabilities": [0.00011242573236813769, 0.20459116995334625], "logits": []}, "groundTruth": [0.0, 0.0]}, {"startTime": 10.0, "endTime": 15.0, "predictions": {"probabilities": [6.942750042071566e-05, 0.13930171728134155], "logits": []}, "groundTruth": [0.0, 0.0]}, {"startTime": 15.0, "endTime": 20.0, "predictions": {"probabilities": [9.518788601781125e-07, 0.9998288154602051], "logits": []}, "groundTruth": [0.0, 0.0]}]]}