{"modelName": "devise-221117-v1-ep150", "version": "1", "fileId": "da611015418c471b9b7f296df9f8a1b1", "classIds": ["Crex crex", "Scolopax rusticola"], "channels": [[{"startTime": 0.0, "endTime": 5.0, "predictions": {"probabilities": [9.718516957946122e-05, 0.17844152450561523], "logits": []}, "groundTruth": [0.0, 0.0]}, {"startTime": 5.0, "endTime": 10.0, "predictions": {"probabilities": [0.00026425396208651364, 0.3677029013633728], "logits": []}, "groundTruth": [0.0, 0.0]}, {"startTime": 10.0, "endTime": 15.0, "predictions": {"probabilities": [0.000173668609932065, 0.29064470529556274], "logits": []}, "groundTruth": [0.0, 0.0]}, {"startTime": 15.0, "endTime": 20.0, "predictions": {"probabilities": [7.654463115613908e-05, 0.08951321244239807], "logits": []}, "groundTruth": [0.0, 0.0]}]]}