{"modelName": "devise-221117-v1-ep150", "version": "1", "fileId": "daee34e5755c4d64b4d59fbacbc07107", "classIds": ["Crex crex", "Scolopax rusticola"], "channels": [[{"startTime": 0.0, "endTime": 5.0, "predictions": {"probabilities": [-14.052489280700684, 10.191633224487305], "logits": [NaN, NaN]}, "groundTruth": [0.0, 1.0]}, {"startTime": 5.0, "endTime": 10.0, "predictions": {"probabilities": [-13.43880558013916, 5.402743816375732], "logits": [NaN, NaN]}, "groundTruth": [0.0, 1.0]}, {"startTime": 7.0, "endTime": 12.0, "predictions": {"probabilities": [-11.92808723449707, 2.9487311840057373], "logits": [NaN, NaN]}, "groundTruth": [0.0, 1.0]}]]}