{"modelName": "devise-221117-v1-ep150", "version": "1", "fileId": "db68408925a3414d860244ccbeea0705", "classIds": ["Crex crex", "Scolopax rusticola"], "channels": [[{"startTime": 0.0, "endTime": 5.0, "predictions": {"probabilities": [-15.041911125183105, -8.331419944763184], "logits": [NaN, NaN]}, "groundTruth": [0.0, 0.0]}, {"startTime": 5.0, "endTime": 10.0, "predictions": {"probabilities": [-12.646977424621582, -5.9051361083984375], "logits": [NaN, NaN]}, "groundTruth": [0.0, 0.0]}, {"startTime": 10.0, "endTime": 15.0, "predictions": {"probabilities": [-11.306049346923828, -4.267717361450195], "logits": [NaN, NaN]}, "groundTruth": [0.0, 0.0]}, {"startTime": 15.0, "endTime": 20.0, "predictions": {"probabilities": [-14.387983322143555, 2.9765303134918213], "logits": [NaN, NaN]}, "groundTruth": [0.0, 0.0]}]]}