{"modelName": "devise-221117-v1-ep150", "version": "1", "fileId": "db8529b9a61145659ae1fd76cc93d4c8", "classIds": ["Crex crex", "Scolopax rusticola"], "channels": [[{"startTime": 0.0, "endTime": 5.0, "predictions": {"probabilities": [-8.371124267578125, -0.6554187536239624], "logits": [NaN, NaN]}, "groundTruth": [0.0, 0.0]}, {"startTime": 5.0, "endTime": 10.0, "predictions": {"probabilities": [-8.49051570892334, -1.116460919380188], "logits": [NaN, NaN]}, "groundTruth": [0.0, 0.0]}, {"startTime": 10.0, "endTime": 15.0, "predictions": {"probabilities": [-7.748592376708984, 0.3300081491470337], "logits": [NaN, -0.708148181438446]}, "groundTruth": [0.0, 0.0]}, {"startTime": 15.0, "endTime": 20.0, "predictions": {"probabilities": [-8.574170112609863, -0.6453239321708679], "logits": [NaN, NaN]}, "groundTruth": [0.0, 0.0]}]]}