{"modelName": "devise-221117-v1-ep150", "version": "1", "fileId": "db8529b9a61145659ae1fd76cc93d4c8", "classIds": ["Crex crex", "Scolopax rusticola"], "channels": [[{"startTime": 0.0, "endTime": 5.0, "predictions": {"probabilities": [0.00023140163102652878, 0.3417694866657257], "logits": []}, "groundTruth": [0.0, 0.0]}, {"startTime": 5.0, "endTime": 10.0, "predictions": {"probabilities": [0.00020536512602120638, 0.24666833877563477], "logits": []}, "groundTruth": [0.0, 0.0]}, {"startTime": 10.0, "endTime": 15.0, "predictions": {"probabilities": [0.0004311632947064936, 0.581761360168457], "logits": []}, "groundTruth": [0.0, 0.0]}, {"startTime": 15.0, "endTime": 20.0, "predictions": {"probabilities": [0.00018888749764300883, 0.3440440595149994], "logits": []}, "groundTruth": [0.0, 0.0]}]]}