{"modelName": "devise-221117-v1-ep150", "version": "1", "fileId": "dc0f60de094f49328208ed69e3786df4", "classIds": ["Crex crex", "Scolopax rusticola"], "channels": [[{"startTime": 0.0, "endTime": 5.0, "predictions": {"probabilities": [0.00018588265811558813, 0.24921450018882751], "logits": []}, "groundTruth": [0.0, 0.0]}, {"startTime": 5.0, "endTime": 10.0, "predictions": {"probabilities": [0.00010568503785179928, 0.28387314081192017], "logits": []}, "groundTruth": [0.0, 0.0]}, {"startTime": 10.0, "endTime": 15.0, "predictions": {"probabilities": [0.0001170144896605052, 0.18787401914596558], "logits": []}, "groundTruth": [0.0, 0.0]}, {"startTime": 15.0, "endTime": 20.0, "predictions": {"probabilities": [1.3756478438153863e-05, 0.9935684204101562], "logits": []}, "groundTruth": [0.0, 0.0]}]]}