{"modelName": "devise-221117-v1-ep150", "version": "1", "fileId": "dc160ed8cea7496a9fdbd70dffda2292", "classIds": ["Crex crex", "Scolopax rusticola"], "channels": [[{"startTime": 0.0, "endTime": 5.0, "predictions": {"probabilities": [1.164821014754125e-06, 0.9955610036849976], "logits": []}, "groundTruth": [0.0, 0.0]}, {"startTime": 5.0, "endTime": 10.0, "predictions": {"probabilities": [0.0001240886194864288, 0.115817591547966], "logits": []}, "groundTruth": [0.0, 0.0]}, {"startTime": 10.0, "endTime": 15.0, "predictions": {"probabilities": [8.910598990041763e-05, 0.8625699877738953], "logits": []}, "groundTruth": [0.0, 0.0]}, {"startTime": 15.0, "endTime": 20.0, "predictions": {"probabilities": [0.00028245491557754576, 0.8027584552764893], "logits": []}, "groundTruth": [0.0, 0.0]}]]}