{"modelName": "devise-221117-v1-ep150", "version": "1", "fileId": "dc22f17f8b86480098ca7ce009066b2d", "classIds": ["Crex crex", "Scolopax rusticola"], "channels": [[{"startTime": 0.0, "endTime": 5.0, "predictions": {"probabilities": [-7.673050403594971, 1.5121983289718628], "logits": [NaN, NaN]}, "groundTruth": [0.0, 0.0]}, {"startTime": 5.0, "endTime": 10.0, "predictions": {"probabilities": [-9.750763893127441, -1.8229278326034546], "logits": [NaN, NaN]}, "groundTruth": [0.0, 0.0]}, {"startTime": 10.0, "endTime": 15.0, "predictions": {"probabilities": [-10.758935928344727, 2.781952381134033], "logits": [NaN, NaN]}, "groundTruth": [0.0, 0.0]}, {"startTime": 15.0, "endTime": 20.0, "predictions": {"probabilities": [-8.817105293273926, 2.69014048576355], "logits": [NaN, NaN]}, "groundTruth": [0.0, 0.0]}]]}