{"modelName": "devise-221117-v1-ep150", "version": "1", "fileId": "dc479d048f6040a3a0104cf451d60a5f", "classIds": ["Crex crex", "Scolopax rusticola"], "channels": [[{"startTime": 0.0, "endTime": 5.0, "predictions": {"probabilities": [-8.22819995880127, 0.0754675567150116], "logits": [NaN, -2.505585193634033]}, "groundTruth": [0.0, 0.0]}, {"startTime": 5.0, "endTime": 10.0, "predictions": {"probabilities": [-9.532361030578613, -1.4038653373718262], "logits": [NaN, NaN]}, "groundTruth": [0.0, 0.0]}, {"startTime": 10.0, "endTime": 15.0, "predictions": {"probabilities": [-9.53054428100586, -1.9262361526489258], "logits": [NaN, NaN]}, "groundTruth": [0.0, 0.0]}, {"startTime": 15.0, "endTime": 20.0, "predictions": {"probabilities": [-8.875955581665039, -1.1181137561798096], "logits": [NaN, NaN]}, "groundTruth": [0.0, 0.0]}]]}