{"modelName": "devise-221117-v1-ep150", "version": "1", "fileId": "dcc2f3a99ed64c7bb32b79a29e0ca080", "classIds": ["Crex crex", "Scolopax rusticola"], "channels": [[{"startTime": 0.0, "endTime": 5.0, "predictions": {"probabilities": [-18.191198348999023, 18.74564552307129], "logits": [NaN, NaN]}, "groundTruth": [0.0, 1.0]}, {"startTime": 5.0, "endTime": 10.0, "predictions": {"probabilities": [-16.20587158203125, 8.11038875579834], "logits": [NaN, NaN]}, "groundTruth": [0.0, 1.0]}, {"startTime": 10.0, "endTime": 15.0, "predictions": {"probabilities": [-17.513225555419922, 10.760281562805176], "logits": [NaN, NaN]}, "groundTruth": [0.0, 1.0]}, {"startTime": 15.0, "endTime": 20.0, "predictions": {"probabilities": [-18.478368759155273, 19.462825775146484], "logits": [NaN, NaN]}, "groundTruth": [0.0, 1.0]}]]}