{"modelName": "devise-221117-v1-ep150", "version": "1", "fileId": "dcc2988ceb774edebde44e2ad58c7d80", "classIds": ["Crex crex", "Scolopax rusticola"], "channels": [[{"startTime": 0.0, "endTime": 5.0, "predictions": {"probabilities": [-11.941573143005371, -4.996029853820801], "logits": [NaN, NaN]}, "groundTruth": [0.0, 0.0]}, {"startTime": 5.0, "endTime": 10.0, "predictions": {"probabilities": [-11.03887939453125, -0.6487925052642822], "logits": [NaN, NaN]}, "groundTruth": [0.0, 0.0]}, {"startTime": 10.0, "endTime": 15.0, "predictions": {"probabilities": [-11.0430326461792, -3.9145796298980713], "logits": [NaN, NaN]}, "groundTruth": [0.0, 0.0]}, {"startTime": 15.0, "endTime": 20.0, "predictions": {"probabilities": [-8.409579277038574, 9.746849536895752e-05], "logits": [NaN, -9.235883712768555]}, "groundTruth": [0.0, 0.0]}]]}