{"modelName": "devise-221117-v1-ep150", "version": "1", "fileId": "ddd24d674b394db4834f2252cc4e64f2", "classIds": ["Crex crex", "Scolopax rusticola"], "channels": [[{"startTime": 0.0, "endTime": 5.0, "predictions": {"probabilities": [-8.350696563720703, -0.9550760388374329], "logits": [NaN, NaN]}, "groundTruth": [0.0, 0.0]}, {"startTime": 5.0, "endTime": 10.0, "predictions": {"probabilities": [-8.92556095123291, -1.1950186491012573], "logits": [NaN, NaN]}, "groundTruth": [0.0, 0.0]}, {"startTime": 10.0, "endTime": 15.0, "predictions": {"probabilities": [-9.896592140197754, -2.614957094192505], "logits": [NaN, NaN]}, "groundTruth": [0.0, 0.0]}, {"startTime": 15.0, "endTime": 20.0, "predictions": {"probabilities": [-11.548124313354492, 4.2799577713012695], "logits": [NaN, NaN]}, "groundTruth": [0.0, 0.0]}]]}