{"modelName": "devise-221117-v1-ep150", "version": "1", "fileId": "de2439067a56495da75c13eb2fd1b9e0", "classIds": ["Crex crex", "Scolopax rusticola"], "channels": [[{"startTime": 0.0, "endTime": 5.0, "predictions": {"probabilities": [0.0001949712896021083, 0.3249688744544983], "logits": []}, "groundTruth": [0.0, 0.0]}, {"startTime": 5.0, "endTime": 10.0, "predictions": {"probabilities": [6.898006540723145e-05, 0.15547221899032593], "logits": []}, "groundTruth": [0.0, 0.0]}, {"startTime": 10.0, "endTime": 15.0, "predictions": {"probabilities": [0.00010252466017846018, 0.24374188482761383], "logits": []}, "groundTruth": [0.0, 0.0]}, {"startTime": 15.0, "endTime": 20.0, "predictions": {"probabilities": [0.00010452044807607308, 0.1691310703754425], "logits": []}, "groundTruth": [0.0, 0.0]}]]}