{"modelName": "devise-221117-v1-ep150", "version": "1", "fileId": "de3c746d60ae46e28664ef27e59f8680", "classIds": ["Crex crex", "Scolopax rusticola"], "channels": [[{"startTime": 0.0, "endTime": 5.0, "predictions": {"probabilities": [-19.15384292602539, 21.924694061279297], "logits": [NaN, NaN]}, "groundTruth": [0.0, 1.0]}, {"startTime": 5.0, "endTime": 10.0, "predictions": {"probabilities": [-13.77438735961914, 12.081803321838379], "logits": [NaN, NaN]}, "groundTruth": [0.0, 1.0]}, {"startTime": 10.0, "endTime": 15.0, "predictions": {"probabilities": [-16.074472427368164, 9.272244453430176], "logits": [NaN, NaN]}, "groundTruth": [0.0, 1.0]}, {"startTime": 14.384, "endTime": 19.384, "predictions": {"probabilities": [-15.168846130371094, 14.625844955444336], "logits": [NaN, NaN]}, "groundTruth": [0.0, 1.0]}]]}