{"modelName": "devise-221117-v1-ep150", "version": "1", "fileId": "de85bb78221542c09007513cf6a93ed2", "classIds": ["Crex crex", "Scolopax rusticola"], "channels": [[{"startTime": 0.0, "endTime": 5.0, "predictions": {"probabilities": [2.957234235267947e-09, 0.9999992847442627], "logits": []}, "groundTruth": [0.0, 1.0]}, {"startTime": 5.0, "endTime": 10.0, "predictions": {"probabilities": [3.2623105994389334e-08, 0.9999992847442627], "logits": []}, "groundTruth": [0.0, 1.0]}, {"startTime": 10.0, "endTime": 15.0, "predictions": {"probabilities": [1.104662169382209e-05, 0.9978209733963013], "logits": []}, "groundTruth": [0.0, 1.0]}, {"startTime": 12.0, "endTime": 17.0, "predictions": {"probabilities": [6.339252649922855e-06, 0.9999371767044067], "logits": []}, "groundTruth": [0.0, 1.0]}]]}