{"modelName": "devise-221117-v1-ep150", "version": "1", "fileId": "de85bb78221542c09007513cf6a93ed2", "classIds": ["Crex crex", "Scolopax rusticola"], "channels": [[{"startTime": 0.0, "endTime": 5.0, "predictions": {"probabilities": [-19.63901138305664, 14.09440803527832], "logits": [NaN, NaN]}, "groundTruth": [0.0, 1.0]}, {"startTime": 5.0, "endTime": 10.0, "predictions": {"probabilities": [-17.238245010375977, 14.110831260681152], "logits": [NaN, NaN]}, "groundTruth": [0.0, 1.0]}, {"startTime": 10.0, "endTime": 15.0, "predictions": {"probabilities": [-11.413374900817871, 6.126705169677734], "logits": [NaN, NaN]}, "groundTruth": [0.0, 1.0]}, {"startTime": 12.0, "endTime": 17.0, "predictions": {"probabilities": [-11.968743324279785, 9.675801277160645], "logits": [NaN, NaN]}, "groundTruth": [0.0, 1.0]}]]}