{"modelName": "devise-221117-v1-ep150", "version": "1", "fileId": "de9686267f49462b9a9c9327858cea2d", "classIds": ["Crex crex", "Scolopax rusticola"], "channels": [[{"startTime": 0.0, "endTime": 5.0, "predictions": {"probabilities": [-10.232952117919922, -3.1807470321655273], "logits": [NaN, NaN]}, "groundTruth": [0.0, 0.0]}, {"startTime": 5.0, "endTime": 10.0, "predictions": {"probabilities": [-8.586688041687012, -1.3918004035949707], "logits": [NaN, NaN]}, "groundTruth": [0.0, 0.0]}, {"startTime": 10.0, "endTime": 15.0, "predictions": {"probabilities": [-8.479599952697754, 1.0013556480407715], "logits": [NaN, NaN]}, "groundTruth": [0.0, 0.0]}, {"startTime": 15.0, "endTime": 20.0, "predictions": {"probabilities": [-8.396440505981445, -0.20964151620864868], "logits": [NaN, NaN]}, "groundTruth": [0.0, 0.0]}]]}