{"modelName": "devise-221117-v1-ep150", "version": "1", "fileId": "de9686267f49462b9a9c9327858cea2d", "classIds": ["Crex crex", "Scolopax rusticola"], "channels": [[{"startTime": 0.0, "endTime": 5.0, "predictions": {"probabilities": [3.5964145354228094e-05, 0.039896707981824875], "logits": []}, "groundTruth": [0.0, 0.0]}, {"startTime": 5.0, "endTime": 10.0, "predictions": {"probabilities": [0.0001865381927927956, 0.19912049174308777], "logits": []}, "groundTruth": [0.0, 0.0]}, {"startTime": 10.0, "endTime": 15.0, "predictions": {"probabilities": [0.0002076186501653865, 0.7313250303268433], "logits": []}, "groundTruth": [0.0, 0.0]}, {"startTime": 15.0, "endTime": 20.0, "predictions": {"probabilities": [0.0002256182488054037, 0.4477807283401489], "logits": []}, "groundTruth": [0.0, 0.0]}]]}