{"modelName": "devise-221117-v1-ep150", "version": "1", "fileId": "df3a1f2395094a6f93ea57ed5e2ec45c", "classIds": ["Crex crex", "Scolopax rusticola"], "channels": [[{"startTime": 0.0, "endTime": 5.0, "predictions": {"probabilities": [3.225062300771242e-06, 0.9995323419570923], "logits": []}, "groundTruth": [0.0, 1.0]}, {"startTime": 4.0, "endTime": 9.0, "predictions": {"probabilities": [9.679706636234187e-06, 0.9976970553398132], "logits": []}, "groundTruth": [0.0, 1.0]}]]}