{"modelName": "devise-221117-v1-ep150", "version": "1", "fileId": "df5e445d2cf24fea98b5e326793c4f89", "classIds": ["Crex crex", "Scolopax rusticola"], "channels": [[{"startTime": 0.0, "endTime": 5.0, "predictions": {"probabilities": [-11.678733825683594, -4.6547698974609375], "logits": [NaN, NaN]}, "groundTruth": [0.0, 0.0]}, {"startTime": 5.0, "endTime": 10.0, "predictions": {"probabilities": [-10.600056648254395, -2.592878580093384], "logits": [NaN, NaN]}, "groundTruth": [0.0, 0.0]}, {"startTime": 10.0, "endTime": 15.0, "predictions": {"probabilities": [-9.03742790222168, -1.8006391525268555], "logits": [NaN, NaN]}, "groundTruth": [0.0, 0.0]}, {"startTime": 15.0, "endTime": 20.0, "predictions": {"probabilities": [-9.717741012573242, -2.600841760635376], "logits": [NaN, NaN]}, "groundTruth": [0.0, 0.0]}]]}