{"modelName": "devise-221117-v1-ep150", "version": "1", "fileId": "df818ff2bf5549a18e02d50e27509793", "classIds": ["Crex crex", "Scolopax rusticola"], "channels": [[{"startTime": 0.0, "endTime": 5.0, "predictions": {"probabilities": [2.2751484607397288e-07, 0.0002795620239339769], "logits": []}, "groundTruth": [0.0, 0.0]}, {"startTime": 5.0, "endTime": 10.0, "predictions": {"probabilities": [2.5530114726279862e-05, 0.029008714482188225], "logits": []}, "groundTruth": [0.0, 0.0]}, {"startTime": 10.0, "endTime": 15.0, "predictions": {"probabilities": [4.078662811934919e-07, 0.0003698499349411577], "logits": []}, "groundTruth": [0.0, 0.0]}, {"startTime": 15.0, "endTime": 20.0, "predictions": {"probabilities": [6.993133894184211e-08, 7.098818605300039e-05], "logits": []}, "groundTruth": [0.0, 0.0]}]]}