{"modelName": "devise-221117-v1-ep150", "version": "1", "fileId": "df818ff2bf5549a18e02d50e27509793", "classIds": ["Crex crex", "Scolopax rusticola"], "channels": [[{"startTime": 0.0, "endTime": 5.0, "predictions": {"probabilities": [-15.296050071716309, -8.1820068359375], "logits": [NaN, NaN]}, "groundTruth": [0.0, 0.0]}, {"startTime": 5.0, "endTime": 10.0, "predictions": {"probabilities": [-10.575626373291016, -3.510721206665039], "logits": [NaN, NaN]}, "groundTruth": [0.0, 0.0]}, {"startTime": 10.0, "endTime": 15.0, "predictions": {"probabilities": [-14.712326049804688, -7.902043342590332], "logits": [NaN, NaN]}, "groundTruth": [0.0, 0.0]}, {"startTime": 15.0, "endTime": 20.0, "predictions": {"probabilities": [-16.475751876831055, -9.552926063537598], "logits": [NaN, NaN]}, "groundTruth": [0.0, 0.0]}]]}