{"modelName": "devise-221117-v1-ep150", "version": "1", "fileId": "e014693bab1342e1891b49432fed30bc", "classIds": ["Crex crex", "Scolopax rusticola"], "channels": [[{"startTime": 0.0, "endTime": 5.0, "predictions": {"probabilities": [0.00010457388998474926, 0.1261024922132492], "logits": []}, "groundTruth": [0.0, 0.0]}, {"startTime": 5.0, "endTime": 10.0, "predictions": {"probabilities": [5.823628725920571e-06, 0.00431209709495306], "logits": []}, "groundTruth": [0.0, 0.0]}, {"startTime": 10.0, "endTime": 15.0, "predictions": {"probabilities": [2.3309360130951973e-06, 0.00192107236944139], "logits": []}, "groundTruth": [0.0, 0.0]}, {"startTime": 15.0, "endTime": 20.0, "predictions": {"probabilities": [6.91784634909709e-06, 0.007285307161509991], "logits": []}, "groundTruth": [0.0, 0.0]}]]}