{"modelName": "devise-221117-v1-ep150", "version": "1", "fileId": "e02342af51554a5a8889cd6553b22f3d", "classIds": ["Crex crex", "Scolopax rusticola"], "channels": [[{"startTime": 0.0, "endTime": 5.0, "predictions": {"probabilities": [9.778065577847883e-05, 0.1060352474451065], "logits": []}, "groundTruth": [0.0, 0.0]}, {"startTime": 5.0, "endTime": 10.0, "predictions": {"probabilities": [7.734399332548492e-06, 0.008958294987678528], "logits": []}, "groundTruth": [0.0, 0.0]}, {"startTime": 10.0, "endTime": 15.0, "predictions": {"probabilities": [2.581766921139206e-06, 0.0022895606234669685], "logits": []}, "groundTruth": [0.0, 0.0]}, {"startTime": 15.0, "endTime": 20.0, "predictions": {"probabilities": [2.606449015729595e-05, 0.04025989770889282], "logits": []}, "groundTruth": [0.0, 0.0]}]]}