{"modelName": "devise-221117-v1-ep150", "version": "1", "fileId": "e1b694c613fb4c6bb218c2307281b313", "classIds": ["Crex crex", "Scolopax rusticola"], "channels": [[{"startTime": 0.0, "endTime": 5.0, "predictions": {"probabilities": [-9.237998008728027, 2.438189744949341], "logits": [NaN, NaN]}, "groundTruth": [0.0, 1.0]}, {"startTime": 5.0, "endTime": 10.0, "predictions": {"probabilities": [-15.70123291015625, 11.990499496459961], "logits": [NaN, NaN]}, "groundTruth": [0.0, 1.0]}, {"startTime": 10.0, "endTime": 15.0, "predictions": {"probabilities": [-14.632956504821777, 11.698326110839844], "logits": [NaN, NaN]}, "groundTruth": [0.0, 1.0]}, {"startTime": 13.0, "endTime": 18.0, "predictions": {"probabilities": [-8.556514739990234, 1.2496366500854492], "logits": [NaN, NaN]}, "groundTruth": [0.0, 0.0]}]]}