{"modelName": "devise-221117-v1-ep150", "version": "1", "fileId": "e269844038854694aa5d73876589c966", "classIds": ["Crex crex", "Scolopax rusticola"], "channels": [[{"startTime": 0.0, "endTime": 5.0, "predictions": {"probabilities": [4.602049375534989e-05, 0.05635611712932587], "logits": []}, "groundTruth": [0.0, 0.0]}, {"startTime": 5.0, "endTime": 10.0, "predictions": {"probabilities": [7.800964522175491e-05, 0.27389371395111084], "logits": []}, "groundTruth": [0.0, 0.0]}, {"startTime": 10.0, "endTime": 15.0, "predictions": {"probabilities": [1.5656266896257875e-06, 0.0015508329961448908], "logits": []}, "groundTruth": [0.0, 0.0]}, {"startTime": 15.0, "endTime": 20.0, "predictions": {"probabilities": [0.00014897706569172442, 0.3657292127609253], "logits": []}, "groundTruth": [0.0, 0.0]}]]}