{"modelName": "devise-221117-v1-ep150", "version": "1", "fileId": "e27264360f1b4bbb9a2ee517a16db9ec", "classIds": ["Crex crex", "Scolopax rusticola"], "channels": [[{"startTime": 0.0, "endTime": 5.0, "predictions": {"probabilities": [-13.796721458435059, 11.746237754821777], "logits": [NaN, NaN]}, "groundTruth": [0.0, 0.0]}, {"startTime": 5.0, "endTime": 10.0, "predictions": {"probabilities": [-9.58796215057373, -1.9500693082809448], "logits": [NaN, NaN]}, "groundTruth": [0.0, 0.0]}, {"startTime": 10.0, "endTime": 15.0, "predictions": {"probabilities": [-7.781466960906982, -0.06922343373298645], "logits": [NaN, NaN]}, "groundTruth": [0.0, 0.0]}, {"startTime": 15.0, "endTime": 20.0, "predictions": {"probabilities": [-10.201041221618652, -3.018467903137207], "logits": [NaN, NaN]}, "groundTruth": [0.0, 0.0]}]]}