{"modelName": "devise-221117-v1-ep150", "version": "1", "fileId": "e27264360f1b4bbb9a2ee517a16db9ec", "classIds": ["Crex crex", "Scolopax rusticola"], "channels": [[{"startTime": 0.0, "endTime": 5.0, "predictions": {"probabilities": [1.0189656904913136e-06, 0.9999921321868896], "logits": []}, "groundTruth": [0.0, 0.0]}, {"startTime": 5.0, "endTime": 10.0, "predictions": {"probabilities": [6.854427192592993e-05, 0.12454579770565033], "logits": []}, "groundTruth": [0.0, 0.0]}, {"startTime": 10.0, "endTime": 15.0, "predictions": {"probabilities": [0.0004172252374701202, 0.48270100355148315], "logits": []}, "groundTruth": [0.0, 0.0]}, {"startTime": 15.0, "endTime": 20.0, "predictions": {"probabilities": [3.713025580509566e-05, 0.04659849405288696], "logits": []}, "groundTruth": [0.0, 0.0]}]]}