{"modelName": "devise-221117-v1-ep150", "version": "1", "fileId": "e28c469426444fa8ade5facaabf37829", "classIds": ["Crex crex", "Scolopax rusticola"], "channels": [[{"startTime": 0.0, "endTime": 5.0, "predictions": {"probabilities": [0.0001289675128646195, 0.20388729870319366], "logits": []}, "groundTruth": [0.0, 0.0]}, {"startTime": 5.0, "endTime": 10.0, "predictions": {"probabilities": [0.00021475643734447658, 0.31302887201309204], "logits": []}, "groundTruth": [0.0, 0.0]}, {"startTime": 10.0, "endTime": 15.0, "predictions": {"probabilities": [0.0005006068386137486, 0.6584838032722473], "logits": []}, "groundTruth": [0.0, 0.0]}, {"startTime": 15.0, "endTime": 20.0, "predictions": {"probabilities": [6.85572813381441e-05, 0.10801392793655396], "logits": []}, "groundTruth": [0.0, 0.0]}]]}