{"modelName": "devise-221117-v1-ep150", "version": "1", "fileId": "e2bf8104b8b34526a064cb48fcf9be62", "classIds": ["Crex crex", "Scolopax rusticola"], "channels": [[{"startTime": 0.0, "endTime": 5.0, "predictions": {"probabilities": [1.7556505554239266e-05, 0.02540036477148533], "logits": []}, "groundTruth": [0.0, 0.0]}, {"startTime": 5.0, "endTime": 10.0, "predictions": {"probabilities": [4.9049826884584036e-06, 0.0063331578858196735], "logits": []}, "groundTruth": [0.0, 0.0]}, {"startTime": 10.0, "endTime": 15.0, "predictions": {"probabilities": [9.633335866965353e-05, 0.16694557666778564], "logits": []}, "groundTruth": [0.0, 0.0]}, {"startTime": 15.0, "endTime": 20.0, "predictions": {"probabilities": [0.00022145311231724918, 0.3598637878894806], "logits": []}, "groundTruth": [0.0, 0.0]}]]}