{"modelName": "devise-221117-v1-ep150", "version": "1", "fileId": "e30167e8a35d493dbb05b8a052c6e59d", "classIds": ["Crex crex", "Scolopax rusticola"], "channels": [[{"startTime": 0.0, "endTime": 5.0, "predictions": {"probabilities": [-8.55841064453125, -1.2644171714782715], "logits": [NaN, NaN]}, "groundTruth": [0.0, 0.0]}, {"startTime": 5.0, "endTime": 10.0, "predictions": {"probabilities": [-8.185996055603027, -0.2787138819694519], "logits": [NaN, NaN]}, "groundTruth": [0.0, 0.0]}, {"startTime": 10.0, "endTime": 15.0, "predictions": {"probabilities": [-9.112337112426758, -0.648530125617981], "logits": [NaN, NaN]}, "groundTruth": [0.0, 0.0]}, {"startTime": 15.0, "endTime": 20.0, "predictions": {"probabilities": [-10.777299880981445, -3.979916572570801], "logits": [NaN, NaN]}, "groundTruth": [0.0, 0.0]}]]}