{"modelName": "devise-221117-v1-ep150", "version": "1", "fileId": "e33b2dd22cdc43c696190800b6f99909", "classIds": ["Crex crex", "Scolopax rusticola"], "channels": [[{"startTime": 0.0, "endTime": 5.0, "predictions": {"probabilities": [0.00011301733320578933, 0.7601463794708252], "logits": []}, "groundTruth": [0.0, 1.0]}, {"startTime": 5.0, "endTime": 10.0, "predictions": {"probabilities": [2.7387787326915713e-07, 0.9999243021011353], "logits": []}, "groundTruth": [0.0, 1.0]}, {"startTime": 10.0, "endTime": 15.0, "predictions": {"probabilities": [5.94199534020845e-08, 0.9999929666519165], "logits": []}, "groundTruth": [0.0, 1.0]}, {"startTime": 13.0, "endTime": 18.0, "predictions": {"probabilities": [2.0918375298606406e-07, 0.9999960660934448], "logits": []}, "groundTruth": [0.0, 1.0]}]]}