{"modelName": "devise-221117-v1-ep150", "version": "1", "fileId": "e33b2dd22cdc43c696190800b6f99909", "classIds": ["Crex crex", "Scolopax rusticola"], "channels": [[{"startTime": 0.0, "endTime": 5.0, "predictions": {"probabilities": [-9.08785629272461, 1.1534820795059204], "logits": [NaN, NaN]}, "groundTruth": [0.0, 1.0]}, {"startTime": 5.0, "endTime": 10.0, "predictions": {"probabilities": [-15.110583305358887, 9.488986015319824], "logits": [NaN, NaN]}, "groundTruth": [0.0, 1.0]}, {"startTime": 10.0, "endTime": 15.0, "predictions": {"probabilities": [-16.638635635375977, 11.86533260345459], "logits": [NaN, NaN]}, "groundTruth": [0.0, 1.0]}, {"startTime": 13.0, "endTime": 18.0, "predictions": {"probabilities": [-15.38005256652832, 12.440092086791992], "logits": [NaN, NaN]}, "groundTruth": [0.0, 1.0]}]]}