{"modelName": "devise-221117-v1-ep150", "version": "1", "fileId": "e3be7dee9f214369b26736d55762a649", "classIds": ["Crex crex", "Scolopax rusticola"], "channels": [[{"startTime": 0.0, "endTime": 5.0, "predictions": {"probabilities": [0.00010981109517160803, 0.17917822301387787], "logits": []}, "groundTruth": [0.0, 0.0]}, {"startTime": 5.0, "endTime": 10.0, "predictions": {"probabilities": [0.00014090754848439246, 0.29240739345550537], "logits": []}, "groundTruth": [0.0, 0.0]}, {"startTime": 10.0, "endTime": 15.0, "predictions": {"probabilities": [7.450924749718979e-05, 0.19131813943386078], "logits": []}, "groundTruth": [0.0, 0.0]}, {"startTime": 15.0, "endTime": 20.0, "predictions": {"probabilities": [0.0002677476732060313, 0.2394944131374359], "logits": []}, "groundTruth": [0.0, 0.0]}]]}