{"modelName": "devise-221117-v1-ep150", "version": "1", "fileId": "e3be7dee9f214369b26736d55762a649", "classIds": ["Crex crex", "Scolopax rusticola"], "channels": [[{"startTime": 0.0, "endTime": 5.0, "predictions": {"probabilities": [-9.116639137268066, -1.5219249725341797], "logits": [NaN, NaN]}, "groundTruth": [0.0, 0.0]}, {"startTime": 5.0, "endTime": 10.0, "predictions": {"probabilities": [-8.867265701293945, -0.8837205171585083], "logits": [NaN, NaN]}, "groundTruth": [0.0, 0.0]}, {"startTime": 10.0, "endTime": 15.0, "predictions": {"probabilities": [-9.504512786865234, -1.4414678812026978], "logits": [NaN, NaN]}, "groundTruth": [0.0, 0.0]}, {"startTime": 15.0, "endTime": 20.0, "predictions": {"probabilities": [-8.225197792053223, -1.1554533243179321], "logits": [NaN, NaN]}, "groundTruth": [0.0, 0.0]}]]}