{"modelName": "devise-221117-v1-ep150", "version": "1", "fileId": "e3fec68a777e4c158a713d61006591f4", "classIds": ["Crex crex", "Scolopax rusticola"], "channels": [[{"startTime": 0.0, "endTime": 5.0, "predictions": {"probabilities": [1.0232298336632084e-05, 0.34636980295181274], "logits": []}, "groundTruth": [0.0, 0.0]}, {"startTime": 5.0, "endTime": 10.0, "predictions": {"probabilities": [6.07289002800826e-05, 0.1320023536682129], "logits": []}, "groundTruth": [0.0, 0.0]}, {"startTime": 10.0, "endTime": 15.0, "predictions": {"probabilities": [0.00011881934915436432, 0.18021248281002045], "logits": []}, "groundTruth": [0.0, 0.0]}, {"startTime": 15.0, "endTime": 20.0, "predictions": {"probabilities": [2.383231048952439e-06, 0.004923426546156406], "logits": []}, "groundTruth": [0.0, 0.0]}]]}