{"modelName": "devise-221117-v1-ep150", "version": "1", "fileId": "e577080f8a884027bd1b8f74e46959ad", "classIds": ["Crex crex", "Scolopax rusticola"], "channels": [[{"startTime": 0.0, "endTime": 5.0, "predictions": {"probabilities": [-10.464357376098633, -2.598074197769165], "logits": [NaN, NaN]}, "groundTruth": [0.0, 0.0]}, {"startTime": 5.0, "endTime": 10.0, "predictions": {"probabilities": [-13.95489501953125, 7.650598526000977], "logits": [NaN, NaN]}, "groundTruth": [0.0, 0.0]}, {"startTime": 10.0, "endTime": 15.0, "predictions": {"probabilities": [-10.698514938354492, -2.931330919265747], "logits": [NaN, NaN]}, "groundTruth": [0.0, 0.0]}, {"startTime": 15.0, "endTime": 20.0, "predictions": {"probabilities": [-12.34432601928711, 7.589916229248047], "logits": [NaN, NaN]}, "groundTruth": [0.0, 0.0]}]]}