{"modelName": "devise-221117-v1-ep150", "version": "1", "fileId": "e5e68753f0c3404299d8b84b040d3ce8", "classIds": ["Crex crex", "Scolopax rusticola"], "channels": [[{"startTime": 0.0, "endTime": 5.0, "predictions": {"probabilities": [4.6151857532095164e-05, 0.06485585123300552], "logits": []}, "groundTruth": [0.0, 0.0]}, {"startTime": 5.0, "endTime": 10.0, "predictions": {"probabilities": [1.1410055549276876e-06, 0.9999970197677612], "logits": []}, "groundTruth": [0.0, 0.0]}, {"startTime": 10.0, "endTime": 15.0, "predictions": {"probabilities": [1.5188576298896805e-06, 0.9934968948364258], "logits": []}, "groundTruth": [0.0, 0.0]}, {"startTime": 15.0, "endTime": 20.0, "predictions": {"probabilities": [1.0178865522902925e-05, 0.3221653699874878], "logits": []}, "groundTruth": [0.0, 0.0]}]]}