{"modelName": "devise-221117-v1-ep150", "version": "1", "fileId": "e645495736984abf81d64da6934c7911", "classIds": ["Crex crex", "Scolopax rusticola"], "channels": [[{"startTime": 0.0, "endTime": 5.0, "predictions": {"probabilities": [-8.936726570129395, 0.553415834903717], "logits": [NaN, 0.21448178589344025]}, "groundTruth": [0.0, 0.0]}, {"startTime": 5.0, "endTime": 10.0, "predictions": {"probabilities": [-10.348737716674805, 2.758898973464966], "logits": [NaN, NaN]}, "groundTruth": [0.0, 0.0]}, {"startTime": 10.0, "endTime": 15.0, "predictions": {"probabilities": [-10.16191291809082, 2.288447380065918], "logits": [NaN, NaN]}, "groundTruth": [0.0, 0.0]}, {"startTime": 15.0, "endTime": 20.0, "predictions": {"probabilities": [-9.965930938720703, -1.7024943828582764], "logits": [NaN, NaN]}, "groundTruth": [0.0, 0.0]}]]}