{"modelName": "devise-221117-v1-ep150", "version": "1", "fileId": "e68d9030fa104534860021ef59ded9e7", "classIds": ["Crex crex", "Scolopax rusticola"], "channels": [[{"startTime": 0.0, "endTime": 5.0, "predictions": {"probabilities": [3.315817957627587e-05, 0.030755750834941864], "logits": []}, "groundTruth": [0.0, 0.0]}, {"startTime": 5.0, "endTime": 10.0, "predictions": {"probabilities": [8.669058843224775e-06, 0.02163092792034149], "logits": []}, "groundTruth": [0.0, 0.0]}, {"startTime": 10.0, "endTime": 15.0, "predictions": {"probabilities": [5.9975998738082126e-05, 0.07135498523712158], "logits": []}, "groundTruth": [0.0, 0.0]}, {"startTime": 15.0, "endTime": 20.0, "predictions": {"probabilities": [2.470508206897648e-06, 0.8827525973320007], "logits": []}, "groundTruth": [0.0, 0.0]}]]}