{"modelName": "devise-221117-v1-ep150", "version": "1", "fileId": "e6ef2ae3772b40e5bcf8d53384b0000c", "classIds": ["Crex crex", "Scolopax rusticola"], "channels": [[{"startTime": 0.0, "endTime": 5.0, "predictions": {"probabilities": [-9.592023849487305, -2.580137252807617], "logits": [NaN, NaN]}, "groundTruth": [0.0, 0.0]}, {"startTime": 5.0, "endTime": 10.0, "predictions": {"probabilities": [-7.85995626449585, -0.39398905634880066], "logits": [NaN, NaN]}, "groundTruth": [0.0, 0.0]}, {"startTime": 10.0, "endTime": 15.0, "predictions": {"probabilities": [-9.014822959899902, -1.6327520608901978], "logits": [NaN, NaN]}, "groundTruth": [0.0, 0.0]}, {"startTime": 15.0, "endTime": 20.0, "predictions": {"probabilities": [-7.813726425170898, -0.4635949730873108], "logits": [NaN, NaN]}, "groundTruth": [0.0, 0.0]}]]}