{"modelName": "devise-221117-v1-ep150", "version": "1", "fileId": "e72a4d7c8d174c04830b1cf9de796280", "classIds": ["Crex crex", "Scolopax rusticola"], "channels": [[{"startTime": 0.0, "endTime": 5.0, "predictions": {"probabilities": [-9.3759765625, -0.4723431169986725], "logits": [NaN, NaN]}, "groundTruth": [0.0, 1.0]}, {"startTime": 5.0, "endTime": 10.0, "predictions": {"probabilities": [-11.465866088867188, 4.047220706939697], "logits": [NaN, NaN]}, "groundTruth": [0.0, 1.0]}, {"startTime": 10.0, "endTime": 15.0, "predictions": {"probabilities": [-11.942727088928223, 4.556929111480713], "logits": [NaN, NaN]}, "groundTruth": [0.0, 1.0]}, {"startTime": 12.0, "endTime": 17.0, "predictions": {"probabilities": [-8.293121337890625, 2.58354115486145], "logits": [NaN, NaN]}, "groundTruth": [0.0, 1.0]}]]}