{"modelName": "devise-221117-v1-ep150", "version": "1", "fileId": "e757af6858d0462c92914c84e94b3b83", "classIds": ["Crex crex", "Scolopax rusticola"], "channels": [[{"startTime": 0.0, "endTime": 5.0, "predictions": {"probabilities": [-19.99712371826172, 18.285795211791992], "logits": [NaN, NaN]}, "groundTruth": [0.0, 1.0]}, {"startTime": 5.0, "endTime": 10.0, "predictions": {"probabilities": [-18.403249740600586, -1.7702144384384155], "logits": [NaN, NaN]}, "groundTruth": [0.0, 1.0]}, {"startTime": 9.0, "endTime": 14.0, "predictions": {"probabilities": [-11.426475524902344, -4.410988807678223], "logits": [NaN, NaN]}, "groundTruth": [0.0, 0.0]}]]}