{"modelName": "devise-221117-v1-ep150", "version": "1", "fileId": "e7e846d7031f46668a1c829c18f1d4b0", "classIds": ["Crex crex", "Scolopax rusticola"], "channels": [[{"startTime": 0.0, "endTime": 5.0, "predictions": {"probabilities": [-13.019768714904785, -2.9486443996429443], "logits": [NaN, NaN]}, "groundTruth": [0.0, 0.0]}, {"startTime": 5.0, "endTime": 10.0, "predictions": {"probabilities": [-10.558405876159668, 2.666415214538574], "logits": [NaN, NaN]}, "groundTruth": [0.0, 0.0]}, {"startTime": 10.0, "endTime": 15.0, "predictions": {"probabilities": [-18.813228607177734, 8.139533042907715], "logits": [NaN, NaN]}, "groundTruth": [0.0, 0.0]}, {"startTime": 15.0, "endTime": 20.0, "predictions": {"probabilities": [-11.429328918457031, 1.8891767263412476], "logits": [NaN, NaN]}, "groundTruth": [0.0, 0.0]}]]}