{"modelName": "devise-221117-v1-ep150", "version": "1", "fileId": "e7e846d7031f46668a1c829c18f1d4b0", "classIds": ["Crex crex", "Scolopax rusticola"], "channels": [[{"startTime": 0.0, "endTime": 5.0, "predictions": {"probabilities": [2.2160795651871013e-06, 0.04980062320828438], "logits": []}, "groundTruth": [0.0, 0.0]}, {"startTime": 5.0, "endTime": 10.0, "predictions": {"probabilities": [2.5973549782065675e-05, 0.9350155591964722], "logits": []}, "groundTruth": [0.0, 0.0]}, {"startTime": 10.0, "endTime": 15.0, "predictions": {"probabilities": [6.753340109355577e-09, 0.9997082352638245], "logits": []}, "groundTruth": [0.0, 0.0]}, {"startTime": 15.0, "endTime": 20.0, "predictions": {"probabilities": [1.0871784070332069e-05, 0.868661642074585], "logits": []}, "groundTruth": [0.0, 0.0]}]]}