{"modelName": "devise-221117-v1-ep150", "version": "1", "fileId": "e80f1940f1aa40fc899448ecc9153bfb", "classIds": ["Crex crex", "Scolopax rusticola"], "channels": [[{"startTime": 0.0, "endTime": 5.0, "predictions": {"probabilities": [0.0005707512609660625, 0.6301873922348022], "logits": []}, "groundTruth": [0.0, 0.0]}, {"startTime": 5.0, "endTime": 10.0, "predictions": {"probabilities": [9.66682200669311e-05, 0.26300469040870667], "logits": []}, "groundTruth": [0.0, 0.0]}, {"startTime": 10.0, "endTime": 15.0, "predictions": {"probabilities": [0.00017473766638431698, 0.4570796489715576], "logits": []}, "groundTruth": [0.0, 0.0]}, {"startTime": 15.0, "endTime": 20.0, "predictions": {"probabilities": [8.571091166231781e-05, 0.13394203782081604], "logits": []}, "groundTruth": [0.0, 0.0]}]]}