{"modelName": "devise-221117-v1-ep150", "version": "1", "fileId": "e80f1940f1aa40fc899448ecc9153bfb", "classIds": ["Crex crex", "Scolopax rusticola"], "channels": [[{"startTime": 0.0, "endTime": 5.0, "predictions": {"probabilities": [-7.467986106872559, 0.533020555973053], "logits": [NaN, 0.1322747766971588]}, "groundTruth": [0.0, 0.0]}, {"startTime": 5.0, "endTime": 10.0, "predictions": {"probabilities": [-9.244129180908203, -1.0304096937179565], "logits": [NaN, NaN]}, "groundTruth": [0.0, 0.0]}, {"startTime": 10.0, "endTime": 15.0, "predictions": {"probabilities": [-8.652050018310547, -0.17210502922534943], "logits": [NaN, NaN]}, "groundTruth": [0.0, 0.0]}, {"startTime": 15.0, "endTime": 20.0, "predictions": {"probabilities": [-9.364444732666016, -1.8665446043014526], "logits": [NaN, NaN]}, "groundTruth": [0.0, 0.0]}]]}