{"modelName": "devise-221117-v1-ep150", "version": "1", "fileId": "e8176345203b447d8eeca1ee58f8117a", "classIds": ["Crex crex", "Scolopax rusticola"], "channels": [[{"startTime": 0.0, "endTime": 5.0, "predictions": {"probabilities": [7.963275129441172e-05, 0.2119736522436142], "logits": []}, "groundTruth": [0.0, 0.0]}, {"startTime": 5.0, "endTime": 10.0, "predictions": {"probabilities": [0.00021902399021200836, 0.22980420291423798], "logits": []}, "groundTruth": [0.0, 0.0]}, {"startTime": 10.0, "endTime": 15.0, "predictions": {"probabilities": [0.00019735262321773916, 0.33329811692237854], "logits": []}, "groundTruth": [0.0, 0.0]}, {"startTime": 15.0, "endTime": 20.0, "predictions": {"probabilities": [0.00017356548050884157, 0.3295070230960846], "logits": []}, "groundTruth": [0.0, 0.0]}]]}