{"modelName": "devise-221117-v1-ep150", "version": "1", "fileId": "e86c507524fb4b17b6461fb4da8ae356", "classIds": ["Crex crex", "Scolopax rusticola"], "channels": [[{"startTime": 0.0, "endTime": 5.0, "predictions": {"probabilities": [3.1170417059911415e-05, 0.9847550988197327], "logits": []}, "groundTruth": [0.0, 0.0]}, {"startTime": 5.0, "endTime": 10.0, "predictions": {"probabilities": [1.051644630933879e-05, 0.01210026629269123], "logits": []}, "groundTruth": [0.0, 0.0]}, {"startTime": 10.0, "endTime": 15.0, "predictions": {"probabilities": [0.00012103842891519889, 0.16489557921886444], "logits": []}, "groundTruth": [0.0, 0.0]}, {"startTime": 15.0, "endTime": 20.0, "predictions": {"probabilities": [0.0003904467448592186, 0.8384776711463928], "logits": []}, "groundTruth": [0.0, 0.0]}]]}