{"modelName": "devise-221117-v1-ep150", "version": "1", "fileId": "e86c507524fb4b17b6461fb4da8ae356", "classIds": ["Crex crex", "Scolopax rusticola"], "channels": [[{"startTime": 0.0, "endTime": 5.0, "predictions": {"probabilities": [-10.376009941101074, 4.168147563934326], "logits": [NaN, NaN]}, "groundTruth": [0.0, 0.0]}, {"startTime": 5.0, "endTime": 10.0, "predictions": {"probabilities": [-11.462559700012207, -4.402353763580322], "logits": [NaN, NaN]}, "groundTruth": [0.0, 0.0]}, {"startTime": 10.0, "endTime": 15.0, "predictions": {"probabilities": [-9.019281387329102, -1.6222443580627441], "logits": [NaN, NaN]}, "groundTruth": [0.0, 0.0]}, {"startTime": 15.0, "endTime": 20.0, "predictions": {"probabilities": [-7.847828388214111, 1.6469447612762451], "logits": [NaN, NaN]}, "groundTruth": [0.0, 0.0]}]]}