{"modelName": "devise-221117-v1-ep150", "version": "1", "fileId": "e8bed71b79cd478fab5040b7a00dad5f", "classIds": ["Crex crex", "Scolopax rusticola"], "channels": [[{"startTime": 0.0, "endTime": 5.0, "predictions": {"probabilities": [-10.980870246887207, -3.080366849899292], "logits": [NaN, NaN]}, "groundTruth": [0.0, 0.0]}, {"startTime": 5.0, "endTime": 10.0, "predictions": {"probabilities": [-8.411635398864746, -1.0468517541885376], "logits": [NaN, NaN]}, "groundTruth": [0.0, 0.0]}, {"startTime": 10.0, "endTime": 15.0, "predictions": {"probabilities": [-7.90547513961792, 0.4604090750217438], "logits": [NaN, -0.15869595110416412]}, "groundTruth": [0.0, 0.0]}, {"startTime": 15.0, "endTime": 20.0, "predictions": {"probabilities": [-7.535624980926514, 0.9434202313423157], "logits": [NaN, 2.8138604164123535]}, "groundTruth": [0.0, 0.0]}]]}