{"modelName": "devise-221117-v1-ep150", "version": "1", "fileId": "e9269f443ba343099da5dd3aa36a8000", "classIds": ["Crex crex", "Scolopax rusticola"], "channels": [[{"startTime": 0.0, "endTime": 5.0, "predictions": {"probabilities": [2.457437221892178e-05, 0.02504603937268257], "logits": []}, "groundTruth": [0.0, 0.0]}, {"startTime": 5.0, "endTime": 10.0, "predictions": {"probabilities": [1.6476227528983145e-06, 0.9925711750984192], "logits": []}, "groundTruth": [0.0, 0.0]}, {"startTime": 10.0, "endTime": 15.0, "predictions": {"probabilities": [2.2174950572662055e-05, 0.924408495426178], "logits": []}, "groundTruth": [0.0, 0.0]}, {"startTime": 15.0, "endTime": 20.0, "predictions": {"probabilities": [7.21006108506117e-06, 0.01599007099866867], "logits": []}, "groundTruth": [0.0, 0.0]}]]}