{"modelName": "devise-221117-v1-ep150", "version": "1", "fileId": "e95e7f2bffce493090fb545ae922ed7e", "classIds": ["Crex crex", "Scolopax rusticola"], "channels": [[{"startTime": 0.0, "endTime": 5.0, "predictions": {"probabilities": [-9.392289161682129, -1.2620221376419067], "logits": [NaN, NaN]}, "groundTruth": [0.0, 0.0]}, {"startTime": 5.0, "endTime": 10.0, "predictions": {"probabilities": [-12.153568267822266, 1.1297595500946045], "logits": [NaN, NaN]}, "groundTruth": [0.0, 0.0]}, {"startTime": 10.0, "endTime": 15.0, "predictions": {"probabilities": [-8.605344772338867, -0.8283846974372864], "logits": [NaN, NaN]}, "groundTruth": [0.0, 0.0]}, {"startTime": 15.0, "endTime": 20.0, "predictions": {"probabilities": [-9.445755958557129, -1.9774922132492065], "logits": [NaN, NaN]}, "groundTruth": [0.0, 0.0]}]]}