{"modelName": "devise-221117-v1-ep150", "version": "1", "fileId": "ea1bd92a4b0047009ebbdcc19c3ed618", "classIds": ["Crex crex", "Scolopax rusticola"], "channels": [[{"startTime": 0.0, "endTime": 5.0, "predictions": {"probabilities": [-9.247175216674805, 3.117938280105591], "logits": [NaN, NaN]}, "groundTruth": [0.0, 0.0]}, {"startTime": 5.0, "endTime": 10.0, "predictions": {"probabilities": [-9.732343673706055, -0.5392446517944336], "logits": [NaN, NaN]}, "groundTruth": [0.0, 0.0]}, {"startTime": 10.0, "endTime": 15.0, "predictions": {"probabilities": [-9.011409759521484, -1.268742322921753], "logits": [NaN, NaN]}, "groundTruth": [0.0, 0.0]}, {"startTime": 15.0, "endTime": 20.0, "predictions": {"probabilities": [-9.523902893066406, 0.22052042186260223], "logits": [NaN, -1.2626361846923828]}, "groundTruth": [0.0, 0.0]}]]}