{"modelName": "devise-221117-v1-ep150", "version": "1", "fileId": "ea27a252145a4bce923dc85f4171d509", "classIds": ["Crex crex", "Scolopax rusticola"], "channels": [[{"startTime": 0.0, "endTime": 5.0, "predictions": {"probabilities": [-10.115972518920898, -2.8899309635162354], "logits": [NaN, NaN]}, "groundTruth": [0.0, 0.0]}, {"startTime": 5.0, "endTime": 10.0, "predictions": {"probabilities": [-7.751862049102783, -0.1674601286649704], "logits": [NaN, NaN]}, "groundTruth": [0.0, 0.0]}, {"startTime": 10.0, "endTime": 15.0, "predictions": {"probabilities": [-7.8920183181762695, -0.33691465854644775], "logits": [NaN, NaN]}, "groundTruth": [0.0, 0.0]}, {"startTime": 15.0, "endTime": 20.0, "predictions": {"probabilities": [-8.788018226623535, 1.8365247249603271], "logits": [NaN, NaN]}, "groundTruth": [0.0, 0.0]}]]}