{"modelName": "devise-221117-v1-ep150", "version": "1", "fileId": "ea27a252145a4bce923dc85f4171d509", "classIds": ["Crex crex", "Scolopax rusticola"], "channels": [[{"startTime": 0.0, "endTime": 5.0, "predictions": {"probabilities": [4.042698856210336e-05, 0.052653562277555466], "logits": []}, "groundTruth": [0.0, 0.0]}, {"startTime": 5.0, "endTime": 10.0, "predictions": {"probabilities": [0.00042975644464604557, 0.4582325220108032], "logits": []}, "groundTruth": [0.0, 0.0]}, {"startTime": 10.0, "endTime": 15.0, "predictions": {"probabilities": [0.00037357493420131505, 0.4165591299533844], "logits": []}, "groundTruth": [0.0, 0.0]}, {"startTime": 15.0, "endTime": 20.0, "predictions": {"probabilities": [0.00015252671437337995, 0.8625372052192688], "logits": []}, "groundTruth": [0.0, 0.0]}]]}