{"modelName": "devise-221117-v1-ep150", "version": "1", "fileId": "eae4150f5c054db299c25f4ac9608388", "classIds": ["Crex crex", "Scolopax rusticola"], "channels": [[{"startTime": 0.0, "endTime": 5.0, "predictions": {"probabilities": [-10.527132987976074, -3.0537455081939697], "logits": [NaN, NaN]}, "groundTruth": [0.0, 0.0]}, {"startTime": 5.0, "endTime": 10.0, "predictions": {"probabilities": [-11.522595405578613, -4.068674087524414], "logits": [NaN, NaN]}, "groundTruth": [0.0, 0.0]}, {"startTime": 10.0, "endTime": 15.0, "predictions": {"probabilities": [-8.24952220916748, -0.4253522753715515], "logits": [NaN, NaN]}, "groundTruth": [0.0, 0.0]}, {"startTime": 15.0, "endTime": 20.0, "predictions": {"probabilities": [-7.242064476013184, 0.8578329086303711], "logits": [NaN, 1.7974061965942383]}, "groundTruth": [0.0, 0.0]}]]}