{"modelName": "devise-221117-v1-ep150", "version": "1", "fileId": "eae4150f5c054db299c25f4ac9608388", "classIds": ["Crex crex", "Scolopax rusticola"], "channels": [[{"startTime": 0.0, "endTime": 5.0, "predictions": {"probabilities": [2.679863064258825e-05, 0.045056045055389404], "logits": []}, "groundTruth": [0.0, 0.0]}, {"startTime": 5.0, "endTime": 10.0, "predictions": {"probabilities": [9.903667887556367e-06, 0.016812551766633987], "logits": []}, "groundTruth": [0.0, 0.0]}, {"startTime": 10.0, "endTime": 15.0, "predictions": {"probabilities": [0.0002613151154946536, 0.39523670077323914], "logits": []}, "groundTruth": [0.0, 0.0]}, {"startTime": 15.0, "endTime": 20.0, "predictions": {"probabilities": [0.0007153204060159624, 0.7022076845169067], "logits": []}, "groundTruth": [0.0, 0.0]}]]}