{"modelName": "devise-221117-v1-ep150", "version": "1", "fileId": "ebb6d1949a35402a959a282aa2f5d177", "classIds": ["Crex crex", "Scolopax rusticola"], "channels": [[{"startTime": 0.0, "endTime": 5.0, "predictions": {"probabilities": [1.7038149962900206e-05, 0.9746654033660889], "logits": []}, "groundTruth": [0.0, 0.0]}, {"startTime": 5.0, "endTime": 10.0, "predictions": {"probabilities": [0.0001498801284469664, 0.6843816637992859], "logits": []}, "groundTruth": [0.0, 0.0]}, {"startTime": 10.0, "endTime": 15.0, "predictions": {"probabilities": [7.305741746677086e-05, 0.12368443608283997], "logits": []}, "groundTruth": [0.0, 0.0]}, {"startTime": 15.0, "endTime": 20.0, "predictions": {"probabilities": [1.8552420442574657e-05, 0.256769597530365], "logits": []}, "groundTruth": [0.0, 0.0]}]]}