{"modelName": "devise-221117-v1-ep150", "version": "1", "fileId": "ebcce9debbcc4ed79d6bc6ae406e3a7a", "classIds": ["Crex crex", "Scolopax rusticola"], "channels": [[{"startTime": 0.0, "endTime": 5.0, "predictions": {"probabilities": [1.7888545755795349e-07, 0.9999995231628418], "logits": []}, "groundTruth": [0.0, 1.0]}, {"startTime": 5.0, "endTime": 10.0, "predictions": {"probabilities": [3.885646915335883e-09, 0.9999942779541016], "logits": []}, "groundTruth": [0.0, 1.0]}, {"startTime": 10.0, "endTime": 15.0, "predictions": {"probabilities": [2.739583351285546e-07, 0.9999982118606567], "logits": []}, "groundTruth": [0.0, 1.0]}, {"startTime": 13.0, "endTime": 18.0, "predictions": {"probabilities": [2.558623464210541e-07, 0.9999737739562988], "logits": []}, "groundTruth": [0.0, 1.0]}]]}