{"modelName": "devise-221117-v1-ep150", "version": "1", "fileId": "ebcce9debbcc4ed79d6bc6ae406e3a7a", "classIds": ["Crex crex", "Scolopax rusticola"], "channels": [[{"startTime": 0.0, "endTime": 5.0, "predictions": {"probabilities": [-15.536520004272461, 14.492546081542969], "logits": [NaN, NaN]}, "groundTruth": [0.0, 1.0]}, {"startTime": 5.0, "endTime": 10.0, "predictions": {"probabilities": [-19.365976333618164, 12.080183982849121], "logits": [NaN, NaN]}, "groundTruth": [0.0, 1.0]}, {"startTime": 10.0, "endTime": 15.0, "predictions": {"probabilities": [-15.110289573669434, 13.23036003112793], "logits": [NaN, NaN]}, "groundTruth": [0.0, 1.0]}, {"startTime": 13.0, "endTime": 18.0, "predictions": {"probabilities": [-15.17862606048584, 10.54793930053711], "logits": [NaN, NaN]}, "groundTruth": [0.0, 1.0]}]]}