{"modelName": "devise-221117-v1-ep150", "version": "1", "fileId": "ec000f70cf32431bab5a04add32596be", "classIds": ["Crex crex", "Scolopax rusticola"], "channels": [[{"startTime": 0.0, "endTime": 5.0, "predictions": {"probabilities": [-9.421952247619629, -2.0974631309509277], "logits": [NaN, NaN]}, "groundTruth": [0.0, 0.0]}, {"startTime": 5.0, "endTime": 10.0, "predictions": {"probabilities": [-10.202348709106445, -2.856696367263794], "logits": [NaN, NaN]}, "groundTruth": [0.0, 0.0]}, {"startTime": 10.0, "endTime": 15.0, "predictions": {"probabilities": [-10.756734848022461, -3.3564014434814453], "logits": [NaN, NaN]}, "groundTruth": [0.0, 0.0]}, {"startTime": 15.0, "endTime": 20.0, "predictions": {"probabilities": [-8.970203399658203, -1.226306676864624], "logits": [NaN, NaN]}, "groundTruth": [0.0, 0.0]}]]}