{"modelName": "devise-221117-v1-ep150", "version": "1", "fileId": "ec000f70cf32431bab5a04add32596be", "classIds": ["Crex crex", "Scolopax rusticola"], "channels": [[{"startTime": 0.0, "endTime": 5.0, "predictions": {"probabilities": [8.092133066384122e-05, 0.10934364050626755], "logits": []}, "groundTruth": [0.0, 0.0]}, {"startTime": 5.0, "endTime": 10.0, "predictions": {"probabilities": [3.708174335770309e-05, 0.05433620139956474], "logits": []}, "groundTruth": [0.0, 0.0]}, {"startTime": 10.0, "endTime": 15.0, "predictions": {"probabilities": [2.1301009837770835e-05, 0.033686164766550064], "logits": []}, "groundTruth": [0.0, 0.0]}, {"startTime": 15.0, "endTime": 20.0, "predictions": {"probabilities": [0.00012712617171928287, 0.22682850062847137], "logits": []}, "groundTruth": [0.0, 0.0]}]]}