{"modelName": "devise-221117-v1-ep150", "version": "1", "fileId": "ec02bd5b86ad4168bdce736e8a098272", "classIds": ["Crex crex", "Scolopax rusticola"], "channels": [[{"startTime": 0.0, "endTime": 5.0, "predictions": {"probabilities": [0.00035400580964051187, 0.6271794438362122], "logits": []}, "groundTruth": [0.0, 0.0]}, {"startTime": 5.0, "endTime": 10.0, "predictions": {"probabilities": [6.267116259550676e-05, 0.535040557384491], "logits": []}, "groundTruth": [0.0, 0.0]}, {"startTime": 10.0, "endTime": 15.0, "predictions": {"probabilities": [0.0001784027408575639, 0.25050413608551025], "logits": []}, "groundTruth": [0.0, 0.0]}, {"startTime": 15.0, "endTime": 20.0, "predictions": {"probabilities": [6.580177796422504e-06, 0.9992934465408325], "logits": []}, "groundTruth": [0.0, 0.0]}]]}