{"modelName": "devise-221117-v1-ep150", "version": "1", "fileId": "ec2ba8c8429045918ba26794bba1a8b8", "classIds": ["Crex crex", "Scolopax rusticola"], "channels": [[{"startTime": 0.0, "endTime": 5.0, "predictions": {"probabilities": [2.7700381906470284e-05, 0.9764293432235718], "logits": []}, "groundTruth": [0.0, 0.0]}, {"startTime": 5.0, "endTime": 10.0, "predictions": {"probabilities": [0.00014411166193895042, 0.9129759073257446], "logits": []}, "groundTruth": [0.0, 0.0]}, {"startTime": 10.0, "endTime": 15.0, "predictions": {"probabilities": [0.00019716397218871862, 0.21137310564517975], "logits": []}, "groundTruth": [0.0, 0.0]}, {"startTime": 15.0, "endTime": 20.0, "predictions": {"probabilities": [7.229645416373387e-05, 0.1353016495704651], "logits": []}, "groundTruth": [0.0, 0.0]}]]}