{"modelName": "devise-221117-v1-ep150", "version": "1", "fileId": "ec4b642030944d689cd94a14188cf44e", "classIds": ["Crex crex", "Scolopax rusticola"], "channels": [[{"startTime": 0.0, "endTime": 5.0, "predictions": {"probabilities": [0.00011884984269272536, 0.15375588834285736], "logits": []}, "groundTruth": [0.0, 0.0]}, {"startTime": 5.0, "endTime": 10.0, "predictions": {"probabilities": [0.0003388540935702622, 0.4223034083843231], "logits": []}, "groundTruth": [0.0, 0.0]}, {"startTime": 10.0, "endTime": 15.0, "predictions": {"probabilities": [0.00024017938994802535, 0.37928494811058044], "logits": []}, "groundTruth": [0.0, 0.0]}, {"startTime": 15.0, "endTime": 20.0, "predictions": {"probabilities": [0.00010384440247435123, 0.15812906622886658], "logits": []}, "groundTruth": [0.0, 0.0]}]]}