{"modelName": "devise-221117-v1-ep150", "version": "1", "fileId": "ed4bfa28dff04d04bf08480575f135a8", "classIds": ["Crex crex", "Scolopax rusticola"], "channels": [[{"startTime": 0.0, "endTime": 5.0, "predictions": {"probabilities": [2.0746909285662696e-05, 0.030199704691767693], "logits": []}, "groundTruth": [0.0, 0.0]}, {"startTime": 5.0, "endTime": 10.0, "predictions": {"probabilities": [0.00018202733190264553, 0.31464341282844543], "logits": []}, "groundTruth": [0.0, 0.0]}, {"startTime": 10.0, "endTime": 15.0, "predictions": {"probabilities": [0.0001771245733834803, 0.21057814359664917], "logits": []}, "groundTruth": [0.0, 0.0]}, {"startTime": 15.0, "endTime": 20.0, "predictions": {"probabilities": [1.1627112144196872e-06, 0.9852993488311768], "logits": []}, "groundTruth": [0.0, 0.0]}]]}