{"modelName": "devise-221117-v1-ep150", "version": "1", "fileId": "eda1e16593b241d5a01589fd1bcced97", "classIds": ["Crex crex", "Scolopax rusticola"], "channels": [[{"startTime": 0.0, "endTime": 5.0, "predictions": {"probabilities": [-9.839988708496094, 0.5633566975593567], "logits": [NaN, 0.25479641556739807]}, "groundTruth": [0.0, 0.0]}, {"startTime": 5.0, "endTime": 10.0, "predictions": {"probabilities": [-14.300335884094238, -7.258288383483887], "logits": [NaN, NaN]}, "groundTruth": [0.0, 0.0]}, {"startTime": 10.0, "endTime": 15.0, "predictions": {"probabilities": [-17.0822811126709, 7.195098400115967], "logits": [NaN, NaN]}, "groundTruth": [0.0, 0.0]}, {"startTime": 15.0, "endTime": 20.0, "predictions": {"probabilities": [-9.77182388305664, 1.2504456043243408], "logits": [NaN, NaN]}, "groundTruth": [0.0, 0.0]}]]}