{"modelName": "devise-221117-v1-ep150", "version": "1", "fileId": "ee0cbbf9257b4844bc91c18f5d151606", "classIds": ["Crex crex", "Scolopax rusticola"], "channels": [[{"startTime": 0.0, "endTime": 5.0, "predictions": {"probabilities": [1.2181320698800846e-06, 0.0107528455555439], "logits": []}, "groundTruth": [0.0, 0.0]}, {"startTime": 5.0, "endTime": 10.0, "predictions": {"probabilities": [8.941631676862016e-06, 0.012892231345176697], "logits": []}, "groundTruth": [0.0, 0.0]}, {"startTime": 10.0, "endTime": 15.0, "predictions": {"probabilities": [1.588892519066576e-05, 0.02180304005742073], "logits": []}, "groundTruth": [0.0, 0.0]}, {"startTime": 15.0, "endTime": 20.0, "predictions": {"probabilities": [7.403410108963726e-06, 0.39053040742874146], "logits": []}, "groundTruth": [0.0, 0.0]}]]}