{"modelName": "devise-221117-v1-ep150", "version": "1", "fileId": "ee3cbc2abd05426faccfe82af2c30d6d", "classIds": ["Crex crex", "Scolopax rusticola"], "channels": [[{"startTime": 0.0, "endTime": 5.0, "predictions": {"probabilities": [0.0005303451907821, 0.6527838706970215], "logits": []}, "groundTruth": [0.0, 0.0]}, {"startTime": 5.0, "endTime": 10.0, "predictions": {"probabilities": [0.0001148869123426266, 0.24533896148204803], "logits": []}, "groundTruth": [0.0, 0.0]}, {"startTime": 10.0, "endTime": 15.0, "predictions": {"probabilities": [0.00042771908920258284, 0.595912516117096], "logits": []}, "groundTruth": [0.0, 0.0]}, {"startTime": 15.0, "endTime": 20.0, "predictions": {"probabilities": [5.654930282616988e-05, 0.17200610041618347], "logits": []}, "groundTruth": [0.0, 0.0]}]]}