{"modelName": "devise-221117-v1-ep150", "version": "1", "fileId": "ee9bae8473ae494fa33e175d2416d78e", "classIds": ["Crex crex", "Scolopax rusticola"], "channels": [[{"startTime": 0.0, "endTime": 5.0, "predictions": {"probabilities": [5.369889095163671e-06, 0.005344261880964041], "logits": []}, "groundTruth": [0.0, 0.0]}, {"startTime": 5.0, "endTime": 10.0, "predictions": {"probabilities": [1.8210983398603275e-05, 0.022214263677597046], "logits": []}, "groundTruth": [0.0, 0.0]}, {"startTime": 10.0, "endTime": 15.0, "predictions": {"probabilities": [4.604204150382429e-06, 0.019542889669537544], "logits": []}, "groundTruth": [0.0, 0.0]}, {"startTime": 15.0, "endTime": 20.0, "predictions": {"probabilities": [3.991005723946728e-05, 0.0653490349650383], "logits": []}, "groundTruth": [0.0, 0.0]}]]}