{"modelName": "devise-221117-v1-ep150", "version": "1", "fileId": "ee9bae8473ae494fa33e175d2416d78e", "classIds": ["Crex crex", "Scolopax rusticola"], "channels": [[{"startTime": 0.0, "endTime": 5.0, "predictions": {"probabilities": [-12.134697914123535, -5.226373195648193], "logits": [NaN, NaN]}, "groundTruth": [0.0, 0.0]}, {"startTime": 5.0, "endTime": 10.0, "predictions": {"probabilities": [-10.913467407226562, -3.7845559120178223], "logits": [NaN, NaN]}, "groundTruth": [0.0, 0.0]}, {"startTime": 10.0, "endTime": 15.0, "predictions": {"probabilities": [-12.288536071777344, -3.915407419204712], "logits": [NaN, NaN]}, "groundTruth": [0.0, 0.0]}, {"startTime": 15.0, "endTime": 20.0, "predictions": {"probabilities": [-10.1288423538208, -2.660430431365967], "logits": [NaN, NaN]}, "groundTruth": [0.0, 0.0]}]]}