{"modelName": "devise-221117-v1-ep150", "version": "1", "fileId": "eed2288f1b04447f9d544345be7ce039", "classIds": ["Crex crex", "Scolopax rusticola"], "channels": [[{"startTime": 0.0, "endTime": 5.0, "predictions": {"probabilities": [8.170003275154158e-05, 0.07588890939950943], "logits": []}, "groundTruth": [0.0, 0.0]}, {"startTime": 5.0, "endTime": 10.0, "predictions": {"probabilities": [3.6919334434060147e-06, 0.005008501932024956], "logits": []}, "groundTruth": [0.0, 0.0]}, {"startTime": 10.0, "endTime": 15.0, "predictions": {"probabilities": [9.496595885138959e-05, 0.1362883448600769], "logits": []}, "groundTruth": [0.0, 0.0]}, {"startTime": 15.0, "endTime": 20.0, "predictions": {"probabilities": [0.00020651046361308545, 0.35783594846725464], "logits": []}, "groundTruth": [0.0, 0.0]}]]}