{"modelName": "devise-221117-v1-ep150", "version": "1", "fileId": "eed2288f1b04447f9d544345be7ce039", "classIds": ["Crex crex", "Scolopax rusticola"], "channels": [[{"startTime": 0.0, "endTime": 5.0, "predictions": {"probabilities": [-9.412374496459961, -2.4995617866516113], "logits": [NaN, NaN]}, "groundTruth": [0.0, 0.0]}, {"startTime": 5.0, "endTime": 10.0, "predictions": {"probabilities": [-12.509356498718262, -5.291597366333008], "logits": [NaN, NaN]}, "groundTruth": [0.0, 0.0]}, {"startTime": 10.0, "endTime": 15.0, "predictions": {"probabilities": [-9.261897087097168, -1.8464661836624146], "logits": [NaN, NaN]}, "groundTruth": [0.0, 0.0]}, {"startTime": 15.0, "endTime": 20.0, "predictions": {"probabilities": [-8.484952926635742, -0.5847691893577576], "logits": [NaN, NaN]}, "groundTruth": [0.0, 0.0]}]]}