{"modelName": "devise-221117-v1-ep150", "version": "1", "fileId": "eed7f3c6b3ec408894b29ce2e5593018", "classIds": ["Crex crex", "Scolopax rusticola"], "channels": [[{"startTime": 0.0, "endTime": 5.0, "predictions": {"probabilities": [-9.619796752929688, -1.7677792310714722], "logits": [NaN, NaN]}, "groundTruth": [0.0, 0.0]}, {"startTime": 5.0, "endTime": 10.0, "predictions": {"probabilities": [-8.573110580444336, -0.6108303666114807], "logits": [NaN, NaN]}, "groundTruth": [0.0, 0.0]}, {"startTime": 10.0, "endTime": 15.0, "predictions": {"probabilities": [-9.95646858215332, -2.446359157562256], "logits": [NaN, NaN]}, "groundTruth": [0.0, 0.0]}, {"startTime": 15.0, "endTime": 20.0, "predictions": {"probabilities": [-9.918537139892578, -2.089184284210205], "logits": [NaN, NaN]}, "groundTruth": [0.0, 0.0]}]]}