{"modelName": "devise-221117-v1-ep150", "version": "1", "fileId": "eeea1cd634544d00af6f441cd533be8a", "classIds": ["Crex crex", "Scolopax rusticola"], "channels": [[{"startTime": 0.0, "endTime": 5.0, "predictions": {"probabilities": [-8.107345581054688, -0.3623804450035095], "logits": [NaN, NaN]}, "groundTruth": [0.0, 0.0]}, {"startTime": 5.0, "endTime": 10.0, "predictions": {"probabilities": [-8.044583320617676, -0.34168946743011475], "logits": [NaN, NaN]}, "groundTruth": [0.0, 0.0]}, {"startTime": 10.0, "endTime": 15.0, "predictions": {"probabilities": [-8.646031379699707, -1.0111411809921265], "logits": [NaN, NaN]}, "groundTruth": [0.0, 0.0]}, {"startTime": 15.0, "endTime": 20.0, "predictions": {"probabilities": [-7.426751136779785, 0.8929103016853333], "logits": [NaN, 2.120819330215454]}, "groundTruth": [0.0, 0.0]}]]}