{"modelName": "devise-221117-v1-ep150", "version": "1", "fileId": "ef01192ed4d94cce8456a68225a94021", "classIds": ["Crex crex", "Scolopax rusticola"], "channels": [[{"startTime": 0.0, "endTime": 5.0, "predictions": {"probabilities": [-10.221635818481445, -2.760707139968872], "logits": [NaN, NaN]}, "groundTruth": [0.0, 0.0]}, {"startTime": 5.0, "endTime": 10.0, "predictions": {"probabilities": [-7.491977691650391, 0.5440273284912109], "logits": [NaN, 0.17656663060188293]}, "groundTruth": [0.0, 0.0]}, {"startTime": 10.0, "endTime": 15.0, "predictions": {"probabilities": [-9.573960304260254, -2.206059217453003], "logits": [NaN, NaN]}, "groundTruth": [0.0, 0.0]}, {"startTime": 15.0, "endTime": 20.0, "predictions": {"probabilities": [-8.647843360900879, -0.06535948812961578], "logits": [NaN, NaN]}, "groundTruth": [0.0, 0.0]}]]}