{"modelName": "devise-221117-v1-ep150", "version": "1", "fileId": "ef0a4af6f13d4e65a0ed4bff54907ddb", "classIds": ["Crex crex", "Scolopax rusticola"], "channels": [[{"startTime": 0.0, "endTime": 5.0, "predictions": {"probabilities": [0.00021766475401818752, 0.3214193880558014], "logits": []}, "groundTruth": [0.0, 0.0]}, {"startTime": 5.0, "endTime": 10.0, "predictions": {"probabilities": [0.00015344368875958025, 0.2121635228395462], "logits": []}, "groundTruth": [0.0, 0.0]}, {"startTime": 7.0, "endTime": 12.0, "predictions": {"probabilities": [6.277464126469567e-05, 0.10382932424545288], "logits": []}, "groundTruth": [0.0, 0.0]}]]}