{"modelName": "devise-221117-v1-ep150", "version": "1", "fileId": "ef0a4af6f13d4e65a0ed4bff54907ddb", "classIds": ["Crex crex", "Scolopax rusticola"], "channels": [[{"startTime": 0.0, "endTime": 5.0, "predictions": {"probabilities": [-8.432336807250977, -0.7472564578056335], "logits": [NaN, NaN]}, "groundTruth": [0.0, 0.0]}, {"startTime": 5.0, "endTime": 10.0, "predictions": {"probabilities": [-8.782023429870605, -1.3119332790374756], "logits": [NaN, NaN]}, "groundTruth": [0.0, 0.0]}, {"startTime": 7.0, "endTime": 12.0, "predictions": {"probabilities": [-9.675896644592285, -2.1553823947906494], "logits": [NaN, NaN]}, "groundTruth": [0.0, 0.0]}]]}