{"modelName": "devise-221117-v1-ep150", "version": "1", "fileId": "ef1112bed1aa44b1b37c9c80a0fc4f8a", "classIds": ["Crex crex", "Scolopax rusticola"], "channels": [[{"startTime": 0.0, "endTime": 5.0, "predictions": {"probabilities": [-16.115333557128906, 9.962766647338867], "logits": [NaN, NaN]}, "groundTruth": [0.0, 1.0]}, {"startTime": 5.0, "endTime": 10.0, "predictions": {"probabilities": [-15.974967002868652, 9.298423767089844], "logits": [NaN, NaN]}, "groundTruth": [0.0, 1.0]}, {"startTime": 10.0, "endTime": 15.0, "predictions": {"probabilities": [-13.664501190185547, 8.72875690460205], "logits": [NaN, NaN]}, "groundTruth": [0.0, 1.0]}, {"startTime": 15.0, "endTime": 20.0, "predictions": {"probabilities": [-15.761200904846191, 12.00344467163086], "logits": [NaN, NaN]}, "groundTruth": [0.0, 0.0]}]]}