{"modelName": "devise-221117-v1-ep150", "version": "1", "fileId": "ef923107f6a141a194fab3ab3e7fcebc", "classIds": ["Crex crex", "Scolopax rusticola"], "channels": [[{"startTime": 0.0, "endTime": 5.0, "predictions": {"probabilities": [5.494698416441679e-05, 0.04989929497241974], "logits": []}, "groundTruth": [0.0, 0.0]}, {"startTime": 5.0, "endTime": 10.0, "predictions": {"probabilities": [0.00022129672288428992, 0.15479548275470734], "logits": []}, "groundTruth": [0.0, 0.0]}, {"startTime": 10.0, "endTime": 15.0, "predictions": {"probabilities": [5.374909233069047e-05, 0.904329240322113], "logits": []}, "groundTruth": [0.0, 0.0]}, {"startTime": 15.0, "endTime": 20.0, "predictions": {"probabilities": [2.400521452727844e-06, 0.6485767364501953], "logits": []}, "groundTruth": [0.0, 0.0]}]]}