{"modelName": "devise-221117-v1-ep150", "version": "1", "fileId": "ef923107f6a141a194fab3ab3e7fcebc", "classIds": ["Crex crex", "Scolopax rusticola"], "channels": [[{"startTime": 0.0, "endTime": 5.0, "predictions": {"probabilities": [-9.809086799621582, -2.946561098098755], "logits": [NaN, NaN]}, "groundTruth": [0.0, 0.0]}, {"startTime": 5.0, "endTime": 10.0, "predictions": {"probabilities": [-8.41578483581543, -1.6974738836288452], "logits": [NaN, NaN]}, "groundTruth": [0.0, 0.0]}, {"startTime": 10.0, "endTime": 15.0, "predictions": {"probabilities": [-9.831130027770996, 2.2462809085845947], "logits": [NaN, NaN]}, "groundTruth": [0.0, 0.0]}, {"startTime": 15.0, "endTime": 20.0, "predictions": {"probabilities": [-12.93982219696045, 0.6127890348434448], "logits": [NaN, 0.45905107259750366]}, "groundTruth": [0.0, 0.0]}]]}