{"modelName": "devise-221117-v1-ep150", "version": "1", "fileId": "f05b3bcbbb0145788ae41f8ed0d8e0e7", "classIds": ["Crex crex", "Scolopax rusticola"], "channels": [[{"startTime": 0.0, "endTime": 5.0, "predictions": {"probabilities": [-11.245038986206055, -3.5097482204437256], "logits": [NaN, NaN]}, "groundTruth": [0.0, 0.0]}, {"startTime": 5.0, "endTime": 10.0, "predictions": {"probabilities": [-8.706844329833984, -0.920192539691925], "logits": [NaN, NaN]}, "groundTruth": [0.0, 0.0]}, {"startTime": 10.0, "endTime": 15.0, "predictions": {"probabilities": [-8.654343605041504, -0.40571489930152893], "logits": [NaN, NaN]}, "groundTruth": [0.0, 0.0]}, {"startTime": 15.0, "endTime": 20.0, "predictions": {"probabilities": [-10.303284645080566, -2.7478456497192383], "logits": [NaN, NaN]}, "groundTruth": [0.0, 0.0]}]]}