{"modelName": "devise-221117-v1-ep150", "version": "1", "fileId": "f127d032cc944909966747d677d9934e", "classIds": ["Crex crex", "Scolopax rusticola"], "channels": [[{"startTime": 0.0, "endTime": 5.0, "predictions": {"probabilities": [0.0003205796529073268, 0.3501185476779938], "logits": []}, "groundTruth": [0.0, 0.0]}, {"startTime": 5.0, "endTime": 10.0, "predictions": {"probabilities": [2.7269039492239244e-05, 0.04739898443222046], "logits": []}, "groundTruth": [0.0, 0.0]}, {"startTime": 10.0, "endTime": 15.0, "predictions": {"probabilities": [6.636954640271142e-05, 0.07118122279644012], "logits": []}, "groundTruth": [0.0, 0.0]}, {"startTime": 15.0, "endTime": 20.0, "predictions": {"probabilities": [0.0005267993547022343, 0.6648144125938416], "logits": []}, "groundTruth": [0.0, 0.0]}]]}