{"modelName": "devise-221117-v1-ep150", "version": "1", "fileId": "f127d032cc944909966747d677d9934e", "classIds": ["Crex crex", "Scolopax rusticola"], "channels": [[{"startTime": 0.0, "endTime": 5.0, "predictions": {"probabilities": [-8.045059204101562, -0.618518054485321], "logits": [NaN, NaN]}, "groundTruth": [0.0, 0.0]}, {"startTime": 5.0, "endTime": 10.0, "predictions": {"probabilities": [-10.50973129272461, -3.0005953311920166], "logits": [NaN, NaN]}, "groundTruth": [0.0, 0.0]}, {"startTime": 10.0, "endTime": 15.0, "predictions": {"probabilities": [-9.620205879211426, -2.5686845779418945], "logits": [NaN, NaN]}, "groundTruth": [0.0, 0.0]}, {"startTime": 15.0, "endTime": 20.0, "predictions": {"probabilities": [-7.548163890838623, 0.6848235130310059], "logits": [NaN, 0.7760284543037415]}, "groundTruth": [0.0, 0.0]}]]}