{"modelName": "devise-221117-v1-ep150", "version": "1", "fileId": "f1420c0bdfbd4945accea957b9c1354c", "classIds": ["Crex crex", "Scolopax rusticola"], "channels": [[{"startTime": 0.0, "endTime": 5.0, "predictions": {"probabilities": [9.319883247371763e-06, 0.991260826587677], "logits": []}, "groundTruth": [0.0, 1.0]}, {"startTime": 5.0, "endTime": 10.0, "predictions": {"probabilities": [2.510808599254233e-06, 0.9967384934425354], "logits": []}, "groundTruth": [0.0, 1.0]}, {"startTime": 8.0, "endTime": 13.0, "predictions": {"probabilities": [3.2840871426742524e-05, 0.8445568084716797], "logits": []}, "groundTruth": [0.0, 1.0]}]]}