{"modelName": "devise-221117-v1-ep150", "version": "1", "fileId": "f1420c0bdfbd4945accea957b9c1354c", "classIds": ["Crex crex", "Scolopax rusticola"], "channels": [[{"startTime": 0.0, "endTime": 5.0, "predictions": {"probabilities": [-11.583351135253906, 4.731159210205078], "logits": [NaN, NaN]}, "groundTruth": [0.0, 1.0]}, {"startTime": 5.0, "endTime": 10.0, "predictions": {"probabilities": [-12.894903182983398, 5.722296714782715], "logits": [NaN, NaN]}, "groundTruth": [0.0, 1.0]}, {"startTime": 8.0, "endTime": 13.0, "predictions": {"probabilities": [-10.323803901672363, 1.692531704902649], "logits": [NaN, NaN]}, "groundTruth": [0.0, 1.0]}]]}