{"modelName": "devise-221117-v1-ep150", "version": "1", "fileId": "f281de2ab1f34696bd89da0054d8f960", "classIds": ["Crex crex", "Scolopax rusticola"], "channels": [[{"startTime": 0.0, "endTime": 5.0, "predictions": {"probabilities": [9.578713070368394e-05, 0.30302339792251587], "logits": []}, "groundTruth": [0.0, 0.0]}, {"startTime": 5.0, "endTime": 10.0, "predictions": {"probabilities": [0.00021196395391598344, 0.34479624032974243], "logits": []}, "groundTruth": [0.0, 0.0]}, {"startTime": 10.0, "endTime": 15.0, "predictions": {"probabilities": [0.0002220679889433086, 0.3786059319972992], "logits": []}, "groundTruth": [0.0, 0.0]}, {"startTime": 15.0, "endTime": 20.0, "predictions": {"probabilities": [0.00011123449075967073, 0.1779513657093048], "logits": []}, "groundTruth": [0.0, 0.0]}]]}