{"modelName": "devise-221117-v1-ep150", "version": "1", "fileId": "f307f65e595f457dbd9bad8e5ff42679", "classIds": ["Crex crex", "Scolopax rusticola"], "channels": [[{"startTime": 0.0, "endTime": 5.0, "predictions": {"probabilities": [2.1457612092490308e-05, 0.022196970880031586], "logits": []}, "groundTruth": [0.0, 0.0]}, {"startTime": 5.0, "endTime": 10.0, "predictions": {"probabilities": [2.5432498659938574e-05, 0.029051396995782852], "logits": []}, "groundTruth": [0.0, 0.0]}, {"startTime": 10.0, "endTime": 15.0, "predictions": {"probabilities": [0.00028192679747007787, 0.3058278560638428], "logits": []}, "groundTruth": [0.0, 0.0]}, {"startTime": 15.0, "endTime": 20.0, "predictions": {"probabilities": [2.0360426788101904e-05, 0.07324540615081787], "logits": []}, "groundTruth": [0.0, 0.0]}]]}