{"modelName": "devise-221117-v1-ep150", "version": "1", "fileId": "f307f65e595f457dbd9bad8e5ff42679", "classIds": ["Crex crex", "Scolopax rusticola"], "channels": [[{"startTime": 0.0, "endTime": 5.0, "predictions": {"probabilities": [-10.749409675598145, -3.7853524684906006], "logits": [NaN, NaN]}, "groundTruth": [0.0, 0.0]}, {"startTime": 5.0, "endTime": 10.0, "predictions": {"probabilities": [-10.57945728302002, -3.509207010269165], "logits": [NaN, NaN]}, "groundTruth": [0.0, 0.0]}, {"startTime": 10.0, "endTime": 15.0, "predictions": {"probabilities": [-8.17358112335205, -0.8196975588798523], "logits": [NaN, NaN]}, "groundTruth": [0.0, 0.0]}, {"startTime": 15.0, "endTime": 20.0, "predictions": {"probabilities": [-10.801897048950195, -2.5378732681274414], "logits": [NaN, NaN]}, "groundTruth": [0.0, 0.0]}]]}