{"modelName": "devise-221117-v1-ep150", "version": "1", "fileId": "f3125af51e16439180a8433778692ea6", "classIds": ["Crex crex", "Scolopax rusticola"], "channels": [[{"startTime": 0.0, "endTime": 5.0, "predictions": {"probabilities": [5.22666668985039e-05, 0.1701229363679886], "logits": []}, "groundTruth": [0.0, 0.0]}, {"startTime": 5.0, "endTime": 10.0, "predictions": {"probabilities": [1.7854064253697288e-06, 0.999961256980896], "logits": []}, "groundTruth": [0.0, 0.0]}, {"startTime": 10.0, "endTime": 15.0, "predictions": {"probabilities": [0.00039958301931619644, 0.5922696590423584], "logits": []}, "groundTruth": [0.0, 0.0]}, {"startTime": 15.0, "endTime": 20.0, "predictions": {"probabilities": [0.0002572702360339463, 0.3832543194293976], "logits": []}, "groundTruth": [0.0, 0.0]}]]}