{"modelName": "devise-221117-v1-ep150", "version": "1", "fileId": "f378c4c198e848349a9e39eaeefb42e7", "classIds": ["Crex crex", "Scolopax rusticola"], "channels": [[{"startTime": 0.0, "endTime": 5.0, "predictions": {"probabilities": [-7.67403507232666, 1.1152182817459106], "logits": [NaN, NaN]}, "groundTruth": [0.0, 0.0]}, {"startTime": 5.0, "endTime": 10.0, "predictions": {"probabilities": [-8.331568717956543, 0.3571226894855499], "logits": [NaN, -0.5878745913505554]}, "groundTruth": [0.0, 0.0]}, {"startTime": 10.0, "endTime": 15.0, "predictions": {"probabilities": [-9.685434341430664, -2.1655848026275635], "logits": [NaN, NaN]}, "groundTruth": [0.0, 0.0]}, {"startTime": 15.0, "endTime": 20.0, "predictions": {"probabilities": [-10.659862518310547, -3.396590232849121], "logits": [NaN, NaN]}, "groundTruth": [0.0, 0.0]}]]}