{"modelName": "devise-221117-v1-ep150", "version": "1", "fileId": "f38ae33c576b4e81898fb532df320a0f", "classIds": ["Crex crex", "Scolopax rusticola"], "channels": [[{"startTime": 0.0, "endTime": 5.0, "predictions": {"probabilities": [2.188601138186641e-05, 0.03620582073926926], "logits": []}, "groundTruth": [0.0, 0.0]}, {"startTime": 5.0, "endTime": 10.0, "predictions": {"probabilities": [5.147573028807528e-05, 0.08457612991333008], "logits": []}, "groundTruth": [0.0, 0.0]}, {"startTime": 10.0, "endTime": 15.0, "predictions": {"probabilities": [0.00010709681373555213, 0.15686844289302826], "logits": []}, "groundTruth": [0.0, 0.0]}, {"startTime": 15.0, "endTime": 20.0, "predictions": {"probabilities": [0.00011212167737539858, 0.13517707586288452], "logits": []}, "groundTruth": [0.0, 0.0]}]]}