{"modelName": "devise-221117-v1-ep150", "version": "1", "fileId": "f3b6c87631e24816ab695cd58d0fa2c4", "classIds": ["Crex crex", "Scolopax rusticola"], "channels": [[{"startTime": 0.0, "endTime": 5.0, "predictions": {"probabilities": [-15.648378372192383, 14.624903678894043], "logits": [NaN, NaN]}, "groundTruth": [0.0, 1.0]}, {"startTime": 5.0, "endTime": 10.0, "predictions": {"probabilities": [-14.019640922546387, 8.222326278686523], "logits": [NaN, NaN]}, "groundTruth": [0.0, 1.0]}, {"startTime": 10.0, "endTime": 15.0, "predictions": {"probabilities": [-14.019840240478516, 4.173901557922363], "logits": [NaN, NaN]}, "groundTruth": [0.0, 1.0]}, {"startTime": 13.0, "endTime": 18.0, "predictions": {"probabilities": [-11.723514556884766, -3.722350835800171], "logits": [NaN, NaN]}, "groundTruth": [0.0, 0.0]}]]}