{"modelName": "devise-221117-v1-ep150", "version": "1", "fileId": "f470efa5be324010957a8dab4e7151d0", "classIds": ["Crex crex", "Scolopax rusticola"], "channels": [[{"startTime": 0.0, "endTime": 5.0, "predictions": {"probabilities": [4.867476377512503e-07, 0.0006512070540338755], "logits": []}, "groundTruth": [0.0, 0.0]}, {"startTime": 5.0, "endTime": 10.0, "predictions": {"probabilities": [1.4271219697548077e-05, 0.020195595920085907], "logits": []}, "groundTruth": [0.0, 0.0]}, {"startTime": 10.0, "endTime": 15.0, "predictions": {"probabilities": [3.0805533697275678e-06, 0.02239151857793331], "logits": []}, "groundTruth": [0.0, 0.0]}, {"startTime": 15.0, "endTime": 20.0, "predictions": {"probabilities": [2.9154223739169538e-05, 0.02605108916759491], "logits": []}, "groundTruth": [0.0, 0.0]}]]}