{"modelName": "devise-221117-v1-ep150", "version": "1", "fileId": "f4ac888da78a4de6be5a0d1402263b1a", "classIds": ["Crex crex", "Scolopax rusticola"], "channels": [[{"startTime": 0.0, "endTime": 5.0, "predictions": {"probabilities": [0.0005616296548396349, 0.615169882774353], "logits": []}, "groundTruth": [0.0, 1.0]}, {"startTime": 5.0, "endTime": 10.0, "predictions": {"probabilities": [2.4130257791910026e-09, 1.0], "logits": []}, "groundTruth": [0.0, 1.0]}, {"startTime": 10.0, "endTime": 15.0, "predictions": {"probabilities": [1.654763437386464e-08, 0.9999971389770508], "logits": []}, "groundTruth": [0.0, 1.0]}, {"startTime": 13.0, "endTime": 18.0, "predictions": {"probabilities": [9.597864618626772e-07, 0.9995884299278259], "logits": []}, "groundTruth": [0.0, 1.0]}]]}