{"modelName": "devise-221117-v1-ep150", "version": "1", "fileId": "f5b07e96bafb4db2a8be6c22174a3db4", "classIds": ["Crex crex", "Scolopax rusticola"], "channels": [[{"startTime": 0.0, "endTime": 5.0, "predictions": {"probabilities": [-8.76001262664795, -1.4355041980743408], "logits": [NaN, NaN]}, "groundTruth": [0.0, 0.0]}, {"startTime": 5.0, "endTime": 10.0, "predictions": {"probabilities": [-10.312640190124512, -3.6612114906311035], "logits": [NaN, NaN]}, "groundTruth": [0.0, 0.0]}, {"startTime": 10.0, "endTime": 15.0, "predictions": {"probabilities": [-9.328594207763672, -1.21912682056427], "logits": [NaN, NaN]}, "groundTruth": [0.0, 0.0]}, {"startTime": 15.0, "endTime": 20.0, "predictions": {"probabilities": [-16.158479690551758, 10.696097373962402], "logits": [NaN, NaN]}, "groundTruth": [0.0, 0.0]}]]}