{"modelName": "devise-221117-v1-ep150", "version": "1", "fileId": "f5f06718b6e54c1dbaefaf11a052c453", "classIds": ["Crex crex", "Scolopax rusticola"], "channels": [[{"startTime": 0.0, "endTime": 5.0, "predictions": {"probabilities": [8.308255928568542e-05, 0.20217755436897278], "logits": []}, "groundTruth": [0.0, 0.0]}, {"startTime": 5.0, "endTime": 10.0, "predictions": {"probabilities": [8.987495675683022e-05, 0.16430528461933136], "logits": []}, "groundTruth": [0.0, 0.0]}, {"startTime": 10.0, "endTime": 15.0, "predictions": {"probabilities": [0.00012636247265618294, 0.237277090549469], "logits": []}, "groundTruth": [0.0, 0.0]}, {"startTime": 15.0, "endTime": 20.0, "predictions": {"probabilities": [4.231043203617446e-05, 0.2210400551557541], "logits": []}, "groundTruth": [0.0, 0.0]}]]}