{"modelName": "devise-221117-v1-ep150", "version": "1", "fileId": "f615ff3cd3b145428e0521c6e9a5d2fd", "classIds": ["Crex crex", "Scolopax rusticola"], "channels": [[{"startTime": 0.0, "endTime": 5.0, "predictions": {"probabilities": [0.0003653145977295935, 0.4184647500514984], "logits": []}, "groundTruth": [0.0, 0.0]}, {"startTime": 5.0, "endTime": 10.0, "predictions": {"probabilities": [8.69703508215025e-05, 0.12261299043893814], "logits": []}, "groundTruth": [0.0, 0.0]}, {"startTime": 10.0, "endTime": 15.0, "predictions": {"probabilities": [0.00029564660508185625, 0.4071514308452606], "logits": []}, "groundTruth": [0.0, 0.0]}, {"startTime": 15.0, "endTime": 20.0, "predictions": {"probabilities": [0.00018267724954057485, 0.4525596797466278], "logits": []}, "groundTruth": [0.0, 0.0]}]]}