{"modelName": "devise-221117-v1-ep150", "version": "1", "fileId": "f62dc27a71fd4deabc93358ed66f18a0", "classIds": ["Crex crex", "Scolopax rusticola"], "channels": [[{"startTime": 0.0, "endTime": 5.0, "predictions": {"probabilities": [0.0004889094270765781, 0.6239019632339478], "logits": []}, "groundTruth": [0.0, 0.0]}, {"startTime": 5.0, "endTime": 10.0, "predictions": {"probabilities": [7.976157212397084e-05, 0.9240752458572388], "logits": []}, "groundTruth": [0.0, 0.0]}, {"startTime": 10.0, "endTime": 15.0, "predictions": {"probabilities": [0.00011219601583434269, 0.18432430922985077], "logits": []}, "groundTruth": [0.0, 0.0]}, {"startTime": 15.0, "endTime": 20.0, "predictions": {"probabilities": [0.0003535816795192659, 0.4087658226490021], "logits": []}, "groundTruth": [0.0, 0.0]}]]}