{"modelName": "devise-221117-v1-ep150", "version": "1", "fileId": "f62dc27a71fd4deabc93358ed66f18a0", "classIds": ["Crex crex", "Scolopax rusticola"], "channels": [[{"startTime": 0.0, "endTime": 5.0, "predictions": {"probabilities": [-7.622844219207764, 0.5061433911323547], "logits": [NaN, 0.02457476779818535]}, "groundTruth": [0.0, 0.0]}, {"startTime": 5.0, "endTime": 10.0, "predictions": {"probabilities": [-9.436388969421387, 2.4990506172180176], "logits": [NaN, NaN]}, "groundTruth": [0.0, 0.0]}, {"startTime": 10.0, "endTime": 15.0, "predictions": {"probabilities": [-9.0951509475708, -1.487320065498352], "logits": [NaN, NaN]}, "groundTruth": [0.0, 0.0]}, {"startTime": 15.0, "endTime": 20.0, "predictions": {"probabilities": [-7.947042465209961, -0.3690697252750397], "logits": [NaN, NaN]}, "groundTruth": [0.0, 0.0]}]]}