{"modelName": "devise-221117-v1-ep150", "version": "1", "fileId": "f645b41feb7a40d29eec3c6355675a27", "classIds": ["Crex crex", "Scolopax rusticola"], "channels": [[{"startTime": 0.0, "endTime": 5.0, "predictions": {"probabilities": [-8.499288558959961, -1.4336212873458862], "logits": [NaN, NaN]}, "groundTruth": [0.0, 0.0]}, {"startTime": 5.0, "endTime": 10.0, "predictions": {"probabilities": [-7.425934314727783, 0.6685717701911926], "logits": [NaN, 0.7017325162887573]}, "groundTruth": [0.0, 0.0]}, {"startTime": 10.0, "endTime": 15.0, "predictions": {"probabilities": [-8.770942687988281, -1.145571231842041], "logits": [NaN, NaN]}, "groundTruth": [0.0, 0.0]}, {"startTime": 15.0, "endTime": 20.0, "predictions": {"probabilities": [-9.151273727416992, -1.574349284172058], "logits": [NaN, NaN]}, "groundTruth": [0.0, 0.0]}]]}