{"modelName": "devise-221117-v1-ep150", "version": "1", "fileId": "f65b4940809f4cdc96fbcbae50d42162", "classIds": ["Crex crex", "Scolopax rusticola"], "channels": [[{"startTime": 0.0, "endTime": 5.0, "predictions": {"probabilities": [-9.75206470489502, -2.3503057956695557], "logits": [NaN, NaN]}, "groundTruth": [0.0, 0.0]}, {"startTime": 5.0, "endTime": 10.0, "predictions": {"probabilities": [-10.60539722442627, 0.5639696717262268], "logits": [NaN, 0.2572886347770691]}, "groundTruth": [0.0, 0.0]}, {"startTime": 10.0, "endTime": 15.0, "predictions": {"probabilities": [-11.293478012084961, -4.314164638519287], "logits": [NaN, NaN]}, "groundTruth": [0.0, 0.0]}, {"startTime": 15.0, "endTime": 20.0, "predictions": {"probabilities": [-13.775063514709473, -5.494701862335205], "logits": [NaN, NaN]}, "groundTruth": [0.0, 0.0]}]]}