{"modelName": "devise-221117-v1-ep150", "version": "1", "fileId": "f688bcdc121547d286347f77d5c16b2b", "classIds": ["Crex crex", "Scolopax rusticola"], "channels": [[{"startTime": 0.0, "endTime": 5.0, "predictions": {"probabilities": [-7.465732574462891, 1.1041357517242432], "logits": [NaN, NaN]}, "groundTruth": [0.0, 1.0]}, {"startTime": 5.0, "endTime": 10.0, "predictions": {"probabilities": [-13.787242889404297, 7.658847332000732], "logits": [NaN, NaN]}, "groundTruth": [0.0, 1.0]}, {"startTime": 10.0, "endTime": 15.0, "predictions": {"probabilities": [-12.09656810760498, -5.2598371505737305], "logits": [NaN, NaN]}, "groundTruth": [0.0, 1.0]}]]}