{"modelName": "devise-221117-v1-ep150", "version": "1", "fileId": "f749da30cc1d44c9a082cc61e917cb4f", "classIds": ["Crex crex", "Scolopax rusticola"], "channels": [[{"startTime": 0.0, "endTime": 5.0, "predictions": {"probabilities": [0.00019849870295729488, 0.4733538329601288], "logits": []}, "groundTruth": [0.0, 0.0]}, {"startTime": 5.0, "endTime": 10.0, "predictions": {"probabilities": [4.663155414164066e-05, 0.8363802433013916], "logits": []}, "groundTruth": [0.0, 0.0]}, {"startTime": 10.0, "endTime": 15.0, "predictions": {"probabilities": [5.7718923926586285e-05, 0.9050171971321106], "logits": []}, "groundTruth": [0.0, 0.0]}, {"startTime": 15.0, "endTime": 20.0, "predictions": {"probabilities": [0.00012165957741672173, 0.3581847548484802], "logits": []}, "groundTruth": [0.0, 0.0]}]]}