{"modelName": "devise-221117-v1-ep150", "version": "1", "fileId": "f7a7c6df587a46b684e02c8553dcd2e6", "classIds": ["Crex crex", "Scolopax rusticola"], "channels": [[{"startTime": 0.0, "endTime": 5.0, "predictions": {"probabilities": [-9.555024147033691, -1.4772824048995972], "logits": [NaN, NaN]}, "groundTruth": [0.0, 0.0]}, {"startTime": 5.0, "endTime": 10.0, "predictions": {"probabilities": [-9.272384643554688, -2.3988192081451416], "logits": [NaN, NaN]}, "groundTruth": [0.0, 0.0]}, {"startTime": 10.0, "endTime": 15.0, "predictions": {"probabilities": [-9.18039321899414, -2.373957395553589], "logits": [NaN, NaN]}, "groundTruth": [0.0, 0.0]}, {"startTime": 15.0, "endTime": 20.0, "predictions": {"probabilities": [-9.835835456848145, -2.602522850036621], "logits": [NaN, NaN]}, "groundTruth": [0.0, 0.0]}]]}