{"modelName": "devise-221117-v1-ep150", "version": "1", "fileId": "f8d870dbece2412784b979d9c2783183", "classIds": ["Crex crex", "Scolopax rusticola"], "channels": [[{"startTime": 0.0, "endTime": 5.0, "predictions": {"probabilities": [-8.944584846496582, -1.5345573425292969], "logits": [NaN, NaN]}, "groundTruth": [0.0, 0.0]}, {"startTime": 5.0, "endTime": 10.0, "predictions": {"probabilities": [-8.222224235534668, -0.5216546058654785], "logits": [NaN, NaN]}, "groundTruth": [0.0, 0.0]}, {"startTime": 10.0, "endTime": 15.0, "predictions": {"probabilities": [-8.792377471923828, -0.8737733364105225], "logits": [NaN, NaN]}, "groundTruth": [0.0, 0.0]}, {"startTime": 15.0, "endTime": 20.0, "predictions": {"probabilities": [-9.346026420593262, -0.5684941411018372], "logits": [NaN, NaN]}, "groundTruth": [0.0, 0.0]}]]}