{"modelName": "devise-221117-v1-ep150", "version": "1", "fileId": "f99defc31ab440549f4e231b928f671d", "classIds": ["Crex crex", "Scolopax rusticola"], "channels": [[{"startTime": 0.0, "endTime": 5.0, "predictions": {"probabilities": [7.175132486736402e-05, 0.09299521893262863], "logits": []}, "groundTruth": [0.0, 0.0]}, {"startTime": 5.0, "endTime": 10.0, "predictions": {"probabilities": [0.0002310101262992248, 0.291775107383728], "logits": []}, "groundTruth": [0.0, 0.0]}, {"startTime": 10.0, "endTime": 15.0, "predictions": {"probabilities": [0.0002494909567758441, 0.412687212228775], "logits": []}, "groundTruth": [0.0, 0.0]}, {"startTime": 15.0, "endTime": 20.0, "predictions": {"probabilities": [2.4952116291387938e-05, 0.05454203113913536], "logits": []}, "groundTruth": [0.0, 0.0]}]]}