{"modelName": "devise-221117-v1-ep150", "version": "1", "fileId": "f99defc31ab440549f4e231b928f671d", "classIds": ["Crex crex", "Scolopax rusticola"], "channels": [[{"startTime": 0.0, "endTime": 5.0, "predictions": {"probabilities": [-9.542232513427734, -2.277599573135376], "logits": [NaN, NaN]}, "groundTruth": [0.0, 0.0]}, {"startTime": 5.0, "endTime": 10.0, "predictions": {"probabilities": [-8.372817993164062, -0.8867782950401306], "logits": [NaN, NaN]}, "groundTruth": [0.0, 0.0]}, {"startTime": 10.0, "endTime": 15.0, "predictions": {"probabilities": [-8.295838356018066, -0.3528675436973572], "logits": [NaN, NaN]}, "groundTruth": [0.0, 0.0]}, {"startTime": 15.0, "endTime": 20.0, "predictions": {"probabilities": [-10.598526954650879, -2.8526978492736816], "logits": [NaN, NaN]}, "groundTruth": [0.0, 0.0]}]]}