{"modelName": "devise-221117-v1-ep150", "version": "1", "fileId": "f9c30e15e3a7406189cec8a6e1565383", "classIds": ["Crex crex", "Scolopax rusticola"], "channels": [[{"startTime": 0.0, "endTime": 5.0, "predictions": {"probabilities": [-10.713421821594238, -3.7332119941711426], "logits": [NaN, NaN]}, "groundTruth": [0.0, 0.0]}, {"startTime": 5.0, "endTime": 10.0, "predictions": {"probabilities": [-9.534388542175293, -0.11474280804395676], "logits": [NaN, NaN]}, "groundTruth": [0.0, 0.0]}, {"startTime": 10.0, "endTime": 15.0, "predictions": {"probabilities": [-7.711871147155762, 0.517112135887146], "logits": [NaN, 0.06847533583641052]}, "groundTruth": [0.0, 0.0]}, {"startTime": 15.0, "endTime": 20.0, "predictions": {"probabilities": [-12.109234809875488, -4.631831169128418], "logits": [NaN, NaN]}, "groundTruth": [0.0, 0.0]}]]}