{"modelName": "devise-221117-v1-ep150", "version": "1", "fileId": "f9e5557d134241e1a8e75a04b7b5e31e", "classIds": ["Crex crex", "Scolopax rusticola"], "channels": [[{"startTime": 0.0, "endTime": 5.0, "predictions": {"probabilities": [-8.568000793457031, -0.6811372637748718], "logits": [NaN, NaN]}, "groundTruth": [0.0, 0.0]}, {"startTime": 5.0, "endTime": 10.0, "predictions": {"probabilities": [-10.636771202087402, -2.7505314350128174], "logits": [NaN, NaN]}, "groundTruth": [0.0, 0.0]}, {"startTime": 10.0, "endTime": 15.0, "predictions": {"probabilities": [-11.381190299987793, 7.808565139770508], "logits": [NaN, NaN]}, "groundTruth": [0.0, 0.0]}, {"startTime": 15.0, "endTime": 20.0, "predictions": {"probabilities": [-10.924212455749512, 6.031123161315918], "logits": [NaN, NaN]}, "groundTruth": [0.0, 0.0]}]]}