{"modelName": "devise-221117-v1-ep150", "version": "1", "fileId": "f9ed3e1087cd45eda1eb028b57f66790", "classIds": ["Crex crex", "Scolopax rusticola"], "channels": [[{"startTime": 0.0, "endTime": 5.0, "predictions": {"probabilities": [0.00031821607262827456, 0.3550679385662079], "logits": []}, "groundTruth": [0.0, 0.0]}, {"startTime": 5.0, "endTime": 10.0, "predictions": {"probabilities": [0.0003552140260580927, 0.33500564098358154], "logits": []}, "groundTruth": [0.0, 0.0]}, {"startTime": 10.0, "endTime": 15.0, "predictions": {"probabilities": [0.00014059657405596226, 0.1570620983839035], "logits": []}, "groundTruth": [0.0, 0.0]}, {"startTime": 15.0, "endTime": 20.0, "predictions": {"probabilities": [0.00019465976220089942, 0.2771548926830292], "logits": []}, "groundTruth": [0.0, 0.0]}]]}