{"modelName": "devise-221117-v1-ep150", "version": "1", "fileId": "fa76046b94ea450691332345299c1bcb", "classIds": ["Crex crex", "Scolopax rusticola"], "channels": [[{"startTime": 0.0, "endTime": 5.0, "predictions": {"probabilities": [0.00010952477168757468, 0.2239668369293213], "logits": []}, "groundTruth": [0.0, 0.0]}, {"startTime": 5.0, "endTime": 10.0, "predictions": {"probabilities": [0.00017257436411455274, 0.7779027819633484], "logits": []}, "groundTruth": [0.0, 0.0]}, {"startTime": 10.0, "endTime": 15.0, "predictions": {"probabilities": [0.00020161474822089076, 0.28360724449157715], "logits": []}, "groundTruth": [0.0, 0.0]}, {"startTime": 15.0, "endTime": 20.0, "predictions": {"probabilities": [4.982203245162964e-05, 0.08380299061536789], "logits": []}, "groundTruth": [0.0, 0.0]}]]}