{"modelName": "devise-221117-v1-ep150", "version": "1", "fileId": "fa979409e2b64a298302b18ffa7ac3c9", "classIds": ["Crex crex", "Scolopax rusticola"], "channels": [[{"startTime": 0.0, "endTime": 5.0, "predictions": {"probabilities": [-11.088201522827148, -3.1362953186035156], "logits": [NaN, NaN]}, "groundTruth": [0.0, 0.0]}, {"startTime": 5.0, "endTime": 10.0, "predictions": {"probabilities": [-10.283732414245605, 5.533607006072998], "logits": [NaN, NaN]}, "groundTruth": [0.0, 0.0]}, {"startTime": 10.0, "endTime": 15.0, "predictions": {"probabilities": [-9.820878982543945, -2.4123363494873047], "logits": [NaN, NaN]}, "groundTruth": [0.0, 0.0]}, {"startTime": 15.0, "endTime": 20.0, "predictions": {"probabilities": [-9.346755981445312, 0.03761003166437149], "logits": [NaN, -3.2421488761901855]}, "groundTruth": [0.0, 0.0]}]]}