{"modelName": "devise-221117-v1-ep150", "version": "1", "fileId": "fb7e85ce16cc4e20b704d94b3b3d14d8", "classIds": ["Crex crex", "Scolopax rusticola"], "channels": [[{"startTime": 0.0, "endTime": 5.0, "predictions": {"probabilities": [-12.717108726501465, -5.918893337249756], "logits": [NaN, NaN]}, "groundTruth": [0.0, 0.0]}, {"startTime": 5.0, "endTime": 10.0, "predictions": {"probabilities": [-9.201447486877441, -2.339244842529297], "logits": [NaN, NaN]}, "groundTruth": [0.0, 0.0]}, {"startTime": 10.0, "endTime": 15.0, "predictions": {"probabilities": [-13.489076614379883, 3.104902505874634], "logits": [NaN, NaN]}, "groundTruth": [0.0, 0.0]}, {"startTime": 15.0, "endTime": 20.0, "predictions": {"probabilities": [-9.987957000732422, -2.6635546684265137], "logits": [NaN, NaN]}, "groundTruth": [0.0, 0.0]}]]}