{"modelName": "devise-221117-v1-ep150", "version": "1", "fileId": "fb7e85ce16cc4e20b704d94b3b3d14d8", "classIds": ["Crex crex", "Scolopax rusticola"], "channels": [[{"startTime": 0.0, "endTime": 5.0, "predictions": {"probabilities": [2.9993595944688423e-06, 0.0026809663977473974], "logits": []}, "groundTruth": [0.0, 0.0]}, {"startTime": 5.0, "endTime": 10.0, "predictions": {"probabilities": [0.00010088307317346334, 0.08792445808649063], "logits": []}, "groundTruth": [0.0, 0.0]}, {"startTime": 10.0, "endTime": 15.0, "predictions": {"probabilities": [1.38601467369881e-06, 0.9570944905281067], "logits": []}, "groundTruth": [0.0, 0.0]}, {"startTime": 15.0, "endTime": 20.0, "predictions": {"probabilities": [4.594787606038153e-05, 0.06515847146511078], "logits": []}, "groundTruth": [0.0, 0.0]}]]}