{"modelName": "devise-221117-v1-ep150", "version": "1", "fileId": "fbdfd8bbd2dc442d97b43b41862a0dc8", "classIds": ["Crex crex", "Scolopax rusticola"], "channels": [[{"startTime": 0.0, "endTime": 5.0, "predictions": {"probabilities": [0.00014133316290099174, 0.19144316017627716], "logits": []}, "groundTruth": [0.0, 0.0]}, {"startTime": 5.0, "endTime": 10.0, "predictions": {"probabilities": [0.0003468116046860814, 0.5206966400146484], "logits": []}, "groundTruth": [0.0, 0.0]}, {"startTime": 10.0, "endTime": 15.0, "predictions": {"probabilities": [0.00013470744306687266, 0.5048260688781738], "logits": []}, "groundTruth": [0.0, 0.0]}, {"startTime": 15.0, "endTime": 20.0, "predictions": {"probabilities": [7.67849269323051e-06, 0.00971781462430954], "logits": []}, "groundTruth": [0.0, 0.0]}]]}