{"modelName": "devise-221117-v1-ep150", "version": "1", "fileId": "fcaf6f468ffd48c7afb86ed13a471fda", "classIds": ["Crex crex", "Scolopax rusticola"], "channels": [[{"startTime": 0.0, "endTime": 5.0, "predictions": {"probabilities": [2.3612331645495033e-08, 0.9999866485595703], "logits": []}, "groundTruth": [0.0, 0.0]}, {"startTime": 5.0, "endTime": 10.0, "predictions": {"probabilities": [2.702810661503463e-06, 0.9971339702606201], "logits": []}, "groundTruth": [0.0, 0.0]}, {"startTime": 10.0, "endTime": 15.0, "predictions": {"probabilities": [9.37206823437009e-06, 0.012623902410268784], "logits": []}, "groundTruth": [0.0, 0.0]}, {"startTime": 15.0, "endTime": 20.0, "predictions": {"probabilities": [1.3197403170295274e-08, 0.9952034950256348], "logits": []}, "groundTruth": [0.0, 0.0]}]]}