{"modelName": "devise-221117-v1-ep150", "version": "1", "fileId": "fd0c5d1fa7374777bfb8e016ee77b84c", "classIds": ["Crex crex", "Scolopax rusticola"], "channels": [[{"startTime": 0.0, "endTime": 5.0, "predictions": {"probabilities": [1.329234873992391e-05, 0.021251041442155838], "logits": []}, "groundTruth": [0.0, 0.0]}, {"startTime": 5.0, "endTime": 10.0, "predictions": {"probabilities": [6.297315849224105e-05, 0.10106325894594193], "logits": []}, "groundTruth": [0.0, 0.0]}, {"startTime": 10.0, "endTime": 15.0, "predictions": {"probabilities": [0.00012815999798476696, 0.18706366419792175], "logits": []}, "groundTruth": [0.0, 0.0]}, {"startTime": 15.0, "endTime": 20.0, "predictions": {"probabilities": [8.161441655829549e-06, 0.006741802208125591], "logits": []}, "groundTruth": [0.0, 0.0]}]]}