{"modelName": "devise-221117-v1-ep150", "version": "1", "fileId": "fd4ea236216a4a01ae5069af55234975", "classIds": ["Crex crex", "Scolopax rusticola"], "channels": [[{"startTime": 0.0, "endTime": 5.0, "predictions": {"probabilities": [-10.028306007385254, -2.4278016090393066], "logits": [NaN, NaN]}, "groundTruth": [0.0, 0.0]}, {"startTime": 5.0, "endTime": 10.0, "predictions": {"probabilities": [-9.741750717163086, -2.7098984718322754], "logits": [NaN, NaN]}, "groundTruth": [0.0, 0.0]}, {"startTime": 10.0, "endTime": 15.0, "predictions": {"probabilities": [-9.124250411987305, -1.435193657875061], "logits": [NaN, NaN]}, "groundTruth": [0.0, 0.0]}, {"startTime": 15.0, "endTime": 20.0, "predictions": {"probabilities": [-8.706533432006836, -0.2073844075202942], "logits": [NaN, NaN]}, "groundTruth": [0.0, 0.0]}]]}