{"modelName": "devise-221117-v1-ep150", "version": "1", "fileId": "fd7e58264cf646a9974de7bd0ff804fb", "classIds": ["Crex crex", "Scolopax rusticola"], "channels": [[{"startTime": 0.0, "endTime": 5.0, "predictions": {"probabilities": [-11.46755313873291, -4.329126358032227], "logits": [NaN, NaN]}, "groundTruth": [0.0, 0.0]}, {"startTime": 5.0, "endTime": 10.0, "predictions": {"probabilities": [-12.068265914916992, -4.328940391540527], "logits": [NaN, NaN]}, "groundTruth": [0.0, 0.0]}, {"startTime": 10.0, "endTime": 15.0, "predictions": {"probabilities": [-10.801990509033203, 7.309842109680176], "logits": [NaN, NaN]}, "groundTruth": [0.0, 0.0]}, {"startTime": 15.0, "endTime": 20.0, "predictions": {"probabilities": [-8.796957969665527, -0.8850964307785034], "logits": [NaN, NaN]}, "groundTruth": [0.0, 0.0]}]]}