{"modelName": "devise-221117-v1-ep150", "version": "1", "fileId": "fdc5bcc23c6144bca99a3a3e6a29e1a2", "classIds": ["Crex crex", "Scolopax rusticola"], "channels": [[{"startTime": 0.0, "endTime": 5.0, "predictions": {"probabilities": [0.0001036107714753598, 0.1809806525707245], "logits": []}, "groundTruth": [0.0, 0.0]}, {"startTime": 5.0, "endTime": 10.0, "predictions": {"probabilities": [4.3754488388003665e-07, 0.000945438863709569], "logits": []}, "groundTruth": [0.0, 0.0]}, {"startTime": 10.0, "endTime": 15.0, "predictions": {"probabilities": [1.9374024304852355e-06, 0.09696735441684723], "logits": []}, "groundTruth": [0.0, 0.0]}, {"startTime": 15.0, "endTime": 20.0, "predictions": {"probabilities": [3.240254591219127e-05, 0.07887983322143555], "logits": []}, "groundTruth": [0.0, 0.0]}]]}