{"modelName": "devise-221117-v1-ep150", "version": "1", "fileId": "fe00881c281947ee9cefb6f0ac8685bf", "classIds": ["Crex crex", "Scolopax rusticola"], "channels": [[{"startTime": 0.0, "endTime": 5.0, "predictions": {"probabilities": [-8.523637771606445, -1.0753296613693237], "logits": [NaN, NaN]}, "groundTruth": [0.0, 1.0]}, {"startTime": 5.0, "endTime": 10.0, "predictions": {"probabilities": [-9.591552734375, 5.314205646514893], "logits": [NaN, NaN]}, "groundTruth": [0.0, 1.0]}, {"startTime": 10.0, "endTime": 15.0, "predictions": {"probabilities": [-14.591650009155273, 11.766316413879395], "logits": [NaN, NaN]}, "groundTruth": [0.0, 1.0]}]]}