{"modelName": "devise-221117-v1-ep150", "version": "1", "fileId": "fe00881c281947ee9cefb6f0ac8685bf", "classIds": ["Crex crex", "Scolopax rusticola"], "channels": [[{"startTime": 0.0, "endTime": 5.0, "predictions": {"probabilities": [0.0001986757415579632, 0.2543908357620239], "logits": []}, "groundTruth": [0.0, 1.0]}, {"startTime": 5.0, "endTime": 10.0, "predictions": {"probabilities": [6.829861376900226e-05, 0.9951028823852539], "logits": []}, "groundTruth": [0.0, 1.0]}, {"startTime": 10.0, "endTime": 15.0, "predictions": {"probabilities": [4.6017893851058034e-07, 0.9999922513961792], "logits": []}, "groundTruth": [0.0, 1.0]}]]}