{"modelName": "devise-221117-v1-ep150", "version": "1", "fileId": "fedf293d297d4d988461e11f8ab6e4cc", "classIds": ["Crex crex", "Scolopax rusticola"], "channels": [[{"startTime": 0.0, "endTime": 5.0, "predictions": {"probabilities": [-8.456498146057129, 0.2962413728237152], "logits": [NaN, -0.8652608394622803]}, "groundTruth": [0.0, 0.0]}, {"startTime": 5.0, "endTime": 10.0, "predictions": {"probabilities": [-8.454164505004883, 0.8205812573432922], "logits": [NaN, 1.520290493965149]}, "groundTruth": [0.0, 0.0]}, {"startTime": 10.0, "endTime": 15.0, "predictions": {"probabilities": [-8.827338218688965, -0.9483517408370972], "logits": [NaN, NaN]}, "groundTruth": [0.0, 0.0]}, {"startTime": 15.0, "endTime": 20.0, "predictions": {"probabilities": [-11.434710502624512, -3.3983232975006104], "logits": [NaN, NaN]}, "groundTruth": [0.0, 0.0]}]]}