{"modelName": "devise-221117-v1-ep150", "version": "1", "fileId": "ff13705e9e324f50b3b7de334362e99e", "classIds": ["Crex crex", "Scolopax rusticola"], "channels": [[{"startTime": 0.0, "endTime": 5.0, "predictions": {"probabilities": [0.00012499652802944183, 0.9810348153114319], "logits": []}, "groundTruth": [0.0, 1.0]}, {"startTime": 5.0, "endTime": 10.0, "predictions": {"probabilities": [3.996025498054223e-06, 0.999567449092865], "logits": []}, "groundTruth": [0.0, 1.0]}, {"startTime": 10.0, "endTime": 15.0, "predictions": {"probabilities": [5.756615450991376e-07, 0.9999977350234985], "logits": []}, "groundTruth": [0.0, 1.0]}, {"startTime": 15.0, "endTime": 20.0, "predictions": {"probabilities": [3.3914702157744614e-08, 0.9999979734420776], "logits": []}, "groundTruth": [0.0, 1.0]}]]}