{"modelName": "devise-221117-v1-ep150", "version": "1", "fileId": "ff13705e9e324f50b3b7de334362e99e", "classIds": ["Crex crex", "Scolopax rusticola"], "channels": [[{"startTime": 0.0, "endTime": 5.0, "predictions": {"probabilities": [-8.987099647521973, 3.9460020065307617], "logits": [NaN, NaN]}, "groundTruth": [0.0, 1.0]}, {"startTime": 5.0, "endTime": 10.0, "predictions": {"probabilities": [-12.430206298828125, 7.7454023361206055], "logits": [NaN, NaN]}, "groundTruth": [0.0, 1.0]}, {"startTime": 10.0, "endTime": 15.0, "predictions": {"probabilities": [-14.367745399475098, 13.01764965057373], "logits": [NaN, NaN]}, "groundTruth": [0.0, 1.0]}, {"startTime": 15.0, "endTime": 20.0, "predictions": {"probabilities": [-17.199417114257812, 13.124804496765137], "logits": [NaN, NaN]}, "groundTruth": [0.0, 1.0]}]]}