{"modelName": "devise-221117-v1-ep150", "version": "1", "fileId": "ff5d24aa002144e29dce195b39e55c57", "classIds": ["Crex crex", "Scolopax rusticola"], "channels": [[{"startTime": 0.0, "endTime": 5.0, "predictions": {"probabilities": [-11.098485946655273, -3.117516040802002], "logits": [NaN, NaN]}, "groundTruth": [0.0, 0.0]}, {"startTime": 5.0, "endTime": 10.0, "predictions": {"probabilities": [-9.722198486328125, -1.4294825792312622], "logits": [NaN, NaN]}, "groundTruth": [0.0, 0.0]}, {"startTime": 10.0, "endTime": 15.0, "predictions": {"probabilities": [-8.340659141540527, -0.0993252694606781], "logits": [NaN, NaN]}, "groundTruth": [0.0, 0.0]}, {"startTime": 15.0, "endTime": 20.0, "predictions": {"probabilities": [-9.498547554016113, 1.7225414514541626], "logits": [NaN, NaN]}, "groundTruth": [0.0, 0.0]}]]}