{"modelName": "devise-221117-v1-ep150", "version": "1", "fileId": "ff5d24aa002144e29dce195b39e55c57", "classIds": ["Crex crex", "Scolopax rusticola"], "channels": [[{"startTime": 0.0, "endTime": 5.0, "predictions": {"probabilities": [1.5134993191168178e-05, 0.04239049181342125], "logits": []}, "groundTruth": [0.0, 0.0]}, {"startTime": 5.0, "endTime": 10.0, "predictions": {"probabilities": [5.9934493037872016e-05, 0.19317932426929474], "logits": []}, "groundTruth": [0.0, 0.0]}, {"startTime": 10.0, "endTime": 15.0, "predictions": {"probabilities": [0.00023855808831285685, 0.47518908977508545], "logits": []}, "groundTruth": [0.0, 0.0]}, {"startTime": 15.0, "endTime": 20.0, "predictions": {"probabilities": [7.495500904042274e-05, 0.8484559059143066], "logits": []}, "groundTruth": [0.0, 0.0]}]]}