{"modelName": "devise-221117-v1-ep150", "version": "1", "fileId": "ff86da921dd94f858c3ce8f2ba9a2a04", "classIds": ["Crex crex", "Scolopax rusticola"], "channels": [[{"startTime": 0.0, "endTime": 5.0, "predictions": {"probabilities": [2.844384653144516e-05, 0.046093638986349106], "logits": []}, "groundTruth": [0.0, 1.0]}, {"startTime": 5.0, "endTime": 10.0, "predictions": {"probabilities": [6.882533210017527e-09, 0.9998759031295776], "logits": []}, "groundTruth": [0.0, 1.0]}, {"startTime": 10.0, "endTime": 15.0, "predictions": {"probabilities": [1.872091047516733e-06, 0.9998624324798584], "logits": []}, "groundTruth": [0.0, 1.0]}, {"startTime": 15.0, "endTime": 20.0, "predictions": {"probabilities": [0.0003821325080934912, 0.6496654748916626], "logits": []}, "groundTruth": [0.0, 0.0]}]]}