{"modelName": "devise-221108-v8-ep423", "version": "1", "fileId": "00c1d3a5b09a422eab1735cbc5111fd5", "classIds": ["Crex crex", "Scolopax rusticola"], "channels": [[{"startTime": 0.0, "endTime": 5.0, "predictions": {"probabilities": [-11.274271011352539, -0.576713502407074], "logits": [NaN, NaN]}, "groundTruth": [0.0, 0.0]}, {"startTime": 5.0, "endTime": 10.0, "predictions": {"probabilities": [-11.737740516662598, -0.4874972105026245], "logits": [NaN, NaN]}, "groundTruth": [0.0, 0.0]}, {"startTime": 10.0, "endTime": 15.0, "predictions": {"probabilities": [-12.152853965759277, -0.9450836777687073], "logits": [NaN, NaN]}, "groundTruth": [0.0, 0.0]}, {"startTime": 15.0, "endTime": 20.0, "predictions": {"probabilities": [-12.151328086853027, -1.022541880607605], "logits": [NaN, NaN]}, "groundTruth": [0.0, 0.0]}]]}