{"modelName": "devise-221108-v8-ep423", "version": "1", "fileId": "0129ca75bcc047c684387947e297bb84", "classIds": ["Crex crex", "Scolopax rusticola"], "channels": [[{"startTime": 0.0, "endTime": 5.0, "predictions": {"probabilities": [2.8767510684701847e-07, 0.07607901841402054], "logits": []}, "groundTruth": [0.0, 0.0]}, {"startTime": 5.0, "endTime": 10.0, "predictions": {"probabilities": [1.102085533943864e-07, 0.04855751618742943], "logits": []}, "groundTruth": [0.0, 0.0]}, {"startTime": 10.0, "endTime": 15.0, "predictions": {"probabilities": [8.855806754581863e-09, 0.016511674970388412], "logits": []}, "groundTruth": [0.0, 0.0]}, {"startTime": 15.0, "endTime": 20.0, "predictions": {"probabilities": [6.679076136606454e-07, 0.10369621217250824], "logits": []}, "groundTruth": [0.0, 0.0]}]]}