{"modelName": "devise-221108-v8-ep423", "version": "1", "fileId": "0170128c4ef044048cf34ba51d3edb66", "classIds": ["Crex crex", "Scolopax rusticola"], "channels": [[{"startTime": 0.0, "endTime": 5.0, "predictions": {"probabilities": [-15.396013259887695, -2.391756534576416], "logits": [NaN, NaN]}, "groundTruth": [0.0, 0.0]}, {"startTime": 5.0, "endTime": 10.0, "predictions": {"probabilities": [-14.39249324798584, -2.0130701065063477], "logits": [NaN, NaN]}, "groundTruth": [0.0, 0.0]}, {"startTime": 10.0, "endTime": 15.0, "predictions": {"probabilities": [-17.703723907470703, -3.563565492630005], "logits": [NaN, NaN]}, "groundTruth": [0.0, 0.0]}, {"startTime": 15.0, "endTime": 20.0, "predictions": {"probabilities": [-15.58220100402832, -0.369270384311676], "logits": [NaN, NaN]}, "groundTruth": [0.0, 0.0]}]]}