{"modelName": "devise-221108-v8-ep423", "version": "1", "fileId": "01e6d70f2cb64406a4af07323c9504b0", "classIds": ["Crex crex", "Scolopax rusticola"], "channels": [[{"startTime": 0.0, "endTime": 5.0, "predictions": {"probabilities": [1.930925974669151e-10, 0.00426028948277235], "logits": []}, "groundTruth": [0.0, 0.0]}, {"startTime": 5.0, "endTime": 10.0, "predictions": {"probabilities": [7.389578532412955e-11, 0.9965086579322815], "logits": []}, "groundTruth": [0.0, 0.0]}, {"startTime": 10.0, "endTime": 15.0, "predictions": {"probabilities": [1.418764572491682e-08, 0.02701336145401001], "logits": []}, "groundTruth": [0.0, 0.0]}, {"startTime": 15.0, "endTime": 20.0, "predictions": {"probabilities": [6.850878710358034e-16, 1.0], "logits": []}, "groundTruth": [0.0, 0.0]}]]}