{"modelName": "devise-221108-v8-ep423", "version": "1", "fileId": "01f8dcad73304e878632df881c0eaa07", "classIds": ["Crex crex", "Scolopax rusticola"], "channels": [[{"startTime": 0.0, "endTime": 5.0, "predictions": {"probabilities": [-18.33028793334961, -3.3071465492248535], "logits": [NaN, NaN]}, "groundTruth": [0.0, 0.0]}, {"startTime": 5.0, "endTime": 10.0, "predictions": {"probabilities": [-15.980613708496094, -2.8141605854034424], "logits": [NaN, NaN]}, "groundTruth": [0.0, 0.0]}, {"startTime": 10.0, "endTime": 15.0, "predictions": {"probabilities": [-13.538148880004883, -1.7779812812805176], "logits": [NaN, NaN]}, "groundTruth": [0.0, 0.0]}, {"startTime": 15.0, "endTime": 20.0, "predictions": {"probabilities": [-15.57935619354248, -1.7925211191177368], "logits": [NaN, NaN]}, "groundTruth": [0.0, 0.0]}]]}