{"modelName": "devise-221108-v8-ep423", "version": "1", "fileId": "01f8dcad73304e878632df881c0eaa07", "classIds": ["Crex crex", "Scolopax rusticola"], "channels": [[{"startTime": 0.0, "endTime": 5.0, "predictions": {"probabilities": [1.0946042294790459e-08, 0.03532683104276657], "logits": []}, "groundTruth": [0.0, 0.0]}, {"startTime": 5.0, "endTime": 10.0, "predictions": {"probabilities": [1.147380856991731e-07, 0.05656374618411064], "logits": []}, "groundTruth": [0.0, 0.0]}, {"startTime": 10.0, "endTime": 15.0, "predictions": {"probabilities": [1.3196417967265006e-06, 0.1445525884628296], "logits": []}, "groundTruth": [0.0, 0.0]}, {"startTime": 15.0, "endTime": 20.0, "predictions": {"probabilities": [1.7138448527020955e-07, 0.1427639126777649], "logits": []}, "groundTruth": [0.0, 0.0]}]]}