{"modelName": "devise-221108-v8-ep423", "version": "1", "fileId": "01fada5e14604c35899f496799830099", "classIds": ["Crex crex", "Scolopax rusticola"], "channels": [[{"startTime": 0.0, "endTime": 5.0, "predictions": {"probabilities": [-20.54104232788086, -4.8431220054626465], "logits": [NaN, NaN]}, "groundTruth": [0.0, 0.0]}, {"startTime": 5.0, "endTime": 10.0, "predictions": {"probabilities": [-19.782602310180664, -4.482930660247803], "logits": [NaN, NaN]}, "groundTruth": [0.0, 0.0]}, {"startTime": 10.0, "endTime": 15.0, "predictions": {"probabilities": [-21.330358505249023, -5.307748317718506], "logits": [NaN, NaN]}, "groundTruth": [0.0, 0.0]}, {"startTime": 15.0, "endTime": 20.0, "predictions": {"probabilities": [-18.129863739013672, -2.034809112548828], "logits": [NaN, NaN]}, "groundTruth": [0.0, 0.0]}]]}