{"modelName": "devise-221108-v8-ep423", "version": "1", "fileId": "022cac24d5224814ad4447ac3ceefe2b", "classIds": ["Crex crex", "Scolopax rusticola"], "channels": [[{"startTime": 0.0, "endTime": 5.0, "predictions": {"probabilities": [1.9542061302502134e-09, 0.3600379228591919], "logits": []}, "groundTruth": [0.0, 0.0]}, {"startTime": 5.0, "endTime": 10.0, "predictions": {"probabilities": [5.413391956921032e-10, 0.005411274265497923], "logits": []}, "groundTruth": [0.0, 0.0]}, {"startTime": 10.0, "endTime": 15.0, "predictions": {"probabilities": [2.1327926091885274e-09, 0.2719660997390747], "logits": []}, "groundTruth": [0.0, 0.0]}, {"startTime": 15.0, "endTime": 20.0, "predictions": {"probabilities": [9.09329070375442e-11, 0.9071841835975647], "logits": []}, "groundTruth": [0.0, 0.0]}]]}