{"modelName": "devise-221108-v8-ep423", "version": "1", "fileId": "02fdc38ef37e4514a90d1d80ca62914b", "classIds": ["Crex crex", "Scolopax rusticola"], "channels": [[{"startTime": 0.0, "endTime": 5.0, "predictions": {"probabilities": [-15.668582916259766, -2.728731870651245], "logits": [NaN, NaN]}, "groundTruth": [0.0, 0.0]}, {"startTime": 5.0, "endTime": 10.0, "predictions": {"probabilities": [-12.874394416809082, -0.5586939454078674], "logits": [NaN, NaN]}, "groundTruth": [0.0, 0.0]}, {"startTime": 10.0, "endTime": 15.0, "predictions": {"probabilities": [-14.895944595336914, -1.9363704919815063], "logits": [NaN, NaN]}, "groundTruth": [0.0, 0.0]}, {"startTime": 15.0, "endTime": 20.0, "predictions": {"probabilities": [-15.423255920410156, -2.3409523963928223], "logits": [NaN, NaN]}, "groundTruth": [0.0, 0.0]}]]}