{"modelName": "devise-221108-v8-ep423", "version": "1", "fileId": "0332dd68c57e48c29bbbc8fd352652d4", "classIds": ["Crex crex", "Scolopax rusticola"], "channels": [[{"startTime": 0.0, "endTime": 5.0, "predictions": {"probabilities": [-19.794879913330078, -4.341944217681885], "logits": [NaN, NaN]}, "groundTruth": [0.0, 0.0]}, {"startTime": 5.0, "endTime": 10.0, "predictions": {"probabilities": [-22.058055877685547, -3.712730646133423], "logits": [NaN, NaN]}, "groundTruth": [0.0, 0.0]}, {"startTime": 10.0, "endTime": 15.0, "predictions": {"probabilities": [-20.925798416137695, -5.0076518058776855], "logits": [NaN, NaN]}, "groundTruth": [0.0, 0.0]}, {"startTime": 15.0, "endTime": 20.0, "predictions": {"probabilities": [-20.715747833251953, -5.107335090637207], "logits": [NaN, NaN]}, "groundTruth": [0.0, 0.0]}]]}