{"modelName": "devise-221108-v8-ep423", "version": "1", "fileId": "0332dd68c57e48c29bbbc8fd352652d4", "classIds": ["Crex crex", "Scolopax rusticola"], "channels": [[{"startTime": 0.0, "endTime": 5.0, "predictions": {"probabilities": [2.5304214279486814e-09, 0.012844090349972248], "logits": []}, "groundTruth": [0.0, 0.0]}, {"startTime": 5.0, "endTime": 10.0, "predictions": {"probabilities": [2.632134232793959e-10, 0.023829089477658272], "logits": []}, "groundTruth": [0.0, 0.0]}, {"startTime": 10.0, "endTime": 15.0, "predictions": {"probabilities": [8.166599063663682e-10, 0.0066421725787222385], "logits": []}, "groundTruth": [0.0, 0.0]}, {"startTime": 15.0, "endTime": 20.0, "predictions": {"probabilities": [1.0075462686387482e-09, 0.0060157813131809235], "logits": []}, "groundTruth": [0.0, 0.0]}]]}