{"modelName": "devise-221108-v8-ep423", "version": "1", "fileId": "034bbf16e7be43f9ac1fb7dc65dd1281", "classIds": ["Crex crex", "Scolopax rusticola"], "channels": [[{"startTime": 0.0, "endTime": 5.0, "predictions": {"probabilities": [-21.002918243408203, 5.289655685424805], "logits": [NaN, NaN]}, "groundTruth": [0.0, 1.0]}, {"startTime": 5.0, "endTime": 10.0, "predictions": {"probabilities": [-28.994117736816406, 8.526681900024414], "logits": [NaN, NaN]}, "groundTruth": [0.0, 1.0]}, {"startTime": 9.0, "endTime": 14.0, "predictions": {"probabilities": [-30.44968032836914, 9.100626945495605], "logits": [NaN, NaN]}, "groundTruth": [0.0, 1.0]}]]}