{"modelName": "devise-221108-v8-ep423", "version": "1", "fileId": "03568946531446c2affd154a02b10164", "classIds": ["Crex crex", "Scolopax rusticola"], "channels": [[{"startTime": 0.0, "endTime": 5.0, "predictions": {"probabilities": [1.4054532471163839e-07, 0.0570732057094574], "logits": []}, "groundTruth": [0.0, 0.0]}, {"startTime": 5.0, "endTime": 10.0, "predictions": {"probabilities": [1.6266299951439578e-07, 0.06069474294781685], "logits": []}, "groundTruth": [0.0, 0.0]}, {"startTime": 10.0, "endTime": 15.0, "predictions": {"probabilities": [4.622374092377868e-07, 0.1253262460231781], "logits": []}, "groundTruth": [0.0, 0.0]}, {"startTime": 15.0, "endTime": 20.0, "predictions": {"probabilities": [9.96479627701774e-08, 0.11510580033063889], "logits": []}, "groundTruth": [0.0, 0.0]}]]}