{"modelName": "devise-221108-v8-ep423", "version": "1", "fileId": "035678c368c7400c9da1532dfc62abaa", "classIds": ["Crex crex", "Scolopax rusticola"], "channels": [[{"startTime": 0.0, "endTime": 5.0, "predictions": {"probabilities": [4.0948751944824835e-08, 0.03543650731444359], "logits": []}, "groundTruth": [0.0, 0.0]}, {"startTime": 5.0, "endTime": 10.0, "predictions": {"probabilities": [5.7338279901841815e-08, 0.4273110032081604], "logits": []}, "groundTruth": [0.0, 0.0]}, {"startTime": 10.0, "endTime": 15.0, "predictions": {"probabilities": [2.7669537416841194e-07, 0.07088953256607056], "logits": []}, "groundTruth": [0.0, 0.0]}, {"startTime": 15.0, "endTime": 20.0, "predictions": {"probabilities": [1.5084239066709415e-06, 0.15588580071926117], "logits": []}, "groundTruth": [0.0, 0.0]}]]}