{"modelName": "devise-221108-v8-ep423", "version": "1", "fileId": "03ec9db172e24d5abfc33de511e22035", "classIds": ["Crex crex", "Scolopax rusticola"], "channels": [[{"startTime": 0.0, "endTime": 5.0, "predictions": {"probabilities": [7.916237620975153e-08, 0.03887505084276199], "logits": []}, "groundTruth": [0.0, 0.0]}, {"startTime": 5.0, "endTime": 10.0, "predictions": {"probabilities": [1.656012882378377e-09, 0.9893718361854553], "logits": []}, "groundTruth": [0.0, 0.0]}, {"startTime": 10.0, "endTime": 15.0, "predictions": {"probabilities": [7.484828046244729e-08, 0.043098654597997665], "logits": []}, "groundTruth": [0.0, 0.0]}, {"startTime": 15.0, "endTime": 20.0, "predictions": {"probabilities": [2.6450408086020616e-08, 0.03649388253688812], "logits": []}, "groundTruth": [0.0, 0.0]}]]}