{"modelName": "devise-221108-v8-ep423", "version": "1", "fileId": "04a6e3ecb4b543d58ff596e8e10b7c6d", "classIds": ["Crex crex", "Scolopax rusticola"], "channels": [[{"startTime": 0.0, "endTime": 5.0, "predictions": {"probabilities": [1.3085724276606925e-05, 0.41175714135169983], "logits": []}, "groundTruth": [0.0, 0.0]}, {"startTime": 5.0, "endTime": 10.0, "predictions": {"probabilities": [8.462917548968107e-07, 0.4212219715118408], "logits": []}, "groundTruth": [0.0, 0.0]}, {"startTime": 10.0, "endTime": 15.0, "predictions": {"probabilities": [5.697693836737017e-07, 0.09706228226423264], "logits": []}, "groundTruth": [0.0, 0.0]}, {"startTime": 15.0, "endTime": 20.0, "predictions": {"probabilities": [3.5574154821915727e-07, 0.3426551818847656], "logits": []}, "groundTruth": [0.0, 0.0]}]]}