{"modelName": "devise-221108-v8-ep423", "version": "1", "fileId": "04a911a1b8c94d8fbdf50ab8516de794", "classIds": ["Crex crex", "Scolopax rusticola"], "channels": [[{"startTime": 0.0, "endTime": 5.0, "predictions": {"probabilities": [-17.04741859436035, -3.426227569580078], "logits": [NaN, NaN]}, "groundTruth": [0.0, 0.0]}, {"startTime": 5.0, "endTime": 10.0, "predictions": {"probabilities": [-20.141216278076172, -4.778078556060791], "logits": [NaN, NaN]}, "groundTruth": [0.0, 0.0]}, {"startTime": 10.0, "endTime": 15.0, "predictions": {"probabilities": [-17.059974670410156, -2.666942834854126], "logits": [NaN, NaN]}, "groundTruth": [0.0, 0.0]}, {"startTime": 15.0, "endTime": 20.0, "predictions": {"probabilities": [-16.027353286743164, -3.0466315746307373], "logits": [NaN, NaN]}, "groundTruth": [0.0, 0.0]}]]}