{"modelName": "devise-221108-v8-ep423", "version": "1", "fileId": "06f75572f1c44670b4f17bd14d10de33", "classIds": ["Crex crex", "Scolopax rusticola"], "channels": [[{"startTime": 0.0, "endTime": 5.0, "predictions": {"probabilities": [4.976944723011911e-08, 0.4747563600540161], "logits": []}, "groundTruth": [0.0, 0.0]}, {"startTime": 5.0, "endTime": 10.0, "predictions": {"probabilities": [1.549354919916368e-07, 0.05976507067680359], "logits": []}, "groundTruth": [0.0, 0.0]}, {"startTime": 10.0, "endTime": 15.0, "predictions": {"probabilities": [3.648183337645605e-07, 0.13214585185050964], "logits": []}, "groundTruth": [0.0, 0.0]}, {"startTime": 15.0, "endTime": 20.0, "predictions": {"probabilities": [6.516284543067741e-07, 0.19318775832653046], "logits": []}, "groundTruth": [0.0, 0.0]}]]}