{"modelName": "devise-221108-v8-ep423", "version": "1", "fileId": "07d520299edc4de3aadb36b79ecac65d", "classIds": ["Crex crex", "Scolopax rusticola"], "channels": [[{"startTime": 0.0, "endTime": 5.0, "predictions": {"probabilities": [3.105120782720405e-08, 0.3626922070980072], "logits": []}, "groundTruth": [0.0, 0.0]}, {"startTime": 5.0, "endTime": 10.0, "predictions": {"probabilities": [8.75742589556694e-09, 0.4252277910709381], "logits": []}, "groundTruth": [0.0, 0.0]}, {"startTime": 10.0, "endTime": 15.0, "predictions": {"probabilities": [3.987181251829952e-09, 0.5117746591567993], "logits": []}, "groundTruth": [0.0, 0.0]}, {"startTime": 15.0, "endTime": 20.0, "predictions": {"probabilities": [2.6046244272492913e-08, 0.5470064878463745], "logits": []}, "groundTruth": [0.0, 0.0]}]]}