{"modelName": "devise-221108-v8-ep423", "version": "1", "fileId": "07d520299edc4de3aadb36b79ecac65d", "classIds": ["Crex crex", "Scolopax rusticola"], "channels": [[{"startTime": 0.0, "endTime": 5.0, "predictions": {"probabilities": [-17.287628173828125, -0.5636981725692749], "logits": [NaN, NaN]}, "groundTruth": [0.0, 0.0]}, {"startTime": 5.0, "endTime": 10.0, "predictions": {"probabilities": [-18.553363800048828, -0.3013487458229065], "logits": [NaN, NaN]}, "groundTruth": [0.0, 0.0]}, {"startTime": 10.0, "endTime": 15.0, "predictions": {"probabilities": [-19.340181350708008, 0.047107212245464325], "logits": [NaN, -3.0070762634277344]}, "groundTruth": [0.0, 0.0]}, {"startTime": 15.0, "endTime": 20.0, "predictions": {"probabilities": [-17.46339225769043, 0.1885829120874405], "logits": [NaN, -1.4592444896697998]}, "groundTruth": [0.0, 0.0]}]]}