{"modelName": "devise-221108-v8-ep423", "version": "1", "fileId": "07fd6787aa6c4a8299d97d94e5a28bfb", "classIds": ["Crex crex", "Scolopax rusticola"], "channels": [[{"startTime": 0.0, "endTime": 5.0, "predictions": {"probabilities": [6.242004246814759e-07, 0.6928487420082092], "logits": []}, "groundTruth": [0.0, 0.0]}, {"startTime": 5.0, "endTime": 10.0, "predictions": {"probabilities": [1.473024440201698e-07, 0.20129862427711487], "logits": []}, "groundTruth": [0.0, 0.0]}, {"startTime": 10.0, "endTime": 15.0, "predictions": {"probabilities": [1.307610020262473e-09, 0.008022410795092583], "logits": []}, "groundTruth": [0.0, 0.0]}, {"startTime": 15.0, "endTime": 20.0, "predictions": {"probabilities": [4.97279550870644e-09, 0.023322399705648422], "logits": []}, "groundTruth": [0.0, 0.0]}]]}