{"modelName": "devise-221108-v8-ep423", "version": "1", "fileId": "080c22463dca4ff7965b54285f77b2dd", "classIds": ["Crex crex", "Scolopax rusticola"], "channels": [[{"startTime": 0.0, "endTime": 5.0, "predictions": {"probabilities": [7.2943904250166725e-09, 0.017183713614940643], "logits": []}, "groundTruth": [0.0, 0.0]}, {"startTime": 5.0, "endTime": 10.0, "predictions": {"probabilities": [1.6618578513316606e-08, 0.025272825732827187], "logits": []}, "groundTruth": [0.0, 0.0]}, {"startTime": 10.0, "endTime": 15.0, "predictions": {"probabilities": [5.231672428607226e-09, 0.08573075383901596], "logits": []}, "groundTruth": [0.0, 0.0]}, {"startTime": 15.0, "endTime": 20.0, "predictions": {"probabilities": [1.4228777045488528e-09, 0.007233229000121355], "logits": []}, "groundTruth": [0.0, 0.0]}]]}