{"modelName": "devise-221108-v8-ep423", "version": "1", "fileId": "082f7326b9de48eaa21fa98d6ef82691", "classIds": ["Crex crex", "Scolopax rusticola"], "channels": [[{"startTime": 0.0, "endTime": 5.0, "predictions": {"probabilities": [1.8602273499368494e-08, 0.02236221730709076], "logits": []}, "groundTruth": [0.0, 0.0]}, {"startTime": 5.0, "endTime": 10.0, "predictions": {"probabilities": [6.101809724157192e-09, 0.02642888016998768], "logits": []}, "groundTruth": [0.0, 0.0]}, {"startTime": 10.0, "endTime": 15.0, "predictions": {"probabilities": [2.769524769519194e-07, 0.21604885160923004], "logits": []}, "groundTruth": [0.0, 0.0]}, {"startTime": 15.0, "endTime": 20.0, "predictions": {"probabilities": [5.760574239843663e-08, 0.04156126081943512], "logits": []}, "groundTruth": [0.0, 0.0]}]]}