{"modelName": "devise-221108-v8-ep423", "version": "1", "fileId": "08a744d618db41089a9a2ad2ac8500ad", "classIds": ["Crex crex", "Scolopax rusticola"], "channels": [[{"startTime": 0.0, "endTime": 5.0, "predictions": {"probabilities": [2.2162518575896684e-07, 0.07600752264261246], "logits": []}, "groundTruth": [0.0, 0.0]}, {"startTime": 5.0, "endTime": 10.0, "predictions": {"probabilities": [2.796140847749484e-07, 0.07809320092201233], "logits": []}, "groundTruth": [0.0, 0.0]}, {"startTime": 10.0, "endTime": 15.0, "predictions": {"probabilities": [4.184136592755294e-09, 0.01259521022439003], "logits": []}, "groundTruth": [0.0, 0.0]}, {"startTime": 15.0, "endTime": 20.0, "predictions": {"probabilities": [3.244594779516774e-07, 0.07897742837667465], "logits": []}, "groundTruth": [0.0, 0.0]}]]}