{"modelName": "devise-221108-v8-ep423", "version": "1", "fileId": "0909bcf2e98543319224f770d1ee603a", "classIds": ["Crex crex", "Scolopax rusticola"], "channels": [[{"startTime": 0.0, "endTime": 5.0, "predictions": {"probabilities": [-10.961816787719727, -0.13660065829753876], "logits": [NaN, NaN]}, "groundTruth": [0.0, 0.0]}, {"startTime": 5.0, "endTime": 10.0, "predictions": {"probabilities": [-12.041479110717773, -0.8883436322212219], "logits": [NaN, NaN]}, "groundTruth": [0.0, 0.0]}, {"startTime": 10.0, "endTime": 15.0, "predictions": {"probabilities": [-11.597920417785645, -0.6123878955841064], "logits": [NaN, NaN]}, "groundTruth": [0.0, 0.0]}, {"startTime": 15.0, "endTime": 20.0, "predictions": {"probabilities": [-11.37116527557373, -0.17383569478988647], "logits": [NaN, NaN]}, "groundTruth": [0.0, 0.0]}]]}