{"modelName": "devise-221108-v8-ep423", "version": "1", "fileId": "0909bcf2e98543319224f770d1ee603a", "classIds": ["Crex crex", "Scolopax rusticola"], "channels": [[{"startTime": 0.0, "endTime": 5.0, "predictions": {"probabilities": [1.7351456335745752e-05, 0.46590280532836914], "logits": []}, "groundTruth": [0.0, 0.0]}, {"startTime": 5.0, "endTime": 10.0, "predictions": {"probabilities": [5.894534297112841e-06, 0.2914517819881439], "logits": []}, "groundTruth": [0.0, 0.0]}, {"startTime": 10.0, "endTime": 15.0, "predictions": {"probabilities": [9.185085218632594e-06, 0.35151466727256775], "logits": []}, "groundTruth": [0.0, 0.0]}, {"startTime": 15.0, "endTime": 20.0, "predictions": {"probabilities": [1.1522869499458466e-05, 0.45665016770362854], "logits": []}, "groundTruth": [0.0, 0.0]}]]}