{"modelName": "devise-221108-v8-ep423", "version": "1", "fileId": "09192cefb8de41e0bbf803ef67df227f", "classIds": ["Crex crex", "Scolopax rusticola"], "channels": [[{"startTime": 0.0, "endTime": 5.0, "predictions": {"probabilities": [8.866809508845108e-09, 0.923662006855011], "logits": []}, "groundTruth": [0.0, 0.0]}, {"startTime": 5.0, "endTime": 10.0, "predictions": {"probabilities": [2.2507979480224094e-08, 0.03878621757030487], "logits": []}, "groundTruth": [0.0, 0.0]}, {"startTime": 10.0, "endTime": 15.0, "predictions": {"probabilities": [5.2975057229787126e-08, 0.1366759091615677], "logits": []}, "groundTruth": [0.0, 0.0]}, {"startTime": 15.0, "endTime": 20.0, "predictions": {"probabilities": [5.0668917950247305e-09, 0.01169737521559], "logits": []}, "groundTruth": [0.0, 0.0]}]]}