{"modelName": "devise-221108-v8-ep423", "version": "1", "fileId": "093c158d9e134d91bac8bd5bee8057f2", "classIds": ["Crex crex", "Scolopax rusticola"], "channels": [[{"startTime": 0.0, "endTime": 5.0, "predictions": {"probabilities": [1.410726024886344e-08, 0.021530602127313614], "logits": []}, "groundTruth": [0.0, 0.0]}, {"startTime": 5.0, "endTime": 10.0, "predictions": {"probabilities": [1.1166745750301743e-08, 0.017042210325598717], "logits": []}, "groundTruth": [0.0, 0.0]}, {"startTime": 10.0, "endTime": 15.0, "predictions": {"probabilities": [2.1513219650159954e-08, 0.021746329963207245], "logits": []}, "groundTruth": [0.0, 0.0]}, {"startTime": 15.0, "endTime": 20.0, "predictions": {"probabilities": [2.5645112700090067e-09, 0.008527910336852074], "logits": []}, "groundTruth": [0.0, 0.0]}]]}