{"modelName": "devise-221108-v8-ep423", "version": "1", "fileId": "0b83693116ea4d6bbb7aa21beec99000", "classIds": ["Crex crex", "Scolopax rusticola"], "channels": [[{"startTime": 0.0, "endTime": 5.0, "predictions": {"probabilities": [-19.234296798706055, -4.3704118728637695], "logits": [NaN, NaN]}, "groundTruth": [0.0, 1.0]}, {"startTime": 5.0, "endTime": 10.0, "predictions": {"probabilities": [-20.276851654052734, 2.734311819076538], "logits": [NaN, NaN]}, "groundTruth": [0.0, 1.0]}, {"startTime": 10.0, "endTime": 15.0, "predictions": {"probabilities": [-23.460006713867188, 4.5816473960876465], "logits": [NaN, NaN]}, "groundTruth": [0.0, 1.0]}]]}