{"modelName": "devise-221108-v8-ep423", "version": "1", "fileId": "0c698dcfc8c945f4bd4bdf4232f62ea4", "classIds": ["Crex crex", "Scolopax rusticola"], "channels": [[{"startTime": 0.0, "endTime": 5.0, "predictions": {"probabilities": [-23.217172622680664, -2.798082113265991], "logits": [NaN, NaN]}, "groundTruth": [0.0, 0.0]}, {"startTime": 5.0, "endTime": 10.0, "predictions": {"probabilities": [-20.034547805786133, -4.825016498565674], "logits": [NaN, NaN]}, "groundTruth": [0.0, 0.0]}, {"startTime": 10.0, "endTime": 15.0, "predictions": {"probabilities": [-21.240835189819336, -4.884685039520264], "logits": [NaN, NaN]}, "groundTruth": [0.0, 0.0]}, {"startTime": 15.0, "endTime": 20.0, "predictions": {"probabilities": [-20.06145477294922, -4.820507049560547], "logits": [NaN, NaN]}, "groundTruth": [0.0, 0.0]}]]}