{"modelName": "devise-221108-v8-ep423", "version": "1", "fileId": "0c698dcfc8c945f4bd4bdf4232f62ea4", "classIds": ["Crex crex", "Scolopax rusticola"], "channels": [[{"startTime": 0.0, "endTime": 5.0, "predictions": {"probabilities": [8.258668748872822e-11, 0.05742790549993515], "logits": []}, "groundTruth": [0.0, 0.0]}, {"startTime": 5.0, "endTime": 10.0, "predictions": {"probabilities": [1.9911612358924913e-09, 0.007962510921061039], "logits": []}, "groundTruth": [0.0, 0.0]}, {"startTime": 10.0, "endTime": 15.0, "predictions": {"probabilities": [5.959673865518766e-10, 0.00750475749373436], "logits": []}, "groundTruth": [0.0, 0.0]}, {"startTime": 15.0, "endTime": 20.0, "predictions": {"probabilities": [1.938299520887199e-09, 0.007998211309313774], "logits": []}, "groundTruth": [0.0, 0.0]}]]}