{"modelName": "devise-221108-v8-ep423", "version": "1", "fileId": "0cce82b5f31447ce821ba08ef7790abe", "classIds": ["Crex crex", "Scolopax rusticola"], "channels": [[{"startTime": 0.0, "endTime": 5.0, "predictions": {"probabilities": [-16.71451759338379, -3.2290024757385254], "logits": [NaN, NaN]}, "groundTruth": [0.0, 0.0]}, {"startTime": 5.0, "endTime": 10.0, "predictions": {"probabilities": [-14.774543762207031, -2.203385353088379], "logits": [NaN, NaN]}, "groundTruth": [0.0, 0.0]}, {"startTime": 10.0, "endTime": 15.0, "predictions": {"probabilities": [-15.412010192871094, -1.2310309410095215], "logits": [NaN, NaN]}, "groundTruth": [0.0, 0.0]}, {"startTime": 15.0, "endTime": 20.0, "predictions": {"probabilities": [-14.307531356811523, -1.9791691303253174], "logits": [NaN, NaN]}, "groundTruth": [0.0, 0.0]}]]}