{"modelName": "devise-221108-v8-ep423", "version": "1", "fileId": "0cd3beb23228476783295c93a200cb0f", "classIds": ["Crex crex", "Scolopax rusticola"], "channels": [[{"startTime": 0.0, "endTime": 5.0, "predictions": {"probabilities": [-20.06270408630371, -3.818176031112671], "logits": [NaN, NaN]}, "groundTruth": [0.0, 0.0]}, {"startTime": 5.0, "endTime": 10.0, "predictions": {"probabilities": [-20.2309513092041, -4.866034984588623], "logits": [NaN, NaN]}, "groundTruth": [0.0, 0.0]}, {"startTime": 10.0, "endTime": 15.0, "predictions": {"probabilities": [-20.302066802978516, -4.526289939880371], "logits": [NaN, NaN]}, "groundTruth": [0.0, 0.0]}, {"startTime": 15.0, "endTime": 20.0, "predictions": {"probabilities": [-22.532161712646484, -5.589106559753418], "logits": [NaN, NaN]}, "groundTruth": [0.0, 0.0]}]]}