{"modelName": "devise-221108-v8-ep423", "version": "1", "fileId": "0d8018886f654b199f705b9de512e34c", "classIds": ["Crex crex", "Scolopax rusticola"], "channels": [[{"startTime": 0.0, "endTime": 5.0, "predictions": {"probabilities": [-16.445531845092773, -3.174673557281494], "logits": [NaN, NaN]}, "groundTruth": [0.0, 0.0]}, {"startTime": 5.0, "endTime": 10.0, "predictions": {"probabilities": [-19.34339141845703, -4.549160480499268], "logits": [NaN, NaN]}, "groundTruth": [0.0, 0.0]}, {"startTime": 10.0, "endTime": 15.0, "predictions": {"probabilities": [-16.503734588623047, 0.5567776560783386], "logits": [NaN, 0.22809438407421112]}, "groundTruth": [0.0, 0.0]}, {"startTime": 15.0, "endTime": 20.0, "predictions": {"probabilities": [-16.11016082763672, -2.55287766456604], "logits": [NaN, NaN]}, "groundTruth": [0.0, 0.0]}]]}