{"modelName": "devise-221108-v8-ep423", "version": "1", "fileId": "0dc92fb093f946578589a4481212a616", "classIds": ["Crex crex", "Scolopax rusticola"], "channels": [[{"startTime": 0.0, "endTime": 5.0, "predictions": {"probabilities": [-14.323036193847656, -0.4937281012535095], "logits": [NaN, NaN]}, "groundTruth": [0.0, 0.0]}, {"startTime": 5.0, "endTime": 10.0, "predictions": {"probabilities": [-14.375417709350586, -2.037281036376953], "logits": [NaN, NaN]}, "groundTruth": [0.0, 0.0]}, {"startTime": 10.0, "endTime": 15.0, "predictions": {"probabilities": [-15.033381462097168, -2.319922924041748], "logits": [NaN, NaN]}, "groundTruth": [0.0, 0.0]}, {"startTime": 15.0, "endTime": 20.0, "predictions": {"probabilities": [-14.615686416625977, -2.10795521736145], "logits": [NaN, NaN]}, "groundTruth": [0.0, 0.0]}]]}