{"modelName": "devise-221108-v8-ep423", "version": "1", "fileId": "0e352cc2154b44c98467d3902785294e", "classIds": ["Crex crex", "Scolopax rusticola"], "channels": [[{"startTime": 0.0, "endTime": 5.0, "predictions": {"probabilities": [-13.571124076843262, -1.778183937072754], "logits": [NaN, NaN]}, "groundTruth": [0.0, 0.0]}, {"startTime": 5.0, "endTime": 10.0, "predictions": {"probabilities": [-12.964040756225586, -0.7930673956871033], "logits": [NaN, NaN]}, "groundTruth": [0.0, 0.0]}, {"startTime": 10.0, "endTime": 15.0, "predictions": {"probabilities": [-14.264180183410645, -2.1172215938568115], "logits": [NaN, NaN]}, "groundTruth": [0.0, 0.0]}, {"startTime": 15.0, "endTime": 20.0, "predictions": {"probabilities": [-16.549877166748047, -3.066864013671875], "logits": [NaN, NaN]}, "groundTruth": [0.0, 0.0]}]]}