{"modelName": "devise-221108-v8-ep423", "version": "1", "fileId": "0e50a8a229ad4c91a5354ec924fc5a20", "classIds": ["Crex crex", "Scolopax rusticola"], "channels": [[{"startTime": 0.0, "endTime": 5.0, "predictions": {"probabilities": [-19.678312301635742, 0.9267285466194153], "logits": [NaN, 2.537489652633667]}, "groundTruth": [0.0, 0.0]}, {"startTime": 5.0, "endTime": 10.0, "predictions": {"probabilities": [-17.200414657592773, -3.4041404724121094], "logits": [NaN, NaN]}, "groundTruth": [0.0, 0.0]}, {"startTime": 10.0, "endTime": 15.0, "predictions": {"probabilities": [-16.0150089263916, -1.8659303188323975], "logits": [NaN, NaN]}, "groundTruth": [0.0, 0.0]}, {"startTime": 15.0, "endTime": 20.0, "predictions": {"probabilities": [-18.739641189575195, -2.1036229133605957], "logits": [NaN, NaN]}, "groundTruth": [0.0, 0.0]}]]}