{"modelName": "devise-221108-v8-ep423", "version": "1", "fileId": "0ebbb95312c445cbbd22294c1de308f6", "classIds": ["Crex crex", "Scolopax rusticola"], "channels": [[{"startTime": 0.0, "endTime": 5.0, "predictions": {"probabilities": [3.5045559787505454e-09, 0.021244686096906662], "logits": []}, "groundTruth": [0.0, 0.0]}, {"startTime": 5.0, "endTime": 10.0, "predictions": {"probabilities": [3.656150049380358e-09, 0.012696219608187675], "logits": []}, "groundTruth": [0.0, 0.0]}, {"startTime": 10.0, "endTime": 15.0, "predictions": {"probabilities": [1.5610809311894513e-09, 0.008653630502521992], "logits": []}, "groundTruth": [0.0, 0.0]}, {"startTime": 15.0, "endTime": 20.0, "predictions": {"probabilities": [1.53152139859003e-08, 0.021957548335194588], "logits": []}, "groundTruth": [0.0, 0.0]}]]}