{"modelName": "devise-221108-v8-ep423", "version": "1", "fileId": "0ebbb95312c445cbbd22294c1de308f6", "classIds": ["Crex crex", "Scolopax rusticola"], "channels": [[{"startTime": 0.0, "endTime": 5.0, "predictions": {"probabilities": [-19.469202041625977, -3.8301749229431152], "logits": [NaN, NaN]}, "groundTruth": [0.0, 0.0]}, {"startTime": 5.0, "endTime": 10.0, "predictions": {"probabilities": [-19.426855087280273, -4.353673458099365], "logits": [NaN, NaN]}, "groundTruth": [0.0, 0.0]}, {"startTime": 10.0, "endTime": 15.0, "predictions": {"probabilities": [-20.27788734436035, -4.741085052490234], "logits": [NaN, NaN]}, "groundTruth": [0.0, 0.0]}, {"startTime": 15.0, "endTime": 20.0, "predictions": {"probabilities": [-17.99441909790039, -3.7964420318603516], "logits": [NaN, NaN]}, "groundTruth": [0.0, 0.0]}]]}