{"modelName": "devise-221108-v8-ep423", "version": "1", "fileId": "0f803de9b992429fa6d80defde884867", "classIds": ["Crex crex", "Scolopax rusticola"], "channels": [[{"startTime": 0.0, "endTime": 5.0, "predictions": {"probabilities": [2.9710914532188326e-05, 0.4395323097705841], "logits": []}, "groundTruth": [0.0, 0.0]}, {"startTime": 5.0, "endTime": 10.0, "predictions": {"probabilities": [2.1539658519031946e-06, 0.17868687212467194], "logits": []}, "groundTruth": [0.0, 0.0]}, {"startTime": 10.0, "endTime": 15.0, "predictions": {"probabilities": [3.707323159574116e-08, 0.031926143914461136], "logits": []}, "groundTruth": [0.0, 0.0]}, {"startTime": 15.0, "endTime": 20.0, "predictions": {"probabilities": [7.033585092131034e-08, 0.1060347855091095], "logits": []}, "groundTruth": [0.0, 0.0]}]]}