{"modelName": "devise-221108-v8-ep423", "version": "1", "fileId": "11471ad720fb43b788e014885099f1af", "classIds": ["Crex crex", "Scolopax rusticola"], "channels": [[{"startTime": 0.0, "endTime": 5.0, "predictions": {"probabilities": [-13.950069427490234, -2.0039515495300293], "logits": [NaN, NaN]}, "groundTruth": [0.0, 0.0]}, {"startTime": 5.0, "endTime": 10.0, "predictions": {"probabilities": [-13.444501876831055, -1.6178395748138428], "logits": [NaN, NaN]}, "groundTruth": [0.0, 0.0]}, {"startTime": 10.0, "endTime": 15.0, "predictions": {"probabilities": [-13.270089149475098, -1.5181076526641846], "logits": [NaN, NaN]}, "groundTruth": [0.0, 0.0]}, {"startTime": 15.0, "endTime": 20.0, "predictions": {"probabilities": [-14.039241790771484, -1.9309278726577759], "logits": [NaN, NaN]}, "groundTruth": [0.0, 0.0]}]]}