{"modelName": "devise-221108-v8-ep423", "version": "1", "fileId": "1194a97d244a4082a5b7b72adccca5b6", "classIds": ["Crex crex", "Scolopax rusticola"], "channels": [[{"startTime": 0.0, "endTime": 5.0, "predictions": {"probabilities": [-18.837146759033203, -0.7166160941123962], "logits": [NaN, NaN]}, "groundTruth": [0.0, 0.0]}, {"startTime": 5.0, "endTime": 10.0, "predictions": {"probabilities": [-19.76736831665039, -2.2799830436706543], "logits": [NaN, NaN]}, "groundTruth": [0.0, 0.0]}, {"startTime": 10.0, "endTime": 15.0, "predictions": {"probabilities": [-18.05036163330078, -3.911746025085449], "logits": [NaN, NaN]}, "groundTruth": [0.0, 0.0]}, {"startTime": 15.0, "endTime": 20.0, "predictions": {"probabilities": [-22.4268856048584, 1.215688943862915], "logits": [NaN, NaN]}, "groundTruth": [0.0, 0.0]}]]}