{"modelName": "devise-221108-v8-ep423", "version": "1", "fileId": "12709f11159f41eaa06e5ed33611180b", "classIds": ["Crex crex", "Scolopax rusticola"], "channels": [[{"startTime": 0.0, "endTime": 5.0, "predictions": {"probabilities": [-14.357054710388184, -1.909754991531372], "logits": [NaN, NaN]}, "groundTruth": [0.0, 0.0]}, {"startTime": 5.0, "endTime": 10.0, "predictions": {"probabilities": [-15.624323844909668, -1.989916443824768], "logits": [NaN, NaN]}, "groundTruth": [0.0, 0.0]}, {"startTime": 10.0, "endTime": 15.0, "predictions": {"probabilities": [-15.492019653320312, -0.7889279127120972], "logits": [NaN, NaN]}, "groundTruth": [0.0, 0.0]}, {"startTime": 15.0, "endTime": 20.0, "predictions": {"probabilities": [-17.66088104248047, -3.4272782802581787], "logits": [NaN, NaN]}, "groundTruth": [0.0, 0.0]}]]}