{"modelName": "devise-221108-v8-ep423", "version": "1", "fileId": "1396ed3522ce4710a89cc0fb929db436", "classIds": ["Crex crex", "Scolopax rusticola"], "channels": [[{"startTime": 0.0, "endTime": 5.0, "predictions": {"probabilities": [-24.875356674194336, 1.4040303230285645], "logits": [NaN, NaN]}, "groundTruth": [0.0, 1.0]}, {"startTime": 5.0, "endTime": 10.0, "predictions": {"probabilities": [-37.05003356933594, 26.814233779907227], "logits": [NaN, NaN]}, "groundTruth": [0.0, 1.0]}, {"startTime": 10.0, "endTime": 15.0, "predictions": {"probabilities": [-29.584964752197266, 14.804306983947754], "logits": [NaN, NaN]}, "groundTruth": [0.0, 1.0]}, {"startTime": 13.0, "endTime": 18.0, "predictions": {"probabilities": [-20.327926635742188, -1.873462200164795], "logits": [NaN, NaN]}, "groundTruth": [0.0, 1.0]}]]}