{"modelName": "devise-221108-v8-ep423", "version": "1", "fileId": "1472af877ce944acb2439d1855f2d2a5", "classIds": ["Crex crex", "Scolopax rusticola"], "channels": [[{"startTime": 0.0, "endTime": 5.0, "predictions": {"probabilities": [-18.001583099365234, -3.8056416511535645], "logits": [NaN, NaN]}, "groundTruth": [0.0, 0.0]}, {"startTime": 5.0, "endTime": 10.0, "predictions": {"probabilities": [-14.227019309997559, -2.0978710651397705], "logits": [NaN, NaN]}, "groundTruth": [0.0, 0.0]}, {"startTime": 10.0, "endTime": 15.0, "predictions": {"probabilities": [-15.290362358093262, -2.5335042476654053], "logits": [NaN, NaN]}, "groundTruth": [0.0, 0.0]}, {"startTime": 15.0, "endTime": 20.0, "predictions": {"probabilities": [-18.04927635192871, -2.531907558441162], "logits": [NaN, NaN]}, "groundTruth": [0.0, 0.0]}]]}