{"modelName": "devise-221108-v8-ep423", "version": "1", "fileId": "1472af877ce944acb2439d1855f2d2a5", "classIds": ["Crex crex", "Scolopax rusticola"], "channels": [[{"startTime": 0.0, "endTime": 5.0, "predictions": {"probabilities": [1.520588810421941e-08, 0.02176085114479065], "logits": []}, "groundTruth": [0.0, 0.0]}, {"startTime": 5.0, "endTime": 10.0, "predictions": {"probabilities": [6.626493131989264e-07, 0.10930392146110535], "logits": []}, "groundTruth": [0.0, 0.0]}, {"startTime": 10.0, "endTime": 15.0, "predictions": {"probabilities": [2.2881258132656512e-07, 0.0735425278544426], "logits": []}, "groundTruth": [0.0, 0.0]}, {"startTime": 15.0, "endTime": 20.0, "predictions": {"probabilities": [1.4497691935844159e-08, 0.07365139573812485], "logits": []}, "groundTruth": [0.0, 0.0]}]]}