{"modelName": "devise-221108-v8-ep423", "version": "1", "fileId": "148d914a379649a58b184262cefc411e", "classIds": ["Crex crex", "Scolopax rusticola"], "channels": [[{"startTime": 0.0, "endTime": 5.0, "predictions": {"probabilities": [1.8425009784550639e-06, 0.1930413693189621], "logits": []}, "groundTruth": [0.0, 0.0]}, {"startTime": 5.0, "endTime": 10.0, "predictions": {"probabilities": [5.83616565563716e-06, 0.44242435693740845], "logits": []}, "groundTruth": [0.0, 0.0]}]]}