{"modelName": "devise-221108-v8-ep423", "version": "1", "fileId": "14deb730cede4fb9baa7add303e56580", "classIds": ["Crex crex", "Scolopax rusticola"], "channels": [[{"startTime": 0.0, "endTime": 5.0, "predictions": {"probabilities": [-17.706350326538086, -3.3535842895507812], "logits": [NaN, NaN]}, "groundTruth": [0.0, 1.0]}, {"startTime": 5.0, "endTime": 10.0, "predictions": {"probabilities": [-17.90718650817871, 6.338887691497803], "logits": [NaN, NaN]}, "groundTruth": [0.0, 1.0]}, {"startTime": 10.0, "endTime": 15.0, "predictions": {"probabilities": [-38.7747802734375, 27.052295684814453], "logits": [NaN, NaN]}, "groundTruth": [0.0, 1.0]}, {"startTime": 13.0, "endTime": 18.0, "predictions": {"probabilities": [-34.45173263549805, 9.517245292663574], "logits": [NaN, NaN]}, "groundTruth": [0.0, 1.0]}]]}