{"modelName": "devise-221108-v8-ep423", "version": "1", "fileId": "14deb730cede4fb9baa7add303e56580", "classIds": ["Crex crex", "Scolopax rusticola"], "channels": [[{"startTime": 0.0, "endTime": 5.0, "predictions": {"probabilities": [2.0428185365517493e-08, 0.03377798572182655], "logits": []}, "groundTruth": [0.0, 1.0]}, {"startTime": 5.0, "endTime": 10.0, "predictions": {"probabilities": [1.6711203087993454e-08, 0.9982367753982544], "logits": []}, "groundTruth": [0.0, 1.0]}, {"startTime": 10.0, "endTime": 15.0, "predictions": {"probabilities": [1.446528125735167e-17, 1.0], "logits": []}, "groundTruth": [0.0, 1.0]}, {"startTime": 13.0, "endTime": 18.0, "predictions": {"probabilities": [1.0909444488665303e-15, 0.9999264478683472], "logits": []}, "groundTruth": [0.0, 1.0]}]]}