{"modelName": "devise-221108-v8-ep423", "version": "1", "fileId": "15de5c4c1fe044cd82f081d2a0951ae3", "classIds": ["Crex crex", "Scolopax rusticola"], "channels": [[{"startTime": 0.0, "endTime": 5.0, "predictions": {"probabilities": [-15.922012329101562, -2.530841827392578], "logits": [NaN, NaN]}, "groundTruth": [0.0, 0.0]}, {"startTime": 5.0, "endTime": 10.0, "predictions": {"probabilities": [-16.193559646606445, -1.4775514602661133], "logits": [NaN, NaN]}, "groundTruth": [0.0, 0.0]}, {"startTime": 10.0, "endTime": 15.0, "predictions": {"probabilities": [-16.153335571289062, -2.6305172443389893], "logits": [NaN, NaN]}, "groundTruth": [0.0, 0.0]}, {"startTime": 15.0, "endTime": 20.0, "predictions": {"probabilities": [-16.44561195373535, -0.9791691303253174], "logits": [NaN, NaN]}, "groundTruth": [0.0, 0.0]}]]}