{"modelName": "devise-221108-v8-ep423", "version": "1", "fileId": "16aa49a2591c471ba9456efc3d717b94", "classIds": ["Crex crex", "Scolopax rusticola"], "channels": [[{"startTime": 0.0, "endTime": 5.0, "predictions": {"probabilities": [5.4391055215319284e-08, 0.039868809282779694], "logits": []}, "groundTruth": [0.0, 0.0]}, {"startTime": 5.0, "endTime": 10.0, "predictions": {"probabilities": [4.0096956865909306e-08, 0.033679187297821045], "logits": []}, "groundTruth": [0.0, 0.0]}, {"startTime": 10.0, "endTime": 15.0, "predictions": {"probabilities": [2.4868182890713797e-07, 0.07945108413696289], "logits": []}, "groundTruth": [0.0, 0.0]}, {"startTime": 15.0, "endTime": 20.0, "predictions": {"probabilities": [5.382663204045457e-08, 0.04705580323934555], "logits": []}, "groundTruth": [0.0, 0.0]}]]}