{"modelName": "devise-221108-v8-ep423", "version": "1", "fileId": "16aa49a2591c471ba9456efc3d717b94", "classIds": ["Crex crex", "Scolopax rusticola"], "channels": [[{"startTime": 0.0, "endTime": 5.0, "predictions": {"probabilities": [-16.727066040039062, -3.1814756393432617], "logits": [NaN, NaN]}, "groundTruth": [0.0, 0.0]}, {"startTime": 5.0, "endTime": 10.0, "predictions": {"probabilities": [-17.031965255737305, -3.3566157817840576], "logits": [NaN, NaN]}, "groundTruth": [0.0, 0.0]}, {"startTime": 10.0, "endTime": 15.0, "predictions": {"probabilities": [-15.207091331481934, -2.449828624725342], "logits": [NaN, NaN]}, "groundTruth": [0.0, 0.0]}, {"startTime": 15.0, "endTime": 20.0, "predictions": {"probabilities": [-16.737497329711914, -3.0082221031188965], "logits": [NaN, NaN]}, "groundTruth": [0.0, 0.0]}]]}