{"modelName": "devise-221108-v8-ep423", "version": "1", "fileId": "174d3727f15c432b8aafd464f8ce2e62", "classIds": ["Crex crex", "Scolopax rusticola"], "channels": [[{"startTime": 0.0, "endTime": 5.0, "predictions": {"probabilities": [5.446701834443957e-06, 0.3176950216293335], "logits": []}, "groundTruth": [0.0, 0.0]}, {"startTime": 5.0, "endTime": 10.0, "predictions": {"probabilities": [1.2720558970613638e-06, 0.27157697081565857], "logits": []}, "groundTruth": [0.0, 0.0]}, {"startTime": 10.0, "endTime": 15.0, "predictions": {"probabilities": [8.992410585051402e-06, 0.4560249447822571], "logits": []}, "groundTruth": [0.0, 0.0]}, {"startTime": 15.0, "endTime": 20.0, "predictions": {"probabilities": [1.2368860780043178e-07, 0.9930263757705688], "logits": []}, "groundTruth": [0.0, 0.0]}]]}