{"modelName": "devise-221108-v8-ep423", "version": "1", "fileId": "17a15b18feab464db5cfdca0d8799123", "classIds": ["Crex crex", "Scolopax rusticola"], "channels": [[{"startTime": 0.0, "endTime": 5.0, "predictions": {"probabilities": [1.0409235279285056e-10, 0.9407714605331421], "logits": []}, "groundTruth": [0.0, 0.0]}, {"startTime": 5.0, "endTime": 10.0, "predictions": {"probabilities": [1.1599357542177446e-12, 0.9991389513015747], "logits": []}, "groundTruth": [0.0, 1.0]}, {"startTime": 10.0, "endTime": 15.0, "predictions": {"probabilities": [2.124186677249229e-12, 0.999438464641571], "logits": []}, "groundTruth": [0.0, 1.0]}, {"startTime": 11.0, "endTime": 16.0, "predictions": {"probabilities": [2.2943863822733057e-11, 0.9890613555908203], "logits": []}, "groundTruth": [0.0, 1.0]}]]}