{"modelName": "devise-221108-v8-ep423", "version": "1", "fileId": "17f83305206c4e779f7c8466b88728ac", "classIds": ["Crex crex", "Scolopax rusticola"], "channels": [[{"startTime": 0.0, "endTime": 5.0, "predictions": {"probabilities": [-11.508950233459473, 0.46239936351776123], "logits": [NaN, -0.15068703889846802]}, "groundTruth": [0.0, 0.0]}, {"startTime": 5.0, "endTime": 10.0, "predictions": {"probabilities": [-12.889954566955566, -1.0680010318756104], "logits": [NaN, NaN]}, "groundTruth": [0.0, 0.0]}, {"startTime": 10.0, "endTime": 15.0, "predictions": {"probabilities": [-15.56867504119873, -2.4786882400512695], "logits": [NaN, NaN]}, "groundTruth": [0.0, 0.0]}, {"startTime": 15.0, "endTime": 20.0, "predictions": {"probabilities": [-12.76701545715332, 0.2752184271812439], "logits": [NaN, -0.9683052897453308]}, "groundTruth": [0.0, 0.0]}]]}