{"modelName": "devise-221108-v8-ep423", "version": "1", "fileId": "1837b600ec384c8294894d0a4643abe2", "classIds": ["Crex crex", "Scolopax rusticola"], "channels": [[{"startTime": 0.0, "endTime": 5.0, "predictions": {"probabilities": [-21.743816375732422, -4.024063587188721], "logits": [NaN, NaN]}, "groundTruth": [0.0, 0.0]}, {"startTime": 5.0, "endTime": 10.0, "predictions": {"probabilities": [-21.528039932250977, -3.991318702697754], "logits": [NaN, NaN]}, "groundTruth": [0.0, 0.0]}, {"startTime": 10.0, "endTime": 15.0, "predictions": {"probabilities": [-16.939151763916016, -2.9814932346343994], "logits": [NaN, NaN]}, "groundTruth": [0.0, 0.0]}, {"startTime": 15.0, "endTime": 20.0, "predictions": {"probabilities": [-20.88129234313965, -4.959201812744141], "logits": [NaN, NaN]}, "groundTruth": [0.0, 0.0]}]]}