{"modelName": "devise-221108-v8-ep423", "version": "1", "fileId": "1837106191ae4aeda6f34a5a6b1f2d94", "classIds": ["Crex crex", "Scolopax rusticola"], "channels": [[{"startTime": 0.0, "endTime": 5.0, "predictions": {"probabilities": [2.6704070066330132e-08, 0.035068850964307785], "logits": []}, "groundTruth": [0.0, 0.0]}, {"startTime": 5.0, "endTime": 10.0, "predictions": {"probabilities": [1.7618677350395018e-10, 0.8690178990364075], "logits": []}, "groundTruth": [0.0, 0.0]}]]}