{"modelName": "devise-221108-v8-ep423", "version": "1", "fileId": "1839f51eedeb495dbd5643e8078a2ab6", "classIds": ["Crex crex", "Scolopax rusticola"], "channels": [[{"startTime": 0.0, "endTime": 5.0, "predictions": {"probabilities": [-14.799826622009277, 0.2265673130750656], "logits": [NaN, -1.2277965545654297]}, "groundTruth": [0.0, 0.0]}, {"startTime": 5.0, "endTime": 10.0, "predictions": {"probabilities": [-14.343284606933594, -2.0935051441192627], "logits": [NaN, NaN]}, "groundTruth": [0.0, 0.0]}, {"startTime": 10.0, "endTime": 15.0, "predictions": {"probabilities": [-15.194400787353516, -2.19356369972229], "logits": [NaN, NaN]}, "groundTruth": [0.0, 0.0]}, {"startTime": 15.0, "endTime": 20.0, "predictions": {"probabilities": [-16.103395462036133, -2.9435946941375732], "logits": [NaN, NaN]}, "groundTruth": [0.0, 0.0]}]]}