{"modelName": "devise-221108-v8-ep423", "version": "1", "fileId": "187650c92a714edbb2eb3ea993e7d527", "classIds": ["Crex crex", "Scolopax rusticola"], "channels": [[{"startTime": 0.0, "endTime": 5.0, "predictions": {"probabilities": [8.44466921989806e-06, 0.4410315155982971], "logits": []}, "groundTruth": [0.0, 0.0]}, {"startTime": 5.0, "endTime": 10.0, "predictions": {"probabilities": [4.174305104243103e-06, 0.3145931363105774], "logits": []}, "groundTruth": [0.0, 0.0]}, {"startTime": 10.0, "endTime": 15.0, "predictions": {"probabilities": [8.23118807602441e-06, 0.3737686276435852], "logits": []}, "groundTruth": [0.0, 0.0]}, {"startTime": 15.0, "endTime": 20.0, "predictions": {"probabilities": [2.7266835331829498e-06, 0.2527187466621399], "logits": []}, "groundTruth": [0.0, 0.0]}]]}