{"modelName": "devise-221108-v8-ep423", "version": "1", "fileId": "187650c92a714edbb2eb3ea993e7d527", "classIds": ["Crex crex", "Scolopax rusticola"], "channels": [[{"startTime": 0.0, "endTime": 5.0, "predictions": {"probabilities": [-11.681966781616211, -0.2369767427444458], "logits": [NaN, NaN]}, "groundTruth": [0.0, 0.0]}, {"startTime": 5.0, "endTime": 10.0, "predictions": {"probabilities": [-12.386558532714844, -0.7787323594093323], "logits": [NaN, NaN]}, "groundTruth": [0.0, 0.0]}, {"startTime": 10.0, "endTime": 15.0, "predictions": {"probabilities": [-11.707571983337402, -0.5160830020904541], "logits": [NaN, NaN]}, "groundTruth": [0.0, 0.0]}, {"startTime": 15.0, "endTime": 20.0, "predictions": {"probabilities": [-12.812421798706055, -1.0841643810272217], "logits": [NaN, NaN]}, "groundTruth": [0.0, 0.0]}]]}