{"modelName": "devise-221108-v8-ep423", "version": "1", "fileId": "1971879b1bf847d08b9d3f2ac04f2b70", "classIds": ["Crex crex", "Scolopax rusticola"], "channels": [[{"startTime": 0.0, "endTime": 5.0, "predictions": {"probabilities": [4.257117769412844e-09, 0.014734531752765179], "logits": []}, "groundTruth": [0.0, 0.0]}, {"startTime": 5.0, "endTime": 10.0, "predictions": {"probabilities": [6.458949997067975e-08, 0.07624045759439468], "logits": []}, "groundTruth": [0.0, 0.0]}, {"startTime": 10.0, "endTime": 15.0, "predictions": {"probabilities": [2.1069559430486606e-09, 0.008535654284060001], "logits": []}, "groundTruth": [0.0, 0.0]}, {"startTime": 15.0, "endTime": 20.0, "predictions": {"probabilities": [1.7041443811649515e-09, 0.0076146675273776054], "logits": []}, "groundTruth": [0.0, 0.0]}]]}