{"modelName": "devise-221108-v8-ep423", "version": "1", "fileId": "1982be89b59e4ba0bf82d66b8a836cdc", "classIds": ["Crex crex", "Scolopax rusticola"], "channels": [[{"startTime": 0.0, "endTime": 5.0, "predictions": {"probabilities": [2.42277392592527e-10, 0.040993403643369675], "logits": []}, "groundTruth": [0.0, 0.0]}, {"startTime": 5.0, "endTime": 10.0, "predictions": {"probabilities": [1.1907923180842772e-07, 0.05776304379105568], "logits": []}, "groundTruth": [0.0, 0.0]}, {"startTime": 10.0, "endTime": 15.0, "predictions": {"probabilities": [2.1756256796123807e-09, 0.013616953045129776], "logits": []}, "groundTruth": [0.0, 0.0]}, {"startTime": 15.0, "endTime": 20.0, "predictions": {"probabilities": [2.1447258191642504e-08, 0.025789812207221985], "logits": []}, "groundTruth": [0.0, 0.0]}]]}