{"modelName": "devise-221108-v8-ep423", "version": "1", "fileId": "1a93a7c1fc414feb9952b0b13a528bed", "classIds": ["Crex crex", "Scolopax rusticola"], "channels": [[{"startTime": 0.0, "endTime": 5.0, "predictions": {"probabilities": [8.460350500172353e-07, 0.16294848918914795], "logits": []}, "groundTruth": [0.0, 0.0]}, {"startTime": 5.0, "endTime": 10.0, "predictions": {"probabilities": [1.2982046548870585e-08, 0.0422649085521698], "logits": []}, "groundTruth": [0.0, 0.0]}, {"startTime": 10.0, "endTime": 15.0, "predictions": {"probabilities": [2.956145124244358e-07, 0.08856761455535889], "logits": []}, "groundTruth": [0.0, 0.0]}, {"startTime": 15.0, "endTime": 20.0, "predictions": {"probabilities": [9.712672266459776e-08, 0.041599515825510025], "logits": []}, "groundTruth": [0.0, 0.0]}]]}