{"modelName": "devise-221108-v8-ep423", "version": "1", "fileId": "1a93a7c1fc414feb9952b0b13a528bed", "classIds": ["Crex crex", "Scolopax rusticola"], "channels": [[{"startTime": 0.0, "endTime": 5.0, "predictions": {"probabilities": [-13.982704162597656, -1.6364514827728271], "logits": [NaN, NaN]}, "groundTruth": [0.0, 0.0]}, {"startTime": 5.0, "endTime": 10.0, "predictions": {"probabilities": [-18.159698486328125, -3.1206140518188477], "logits": [NaN, NaN]}, "groundTruth": [0.0, 0.0]}, {"startTime": 10.0, "endTime": 15.0, "predictions": {"probabilities": [-15.034209251403809, -2.3312511444091797], "logits": [NaN, NaN]}, "groundTruth": [0.0, 0.0]}, {"startTime": 15.0, "endTime": 20.0, "predictions": {"probabilities": [-16.147249221801758, -3.1371772289276123], "logits": [NaN, NaN]}, "groundTruth": [0.0, 0.0]}]]}