{"modelName": "devise-221108-v8-ep423", "version": "1", "fileId": "1ae1226b4ef54919a52a14b5d8acfae2", "classIds": ["Crex crex", "Scolopax rusticola"], "channels": [[{"startTime": 0.0, "endTime": 5.0, "predictions": {"probabilities": [2.9639088960919935e-09, 0.5616655945777893], "logits": []}, "groundTruth": [0.0, 0.0]}, {"startTime": 5.0, "endTime": 10.0, "predictions": {"probabilities": [8.400512507833469e-10, 0.011447133496403694], "logits": []}, "groundTruth": [0.0, 0.0]}, {"startTime": 10.0, "endTime": 15.0, "predictions": {"probabilities": [2.541852062165617e-09, 0.014368168078362942], "logits": []}, "groundTruth": [0.0, 0.0]}, {"startTime": 15.0, "endTime": 20.0, "predictions": {"probabilities": [2.1211048473190885e-09, 0.008274003863334656], "logits": []}, "groundTruth": [0.0, 0.0]}]]}