{"modelName": "devise-221108-v8-ep423", "version": "1", "fileId": "1ae1226b4ef54919a52a14b5d8acfae2", "classIds": ["Crex crex", "Scolopax rusticola"], "channels": [[{"startTime": 0.0, "endTime": 5.0, "predictions": {"probabilities": [-19.636756896972656, 0.24792449176311493], "logits": [NaN, -1.1097124814987183]}, "groundTruth": [0.0, 0.0]}, {"startTime": 5.0, "endTime": 10.0, "predictions": {"probabilities": [-20.897558212280273, -4.458502769470215], "logits": [NaN, NaN]}, "groundTruth": [0.0, 0.0]}, {"startTime": 10.0, "endTime": 15.0, "predictions": {"probabilities": [-19.790372848510742, -4.228267669677734], "logits": [NaN, NaN]}, "groundTruth": [0.0, 0.0]}, {"startTime": 15.0, "endTime": 20.0, "predictions": {"probabilities": [-19.971328735351562, -4.786328315734863], "logits": [NaN, NaN]}, "groundTruth": [0.0, 0.0]}]]}