{"modelName": "devise-221108-v8-ep423", "version": "1", "fileId": "1ba3db4c06f541ed9ca6277958f1681c", "classIds": ["Crex crex", "Scolopax rusticola"], "channels": [[{"startTime": 0.0, "endTime": 5.0, "predictions": {"probabilities": [-21.069440841674805, -5.3050312995910645], "logits": [NaN, NaN]}, "groundTruth": [0.0, 0.0]}, {"startTime": 5.0, "endTime": 10.0, "predictions": {"probabilities": [-20.088943481445312, -4.444522380828857], "logits": [NaN, NaN]}, "groundTruth": [0.0, 0.0]}, {"startTime": 10.0, "endTime": 15.0, "predictions": {"probabilities": [-17.646034240722656, -1.2449053525924683], "logits": [NaN, NaN]}, "groundTruth": [0.0, 0.0]}, {"startTime": 15.0, "endTime": 20.0, "predictions": {"probabilities": [-20.313871383666992, -4.8190765380859375], "logits": [NaN, NaN]}, "groundTruth": [0.0, 0.0]}]]}