{"modelName": "devise-221108-v8-ep423", "version": "1", "fileId": "1c56fa41fdb44611a7c475a43f0927d3", "classIds": ["Crex crex", "Scolopax rusticola"], "channels": [[{"startTime": 0.0, "endTime": 5.0, "predictions": {"probabilities": [-13.55882740020752, -0.2945930063724518], "logits": [NaN, NaN]}, "groundTruth": [0.0, 0.0]}, {"startTime": 5.0, "endTime": 10.0, "predictions": {"probabilities": [-13.48830795288086, -0.5543173551559448], "logits": [NaN, NaN]}, "groundTruth": [0.0, 0.0]}, {"startTime": 10.0, "endTime": 15.0, "predictions": {"probabilities": [-11.76135540008545, -0.7736204266548157], "logits": [NaN, NaN]}, "groundTruth": [0.0, 0.0]}, {"startTime": 15.0, "endTime": 20.0, "predictions": {"probabilities": [-11.729480743408203, -0.6080788969993591], "logits": [NaN, NaN]}, "groundTruth": [0.0, 0.0]}]]}