{"modelName": "devise-221108-v8-ep423", "version": "1", "fileId": "1c56fa41fdb44611a7c475a43f0927d3", "classIds": ["Crex crex", "Scolopax rusticola"], "channels": [[{"startTime": 0.0, "endTime": 5.0, "predictions": {"probabilities": [1.292633783123165e-06, 0.42687979340553284], "logits": []}, "groundTruth": [0.0, 0.0]}, {"startTime": 5.0, "endTime": 10.0, "predictions": {"probabilities": [1.38708048780245e-06, 0.3648633360862732], "logits": []}, "groundTruth": [0.0, 0.0]}, {"startTime": 10.0, "endTime": 15.0, "predictions": {"probabilities": [7.80018399382243e-06, 0.31569644808769226], "logits": []}, "groundTruth": [0.0, 0.0]}, {"startTime": 15.0, "endTime": 20.0, "predictions": {"probabilities": [8.052815246628597e-06, 0.35249754786491394], "logits": []}, "groundTruth": [0.0, 0.0]}]]}