{"modelName": "devise-221108-v8-ep423", "version": "1", "fileId": "1c9dc21c22c14b76837e2708f39b39cc", "classIds": ["Crex crex", "Scolopax rusticola"], "channels": [[{"startTime": 0.0, "endTime": 5.0, "predictions": {"probabilities": [-18.290325164794922, -0.622992753982544], "logits": [NaN, NaN]}, "groundTruth": [0.0, 0.0]}, {"startTime": 5.0, "endTime": 10.0, "predictions": {"probabilities": [-13.833195686340332, -1.2044950723648071], "logits": [NaN, NaN]}, "groundTruth": [0.0, 0.0]}, {"startTime": 10.0, "endTime": 15.0, "predictions": {"probabilities": [-17.495634078979492, -3.4744181632995605], "logits": [NaN, NaN]}, "groundTruth": [0.0, 0.0]}, {"startTime": 15.0, "endTime": 20.0, "predictions": {"probabilities": [-17.06241798400879, -3.3819358348846436], "logits": [NaN, NaN]}, "groundTruth": [0.0, 0.0]}]]}