{"modelName": "devise-221108-v8-ep423", "version": "1", "fileId": "1c9dc21c22c14b76837e2708f39b39cc", "classIds": ["Crex crex", "Scolopax rusticola"], "channels": [[{"startTime": 0.0, "endTime": 5.0, "predictions": {"probabilities": [1.1392333298942958e-08, 0.34910112619400024], "logits": []}, "groundTruth": [0.0, 0.0]}, {"startTime": 5.0, "endTime": 10.0, "predictions": {"probabilities": [9.824693734117318e-07, 0.2306765466928482], "logits": []}, "groundTruth": [0.0, 0.0]}, {"startTime": 10.0, "endTime": 15.0, "predictions": {"probabilities": [2.5219859978165005e-08, 0.03004894219338894], "logits": []}, "groundTruth": [0.0, 0.0]}, {"startTime": 15.0, "endTime": 20.0, "predictions": {"probabilities": [3.8894306442216475e-08, 0.03286480903625488], "logits": []}, "groundTruth": [0.0, 0.0]}]]}