{"modelName": "devise-221108-v8-ep423", "version": "1", "fileId": "1cc419f062e44ce09976fcef8d9a0f76", "classIds": ["Crex crex", "Scolopax rusticola"], "channels": [[{"startTime": 0.0, "endTime": 5.0, "predictions": {"probabilities": [-19.084341049194336, 6.492063522338867], "logits": [NaN, NaN]}, "groundTruth": [0.0, 0.0]}, {"startTime": 5.0, "endTime": 10.0, "predictions": {"probabilities": [-11.19467830657959, -0.3477533459663391], "logits": [NaN, NaN]}, "groundTruth": [0.0, 0.0]}, {"startTime": 10.0, "endTime": 15.0, "predictions": {"probabilities": [-12.738273620605469, -0.19419655203819275], "logits": [NaN, NaN]}, "groundTruth": [0.0, 0.0]}, {"startTime": 15.0, "endTime": 20.0, "predictions": {"probabilities": [-11.663665771484375, -0.6835047006607056], "logits": [NaN, NaN]}, "groundTruth": [0.0, 0.0]}]]}