{"modelName": "devise-221108-v8-ep423", "version": "1", "fileId": "1d33bb20082440c38a6356b5f4c1bd6f", "classIds": ["Crex crex", "Scolopax rusticola"], "channels": [[{"startTime": 0.0, "endTime": 5.0, "predictions": {"probabilities": [5.836878244735999e-06, 0.3688714802265167], "logits": []}, "groundTruth": [0.0, 0.0]}, {"startTime": 5.0, "endTime": 10.0, "predictions": {"probabilities": [6.1527239267888945e-06, 0.37806621193885803], "logits": []}, "groundTruth": [0.0, 0.0]}, {"startTime": 10.0, "endTime": 15.0, "predictions": {"probabilities": [1.2992608162676333e-06, 0.17458809912204742], "logits": []}, "groundTruth": [0.0, 0.0]}, {"startTime": 15.0, "endTime": 20.0, "predictions": {"probabilities": [2.1082340140310407e-07, 0.0808183029294014], "logits": []}, "groundTruth": [0.0, 0.0]}]]}