{"modelName": "devise-221108-v8-ep423", "version": "1", "fileId": "1d4527e367dd453381b8d57643887373", "classIds": ["Crex crex", "Scolopax rusticola"], "channels": [[{"startTime": 0.0, "endTime": 5.0, "predictions": {"probabilities": [4.393328012497477e-08, 0.032368578016757965], "logits": []}, "groundTruth": [0.0, 0.0]}, {"startTime": 5.0, "endTime": 10.0, "predictions": {"probabilities": [5.101561839637725e-08, 0.459870845079422], "logits": []}, "groundTruth": [0.0, 0.0]}, {"startTime": 10.0, "endTime": 15.0, "predictions": {"probabilities": [9.311164461678345e-08, 0.05358504876494408], "logits": []}, "groundTruth": [0.0, 0.0]}, {"startTime": 15.0, "endTime": 20.0, "predictions": {"probabilities": [1.1830768897880262e-07, 0.06437861919403076], "logits": []}, "groundTruth": [0.0, 0.0]}]]}