{"modelName": "devise-221108-v8-ep423", "version": "1", "fileId": "1d4527e367dd453381b8d57643887373", "classIds": ["Crex crex", "Scolopax rusticola"], "channels": [[{"startTime": 0.0, "endTime": 5.0, "predictions": {"probabilities": [-16.940593719482422, -3.397663116455078], "logits": [NaN, NaN]}, "groundTruth": [0.0, 0.0]}, {"startTime": 5.0, "endTime": 10.0, "predictions": {"probabilities": [-16.791133880615234, -0.16086262464523315], "logits": [NaN, NaN]}, "groundTruth": [0.0, 0.0]}, {"startTime": 10.0, "endTime": 15.0, "predictions": {"probabilities": [-16.18946647644043, -2.871411085128784], "logits": [NaN, NaN]}, "groundTruth": [0.0, 0.0]}, {"startTime": 15.0, "endTime": 20.0, "predictions": {"probabilities": [-15.949976921081543, -2.676429271697998], "logits": [NaN, NaN]}, "groundTruth": [0.0, 0.0]}]]}