{"modelName": "devise-221108-v8-ep423", "version": "1", "fileId": "1da74845520b4056a1a8ff4a329d391c", "classIds": ["Crex crex", "Scolopax rusticola"], "channels": [[{"startTime": 0.0, "endTime": 5.0, "predictions": {"probabilities": [3.1607459760607526e-08, 0.043418120592832565], "logits": []}, "groundTruth": [0.0, 0.0]}, {"startTime": 5.0, "endTime": 10.0, "predictions": {"probabilities": [5.856502394152585e-09, 0.037067972123622894], "logits": []}, "groundTruth": [0.0, 0.0]}, {"startTime": 10.0, "endTime": 15.0, "predictions": {"probabilities": [2.3977435592570373e-09, 0.016923869028687477], "logits": []}, "groundTruth": [0.0, 0.0]}, {"startTime": 15.0, "endTime": 20.0, "predictions": {"probabilities": [4.0638926890324e-08, 0.02986772358417511], "logits": []}, "groundTruth": [0.0, 0.0]}]]}