{"modelName": "devise-221108-v8-ep423", "version": "1", "fileId": "1da74845520b4056a1a8ff4a329d391c", "classIds": ["Crex crex", "Scolopax rusticola"], "channels": [[{"startTime": 0.0, "endTime": 5.0, "predictions": {"probabilities": [-17.269872665405273, -3.09248948097229], "logits": [NaN, NaN]}, "groundTruth": [0.0, 0.0]}, {"startTime": 5.0, "endTime": 10.0, "predictions": {"probabilities": [-18.955713272094727, -3.2572295665740967], "logits": [NaN, NaN]}, "groundTruth": [0.0, 0.0]}, {"startTime": 10.0, "endTime": 15.0, "predictions": {"probabilities": [-19.848737716674805, -4.061961650848389], "logits": [NaN, NaN]}, "groundTruth": [0.0, 0.0]}, {"startTime": 15.0, "endTime": 20.0, "predictions": {"probabilities": [-17.018539428710938, -3.480654001235962], "logits": [NaN, NaN]}, "groundTruth": [0.0, 0.0]}]]}