{"modelName": "devise-221108-v8-ep423", "version": "1", "fileId": "1f9269bfc9644c29a14153844e5c33e6", "classIds": ["Crex crex", "Scolopax rusticola"], "channels": [[{"startTime": 0.0, "endTime": 5.0, "predictions": {"probabilities": [1.045414704239564e-13, 0.9999083280563354], "logits": []}, "groundTruth": [0.0, 1.0]}, {"startTime": 5.0, "endTime": 10.0, "predictions": {"probabilities": [1.2173023548368855e-13, 0.9999982118606567], "logits": []}, "groundTruth": [0.0, 1.0]}, {"startTime": 9.0, "endTime": 14.0, "predictions": {"probabilities": [3.263067713168283e-13, 0.9992813467979431], "logits": []}, "groundTruth": [0.0, 0.0]}]]}