{"modelName": "devise-221108-v8-ep423", "version": "1", "fileId": "1f9269bfc9644c29a14153844e5c33e6", "classIds": ["Crex crex", "Scolopax rusticola"], "channels": [[{"startTime": 0.0, "endTime": 5.0, "predictions": {"probabilities": [-29.889192581176758, 9.29675579071045], "logits": [NaN, NaN]}, "groundTruth": [0.0, 1.0]}, {"startTime": 5.0, "endTime": 10.0, "predictions": {"probabilities": [-29.736968994140625, 13.240751266479492], "logits": [NaN, NaN]}, "groundTruth": [0.0, 1.0]}, {"startTime": 9.0, "endTime": 14.0, "predictions": {"probabilities": [-28.750938415527344, 7.237338066101074], "logits": [NaN, NaN]}, "groundTruth": [0.0, 0.0]}]]}