{"modelName": "devise-221108-v8-ep423", "version": "1", "fileId": "1f9fdc67200048c0868689e2cd1fd156", "classIds": ["Crex crex", "Scolopax rusticola"], "channels": [[{"startTime": 0.0, "endTime": 5.0, "predictions": {"probabilities": [-19.287811279296875, -0.29580235481262207], "logits": [NaN, NaN]}, "groundTruth": [0.0, 0.0]}, {"startTime": 5.0, "endTime": 10.0, "predictions": {"probabilities": [-19.07634735107422, -4.459120273590088], "logits": [NaN, NaN]}, "groundTruth": [0.0, 0.0]}, {"startTime": 10.0, "endTime": 15.0, "predictions": {"probabilities": [-22.70128631591797, 2.3842968940734863], "logits": [NaN, NaN]}, "groundTruth": [0.0, 0.0]}, {"startTime": 15.0, "endTime": 20.0, "predictions": {"probabilities": [-31.603208541870117, 14.7052001953125], "logits": [NaN, NaN]}, "groundTruth": [0.0, 0.0]}]]}