{"modelName": "devise-221108-v8-ep423", "version": "1", "fileId": "1ff5e40264874388b0c6f28fa50d03f6", "classIds": ["Crex crex", "Scolopax rusticola"], "channels": [[{"startTime": 0.0, "endTime": 5.0, "predictions": {"probabilities": [4.5878584264968936e-10, 0.004633595701307058], "logits": []}, "groundTruth": [0.0, 0.0]}, {"startTime": 5.0, "endTime": 10.0, "predictions": {"probabilities": [4.85761031399079e-09, 0.1436791568994522], "logits": []}, "groundTruth": [0.0, 0.0]}, {"startTime": 10.0, "endTime": 15.0, "predictions": {"probabilities": [1.4090634214980469e-09, 0.011084875091910362], "logits": []}, "groundTruth": [0.0, 0.0]}, {"startTime": 15.0, "endTime": 20.0, "predictions": {"probabilities": [4.328638336659196e-09, 0.01103815995156765], "logits": []}, "groundTruth": [0.0, 0.0]}]]}