{"modelName": "devise-221108-v8-ep423", "version": "1", "fileId": "2064433e5f18415fac2b6de08c994c10", "classIds": ["Crex crex", "Scolopax rusticola"], "channels": [[{"startTime": 0.0, "endTime": 5.0, "predictions": {"probabilities": [-13.867146492004395, -1.9198718070983887], "logits": [NaN, NaN]}, "groundTruth": [0.0, 0.0]}, {"startTime": 5.0, "endTime": 10.0, "predictions": {"probabilities": [-10.37384033203125, 0.15726253390312195], "logits": [NaN, -1.6787388324737549]}, "groundTruth": [0.0, 0.0]}, {"startTime": 10.0, "endTime": 15.0, "predictions": {"probabilities": [-10.57306957244873, -0.16530188918113708], "logits": [NaN, NaN]}, "groundTruth": [0.0, 0.0]}, {"startTime": 15.0, "endTime": 20.0, "predictions": {"probabilities": [-10.232571601867676, 0.05715031921863556], "logits": [NaN, -2.8032219409942627]}, "groundTruth": [0.0, 0.0]}]]}