{"modelName": "devise-221108-v8-ep423", "version": "1", "fileId": "20c67abaf5b048da85c4f7db126b5c27", "classIds": ["Crex crex", "Scolopax rusticola"], "channels": [[{"startTime": 0.0, "endTime": 5.0, "predictions": {"probabilities": [-19.925628662109375, -4.592247486114502], "logits": [NaN, NaN]}, "groundTruth": [0.0, 0.0]}, {"startTime": 5.0, "endTime": 10.0, "predictions": {"probabilities": [-15.309826850891113, -2.3710715770721436], "logits": [NaN, NaN]}, "groundTruth": [0.0, 0.0]}, {"startTime": 10.0, "endTime": 15.0, "predictions": {"probabilities": [-18.499361038208008, -3.7959725856781006], "logits": [NaN, NaN]}, "groundTruth": [0.0, 0.0]}, {"startTime": 15.0, "endTime": 20.0, "predictions": {"probabilities": [-18.32725715637207, -0.3702588677406311], "logits": [NaN, NaN]}, "groundTruth": [0.0, 0.0]}]]}