{"modelName": "devise-221108-v8-ep423", "version": "1", "fileId": "20c67abaf5b048da85c4f7db126b5c27", "classIds": ["Crex crex", "Scolopax rusticola"], "channels": [[{"startTime": 0.0, "endTime": 5.0, "predictions": {"probabilities": [2.2202886196254212e-09, 0.0100284768268466], "logits": []}, "groundTruth": [0.0, 0.0]}, {"startTime": 5.0, "endTime": 10.0, "predictions": {"probabilities": [2.2440194413775316e-07, 0.08540540188550949], "logits": []}, "groundTruth": [0.0, 0.0]}, {"startTime": 10.0, "endTime": 15.0, "predictions": {"probabilities": [9.243353638055396e-09, 0.021967634558677673], "logits": []}, "groundTruth": [0.0, 0.0]}, {"startTime": 15.0, "endTime": 20.0, "predictions": {"probabilities": [1.0979267273114601e-08, 0.4084784686565399], "logits": []}, "groundTruth": [0.0, 0.0]}]]}