{"modelName": "devise-221108-v8-ep423", "version": "1", "fileId": "20f5fb3c7a304c9daaa96719db510676", "classIds": ["Crex crex", "Scolopax rusticola"], "channels": [[{"startTime": 0.0, "endTime": 5.0, "predictions": {"probabilities": [1.7622379573367652e-06, 0.21415306627750397], "logits": []}, "groundTruth": [0.0, 0.0]}, {"startTime": 5.0, "endTime": 10.0, "predictions": {"probabilities": [5.774016926807235e-07, 0.1285432130098343], "logits": []}, "groundTruth": [0.0, 0.0]}, {"startTime": 10.0, "endTime": 15.0, "predictions": {"probabilities": [2.816786661696824e-07, 0.2198033332824707], "logits": []}, "groundTruth": [0.0, 0.0]}, {"startTime": 15.0, "endTime": 20.0, "predictions": {"probabilities": [3.896143141446373e-07, 0.11047300696372986], "logits": []}, "groundTruth": [0.0, 0.0]}]]}