{"modelName": "devise-221108-v8-ep423", "version": "1", "fileId": "218b3f98057e44bbb8c9a6d8ac71333a", "classIds": ["Crex crex", "Scolopax rusticola"], "channels": [[{"startTime": 0.0, "endTime": 5.0, "predictions": {"probabilities": [1.0681840649340302e-05, 0.36823931336402893], "logits": []}, "groundTruth": [0.0, 0.0]}, {"startTime": 5.0, "endTime": 10.0, "predictions": {"probabilities": [6.312069672276266e-06, 0.3007831871509552], "logits": []}, "groundTruth": [0.0, 0.0]}, {"startTime": 10.0, "endTime": 15.0, "predictions": {"probabilities": [6.806849528473435e-10, 0.9999276399612427], "logits": []}, "groundTruth": [0.0, 0.0]}, {"startTime": 15.0, "endTime": 20.0, "predictions": {"probabilities": [7.864661455414534e-08, 0.8538244962692261], "logits": []}, "groundTruth": [0.0, 0.0]}]]}