{"modelName": "devise-221108-v8-ep423", "version": "1", "fileId": "22896f8d46464c90be5b7c6566f94f8f", "classIds": ["Crex crex", "Scolopax rusticola"], "channels": [[{"startTime": 0.0, "endTime": 5.0, "predictions": {"probabilities": [-19.168088912963867, -4.472639083862305], "logits": [NaN, NaN]}, "groundTruth": [0.0, 0.0]}, {"startTime": 5.0, "endTime": 10.0, "predictions": {"probabilities": [-19.21520233154297, -4.526325225830078], "logits": [NaN, NaN]}, "groundTruth": [0.0, 0.0]}, {"startTime": 10.0, "endTime": 15.0, "predictions": {"probabilities": [-20.112106323242188, -4.905725479125977], "logits": [NaN, NaN]}, "groundTruth": [0.0, 0.0]}, {"startTime": 15.0, "endTime": 20.0, "predictions": {"probabilities": [-18.56076431274414, -3.5331497192382812], "logits": [NaN, NaN]}, "groundTruth": [0.0, 0.0]}]]}