{"modelName": "devise-221108-v8-ep423", "version": "1", "fileId": "228abcf5e6124efbb6433b0f0139e642", "classIds": ["Crex crex", "Scolopax rusticola"], "channels": [[{"startTime": 0.0, "endTime": 5.0, "predictions": {"probabilities": [3.704565460793674e-05, 0.5724089741706848], "logits": []}, "groundTruth": [0.0, 0.0]}, {"startTime": 5.0, "endTime": 10.0, "predictions": {"probabilities": [4.8463130042364355e-06, 0.8853705525398254], "logits": []}, "groundTruth": [0.0, 0.0]}, {"startTime": 10.0, "endTime": 15.0, "predictions": {"probabilities": [6.654972094111145e-05, 0.5754002332687378], "logits": []}, "groundTruth": [0.0, 0.0]}, {"startTime": 15.0, "endTime": 20.0, "predictions": {"probabilities": [3.1618924367649015e-07, 0.14984767138957977], "logits": []}, "groundTruth": [0.0, 0.0]}]]}