{"modelName": "devise-221108-v8-ep423", "version": "1", "fileId": "22daef2ab7f14df6b7d4c72d3d111414", "classIds": ["Crex crex", "Scolopax rusticola"], "channels": [[{"startTime": 0.0, "endTime": 5.0, "predictions": {"probabilities": [1.15592890814753e-09, 0.010512927547097206], "logits": []}, "groundTruth": [0.0, 0.0]}, {"startTime": 5.0, "endTime": 10.0, "predictions": {"probabilities": [1.2096259105476292e-08, 0.02031346596777439], "logits": []}, "groundTruth": [0.0, 0.0]}, {"startTime": 10.0, "endTime": 15.0, "predictions": {"probabilities": [1.8590841088794718e-09, 0.008021493442356586], "logits": []}, "groundTruth": [0.0, 0.0]}, {"startTime": 15.0, "endTime": 20.0, "predictions": {"probabilities": [1.2356706768912318e-09, 0.008933533914387226], "logits": []}, "groundTruth": [0.0, 0.0]}]]}