{"modelName": "devise-221108-v8-ep423", "version": "1", "fileId": "24d40c110e5640bc9c96dcca3c26bcb8", "classIds": ["Crex crex", "Scolopax rusticola"], "channels": [[{"startTime": 0.0, "endTime": 5.0, "predictions": {"probabilities": [2.5024073480039988e-08, 0.055155858397483826], "logits": []}, "groundTruth": [0.0, 0.0]}, {"startTime": 5.0, "endTime": 10.0, "predictions": {"probabilities": [6.338923275173158e-10, 0.006349078379571438], "logits": []}, "groundTruth": [0.0, 0.0]}, {"startTime": 10.0, "endTime": 15.0, "predictions": {"probabilities": [6.554135012493134e-08, 0.06407725811004639], "logits": []}, "groundTruth": [0.0, 0.0]}, {"startTime": 15.0, "endTime": 20.0, "predictions": {"probabilities": [3.2078212086616986e-08, 0.03066270984709263], "logits": []}, "groundTruth": [0.0, 0.0]}]]}