{"modelName": "devise-221108-v8-ep423", "version": "1", "fileId": "24f91449e801404ca299e0217d38c714", "classIds": ["Crex crex", "Scolopax rusticola"], "channels": [[{"startTime": 0.0, "endTime": 5.0, "predictions": {"probabilities": [2.9768928988538335e-10, 0.46605148911476135], "logits": []}, "groundTruth": [0.0, 0.0]}, {"startTime": 5.0, "endTime": 10.0, "predictions": {"probabilities": [3.396341541339609e-10, 0.6002433896064758], "logits": []}, "groundTruth": [0.0, 0.0]}, {"startTime": 10.0, "endTime": 15.0, "predictions": {"probabilities": [9.843680315313463e-10, 0.345473051071167], "logits": []}, "groundTruth": [0.0, 0.0]}, {"startTime": 15.0, "endTime": 20.0, "predictions": {"probabilities": [5.7866937908102045e-09, 0.016401048749685287], "logits": []}, "groundTruth": [0.0, 0.0]}]]}