{"modelName": "devise-221108-v8-ep423", "version": "1", "fileId": "26aa2e6d7521438f909ff9b164f7dfb9", "classIds": ["Crex crex", "Scolopax rusticola"], "channels": [[{"startTime": 0.0, "endTime": 5.0, "predictions": {"probabilities": [-19.94953727722168, 1.4161115884780884], "logits": [NaN, NaN]}, "groundTruth": [0.0, 0.0]}, {"startTime": 5.0, "endTime": 10.0, "predictions": {"probabilities": [-16.13328742980957, -3.117004871368408], "logits": [NaN, NaN]}, "groundTruth": [0.0, 0.0]}, {"startTime": 10.0, "endTime": 15.0, "predictions": {"probabilities": [-15.188215255737305, -2.392641544342041], "logits": [NaN, NaN]}, "groundTruth": [0.0, 0.0]}, {"startTime": 15.0, "endTime": 20.0, "predictions": {"probabilities": [-14.782486915588379, -1.9887452125549316], "logits": [NaN, NaN]}, "groundTruth": [0.0, 0.0]}]]}