{"modelName": "devise-221108-v8-ep423", "version": "1", "fileId": "26c806cd676d49d782f070cc654973a6", "classIds": ["Crex crex", "Scolopax rusticola"], "channels": [[{"startTime": 0.0, "endTime": 5.0, "predictions": {"probabilities": [-18.903200149536133, -3.884995937347412], "logits": [NaN, NaN]}, "groundTruth": [0.0, 0.0]}, {"startTime": 5.0, "endTime": 10.0, "predictions": {"probabilities": [-17.38976287841797, -1.1726689338684082], "logits": [NaN, NaN]}, "groundTruth": [0.0, 0.0]}, {"startTime": 10.0, "endTime": 15.0, "predictions": {"probabilities": [-17.66579818725586, -3.6222448348999023], "logits": [NaN, NaN]}, "groundTruth": [0.0, 0.0]}, {"startTime": 15.0, "endTime": 20.0, "predictions": {"probabilities": [-17.756492614746094, -3.8098058700561523], "logits": [NaN, NaN]}, "groundTruth": [0.0, 0.0]}]]}