{"modelName": "devise-221108-v8-ep423", "version": "1", "fileId": "26e89f6be6ea4d73a6a20dbd442050c9", "classIds": ["Crex crex", "Scolopax rusticola"], "channels": [[{"startTime": 0.0, "endTime": 5.0, "predictions": {"probabilities": [1.565062319741628e-07, 0.055221959948539734], "logits": []}, "groundTruth": [0.0, 0.0]}, {"startTime": 5.0, "endTime": 10.0, "predictions": {"probabilities": [3.786653678616858e-06, 0.2313450425863266], "logits": []}, "groundTruth": [0.0, 0.0]}, {"startTime": 10.0, "endTime": 15.0, "predictions": {"probabilities": [1.0572119180096706e-08, 0.016796810552477837], "logits": []}, "groundTruth": [0.0, 0.0]}, {"startTime": 15.0, "endTime": 20.0, "predictions": {"probabilities": [5.007048997640595e-09, 0.015181738883256912], "logits": []}, "groundTruth": [0.0, 0.0]}]]}