{"modelName": "devise-221108-v8-ep423", "version": "1", "fileId": "2721e20377be4a81852e79a942849ca6", "classIds": ["Crex crex", "Scolopax rusticola"], "channels": [[{"startTime": 0.0, "endTime": 5.0, "predictions": {"probabilities": [-18.698034286499023, 3.5159823894500732], "logits": [NaN, NaN]}, "groundTruth": [0.0, 0.0]}, {"startTime": 5.0, "endTime": 10.0, "predictions": {"probabilities": [-19.425628662109375, 3.2444980144500732], "logits": [NaN, NaN]}, "groundTruth": [0.0, 0.0]}, {"startTime": 10.0, "endTime": 15.0, "predictions": {"probabilities": [-17.04062271118164, -3.3528788089752197], "logits": [NaN, NaN]}, "groundTruth": [0.0, 0.0]}, {"startTime": 15.0, "endTime": 20.0, "predictions": {"probabilities": [-19.101123809814453, -3.7246389389038086], "logits": [NaN, NaN]}, "groundTruth": [0.0, 0.0]}]]}