{"modelName": "devise-221108-v8-ep423", "version": "1", "fileId": "27963c6fd6754282bf4917aab1f0d30f", "classIds": ["Crex crex", "Scolopax rusticola"], "channels": [[{"startTime": 0.0, "endTime": 5.0, "predictions": {"probabilities": [1.5598525138216246e-08, 0.08452285826206207], "logits": []}, "groundTruth": [0.0, 0.0]}, {"startTime": 5.0, "endTime": 10.0, "predictions": {"probabilities": [5.04631725295468e-10, 0.004663827829062939], "logits": []}, "groundTruth": [0.0, 0.0]}, {"startTime": 10.0, "endTime": 15.0, "predictions": {"probabilities": [1.4347870669340068e-09, 0.007747390773147345], "logits": []}, "groundTruth": [0.0, 0.0]}, {"startTime": 15.0, "endTime": 20.0, "predictions": {"probabilities": [4.745789539128964e-09, 0.12885922193527222], "logits": []}, "groundTruth": [0.0, 0.0]}]]}