{"modelName": "devise-221108-v8-ep423", "version": "1", "fileId": "27dd0c4425cf46dcaa7f9c67ad8a80b8", "classIds": ["Crex crex", "Scolopax rusticola"], "channels": [[{"startTime": 0.0, "endTime": 5.0, "predictions": {"probabilities": [-23.40105628967285, 4.3890180587768555], "logits": [NaN, NaN]}, "groundTruth": [0.0, 0.0]}, {"startTime": 5.0, "endTime": 10.0, "predictions": {"probabilities": [-18.631446838378906, -2.2668309211730957], "logits": [NaN, NaN]}, "groundTruth": [0.0, 0.0]}, {"startTime": 10.0, "endTime": 15.0, "predictions": {"probabilities": [-15.972436904907227, -2.2425973415374756], "logits": [NaN, NaN]}, "groundTruth": [0.0, 0.0]}, {"startTime": 15.0, "endTime": 20.0, "predictions": {"probabilities": [-18.470754623413086, -3.992034912109375], "logits": [NaN, NaN]}, "groundTruth": [0.0, 0.0]}]]}