{"modelName": "devise-221108-v8-ep423", "version": "1", "fileId": "27eba54852b04aeab81707af189b023b", "classIds": ["Crex crex", "Scolopax rusticola"], "channels": [[{"startTime": 0.0, "endTime": 5.0, "predictions": {"probabilities": [1.9787858462905206e-08, 0.020761089399456978], "logits": []}, "groundTruth": [0.0, 0.0]}, {"startTime": 5.0, "endTime": 10.0, "predictions": {"probabilities": [1.5935928843191505e-07, 0.06417769938707352], "logits": []}, "groundTruth": [0.0, 0.0]}, {"startTime": 10.0, "endTime": 15.0, "predictions": {"probabilities": [1.835905649727465e-08, 0.0217881016433239], "logits": []}, "groundTruth": [0.0, 0.0]}, {"startTime": 15.0, "endTime": 20.0, "predictions": {"probabilities": [1.6604923658292137e-08, 0.021203096956014633], "logits": []}, "groundTruth": [0.0, 0.0]}]]}