{"modelName": "devise-221108-v8-ep423", "version": "1", "fileId": "282aad70c50145409e160616b7873194", "classIds": ["Crex crex", "Scolopax rusticola"], "channels": [[{"startTime": 0.0, "endTime": 5.0, "predictions": {"probabilities": [1.6655992141068054e-08, 0.022408414632081985], "logits": []}, "groundTruth": [0.0, 0.0]}, {"startTime": 5.0, "endTime": 10.0, "predictions": {"probabilities": [1.2679738370380278e-09, 0.3109956979751587], "logits": []}, "groundTruth": [0.0, 0.0]}, {"startTime": 10.0, "endTime": 15.0, "predictions": {"probabilities": [1.217589158386545e-07, 0.06120714172720909], "logits": []}, "groundTruth": [0.0, 0.0]}, {"startTime": 15.0, "endTime": 20.0, "predictions": {"probabilities": [1.2905931434659124e-08, 0.16987882554531097], "logits": []}, "groundTruth": [0.0, 0.0]}]]}