{"modelName": "devise-221108-v8-ep423", "version": "1", "fileId": "284ee613616f466cb1a6276692ed91c9", "classIds": ["Crex crex", "Scolopax rusticola"], "channels": [[{"startTime": 0.0, "endTime": 5.0, "predictions": {"probabilities": [5.276188517200353e-07, 0.12762539088726044], "logits": []}, "groundTruth": [0.0, 0.0]}, {"startTime": 5.0, "endTime": 10.0, "predictions": {"probabilities": [2.373812293399169e-07, 0.09379857778549194], "logits": []}, "groundTruth": [0.0, 0.0]}, {"startTime": 10.0, "endTime": 15.0, "predictions": {"probabilities": [1.8941607038414077e-07, 0.08215615898370743], "logits": []}, "groundTruth": [0.0, 0.0]}, {"startTime": 15.0, "endTime": 20.0, "predictions": {"probabilities": [4.634228645272742e-08, 0.05165776237845421], "logits": []}, "groundTruth": [0.0, 0.0]}]]}