{"modelName": "devise-221108-v8-ep423", "version": "1", "fileId": "28e666e6e9844fb2bcfe30ae71988568", "classIds": ["Crex crex", "Scolopax rusticola"], "channels": [[{"startTime": 0.0, "endTime": 5.0, "predictions": {"probabilities": [-18.348289489746094, -4.085741996765137], "logits": [NaN, NaN]}, "groundTruth": [0.0, 0.0]}, {"startTime": 5.0, "endTime": 10.0, "predictions": {"probabilities": [-21.56224250793457, -5.149308204650879], "logits": [NaN, NaN]}, "groundTruth": [0.0, 0.0]}, {"startTime": 10.0, "endTime": 15.0, "predictions": {"probabilities": [-18.764846801757812, -1.9302531480789185], "logits": [NaN, NaN]}, "groundTruth": [0.0, 0.0]}, {"startTime": 15.0, "endTime": 20.0, "predictions": {"probabilities": [-18.680028915405273, -4.055634021759033], "logits": [NaN, NaN]}, "groundTruth": [0.0, 0.0]}]]}