{"modelName": "devise-221108-v8-ep423", "version": "1", "fileId": "28e666e6e9844fb2bcfe30ae71988568", "classIds": ["Crex crex", "Scolopax rusticola"], "channels": [[{"startTime": 0.0, "endTime": 5.0, "predictions": {"probabilities": [1.0750759393829412e-08, 0.016532734036445618], "logits": []}, "groundTruth": [0.0, 0.0]}, {"startTime": 5.0, "endTime": 10.0, "predictions": {"probabilities": [4.321525359785028e-10, 0.005769933108240366], "logits": []}, "groundTruth": [0.0, 0.0]}, {"startTime": 10.0, "endTime": 15.0, "predictions": {"probabilities": [7.088111875219738e-09, 0.1267225593328476], "logits": []}, "groundTruth": [0.0, 0.0]}, {"startTime": 15.0, "endTime": 20.0, "predictions": {"probabilities": [7.715543759445609e-09, 0.01702946610748768], "logits": []}, "groundTruth": [0.0, 0.0]}]]}