{"modelName": "devise-221108-v8-ep423", "version": "1", "fileId": "290372ba25374da19ddfeec78da8b966", "classIds": ["Crex crex", "Scolopax rusticola"], "channels": [[{"startTime": 0.0, "endTime": 5.0, "predictions": {"probabilities": [5.0328931138210464e-06, 0.2745835483074188], "logits": []}, "groundTruth": [0.0, 0.0]}, {"startTime": 5.0, "endTime": 10.0, "predictions": {"probabilities": [1.1584218555071857e-05, 0.4500533938407898], "logits": []}, "groundTruth": [0.0, 0.0]}, {"startTime": 10.0, "endTime": 15.0, "predictions": {"probabilities": [5.394709887696081e-07, 0.1039053201675415], "logits": []}, "groundTruth": [0.0, 0.0]}, {"startTime": 15.0, "endTime": 20.0, "predictions": {"probabilities": [7.357620575021429e-07, 0.1392759531736374], "logits": []}, "groundTruth": [0.0, 0.0]}]]}