{"modelName": "devise-221108-v8-ep423", "version": "1", "fileId": "29d0f3b55f0e45c9803d499928aafe1e", "classIds": ["Crex crex", "Scolopax rusticola"], "channels": [[{"startTime": 0.0, "endTime": 5.0, "predictions": {"probabilities": [-16.254201889038086, -2.1690104007720947], "logits": [NaN, NaN]}, "groundTruth": [0.0, 0.0]}, {"startTime": 5.0, "endTime": 10.0, "predictions": {"probabilities": [-17.088123321533203, -2.3549106121063232], "logits": [NaN, NaN]}, "groundTruth": [0.0, 0.0]}, {"startTime": 10.0, "endTime": 15.0, "predictions": {"probabilities": [-16.44975471496582, -3.0433759689331055], "logits": [NaN, NaN]}, "groundTruth": [0.0, 0.0]}, {"startTime": 15.0, "endTime": 20.0, "predictions": {"probabilities": [-16.207273483276367, -1.7939510345458984], "logits": [NaN, NaN]}, "groundTruth": [0.0, 0.0]}]]}