{"modelName": "devise-221108-v8-ep423", "version": "1", "fileId": "2a51b385c7a1453b823b8acb978a045a", "classIds": ["Crex crex", "Scolopax rusticola"], "channels": [[{"startTime": 0.0, "endTime": 5.0, "predictions": {"probabilities": [-30.536773681640625, 8.484421730041504], "logits": [NaN, NaN]}, "groundTruth": [0.0, 1.0]}, {"startTime": 5.0, "endTime": 10.0, "predictions": {"probabilities": [-24.213769912719727, 2.2492377758026123], "logits": [NaN, NaN]}, "groundTruth": [0.0, 1.0]}, {"startTime": 10.0, "endTime": 15.0, "predictions": {"probabilities": [-29.02924346923828, 13.896998405456543], "logits": [NaN, NaN]}, "groundTruth": [0.0, 1.0]}, {"startTime": 12.0, "endTime": 17.0, "predictions": {"probabilities": [-24.989280700683594, 4.440609455108643], "logits": [NaN, NaN]}, "groundTruth": [0.0, 1.0]}]]}