{"modelName": "devise-221108-v8-ep423", "version": "1", "fileId": "2ab0b118f1c14f3781180e5f645f5b1b", "classIds": ["Crex crex", "Scolopax rusticola"], "channels": [[{"startTime": 0.0, "endTime": 5.0, "predictions": {"probabilities": [-17.332988739013672, 0.14774715900421143], "logits": [NaN, -1.7523808479309082]}, "groundTruth": [0.0, 0.0]}, {"startTime": 5.0, "endTime": 10.0, "predictions": {"probabilities": [-20.10295295715332, -4.746209144592285], "logits": [NaN, NaN]}, "groundTruth": [0.0, 0.0]}, {"startTime": 10.0, "endTime": 15.0, "predictions": {"probabilities": [-17.04784393310547, -2.7490029335021973], "logits": [NaN, NaN]}, "groundTruth": [0.0, 0.0]}, {"startTime": 15.0, "endTime": 20.0, "predictions": {"probabilities": [-18.113168716430664, -3.092336654663086], "logits": [NaN, NaN]}, "groundTruth": [0.0, 0.0]}]]}