{"modelName": "devise-221108-v8-ep423", "version": "1", "fileId": "2ab0b118f1c14f3781180e5f645f5b1b", "classIds": ["Crex crex", "Scolopax rusticola"], "channels": [[{"startTime": 0.0, "endTime": 5.0, "predictions": {"probabilities": [2.967417600530098e-08, 0.5368697643280029], "logits": []}, "groundTruth": [0.0, 0.0]}, {"startTime": 5.0, "endTime": 10.0, "predictions": {"probabilities": [1.8595098794094156e-09, 0.00860978290438652], "logits": []}, "groundTruth": [0.0, 0.0]}, {"startTime": 10.0, "endTime": 15.0, "predictions": {"probabilities": [3.946530569010065e-08, 0.060142986476421356], "logits": []}, "groundTruth": [0.0, 0.0]}, {"startTime": 15.0, "endTime": 20.0, "predictions": {"probabilities": [1.360037238384848e-08, 0.04342447221279144], "logits": []}, "groundTruth": [0.0, 0.0]}]]}