{"modelName": "devise-221108-v8-ep423", "version": "1", "fileId": "2b5508954ef04ab7a370c1d25a1ccd97", "classIds": ["Crex crex", "Scolopax rusticola"], "channels": [[{"startTime": 0.0, "endTime": 5.0, "predictions": {"probabilities": [-19.02166175842285, -2.2020010948181152], "logits": [NaN, NaN]}, "groundTruth": [0.0, 0.0]}, {"startTime": 5.0, "endTime": 10.0, "predictions": {"probabilities": [-20.159744262695312, -3.387256145477295], "logits": [NaN, NaN]}, "groundTruth": [0.0, 0.0]}, {"startTime": 10.0, "endTime": 15.0, "predictions": {"probabilities": [-18.186325073242188, -3.79962420463562], "logits": [NaN, NaN]}, "groundTruth": [0.0, 0.0]}, {"startTime": 15.0, "endTime": 20.0, "predictions": {"probabilities": [-19.179027557373047, -4.439174175262451], "logits": [NaN, NaN]}, "groundTruth": [0.0, 0.0]}]]}