{"modelName": "devise-221108-v8-ep423", "version": "1", "fileId": "2b5508954ef04ab7a370c1d25a1ccd97", "classIds": ["Crex crex", "Scolopax rusticola"], "channels": [[{"startTime": 0.0, "endTime": 5.0, "predictions": {"probabilities": [5.48273515477149e-09, 0.09957093000411987], "logits": []}, "groundTruth": [0.0, 0.0]}, {"startTime": 5.0, "endTime": 10.0, "predictions": {"probabilities": [1.7568485555230495e-09, 0.03269612416625023], "logits": []}, "groundTruth": [0.0, 0.0]}, {"startTime": 10.0, "endTime": 15.0, "predictions": {"probabilities": [1.2640939850427912e-08, 0.02188931405544281], "logits": []}, "groundTruth": [0.0, 0.0]}, {"startTime": 15.0, "endTime": 20.0, "predictions": {"probabilities": [4.68440219947297e-09, 0.01166793517768383], "logits": []}, "groundTruth": [0.0, 0.0]}]]}