{"modelName": "devise-221108-v8-ep423", "version": "1", "fileId": "2b71b57dc128426c845cae5d86b4b1ed", "classIds": ["Crex crex", "Scolopax rusticola"], "channels": [[{"startTime": 0.0, "endTime": 5.0, "predictions": {"probabilities": [-21.339746475219727, -5.262576103210449], "logits": [NaN, NaN]}, "groundTruth": [0.0, 0.0]}, {"startTime": 5.0, "endTime": 10.0, "predictions": {"probabilities": [-21.669979095458984, -5.330089569091797], "logits": [NaN, NaN]}, "groundTruth": [0.0, 0.0]}, {"startTime": 10.0, "endTime": 15.0, "predictions": {"probabilities": [-21.882335662841797, -4.525754451751709], "logits": [NaN, NaN]}, "groundTruth": [0.0, 0.0]}, {"startTime": 15.0, "endTime": 20.0, "predictions": {"probabilities": [-22.384931564331055, -5.738547325134277], "logits": [NaN, NaN]}, "groundTruth": [0.0, 0.0]}]]}