{"modelName": "devise-221108-v8-ep423", "version": "1", "fileId": "2b993c65616e4e068ef40e7d18e8dc63", "classIds": ["Crex crex", "Scolopax rusticola"], "channels": [[{"startTime": 0.0, "endTime": 5.0, "predictions": {"probabilities": [-23.91550064086914, -3.0383222103118896], "logits": [NaN, NaN]}, "groundTruth": [0.0, 1.0]}, {"startTime": 5.0, "endTime": 10.0, "predictions": {"probabilities": [-28.587360382080078, 7.460053443908691], "logits": [NaN, NaN]}, "groundTruth": [0.0, 1.0]}, {"startTime": 9.0, "endTime": 14.0, "predictions": {"probabilities": [-20.360641479492188, -4.887797832489014], "logits": [NaN, NaN]}, "groundTruth": [0.0, 0.0]}]]}