{"modelName": "devise-221108-v8-ep423", "version": "1", "fileId": "2b993c65616e4e068ef40e7d18e8dc63", "classIds": ["Crex crex", "Scolopax rusticola"], "channels": [[{"startTime": 0.0, "endTime": 5.0, "predictions": {"probabilities": [4.1079962348478105e-11, 0.04572432488203049], "logits": []}, "groundTruth": [0.0, 1.0]}, {"startTime": 5.0, "endTime": 10.0, "predictions": {"probabilities": [3.842971134458001e-13, 0.9994246959686279], "logits": []}, "groundTruth": [0.0, 1.0]}, {"startTime": 9.0, "endTime": 14.0, "predictions": {"probabilities": [1.4370959977583198e-09, 0.0074816071428358555], "logits": []}, "groundTruth": [0.0, 0.0]}]]}