{"modelName": "devise-221108-v8-ep423", "version": "1", "fileId": "2bfd476a8035405daa11f3291066b487", "classIds": ["Crex crex", "Scolopax rusticola"], "channels": [[{"startTime": 0.0, "endTime": 5.0, "predictions": {"probabilities": [2.4839079681981957e-09, 0.011245795525610447], "logits": []}, "groundTruth": [0.0, 0.0]}, {"startTime": 5.0, "endTime": 10.0, "predictions": {"probabilities": [1.6263083324474792e-08, 0.023765968158841133], "logits": []}, "groundTruth": [0.0, 0.0]}, {"startTime": 10.0, "endTime": 15.0, "predictions": {"probabilities": [1.0092335855915735e-08, 0.02195368893444538], "logits": []}, "groundTruth": [0.0, 0.0]}, {"startTime": 15.0, "endTime": 20.0, "predictions": {"probabilities": [1.5441463574461523e-07, 0.06463565677404404], "logits": []}, "groundTruth": [0.0, 0.0]}]]}