{"modelName": "devise-221108-v8-ep423", "version": "1", "fileId": "2bfd476a8035405daa11f3291066b487", "classIds": ["Crex crex", "Scolopax rusticola"], "channels": [[{"startTime": 0.0, "endTime": 5.0, "predictions": {"probabilities": [-19.813432693481445, -4.476451396942139], "logits": [NaN, NaN]}, "groundTruth": [0.0, 0.0]}, {"startTime": 5.0, "endTime": 10.0, "predictions": {"probabilities": [-17.934368133544922, -3.7154476642608643], "logits": [NaN, NaN]}, "groundTruth": [0.0, 0.0]}, {"startTime": 10.0, "endTime": 15.0, "predictions": {"probabilities": [-18.411489486694336, -3.796621799468994], "logits": [NaN, NaN]}, "groundTruth": [0.0, 0.0]}, {"startTime": 15.0, "endTime": 20.0, "predictions": {"probabilities": [-15.683624267578125, -2.6721699237823486], "logits": [NaN, NaN]}, "groundTruth": [0.0, 0.0]}]]}