{"modelName": "devise-221108-v8-ep423", "version": "1", "fileId": "2d5dc7970ac744fe9c5b12bd726092f5", "classIds": ["Crex crex", "Scolopax rusticola"], "channels": [[{"startTime": 0.0, "endTime": 5.0, "predictions": {"probabilities": [-18.385791778564453, -3.6410672664642334], "logits": [NaN, NaN]}, "groundTruth": [0.0, 0.0]}, {"startTime": 5.0, "endTime": 10.0, "predictions": {"probabilities": [-19.596355438232422, 1.2811635732650757], "logits": [NaN, NaN]}, "groundTruth": [0.0, 0.0]}, {"startTime": 10.0, "endTime": 15.0, "predictions": {"probabilities": [-18.86005401611328, 2.1991097927093506], "logits": [NaN, NaN]}, "groundTruth": [0.0, 0.0]}, {"startTime": 15.0, "endTime": 20.0, "predictions": {"probabilities": [-18.679779052734375, -3.4180338382720947], "logits": [NaN, NaN]}, "groundTruth": [0.0, 0.0]}]]}