{"modelName": "devise-221108-v8-ep423", "version": "1", "fileId": "2d8b05312f6f45c384eabf83a22e5602", "classIds": ["Crex crex", "Scolopax rusticola"], "channels": [[{"startTime": 0.0, "endTime": 5.0, "predictions": {"probabilities": [4.2350261963974845e-08, 0.23060400784015656], "logits": []}, "groundTruth": [0.0, 0.0]}, {"startTime": 5.0, "endTime": 10.0, "predictions": {"probabilities": [4.0620565755489224e-07, 0.09790091961622238], "logits": []}, "groundTruth": [0.0, 0.0]}, {"startTime": 10.0, "endTime": 15.0, "predictions": {"probabilities": [1.7717201217237744e-06, 0.1733395755290985], "logits": []}, "groundTruth": [0.0, 0.0]}, {"startTime": 15.0, "endTime": 20.0, "predictions": {"probabilities": [1.8707380533555806e-08, 0.9346312284469604], "logits": []}, "groundTruth": [0.0, 0.0]}]]}