{"modelName": "devise-221108-v8-ep423", "version": "1", "fileId": "2ee576489c344aef9fc73560136480e8", "classIds": ["Crex crex", "Scolopax rusticola"], "channels": [[{"startTime": 0.0, "endTime": 5.0, "predictions": {"probabilities": [-15.195228576660156, -2.5522844791412354], "logits": [NaN, NaN]}, "groundTruth": [0.0, 0.0]}, {"startTime": 5.0, "endTime": 10.0, "predictions": {"probabilities": [-14.387062072753906, -2.145258665084839], "logits": [NaN, NaN]}, "groundTruth": [0.0, 0.0]}, {"startTime": 10.0, "endTime": 15.0, "predictions": {"probabilities": [-18.878746032714844, 2.2032206058502197], "logits": [NaN, NaN]}, "groundTruth": [0.0, 0.0]}, {"startTime": 15.0, "endTime": 20.0, "predictions": {"probabilities": [-15.491488456726074, -2.75954270362854], "logits": [NaN, NaN]}, "groundTruth": [0.0, 0.0]}]]}