{"modelName": "devise-221108-v8-ep423", "version": "1", "fileId": "2f34b22e0d34454b986eca01e9598196", "classIds": ["Crex crex", "Scolopax rusticola"], "channels": [[{"startTime": 0.0, "endTime": 5.0, "predictions": {"probabilities": [-19.15122413635254, -4.241061210632324], "logits": [NaN, NaN]}, "groundTruth": [0.0, 0.0]}, {"startTime": 5.0, "endTime": 10.0, "predictions": {"probabilities": [-18.453876495361328, -4.014000415802002], "logits": [NaN, NaN]}, "groundTruth": [0.0, 0.0]}, {"startTime": 10.0, "endTime": 15.0, "predictions": {"probabilities": [-15.742515563964844, -2.5300230979919434], "logits": [NaN, NaN]}, "groundTruth": [0.0, 0.0]}, {"startTime": 15.0, "endTime": 20.0, "predictions": {"probabilities": [-23.785659790039062, 7.150296688079834], "logits": [NaN, NaN]}, "groundTruth": [0.0, 0.0]}]]}