{"modelName": "devise-221108-v8-ep423", "version": "1", "fileId": "2f8da00b34ba4f79aa336e3a107b40c6", "classIds": ["Crex crex", "Scolopax rusticola"], "channels": [[{"startTime": 0.0, "endTime": 5.0, "predictions": {"probabilities": [-20.819807052612305, -5.159788608551025], "logits": [NaN, NaN]}, "groundTruth": [0.0, 0.0]}, {"startTime": 5.0, "endTime": 10.0, "predictions": {"probabilities": [-17.97313117980957, -2.092219114303589], "logits": [NaN, NaN]}, "groundTruth": [0.0, 0.0]}, {"startTime": 10.0, "endTime": 15.0, "predictions": {"probabilities": [-22.294904708862305, -0.4439171552658081], "logits": [NaN, NaN]}, "groundTruth": [0.0, 0.0]}, {"startTime": 15.0, "endTime": 20.0, "predictions": {"probabilities": [-16.48383140563965, -0.8387542963027954], "logits": [NaN, NaN]}, "groundTruth": [0.0, 0.0]}]]}