{"modelName": "devise-221108-v8-ep423", "version": "1", "fileId": "30bc674c88854947bede88f3b2024346", "classIds": ["Crex crex", "Scolopax rusticola"], "channels": [[{"startTime": 0.0, "endTime": 5.0, "predictions": {"probabilities": [-21.08766746520996, -4.860506534576416], "logits": [NaN, NaN]}, "groundTruth": [0.0, 0.0]}, {"startTime": 5.0, "endTime": 10.0, "predictions": {"probabilities": [-20.63587760925293, -4.765360355377197], "logits": [NaN, NaN]}, "groundTruth": [0.0, 0.0]}, {"startTime": 10.0, "endTime": 15.0, "predictions": {"probabilities": [-21.744586944580078, -5.517546653747559], "logits": [NaN, NaN]}, "groundTruth": [0.0, 0.0]}, {"startTime": 15.0, "endTime": 20.0, "predictions": {"probabilities": [-20.923324584960938, -5.042707443237305], "logits": [NaN, NaN]}, "groundTruth": [0.0, 0.0]}]]}