{"modelName": "devise-221108-v8-ep423", "version": "1", "fileId": "31006432df514060999a95de3a34fc08", "classIds": ["Crex crex", "Scolopax rusticola"], "channels": [[{"startTime": 0.0, "endTime": 5.0, "predictions": {"probabilities": [-22.179046630859375, 1.8367934226989746], "logits": [NaN, NaN]}, "groundTruth": [0.0, 1.0]}, {"startTime": 5.0, "endTime": 10.0, "predictions": {"probabilities": [-32.04556655883789, 19.73321533203125], "logits": [NaN, NaN]}, "groundTruth": [0.0, 1.0]}, {"startTime": 10.0, "endTime": 15.0, "predictions": {"probabilities": [-19.424503326416016, 1.7877593040466309], "logits": [NaN, NaN]}, "groundTruth": [0.0, 1.0]}, {"startTime": 11.0, "endTime": 16.0, "predictions": {"probabilities": [-19.520137786865234, -1.923806071281433], "logits": [NaN, NaN]}, "groundTruth": [0.0, 0.0]}]]}