{"modelName": "devise-221108-v8-ep423", "version": "1", "fileId": "31c811ddefc246b2856b385c5e9e27f3", "classIds": ["Crex crex", "Scolopax rusticola"], "channels": [[{"startTime": 0.0, "endTime": 5.0, "predictions": {"probabilities": [-18.49156379699707, -3.2741990089416504], "logits": [NaN, NaN]}, "groundTruth": [0.0, 0.0]}, {"startTime": 5.0, "endTime": 10.0, "predictions": {"probabilities": [-22.37578582763672, -4.618307590484619], "logits": [NaN, NaN]}, "groundTruth": [0.0, 0.0]}, {"startTime": 10.0, "endTime": 15.0, "predictions": {"probabilities": [-25.62917137145996, 9.210373878479004], "logits": [NaN, NaN]}, "groundTruth": [0.0, 0.0]}, {"startTime": 15.0, "endTime": 20.0, "predictions": {"probabilities": [-15.939557075500488, -2.8192081451416016], "logits": [NaN, NaN]}, "groundTruth": [0.0, 0.0]}]]}