{"modelName": "devise-221108-v8-ep423", "version": "1", "fileId": "31c811ddefc246b2856b385c5e9e27f3", "classIds": ["Crex crex", "Scolopax rusticola"], "channels": [[{"startTime": 0.0, "endTime": 5.0, "predictions": {"probabilities": [9.315708204837847e-09, 0.03646700084209442], "logits": []}, "groundTruth": [0.0, 0.0]}, {"startTime": 5.0, "endTime": 10.0, "predictions": {"probabilities": [1.915665542862044e-10, 0.009773029945790768], "logits": []}, "groundTruth": [0.0, 0.0]}, {"startTime": 10.0, "endTime": 15.0, "predictions": {"probabilities": [7.402736409978239e-12, 0.9998999834060669], "logits": []}, "groundTruth": [0.0, 0.0]}, {"startTime": 15.0, "endTime": 20.0, "predictions": {"probabilities": [1.195468826153956e-07, 0.056294988840818405], "logits": []}, "groundTruth": [0.0, 0.0]}]]}