{"modelName": "devise-221108-v8-ep423", "version": "1", "fileId": "327737377f014425868113cb75f4bde4", "classIds": ["Crex crex", "Scolopax rusticola"], "channels": [[{"startTime": 0.0, "endTime": 5.0, "predictions": {"probabilities": [7.539620128227398e-08, 0.0434410497546196], "logits": []}, "groundTruth": [0.0, 0.0]}, {"startTime": 5.0, "endTime": 10.0, "predictions": {"probabilities": [6.617695902377818e-08, 0.0432703010737896], "logits": []}, "groundTruth": [0.0, 0.0]}, {"startTime": 10.0, "endTime": 15.0, "predictions": {"probabilities": [1.5826557842046896e-08, 0.02520788460969925], "logits": []}, "groundTruth": [0.0, 0.0]}, {"startTime": 15.0, "endTime": 20.0, "predictions": {"probabilities": [1.6424831983385957e-07, 0.06747531145811081], "logits": []}, "groundTruth": [0.0, 0.0]}]]}