{"modelName": "devise-221108-v8-ep423", "version": "1", "fileId": "32943f199da44109a981d32d764fb6c3", "classIds": ["Crex crex", "Scolopax rusticola"], "channels": [[{"startTime": 0.0, "endTime": 5.0, "predictions": {"probabilities": [-27.199880599975586, 6.325852870941162], "logits": [NaN, NaN]}, "groundTruth": [0.0, 0.0]}, {"startTime": 5.0, "endTime": 10.0, "predictions": {"probabilities": [-24.12288475036621, 9.834197044372559], "logits": [NaN, NaN]}, "groundTruth": [0.0, 0.0]}, {"startTime": 10.0, "endTime": 15.0, "predictions": {"probabilities": [-13.8961181640625, -1.4210318326950073], "logits": [NaN, NaN]}, "groundTruth": [0.0, 0.0]}, {"startTime": 15.0, "endTime": 20.0, "predictions": {"probabilities": [-16.020992279052734, -1.3716341257095337], "logits": [NaN, NaN]}, "groundTruth": [0.0, 0.0]}]]}