{"modelName": "devise-221108-v8-ep423", "version": "1", "fileId": "32ebf4af72394933b0935c33ecded069", "classIds": ["Crex crex", "Scolopax rusticola"], "channels": [[{"startTime": 0.0, "endTime": 5.0, "predictions": {"probabilities": [4.2919015441774365e-15, 0.9999161958694458], "logits": []}, "groundTruth": [0.0, 1.0]}, {"startTime": 5.0, "endTime": 10.0, "predictions": {"probabilities": [1.8834859534440587e-17, 0.9999995231628418], "logits": []}, "groundTruth": [0.0, 1.0]}, {"startTime": 10.0, "endTime": 15.0, "predictions": {"probabilities": [2.1771548305908562e-15, 0.9999997615814209], "logits": []}, "groundTruth": [0.0, 1.0]}, {"startTime": 15.0, "endTime": 20.0, "predictions": {"probabilities": [1.15195872021654e-16, 0.9999997615814209], "logits": []}, "groundTruth": [0.0, 1.0]}]]}