{"modelName": "devise-221108-v8-ep423", "version": "1", "fileId": "32ebf4af72394933b0935c33ecded069", "classIds": ["Crex crex", "Scolopax rusticola"], "channels": [[{"startTime": 0.0, "endTime": 5.0, "predictions": {"probabilities": [-33.08204650878906, 9.387129783630371], "logits": [NaN, NaN]}, "groundTruth": [0.0, 1.0]}, {"startTime": 5.0, "endTime": 10.0, "predictions": {"probabilities": [-38.51082229614258, 14.462928771972656], "logits": [NaN, NaN]}, "groundTruth": [0.0, 1.0]}, {"startTime": 10.0, "endTime": 15.0, "predictions": {"probabilities": [-33.76075744628906, 15.261460304260254], "logits": [NaN, NaN]}, "groundTruth": [0.0, 1.0]}, {"startTime": 15.0, "endTime": 20.0, "predictions": {"probabilities": [-36.69989776611328, 15.092753410339355], "logits": [NaN, NaN]}, "groundTruth": [0.0, 1.0]}]]}