{"modelName": "devise-221108-v8-ep423", "version": "1", "fileId": "331c2c8011bd4c1f9928dc14f9d64e3a", "classIds": ["Crex crex", "Scolopax rusticola"], "channels": [[{"startTime": 0.0, "endTime": 5.0, "predictions": {"probabilities": [-20.996109008789062, 3.1344120502471924], "logits": [NaN, NaN]}, "groundTruth": [0.0, 0.0]}, {"startTime": 5.0, "endTime": 10.0, "predictions": {"probabilities": [-20.79886245727539, 5.21517276763916], "logits": [NaN, NaN]}, "groundTruth": [0.0, 0.0]}, {"startTime": 10.0, "endTime": 15.0, "predictions": {"probabilities": [-18.379589080810547, -1.137032389640808], "logits": [NaN, NaN]}, "groundTruth": [0.0, 0.0]}, {"startTime": 15.0, "endTime": 20.0, "predictions": {"probabilities": [-18.79262924194336, -3.953078508377075], "logits": [NaN, NaN]}, "groundTruth": [0.0, 0.0]}]]}