{"modelName": "devise-221108-v8-ep423", "version": "1", "fileId": "3354ac9672d14736b2d0fd06088bd99f", "classIds": ["Crex crex", "Scolopax rusticola"], "channels": [[{"startTime": 0.0, "endTime": 5.0, "predictions": {"probabilities": [5.627689958487281e-08, 0.8712469935417175], "logits": []}, "groundTruth": [0.0, 0.0]}, {"startTime": 5.0, "endTime": 10.0, "predictions": {"probabilities": [2.1590900178836137e-09, 0.008312326855957508], "logits": []}, "groundTruth": [0.0, 0.0]}, {"startTime": 10.0, "endTime": 15.0, "predictions": {"probabilities": [7.836420934381749e-08, 0.038917750120162964], "logits": []}, "groundTruth": [0.0, 0.0]}, {"startTime": 15.0, "endTime": 20.0, "predictions": {"probabilities": [7.324154616128453e-09, 0.01563744619488716], "logits": []}, "groundTruth": [0.0, 0.0]}]]}