{"modelName": "devise-221108-v8-ep423", "version": "1", "fileId": "346911b18fa745c496d4a9878a225b4e", "classIds": ["Crex crex", "Scolopax rusticola"], "channels": [[{"startTime": 0.0, "endTime": 5.0, "predictions": {"probabilities": [4.774962647502434e-09, 0.9630476236343384], "logits": []}, "groundTruth": [0.0, 0.0]}, {"startTime": 5.0, "endTime": 10.0, "predictions": {"probabilities": [3.982385088363571e-09, 0.01058861706405878], "logits": []}, "groundTruth": [0.0, 0.0]}, {"startTime": 10.0, "endTime": 15.0, "predictions": {"probabilities": [3.6788003754395504e-09, 0.011924670077860355], "logits": []}, "groundTruth": [0.0, 0.0]}, {"startTime": 15.0, "endTime": 20.0, "predictions": {"probabilities": [1.640771429833876e-08, 0.043229538947343826], "logits": []}, "groundTruth": [0.0, 0.0]}]]}