{"modelName": "devise-221108-v8-ep423", "version": "1", "fileId": "34b10a55a99b46f9807fa3ed53a5e5f1", "classIds": ["Crex crex", "Scolopax rusticola"], "channels": [[{"startTime": 0.0, "endTime": 5.0, "predictions": {"probabilities": [4.855510269408114e-07, 0.10112635046243668], "logits": []}, "groundTruth": [0.0, 0.0]}, {"startTime": 5.0, "endTime": 10.0, "predictions": {"probabilities": [1.1440215530456044e-06, 0.16372497379779816], "logits": []}, "groundTruth": [0.0, 0.0]}, {"startTime": 10.0, "endTime": 15.0, "predictions": {"probabilities": [9.813390988711035e-07, 0.8387192487716675], "logits": []}, "groundTruth": [0.0, 0.0]}, {"startTime": 15.0, "endTime": 20.0, "predictions": {"probabilities": [1.107846060222073e-06, 0.14983661472797394], "logits": []}, "groundTruth": [0.0, 0.0]}]]}