{"modelName": "devise-221108-v8-ep423", "version": "1", "fileId": "350d69b066384437852dbe6fe33f3a58", "classIds": ["Crex crex", "Scolopax rusticola"], "channels": [[{"startTime": 0.0, "endTime": 5.0, "predictions": {"probabilities": [-14.709295272827148, -0.15568724274635315], "logits": [NaN, NaN]}, "groundTruth": [0.0, 0.0]}, {"startTime": 5.0, "endTime": 10.0, "predictions": {"probabilities": [-11.280704498291016, -0.3823026418685913], "logits": [NaN, NaN]}, "groundTruth": [0.0, 0.0]}, {"startTime": 10.0, "endTime": 15.0, "predictions": {"probabilities": [-13.663201332092285, -1.4667119979858398], "logits": [NaN, NaN]}, "groundTruth": [0.0, 0.0]}, {"startTime": 15.0, "endTime": 20.0, "predictions": {"probabilities": [-17.109161376953125, -3.1833858489990234], "logits": [NaN, NaN]}, "groundTruth": [0.0, 0.0]}]]}