{"modelName": "devise-221108-v8-ep423", "version": "1", "fileId": "350d69b066384437852dbe6fe33f3a58", "classIds": ["Crex crex", "Scolopax rusticola"], "channels": [[{"startTime": 0.0, "endTime": 5.0, "predictions": {"probabilities": [4.0910430243457085e-07, 0.46115657687187195], "logits": []}, "groundTruth": [0.0, 0.0]}, {"startTime": 5.0, "endTime": 10.0, "predictions": {"probabilities": [1.2613824765139725e-05, 0.4055716395378113], "logits": []}, "groundTruth": [0.0, 0.0]}, {"startTime": 10.0, "endTime": 15.0, "predictions": {"probabilities": [1.1645189488262986e-06, 0.18744288384914398], "logits": []}, "groundTruth": [0.0, 0.0]}, {"startTime": 15.0, "endTime": 20.0, "predictions": {"probabilities": [3.71180881586497e-08, 0.03979574888944626], "logits": []}, "groundTruth": [0.0, 0.0]}]]}