{"modelName": "devise-221108-v8-ep423", "version": "1", "fileId": "35ca636c4f9941f0b37ace7a17100e57", "classIds": ["Crex crex", "Scolopax rusticola"], "channels": [[{"startTime": 0.0, "endTime": 5.0, "predictions": {"probabilities": [-21.44083595275879, -1.909566879272461], "logits": [NaN, NaN]}, "groundTruth": [0.0, 1.0]}, {"startTime": 5.0, "endTime": 10.0, "predictions": {"probabilities": [-33.275794982910156, 13.150611877441406], "logits": [NaN, NaN]}, "groundTruth": [0.0, 1.0]}, {"startTime": 10.0, "endTime": 15.0, "predictions": {"probabilities": [-32.758888244628906, 10.52653980255127], "logits": [NaN, NaN]}, "groundTruth": [0.0, 1.0]}, {"startTime": 14.0, "endTime": 19.0, "predictions": {"probabilities": [-28.71836280822754, 8.362747192382812], "logits": [NaN, NaN]}, "groundTruth": [0.0, 1.0]}]]}