{"modelName": "devise-221108-v8-ep423", "version": "1", "fileId": "35ca636c4f9941f0b37ace7a17100e57", "classIds": ["Crex crex", "Scolopax rusticola"], "channels": [[{"startTime": 0.0, "endTime": 5.0, "predictions": {"probabilities": [4.879364134957598e-10, 0.1290295124053955], "logits": []}, "groundTruth": [0.0, 1.0]}, {"startTime": 5.0, "endTime": 10.0, "predictions": {"probabilities": [3.535947720400786e-15, 0.9999980926513672], "logits": []}, "groundTruth": [0.0, 1.0]}, {"startTime": 10.0, "endTime": 15.0, "predictions": {"probabilities": [5.929193361330423e-15, 0.9999731779098511], "logits": []}, "groundTruth": [0.0, 1.0]}, {"startTime": 14.0, "endTime": 19.0, "predictions": {"probabilities": [3.371114422768412e-13, 0.9997666478157043], "logits": []}, "groundTruth": [0.0, 1.0]}]]}