{"modelName": "devise-221108-v8-ep423", "version": "1", "fileId": "36208ab9c25b48d591945e64399404f5", "classIds": ["Crex crex", "Scolopax rusticola"], "channels": [[{"startTime": 0.0, "endTime": 5.0, "predictions": {"probabilities": [3.546302423274028e-06, 0.2270561158657074], "logits": []}, "groundTruth": [0.0, 0.0]}, {"startTime": 5.0, "endTime": 10.0, "predictions": {"probabilities": [1.5848887642277987e-06, 0.17530983686447144], "logits": []}, "groundTruth": [0.0, 0.0]}, {"startTime": 10.0, "endTime": 15.0, "predictions": {"probabilities": [9.161604793916922e-06, 0.3882429301738739], "logits": []}, "groundTruth": [0.0, 0.0]}, {"startTime": 15.0, "endTime": 20.0, "predictions": {"probabilities": [3.536537747095281e-07, 0.7363725900650024], "logits": []}, "groundTruth": [0.0, 0.0]}]]}