{"modelName": "devise-221108-v8-ep423", "version": "1", "fileId": "36208ab9c25b48d591945e64399404f5", "classIds": ["Crex crex", "Scolopax rusticola"], "channels": [[{"startTime": 0.0, "endTime": 5.0, "predictions": {"probabilities": [-12.549601554870605, -1.2250092029571533], "logits": [NaN, NaN]}, "groundTruth": [0.0, 0.0]}, {"startTime": 5.0, "endTime": 10.0, "predictions": {"probabilities": [-13.354994773864746, -1.5484528541564941], "logits": [NaN, NaN]}, "groundTruth": [0.0, 0.0]}, {"startTime": 10.0, "endTime": 15.0, "predictions": {"probabilities": [-11.600480079650879, -0.4547041058540344], "logits": [NaN, NaN]}, "groundTruth": [0.0, 0.0]}, {"startTime": 15.0, "endTime": 20.0, "predictions": {"probabilities": [-14.854947090148926, 1.0271997451782227], "logits": [NaN, NaN]}, "groundTruth": [0.0, 0.0]}]]}