{"modelName": "devise-221108-v8-ep423", "version": "1", "fileId": "36388a3695c645b3b6540d564ed20506", "classIds": ["Crex crex", "Scolopax rusticola"], "channels": [[{"startTime": 0.0, "endTime": 5.0, "predictions": {"probabilities": [1.1544064593138614e-09, 0.6643335819244385], "logits": []}, "groundTruth": [0.0, 0.0]}, {"startTime": 5.0, "endTime": 10.0, "predictions": {"probabilities": [4.409761444890137e-10, 0.008408920839428902], "logits": []}, "groundTruth": [0.0, 0.0]}, {"startTime": 10.0, "endTime": 15.0, "predictions": {"probabilities": [1.7539264263177756e-08, 0.024763895198702812], "logits": []}, "groundTruth": [0.0, 0.0]}, {"startTime": 15.0, "endTime": 20.0, "predictions": {"probabilities": [3.6124778168833416e-10, 0.0039313179440796375], "logits": []}, "groundTruth": [0.0, 0.0]}]]}