{"modelName": "devise-221108-v8-ep423", "version": "1", "fileId": "36388a3695c645b3b6540d564ed20506", "classIds": ["Crex crex", "Scolopax rusticola"], "channels": [[{"startTime": 0.0, "endTime": 5.0, "predictions": {"probabilities": [-20.579679489135742, 0.682666540145874], "logits": [NaN, 0.766053318977356]}, "groundTruth": [0.0, 0.0]}, {"startTime": 5.0, "endTime": 10.0, "predictions": {"probabilities": [-21.542030334472656, -4.770017623901367], "logits": [NaN, NaN]}, "groundTruth": [0.0, 0.0]}, {"startTime": 10.0, "endTime": 15.0, "predictions": {"probabilities": [-17.858823776245117, -3.673292875289917], "logits": [NaN, NaN]}, "groundTruth": [0.0, 0.0]}, {"startTime": 15.0, "endTime": 20.0, "predictions": {"probabilities": [-21.741456985473633, -5.534841537475586], "logits": [NaN, NaN]}, "groundTruth": [0.0, 0.0]}]]}