{"modelName": "devise-221108-v8-ep423", "version": "1", "fileId": "366ac1eeba3242e2aa6d79f8c729463a", "classIds": ["Crex crex", "Scolopax rusticola"], "channels": [[{"startTime": 0.0, "endTime": 5.0, "predictions": {"probabilities": [2.7503322427673005e-13, 0.9999996423721313], "logits": []}, "groundTruth": [0.0, 1.0]}, {"startTime": 5.0, "endTime": 10.0, "predictions": {"probabilities": [3.414875261904815e-13, 1.0], "logits": []}, "groundTruth": [0.0, 1.0]}, {"startTime": 10.0, "endTime": 15.0, "predictions": {"probabilities": [1.3681349008884923e-14, 1.0], "logits": []}, "groundTruth": [0.0, 1.0]}, {"startTime": 14.0, "endTime": 19.0, "predictions": {"probabilities": [2.1554751039598585e-11, 0.998808741569519], "logits": []}, "groundTruth": [0.0, 1.0]}]]}