{"modelName": "devise-221108-v8-ep423", "version": "1", "fileId": "36aa2aa3be74448d94925a48febe590d", "classIds": ["Crex crex", "Scolopax rusticola"], "channels": [[{"startTime": 0.0, "endTime": 5.0, "predictions": {"probabilities": [-14.621212005615234, -1.7772862911224365], "logits": [NaN, NaN]}, "groundTruth": [0.0, 0.0]}, {"startTime": 5.0, "endTime": 10.0, "predictions": {"probabilities": [-14.455986022949219, -2.2340316772460938], "logits": [NaN, NaN]}, "groundTruth": [0.0, 0.0]}, {"startTime": 10.0, "endTime": 15.0, "predictions": {"probabilities": [-17.080530166625977, -3.473557710647583], "logits": [NaN, NaN]}, "groundTruth": [0.0, 0.0]}, {"startTime": 15.0, "endTime": 20.0, "predictions": {"probabilities": [-18.372169494628906, -4.032632827758789], "logits": [NaN, NaN]}, "groundTruth": [0.0, 0.0]}]]}