{"modelName": "devise-221108-v8-ep423", "version": "1", "fileId": "373cfbbfd2cd4cf6985de5eb5f82758f", "classIds": ["Crex crex", "Scolopax rusticola"], "channels": [[{"startTime": 0.0, "endTime": 5.0, "predictions": {"probabilities": [6.90734580643948e-10, 0.005505014676600695], "logits": []}, "groundTruth": [0.0, 0.0]}, {"startTime": 5.0, "endTime": 10.0, "predictions": {"probabilities": [2.029399537306631e-09, 0.008157583884894848], "logits": []}, "groundTruth": [0.0, 0.0]}, {"startTime": 10.0, "endTime": 15.0, "predictions": {"probabilities": [3.465730813445589e-08, 0.02991391345858574], "logits": []}, "groundTruth": [0.0, 0.0]}, {"startTime": 15.0, "endTime": 20.0, "predictions": {"probabilities": [1.3774190676940634e-07, 0.2259621024131775], "logits": []}, "groundTruth": [0.0, 0.0]}]]}