{"modelName": "devise-221108-v8-ep423", "version": "1", "fileId": "3743b0aa779a4df6b7de4216e6495828", "classIds": ["Crex crex", "Scolopax rusticola"], "channels": [[{"startTime": 0.0, "endTime": 5.0, "predictions": {"probabilities": [-18.028182983398438, -2.5209407806396484], "logits": [NaN, NaN]}, "groundTruth": [0.0, 0.0]}, {"startTime": 5.0, "endTime": 10.0, "predictions": {"probabilities": [-21.027429580688477, -4.906409740447998], "logits": [NaN, NaN]}, "groundTruth": [0.0, 0.0]}, {"startTime": 10.0, "endTime": 15.0, "predictions": {"probabilities": [-20.24454689025879, -3.7112314701080322], "logits": [NaN, NaN]}, "groundTruth": [0.0, 0.0]}, {"startTime": 15.0, "endTime": 20.0, "predictions": {"probabilities": [-20.939844131469727, -3.621380090713501], "logits": [NaN, NaN]}, "groundTruth": [0.0, 0.0]}]]}