{"modelName": "devise-221108-v8-ep423", "version": "1", "fileId": "3768252d86504f8da39ea08a6fe45dbf", "classIds": ["Crex crex", "Scolopax rusticola"], "channels": [[{"startTime": 0.0, "endTime": 5.0, "predictions": {"probabilities": [-10.873841285705566, -0.16447266936302185], "logits": [NaN, NaN]}, "groundTruth": [0.0, 0.0]}, {"startTime": 5.0, "endTime": 10.0, "predictions": {"probabilities": [-12.461929321289062, -1.0845484733581543], "logits": [NaN, NaN]}, "groundTruth": [0.0, 0.0]}, {"startTime": 10.0, "endTime": 15.0, "predictions": {"probabilities": [-11.046881675720215, -0.10496697574853897], "logits": [NaN, NaN]}, "groundTruth": [0.0, 0.0]}, {"startTime": 15.0, "endTime": 20.0, "predictions": {"probabilities": [-13.161406517028809, -1.365412950515747], "logits": [NaN, NaN]}, "groundTruth": [0.0, 0.0]}]]}