{"modelName": "devise-221108-v8-ep423", "version": "1", "fileId": "3768252d86504f8da39ea08a6fe45dbf", "classIds": ["Crex crex", "Scolopax rusticola"], "channels": [[{"startTime": 0.0, "endTime": 5.0, "predictions": {"probabilities": [1.894709021144081e-05, 0.4589742422103882], "logits": []}, "groundTruth": [0.0, 0.0]}, {"startTime": 5.0, "endTime": 10.0, "predictions": {"probabilities": [3.871249646181241e-06, 0.25264623761177063], "logits": []}, "groundTruth": [0.0, 0.0]}, {"startTime": 10.0, "endTime": 15.0, "predictions": {"probabilities": [1.5936513591441326e-05, 0.47378233075141907], "logits": []}, "groundTruth": [0.0, 0.0]}, {"startTime": 15.0, "endTime": 20.0, "predictions": {"probabilities": [1.9234148567193188e-06, 0.20336197316646576], "logits": []}, "groundTruth": [0.0, 0.0]}]]}