{"modelName": "devise-221108-v8-ep423", "version": "1", "fileId": "37ad328622c447d896ce81180383afe6", "classIds": ["Crex crex", "Scolopax rusticola"], "channels": [[{"startTime": 0.0, "endTime": 5.0, "predictions": {"probabilities": [-17.910991668701172, -0.9293553829193115], "logits": [NaN, NaN]}, "groundTruth": [0.0, 0.0]}, {"startTime": 5.0, "endTime": 10.0, "predictions": {"probabilities": [-19.72441291809082, -4.653892517089844], "logits": [NaN, NaN]}, "groundTruth": [0.0, 0.0]}, {"startTime": 10.0, "endTime": 15.0, "predictions": {"probabilities": [-19.207691192626953, -4.402050495147705], "logits": [NaN, NaN]}, "groundTruth": [0.0, 0.0]}, {"startTime": 15.0, "endTime": 20.0, "predictions": {"probabilities": [-19.59937286376953, -4.316937446594238], "logits": [NaN, NaN]}, "groundTruth": [0.0, 0.0]}]]}