{"modelName": "devise-221108-v8-ep423", "version": "1", "fileId": "37bd0bffdee3492fb062e1e61e1c28bb", "classIds": ["Crex crex", "Scolopax rusticola"], "channels": [[{"startTime": 0.0, "endTime": 5.0, "predictions": {"probabilities": [-17.978557586669922, -3.99595046043396], "logits": [NaN, NaN]}, "groundTruth": [0.0, 0.0]}, {"startTime": 5.0, "endTime": 10.0, "predictions": {"probabilities": [-18.449398040771484, -4.048496723175049], "logits": [NaN, NaN]}, "groundTruth": [0.0, 0.0]}, {"startTime": 10.0, "endTime": 15.0, "predictions": {"probabilities": [-17.69482421875, -3.8470492362976074], "logits": [NaN, NaN]}, "groundTruth": [0.0, 0.0]}, {"startTime": 15.0, "endTime": 20.0, "predictions": {"probabilities": [-20.149377822875977, -4.690162181854248], "logits": [NaN, NaN]}, "groundTruth": [0.0, 0.0]}]]}