{"modelName": "devise-221108-v8-ep423", "version": "1", "fileId": "387148b9d6964835a7674f2595181db0", "classIds": ["Crex crex", "Scolopax rusticola"], "channels": [[{"startTime": 0.0, "endTime": 5.0, "predictions": {"probabilities": [8.500804504762982e-09, 0.030321341007947922], "logits": []}, "groundTruth": [0.0, 0.0]}, {"startTime": 5.0, "endTime": 10.0, "predictions": {"probabilities": [8.094279735360033e-08, 0.0531114786863327], "logits": []}, "groundTruth": [0.0, 0.0]}, {"startTime": 10.0, "endTime": 15.0, "predictions": {"probabilities": [1.162500552709389e-06, 0.14366169273853302], "logits": []}, "groundTruth": [0.0, 0.0]}, {"startTime": 15.0, "endTime": 20.0, "predictions": {"probabilities": [1.383337746574398e-07, 0.07155314832925797], "logits": []}, "groundTruth": [0.0, 0.0]}]]}