{"modelName": "devise-221108-v8-ep423", "version": "1", "fileId": "3873d50ef82d4480ad35aa64ba76691d", "classIds": ["Crex crex", "Scolopax rusticola"], "channels": [[{"startTime": 0.0, "endTime": 5.0, "predictions": {"probabilities": [1.8694718164624646e-06, 0.21232354640960693], "logits": []}, "groundTruth": [0.0, 0.0]}, {"startTime": 5.0, "endTime": 10.0, "predictions": {"probabilities": [8.689544301887508e-06, 0.3442307114601135], "logits": []}, "groundTruth": [0.0, 0.0]}, {"startTime": 10.0, "endTime": 15.0, "predictions": {"probabilities": [6.968248555949685e-08, 0.03963130712509155], "logits": []}, "groundTruth": [0.0, 0.0]}, {"startTime": 15.0, "endTime": 20.0, "predictions": {"probabilities": [5.3889828526259426e-15, 1.0], "logits": []}, "groundTruth": [0.0, 0.0]}]]}