{"modelName": "devise-221108-v8-ep423", "version": "1", "fileId": "387bbcb26eec4bdfab06891e0ec03e79", "classIds": ["Crex crex", "Scolopax rusticola"], "channels": [[{"startTime": 0.0, "endTime": 5.0, "predictions": {"probabilities": [-13.09031867980957, -1.4323468208312988], "logits": [NaN, NaN]}, "groundTruth": [0.0, 0.0]}, {"startTime": 5.0, "endTime": 10.0, "predictions": {"probabilities": [-19.68064308166504, -1.9666587114334106], "logits": [NaN, NaN]}, "groundTruth": [0.0, 0.0]}, {"startTime": 10.0, "endTime": 15.0, "predictions": {"probabilities": [-15.48130989074707, -2.181831121444702], "logits": [NaN, NaN]}, "groundTruth": [0.0, 0.0]}, {"startTime": 15.0, "endTime": 20.0, "predictions": {"probabilities": [-20.57567596435547, 4.550520420074463], "logits": [NaN, NaN]}, "groundTruth": [0.0, 0.0]}]]}