{"modelName": "devise-221108-v8-ep423", "version": "1", "fileId": "3889d3cee6b94a24b703911591174416", "classIds": ["Crex crex", "Scolopax rusticola"], "channels": [[{"startTime": 0.0, "endTime": 5.0, "predictions": {"probabilities": [-15.591007232666016, -2.7180910110473633], "logits": [NaN, NaN]}, "groundTruth": [0.0, 1.0]}, {"startTime": 5.0, "endTime": 10.0, "predictions": {"probabilities": [-39.850826263427734, 31.2407169342041], "logits": [NaN, NaN]}, "groundTruth": [0.0, 1.0]}, {"startTime": 9.0, "endTime": 14.0, "predictions": {"probabilities": [-29.947507858276367, 14.380773544311523], "logits": [NaN, NaN]}, "groundTruth": [0.0, 1.0]}]]}