{"modelName": "devise-221108-v8-ep423", "version": "1", "fileId": "3a3f043639794c368b420d35b3ded5fb", "classIds": ["Crex crex", "Scolopax rusticola"], "channels": [[{"startTime": 0.0, "endTime": 5.0, "predictions": {"probabilities": [-11.789528846740723, -0.7317537665367126], "logits": [NaN, NaN]}, "groundTruth": [0.0, 0.0]}, {"startTime": 5.0, "endTime": 10.0, "predictions": {"probabilities": [-13.156482696533203, -1.4552291631698608], "logits": [NaN, NaN]}, "groundTruth": [0.0, 0.0]}, {"startTime": 10.0, "endTime": 15.0, "predictions": {"probabilities": [-13.253979682922363, -1.0154165029525757], "logits": [NaN, NaN]}, "groundTruth": [0.0, 0.0]}, {"startTime": 15.0, "endTime": 20.0, "predictions": {"probabilities": [-14.131897926330566, -2.1416773796081543], "logits": [NaN, NaN]}, "groundTruth": [0.0, 0.0]}]]}