{"modelName": "devise-221108-v8-ep423", "version": "1", "fileId": "3a53ad2d6f8f476a976ab2d7910c1e87", "classIds": ["Crex crex", "Scolopax rusticola"], "channels": [[{"startTime": 0.0, "endTime": 5.0, "predictions": {"probabilities": [1.349264834971109e-06, 0.17160625755786896], "logits": []}, "groundTruth": [0.0, 0.0]}, {"startTime": 5.0, "endTime": 10.0, "predictions": {"probabilities": [1.6386906054322026e-06, 0.18641094863414764], "logits": []}, "groundTruth": [0.0, 0.0]}, {"startTime": 10.0, "endTime": 15.0, "predictions": {"probabilities": [2.1860523702343926e-06, 0.3092520534992218], "logits": []}, "groundTruth": [0.0, 0.0]}, {"startTime": 15.0, "endTime": 20.0, "predictions": {"probabilities": [8.147812025072199e-08, 0.05181492120027542], "logits": []}, "groundTruth": [0.0, 0.0]}]]}