{"modelName": "devise-221108-v8-ep423", "version": "1", "fileId": "3a53ad2d6f8f476a976ab2d7910c1e87", "classIds": ["Crex crex", "Scolopax rusticola"], "channels": [[{"startTime": 0.0, "endTime": 5.0, "predictions": {"probabilities": [-13.515949249267578, -1.5742859840393066], "logits": [NaN, NaN]}, "groundTruth": [0.0, 0.0]}, {"startTime": 5.0, "endTime": 10.0, "predictions": {"probabilities": [-13.321611404418945, -1.4735018014907837], "logits": [NaN, NaN]}, "groundTruth": [0.0, 0.0]}, {"startTime": 10.0, "endTime": 15.0, "predictions": {"probabilities": [-13.033411026000977, -0.803618311882019], "logits": [NaN, NaN]}, "groundTruth": [0.0, 0.0]}, {"startTime": 15.0, "endTime": 20.0, "predictions": {"probabilities": [-16.32293128967285, -2.9068715572357178], "logits": [NaN, NaN]}, "groundTruth": [0.0, 0.0]}]]}