{"modelName": "devise-221108-v8-ep423", "version": "1", "fileId": "3a876d53f5674325ab2e8b38ad2496ff", "classIds": ["Crex crex", "Scolopax rusticola"], "channels": [[{"startTime": 0.0, "endTime": 5.0, "predictions": {"probabilities": [-18.924169540405273, -4.319870948791504], "logits": [NaN, NaN]}, "groundTruth": [0.0, 0.0]}, {"startTime": 5.0, "endTime": 10.0, "predictions": {"probabilities": [-21.464080810546875, -5.248032569885254], "logits": [NaN, NaN]}, "groundTruth": [0.0, 0.0]}, {"startTime": 10.0, "endTime": 15.0, "predictions": {"probabilities": [-17.411897659301758, -3.70615816116333], "logits": [NaN, NaN]}, "groundTruth": [0.0, 0.0]}, {"startTime": 15.0, "endTime": 20.0, "predictions": {"probabilities": [-21.47234535217285, -5.422027111053467], "logits": [NaN, NaN]}, "groundTruth": [0.0, 0.0]}]]}