{"modelName": "devise-221108-v8-ep423", "version": "1", "fileId": "3ac1094d3ea1444ea401bd4457422a36", "classIds": ["Crex crex", "Scolopax rusticola"], "channels": [[{"startTime": 0.0, "endTime": 5.0, "predictions": {"probabilities": [-18.538814544677734, -1.3270667791366577], "logits": [NaN, NaN]}, "groundTruth": [0.0, 0.0]}, {"startTime": 5.0, "endTime": 10.0, "predictions": {"probabilities": [-21.59564208984375, 1.049555778503418], "logits": [NaN, NaN]}, "groundTruth": [0.0, 0.0]}, {"startTime": 10.0, "endTime": 15.0, "predictions": {"probabilities": [-20.44413185119629, -4.924488067626953], "logits": [NaN, NaN]}, "groundTruth": [0.0, 0.0]}, {"startTime": 15.0, "endTime": 20.0, "predictions": {"probabilities": [-17.833454132080078, -0.282423198223114], "logits": [NaN, NaN]}, "groundTruth": [0.0, 0.0]}]]}