{"modelName": "devise-221108-v8-ep423", "version": "1", "fileId": "3af5caa77fec43089b0dd30ac666728c", "classIds": ["Crex crex", "Scolopax rusticola"], "channels": [[{"startTime": 0.0, "endTime": 5.0, "predictions": {"probabilities": [9.15108167021117e-09, 0.08158984780311584], "logits": []}, "groundTruth": [0.0, 0.0]}, {"startTime": 5.0, "endTime": 10.0, "predictions": {"probabilities": [7.695976633748103e-10, 0.005652026738971472], "logits": []}, "groundTruth": [0.0, 0.0]}, {"startTime": 10.0, "endTime": 15.0, "predictions": {"probabilities": [2.3142602501025067e-08, 0.025773296132683754], "logits": []}, "groundTruth": [0.0, 0.0]}, {"startTime": 15.0, "endTime": 20.0, "predictions": {"probabilities": [5.44118583523101e-10, 0.9633349180221558], "logits": []}, "groundTruth": [0.0, 0.0]}]]}