{"modelName": "devise-221108-v8-ep423", "version": "1", "fileId": "3b7432e50d33485ea3239a5c8f44a97d", "classIds": ["Crex crex", "Scolopax rusticola"], "channels": [[{"startTime": 0.0, "endTime": 5.0, "predictions": {"probabilities": [1.345128879393087e-07, 0.06079663708806038], "logits": []}, "groundTruth": [0.0, 0.0]}, {"startTime": 5.0, "endTime": 10.0, "predictions": {"probabilities": [1.390184394267635e-07, 0.07329495996236801], "logits": []}, "groundTruth": [0.0, 0.0]}, {"startTime": 10.0, "endTime": 15.0, "predictions": {"probabilities": [2.0439804870875378e-07, 0.5272743701934814], "logits": []}, "groundTruth": [0.0, 0.0]}, {"startTime": 15.0, "endTime": 20.0, "predictions": {"probabilities": [6.687599096721897e-08, 0.13379518687725067], "logits": []}, "groundTruth": [0.0, 0.0]}]]}