{"modelName": "devise-221108-v8-ep423", "version": "1", "fileId": "3b7432e50d33485ea3239a5c8f44a97d", "classIds": ["Crex crex", "Scolopax rusticola"], "channels": [[{"startTime": 0.0, "endTime": 5.0, "predictions": {"probabilities": [-15.821605682373047, -2.737497568130493], "logits": [NaN, NaN]}, "groundTruth": [0.0, 0.0]}, {"startTime": 5.0, "endTime": 10.0, "predictions": {"probabilities": [-15.78865909576416, -2.5371434688568115], "logits": [NaN, NaN]}, "groundTruth": [0.0, 0.0]}, {"startTime": 10.0, "endTime": 15.0, "predictions": {"probabilities": [-15.403196334838867, 0.10920588672161102], "logits": [NaN, -2.0988783836364746]}, "groundTruth": [0.0, 0.0]}, {"startTime": 15.0, "endTime": 20.0, "predictions": {"probabilities": [-16.52042579650879, -1.8678112030029297], "logits": [NaN, NaN]}, "groundTruth": [0.0, 0.0]}]]}