{"modelName": "devise-221108-v8-ep423", "version": "1", "fileId": "3bedb3922ccd4d6399a4687a6a987523", "classIds": ["Crex crex", "Scolopax rusticola"], "channels": [[{"startTime": 0.0, "endTime": 5.0, "predictions": {"probabilities": [4.328160230215872e-06, 0.23663733899593353], "logits": []}, "groundTruth": [0.0, 0.0]}, {"startTime": 5.0, "endTime": 10.0, "predictions": {"probabilities": [1.825188860493654e-06, 0.456297367811203], "logits": []}, "groundTruth": [0.0, 0.0]}, {"startTime": 10.0, "endTime": 15.0, "predictions": {"probabilities": [4.6933215003264195e-07, 0.0981917753815651], "logits": []}, "groundTruth": [0.0, 0.0]}, {"startTime": 15.0, "endTime": 20.0, "predictions": {"probabilities": [2.579652687018097e-07, 0.07460518926382065], "logits": []}, "groundTruth": [0.0, 0.0]}]]}