{"modelName": "devise-221108-v8-ep423", "version": "1", "fileId": "3bedb3922ccd4d6399a4687a6a987523", "classIds": ["Crex crex", "Scolopax rusticola"], "channels": [[{"startTime": 0.0, "endTime": 5.0, "predictions": {"probabilities": [-12.350363731384277, -1.1712045669555664], "logits": [NaN, NaN]}, "groundTruth": [0.0, 0.0]}, {"startTime": 5.0, "endTime": 10.0, "predictions": {"probabilities": [-13.213825225830078, -0.1752578318119049], "logits": [NaN, NaN]}, "groundTruth": [0.0, 0.0]}, {"startTime": 10.0, "endTime": 15.0, "predictions": {"probabilities": [-14.571954727172852, -2.2174794673919678], "logits": [NaN, NaN]}, "groundTruth": [0.0, 0.0]}, {"startTime": 15.0, "endTime": 20.0, "predictions": {"probabilities": [-15.170440673828125, -2.518010377883911], "logits": [NaN, NaN]}, "groundTruth": [0.0, 0.0]}]]}