{"modelName": "devise-221108-v8-ep423", "version": "1", "fileId": "3c5c32062b13425993938524248a53cb", "classIds": ["Crex crex", "Scolopax rusticola"], "channels": [[{"startTime": 0.0, "endTime": 5.0, "predictions": {"probabilities": [1.2658739612092518e-09, 0.010645979084074497], "logits": []}, "groundTruth": [0.0, 0.0]}, {"startTime": 5.0, "endTime": 10.0, "predictions": {"probabilities": [1.2613893041191204e-08, 0.03018743172287941], "logits": []}, "groundTruth": [0.0, 0.0]}, {"startTime": 10.0, "endTime": 15.0, "predictions": {"probabilities": [1.1870901772681464e-07, 0.08902308344841003], "logits": []}, "groundTruth": [0.0, 0.0]}, {"startTime": 15.0, "endTime": 20.0, "predictions": {"probabilities": [9.840010051220816e-08, 0.2091335952281952], "logits": []}, "groundTruth": [0.0, 0.0]}]]}