{"modelName": "devise-221108-v8-ep423", "version": "1", "fileId": "3c66e4f9c8c84b40a8a59b3c6480c01c", "classIds": ["Crex crex", "Scolopax rusticola"], "channels": [[{"startTime": 0.0, "endTime": 5.0, "predictions": {"probabilities": [-16.417966842651367, -3.0689878463745117], "logits": [NaN, NaN]}, "groundTruth": [0.0, 0.0]}, {"startTime": 5.0, "endTime": 10.0, "predictions": {"probabilities": [-18.018207550048828, -3.228224992752075], "logits": [NaN, NaN]}, "groundTruth": [0.0, 0.0]}, {"startTime": 10.0, "endTime": 15.0, "predictions": {"probabilities": [-20.988449096679688, -5.19853401184082], "logits": [NaN, NaN]}, "groundTruth": [0.0, 0.0]}, {"startTime": 15.0, "endTime": 20.0, "predictions": {"probabilities": [-18.09867286682129, -2.672678232192993], "logits": [NaN, NaN]}, "groundTruth": [0.0, 0.0]}]]}