{"modelName": "devise-221108-v8-ep423", "version": "1", "fileId": "3c66e4f9c8c84b40a8a59b3c6480c01c", "classIds": ["Crex crex", "Scolopax rusticola"], "channels": [[{"startTime": 0.0, "endTime": 5.0, "predictions": {"probabilities": [7.409136060232413e-08, 0.044404756277799606], "logits": []}, "groundTruth": [0.0, 0.0]}, {"startTime": 5.0, "endTime": 10.0, "predictions": {"probabilities": [1.4955187310761175e-08, 0.03811727464199066], "logits": []}, "groundTruth": [0.0, 0.0]}, {"startTime": 10.0, "endTime": 15.0, "predictions": {"probabilities": [7.670653556779428e-10, 0.005494303070008755], "logits": []}, "groundTruth": [0.0, 0.0]}, {"startTime": 15.0, "endTime": 20.0, "predictions": {"probabilities": [1.3798956643995552e-08, 0.06460493057966232], "logits": []}, "groundTruth": [0.0, 0.0]}]]}