{"modelName": "devise-221108-v8-ep423", "version": "1", "fileId": "3d0fc5e60dea40048040f2c1e8c2eca1", "classIds": ["Crex crex", "Scolopax rusticola"], "channels": [[{"startTime": 0.0, "endTime": 5.0, "predictions": {"probabilities": [-19.4765625, -4.538395881652832], "logits": [NaN, NaN]}, "groundTruth": [0.0, 0.0]}, {"startTime": 5.0, "endTime": 10.0, "predictions": {"probabilities": [-18.99898338317871, -4.23459005355835], "logits": [NaN, NaN]}, "groundTruth": [0.0, 0.0]}, {"startTime": 10.0, "endTime": 15.0, "predictions": {"probabilities": [-18.688234329223633, -4.2076640129089355], "logits": [NaN, NaN]}, "groundTruth": [0.0, 0.0]}, {"startTime": 15.0, "endTime": 20.0, "predictions": {"probabilities": [-19.282743453979492, -4.432594299316406], "logits": [NaN, NaN]}, "groundTruth": [0.0, 0.0]}]]}