{"modelName": "devise-221108-v8-ep423", "version": "1", "fileId": "3d0fc5e60dea40048040f2c1e8c2eca1", "classIds": ["Crex crex", "Scolopax rusticola"], "channels": [[{"startTime": 0.0, "endTime": 5.0, "predictions": {"probabilities": [3.4788552039088927e-09, 0.010577463544905186], "logits": []}, "groundTruth": [0.0, 0.0]}, {"startTime": 5.0, "endTime": 10.0, "predictions": {"probabilities": [5.6084954458412994e-09, 0.01427890732884407], "logits": []}, "groundTruth": [0.0, 0.0]}, {"startTime": 10.0, "endTime": 15.0, "predictions": {"probabilities": [7.652492861609517e-09, 0.014662889763712883], "logits": []}, "groundTruth": [0.0, 0.0]}, {"startTime": 15.0, "endTime": 20.0, "predictions": {"probabilities": [4.222901139883106e-09, 0.011744057759642601], "logits": []}, "groundTruth": [0.0, 0.0]}]]}