{"modelName": "devise-221108-v8-ep423", "version": "1", "fileId": "3d1654e9fe344332a687e9ca5c0cbcaa", "classIds": ["Crex crex", "Scolopax rusticola"], "channels": [[{"startTime": 0.0, "endTime": 5.0, "predictions": {"probabilities": [1.1696416635231799e-07, 0.0545508936047554], "logits": []}, "groundTruth": [0.0, 0.0]}, {"startTime": 5.0, "endTime": 10.0, "predictions": {"probabilities": [7.866167379688704e-07, 0.1274482011795044], "logits": []}, "groundTruth": [0.0, 0.0]}, {"startTime": 10.0, "endTime": 15.0, "predictions": {"probabilities": [1.2588181164119305e-07, 0.8068633675575256], "logits": []}, "groundTruth": [0.0, 0.0]}, {"startTime": 15.0, "endTime": 20.0, "predictions": {"probabilities": [1.3143868272891268e-05, 0.44663292169570923], "logits": []}, "groundTruth": [0.0, 0.0]}]]}