{"modelName": "devise-221108-v8-ep423", "version": "1", "fileId": "3d1654e9fe344332a687e9ca5c0cbcaa", "classIds": ["Crex crex", "Scolopax rusticola"], "channels": [[{"startTime": 0.0, "endTime": 5.0, "predictions": {"probabilities": [-15.961398124694824, -2.8525259494781494], "logits": [NaN, NaN]}, "groundTruth": [0.0, 0.0]}, {"startTime": 5.0, "endTime": 10.0, "predictions": {"probabilities": [-14.055523872375488, -1.9237120151519775], "logits": [NaN, NaN]}, "groundTruth": [0.0, 0.0]}, {"startTime": 10.0, "endTime": 15.0, "predictions": {"probabilities": [-15.887922286987305, 1.4297561645507812], "logits": [NaN, NaN]}, "groundTruth": [0.0, 0.0]}, {"startTime": 15.0, "endTime": 20.0, "predictions": {"probabilities": [-11.239542007446289, -0.21428440511226654], "logits": [NaN, NaN]}, "groundTruth": [0.0, 0.0]}]]}