{"modelName": "devise-221108-v8-ep423", "version": "1", "fileId": "3dc963de8fab42b4ba0975fbb31d0668", "classIds": ["Crex crex", "Scolopax rusticola"], "channels": [[{"startTime": 0.0, "endTime": 5.0, "predictions": {"probabilities": [7.611902915708596e-14, 0.9999938011169434], "logits": []}, "groundTruth": [0.0, 1.0]}, {"startTime": 4.0, "endTime": 9.0, "predictions": {"probabilities": [1.81184392000018e-15, 0.9999984502792358], "logits": []}, "groundTruth": [0.0, 1.0]}]]}