{"modelName": "devise-221108-v8-ep423", "version": "1", "fileId": "3f0dcb97e751495e8216b3cb3e8e784a", "classIds": ["Crex crex", "Scolopax rusticola"], "channels": [[{"startTime": 0.0, "endTime": 5.0, "predictions": {"probabilities": [-17.44164276123047, -3.6256191730499268], "logits": [NaN, NaN]}, "groundTruth": [0.0, 0.0]}, {"startTime": 5.0, "endTime": 10.0, "predictions": {"probabilities": [-19.460296630859375, -3.891127586364746], "logits": [NaN, NaN]}, "groundTruth": [0.0, 0.0]}, {"startTime": 10.0, "endTime": 15.0, "predictions": {"probabilities": [-14.068949699401855, -1.8279756307601929], "logits": [NaN, NaN]}, "groundTruth": [0.0, 0.0]}, {"startTime": 15.0, "endTime": 20.0, "predictions": {"probabilities": [-23.373355865478516, 6.002483367919922], "logits": [NaN, NaN]}, "groundTruth": [0.0, 0.0]}]]}