{"modelName": "devise-221108-v8-ep423", "version": "1", "fileId": "3f7776a4b09d445a9bb63fe5c678a1ec", "classIds": ["Crex crex", "Scolopax rusticola"], "channels": [[{"startTime": 0.0, "endTime": 5.0, "predictions": {"probabilities": [2.9849122711311793e-06, 0.21935585141181946], "logits": []}, "groundTruth": [0.0, 0.0]}, {"startTime": 5.0, "endTime": 10.0, "predictions": {"probabilities": [1.9457277744550083e-07, 0.07140402495861053], "logits": []}, "groundTruth": [0.0, 0.0]}, {"startTime": 10.0, "endTime": 15.0, "predictions": {"probabilities": [3.727644681816855e-08, 0.03233342617750168], "logits": []}, "groundTruth": [0.0, 0.0]}, {"startTime": 15.0, "endTime": 20.0, "predictions": {"probabilities": [6.819808717750675e-09, 0.07876984775066376], "logits": []}, "groundTruth": [0.0, 0.0]}]]}