{"modelName": "devise-221108-v8-ep423", "version": "1", "fileId": "3f7776a4b09d445a9bb63fe5c678a1ec", "classIds": ["Crex crex", "Scolopax rusticola"], "channels": [[{"startTime": 0.0, "endTime": 5.0, "predictions": {"probabilities": [-12.72193717956543, -1.2694240808486938], "logits": [NaN, NaN]}, "groundTruth": [0.0, 0.0]}, {"startTime": 5.0, "endTime": 10.0, "predictions": {"probabilities": [-15.452459335327148, -2.565319538116455], "logits": [NaN, NaN]}, "groundTruth": [0.0, 0.0]}, {"startTime": 10.0, "endTime": 15.0, "predictions": {"probabilities": [-17.104904174804688, -3.3987860679626465], "logits": [NaN, NaN]}, "groundTruth": [0.0, 0.0]}, {"startTime": 15.0, "endTime": 20.0, "predictions": {"probabilities": [-18.803434371948242, -2.459179639816284], "logits": [NaN, NaN]}, "groundTruth": [0.0, 0.0]}]]}