{"modelName": "devise-221108-v8-ep423", "version": "1", "fileId": "3fc0e8848b114411a34d52bd3a02e319", "classIds": ["Crex crex", "Scolopax rusticola"], "channels": [[{"startTime": 0.0, "endTime": 5.0, "predictions": {"probabilities": [-11.15712833404541, -0.6624970436096191], "logits": [NaN, NaN]}, "groundTruth": [0.0, 0.0]}, {"startTime": 5.0, "endTime": 10.0, "predictions": {"probabilities": [-14.495567321777344, -0.45924270153045654], "logits": [NaN, NaN]}, "groundTruth": [0.0, 0.0]}, {"startTime": 10.0, "endTime": 15.0, "predictions": {"probabilities": [-11.608945846557617, -0.8858014941215515], "logits": [NaN, NaN]}, "groundTruth": [0.0, 0.0]}, {"startTime": 15.0, "endTime": 20.0, "predictions": {"probabilities": [-16.536293029785156, 4.722475051879883], "logits": [NaN, NaN]}, "groundTruth": [0.0, 0.0]}]]}