{"modelName": "devise-221108-v8-ep423", "version": "1", "fileId": "3fe20021d0cc4d40b7eb2a1657911c67", "classIds": ["Crex crex", "Scolopax rusticola"], "channels": [[{"startTime": 0.0, "endTime": 5.0, "predictions": {"probabilities": [2.8823287073070913e-13, 0.9996594190597534], "logits": []}, "groundTruth": [0.0, 0.0]}, {"startTime": 5.0, "endTime": 10.0, "predictions": {"probabilities": [1.6581969131124197e-09, 0.016411127522587776], "logits": []}, "groundTruth": [0.0, 0.0]}, {"startTime": 10.0, "endTime": 15.0, "predictions": {"probabilities": [3.30818705762681e-10, 0.046882208436727524], "logits": []}, "groundTruth": [0.0, 0.0]}, {"startTime": 15.0, "endTime": 20.0, "predictions": {"probabilities": [6.2978936302138244e-12, 0.9222158193588257], "logits": []}, "groundTruth": [0.0, 0.0]}]]}