{"modelName": "devise-221108-v8-ep423", "version": "1", "fileId": "409782ab56a84063a8d3b27af00610cb", "classIds": ["Crex crex", "Scolopax rusticola"], "channels": [[{"startTime": 0.0, "endTime": 5.0, "predictions": {"probabilities": [2.473004201419826e-07, 0.06819051504135132], "logits": []}, "groundTruth": [0.0, 0.0]}, {"startTime": 5.0, "endTime": 10.0, "predictions": {"probabilities": [1.9344673773957766e-07, 0.0678330808877945], "logits": []}, "groundTruth": [0.0, 0.0]}, {"startTime": 10.0, "endTime": 15.0, "predictions": {"probabilities": [2.2861584625388787e-07, 0.08373857289552689], "logits": []}, "groundTruth": [0.0, 0.0]}, {"startTime": 15.0, "endTime": 20.0, "predictions": {"probabilities": [5.642979203912546e-07, 0.10178309679031372], "logits": []}, "groundTruth": [0.0, 0.0]}]]}