{"modelName": "devise-221108-v8-ep423", "version": "1", "fileId": "409782ab56a84063a8d3b27af00610cb", "classIds": ["Crex crex", "Scolopax rusticola"], "channels": [[{"startTime": 0.0, "endTime": 5.0, "predictions": {"probabilities": [-15.212661743164062, -2.6148228645324707], "logits": [NaN, NaN]}, "groundTruth": [0.0, 0.0]}, {"startTime": 5.0, "endTime": 10.0, "predictions": {"probabilities": [-15.458263397216797, -2.620461940765381], "logits": [NaN, NaN]}, "groundTruth": [0.0, 0.0]}, {"startTime": 10.0, "endTime": 15.0, "predictions": {"probabilities": [-15.29122257232666, -2.39260196685791], "logits": [NaN, NaN]}, "groundTruth": [0.0, 0.0]}, {"startTime": 15.0, "endTime": 20.0, "predictions": {"probabilities": [-14.387682914733887, -2.177567481994629], "logits": [NaN, NaN]}, "groundTruth": [0.0, 0.0]}]]}