{"modelName": "devise-221108-v8-ep423", "version": "1", "fileId": "41067e4e1ec444489cc712c14c7fa244", "classIds": ["Crex crex", "Scolopax rusticola"], "channels": [[{"startTime": 0.0, "endTime": 5.0, "predictions": {"probabilities": [7.053882367102915e-09, 0.021516963839530945], "logits": []}, "groundTruth": [0.0, 0.0]}, {"startTime": 5.0, "endTime": 10.0, "predictions": {"probabilities": [6.786638473421647e-10, 0.970159113407135], "logits": []}, "groundTruth": [0.0, 0.0]}, {"startTime": 10.0, "endTime": 15.0, "predictions": {"probabilities": [5.925279822349694e-08, 0.04077655076980591], "logits": []}, "groundTruth": [0.0, 0.0]}, {"startTime": 15.0, "endTime": 20.0, "predictions": {"probabilities": [7.66062768775555e-09, 0.48027631640434265], "logits": []}, "groundTruth": [0.0, 0.0]}]]}