{"modelName": "devise-221108-v8-ep423", "version": "1", "fileId": "41d5f0d4cac049b6b78e13d59686f86e", "classIds": ["Crex crex", "Scolopax rusticola"], "channels": [[{"startTime": 0.0, "endTime": 5.0, "predictions": {"probabilities": [-12.00132942199707, -0.5126309990882874], "logits": [NaN, NaN]}, "groundTruth": [0.0, 0.0]}, {"startTime": 5.0, "endTime": 10.0, "predictions": {"probabilities": [-17.29310417175293, -3.1912689208984375], "logits": [NaN, NaN]}, "groundTruth": [0.0, 0.0]}, {"startTime": 10.0, "endTime": 15.0, "predictions": {"probabilities": [-18.41120719909668, -3.946413993835449], "logits": [NaN, NaN]}, "groundTruth": [0.0, 0.0]}, {"startTime": 15.0, "endTime": 20.0, "predictions": {"probabilities": [-16.38827133178711, -2.7917633056640625], "logits": [NaN, NaN]}, "groundTruth": [0.0, 0.0]}]]}