{"modelName": "devise-221108-v8-ep423", "version": "1", "fileId": "41d5f0d4cac049b6b78e13d59686f86e", "classIds": ["Crex crex", "Scolopax rusticola"], "channels": [[{"startTime": 0.0, "endTime": 5.0, "predictions": {"probabilities": [6.136011506896466e-06, 0.37457698583602905], "logits": []}, "groundTruth": [0.0, 0.0]}, {"startTime": 5.0, "endTime": 10.0, "predictions": {"probabilities": [3.0881633250601226e-08, 0.03949561342597008], "logits": []}, "groundTruth": [0.0, 0.0]}, {"startTime": 10.0, "endTime": 15.0, "predictions": {"probabilities": [1.0095185132286133e-08, 0.01895754039287567], "logits": []}, "groundTruth": [0.0, 0.0]}, {"startTime": 15.0, "endTime": 20.0, "predictions": {"probabilities": [7.63245324719719e-08, 0.05777089670300484], "logits": []}, "groundTruth": [0.0, 0.0]}]]}