{"modelName": "devise-221108-v8-ep423", "version": "1", "fileId": "41da2f6261074a61abf794cde472f887", "classIds": ["Crex crex", "Scolopax rusticola"], "channels": [[{"startTime": 0.0, "endTime": 5.0, "predictions": {"probabilities": [8.312941304211563e-07, 0.11584635823965073], "logits": []}, "groundTruth": [0.0, 0.0]}, {"startTime": 5.0, "endTime": 10.0, "predictions": {"probabilities": [1.1997157116638846e-06, 0.13356101512908936], "logits": []}, "groundTruth": [0.0, 0.0]}, {"startTime": 10.0, "endTime": 15.0, "predictions": {"probabilities": [6.310758138283745e-09, 0.012146209366619587], "logits": []}, "groundTruth": [0.0, 0.0]}, {"startTime": 15.0, "endTime": 20.0, "predictions": {"probabilities": [5.605492958693503e-08, 0.04453665390610695], "logits": []}, "groundTruth": [0.0, 0.0]}]]}