{"modelName": "devise-221108-v8-ep423", "version": "1", "fileId": "4223d60ef9bd493d8157666dbe073bd9", "classIds": ["Crex crex", "Scolopax rusticola"], "channels": [[{"startTime": 0.0, "endTime": 5.0, "predictions": {"probabilities": [-33.506954193115234, 14.682489395141602], "logits": [NaN, NaN]}, "groundTruth": [0.0, 1.0]}, {"startTime": 5.0, "endTime": 10.0, "predictions": {"probabilities": [-24.715208053588867, 7.958330154418945], "logits": [NaN, NaN]}, "groundTruth": [0.0, 1.0]}, {"startTime": 8.0, "endTime": 13.0, "predictions": {"probabilities": [-27.953136444091797, 6.3933000564575195], "logits": [NaN, NaN]}, "groundTruth": [0.0, 1.0]}]]}