{"modelName": "devise-221108-v8-ep423", "version": "1", "fileId": "4223d60ef9bd493d8157666dbe073bd9", "classIds": ["Crex crex", "Scolopax rusticola"], "channels": [[{"startTime": 0.0, "endTime": 5.0, "predictions": {"probabilities": [2.8061744144743453e-15, 0.9999995231628418], "logits": []}, "groundTruth": [0.0, 1.0]}, {"startTime": 5.0, "endTime": 10.0, "predictions": {"probabilities": [1.8463819015379634e-11, 0.9996503591537476], "logits": []}, "groundTruth": [0.0, 1.0]}, {"startTime": 8.0, "endTime": 13.0, "predictions": {"probabilities": [7.246145957567895e-13, 0.9983300566673279], "logits": []}, "groundTruth": [0.0, 1.0]}]]}