{"modelName": "devise-221108-v8-ep423", "version": "1", "fileId": "4248cf8b774046a6a928b87e4b3bbf7a", "classIds": ["Crex crex", "Scolopax rusticola"], "channels": [[{"startTime": 0.0, "endTime": 5.0, "predictions": {"probabilities": [-20.257761001586914, -4.808588027954102], "logits": [NaN, NaN]}, "groundTruth": [0.0, 0.0]}, {"startTime": 5.0, "endTime": 10.0, "predictions": {"probabilities": [-17.09136199951172, -3.3068830966949463], "logits": [NaN, NaN]}, "groundTruth": [0.0, 0.0]}, {"startTime": 10.0, "endTime": 15.0, "predictions": {"probabilities": [-20.417999267578125, -1.336517333984375], "logits": [NaN, NaN]}, "groundTruth": [0.0, 0.0]}, {"startTime": 15.0, "endTime": 20.0, "predictions": {"probabilities": [-18.533113479614258, 0.20491056144237518], "logits": [NaN, -1.3558809757232666]}, "groundTruth": [0.0, 0.0]}]]}