{"modelName": "devise-221108-v8-ep423", "version": "1", "fileId": "425042717abd45ca9d48a7bd73ed35d5", "classIds": ["Crex crex", "Scolopax rusticola"], "channels": [[{"startTime": 0.0, "endTime": 5.0, "predictions": {"probabilities": [1.6882280462482413e-08, 0.026404978707432747], "logits": []}, "groundTruth": [0.0, 0.0]}, {"startTime": 5.0, "endTime": 10.0, "predictions": {"probabilities": [1.686781936349746e-09, 0.013304588384926319], "logits": []}, "groundTruth": [0.0, 0.0]}, {"startTime": 10.0, "endTime": 15.0, "predictions": {"probabilities": [3.290174532821766e-08, 0.02833707258105278], "logits": []}, "groundTruth": [0.0, 0.0]}, {"startTime": 15.0, "endTime": 20.0, "predictions": {"probabilities": [2.8653530659283888e-09, 0.015294162556529045], "logits": []}, "groundTruth": [0.0, 0.0]}]]}