{"modelName": "devise-221108-v8-ep423", "version": "1", "fileId": "425042717abd45ca9d48a7bd73ed35d5", "classIds": ["Crex crex", "Scolopax rusticola"], "channels": [[{"startTime": 0.0, "endTime": 5.0, "predictions": {"probabilities": [-17.897001266479492, -3.607442855834961], "logits": [NaN, NaN]}, "groundTruth": [0.0, 0.0]}, {"startTime": 5.0, "endTime": 10.0, "predictions": {"probabilities": [-20.200443267822266, -4.306252479553223], "logits": [NaN, NaN]}, "groundTruth": [0.0, 0.0]}, {"startTime": 10.0, "endTime": 15.0, "predictions": {"probabilities": [-17.229740142822266, -3.5348379611968994], "logits": [NaN, NaN]}, "groundTruth": [0.0, 0.0]}, {"startTime": 15.0, "endTime": 20.0, "predictions": {"probabilities": [-19.670574188232422, -4.164871692657471], "logits": [NaN, NaN]}, "groundTruth": [0.0, 0.0]}]]}