{"modelName": "devise-221108-v8-ep423", "version": "1", "fileId": "42c8ce7cc4244533936dec6ed74ac4dc", "classIds": ["Crex crex", "Scolopax rusticola"], "channels": [[{"startTime": 0.0, "endTime": 5.0, "predictions": {"probabilities": [-14.475544929504395, -0.8668681383132935], "logits": [NaN, NaN]}, "groundTruth": [0.0, 0.0]}, {"startTime": 5.0, "endTime": 10.0, "predictions": {"probabilities": [-13.815276145935059, -1.8232311010360718], "logits": [NaN, NaN]}, "groundTruth": [0.0, 0.0]}, {"startTime": 10.0, "endTime": 15.0, "predictions": {"probabilities": [-18.153825759887695, -3.9089713096618652], "logits": [NaN, NaN]}, "groundTruth": [0.0, 0.0]}, {"startTime": 15.0, "endTime": 20.0, "predictions": {"probabilities": [-19.297073364257812, 2.764026165008545], "logits": [NaN, NaN]}, "groundTruth": [0.0, 0.0]}]]}