{"modelName": "devise-221108-v8-ep423", "version": "1", "fileId": "42c8ce7cc4244533936dec6ed74ac4dc", "classIds": ["Crex crex", "Scolopax rusticola"], "channels": [[{"startTime": 0.0, "endTime": 5.0, "predictions": {"probabilities": [5.168332677385479e-07, 0.2959063947200775], "logits": []}, "groundTruth": [0.0, 0.0]}, {"startTime": 5.0, "endTime": 10.0, "predictions": {"probabilities": [1.0002333965530852e-06, 0.13904662430286407], "logits": []}, "groundTruth": [0.0, 0.0]}, {"startTime": 10.0, "endTime": 15.0, "predictions": {"probabilities": [1.3058511605379408e-08, 0.01966659352183342], "logits": []}, "groundTruth": [0.0, 0.0]}, {"startTime": 15.0, "endTime": 20.0, "predictions": {"probabilities": [4.162818978414862e-09, 0.9407006502151489], "logits": []}, "groundTruth": [0.0, 0.0]}]]}