{"modelName": "devise-221108-v8-ep423", "version": "1", "fileId": "431b42730cf6411aa64e30e2754dcc6b", "classIds": ["Crex crex", "Scolopax rusticola"], "channels": [[{"startTime": 0.0, "endTime": 5.0, "predictions": {"probabilities": [-20.844369888305664, -2.6217100620269775], "logits": [NaN, NaN]}, "groundTruth": [0.0, 0.0]}, {"startTime": 5.0, "endTime": 10.0, "predictions": {"probabilities": [-16.37322998046875, -3.055248737335205], "logits": [NaN, NaN]}, "groundTruth": [0.0, 0.0]}, {"startTime": 10.0, "endTime": 15.0, "predictions": {"probabilities": [-15.501795768737793, -2.4587602615356445], "logits": [NaN, NaN]}, "groundTruth": [0.0, 0.0]}, {"startTime": 15.0, "endTime": 20.0, "predictions": {"probabilities": [-18.00139045715332, -2.5252702236175537], "logits": [NaN, NaN]}, "groundTruth": [0.0, 0.0]}]]}