{"modelName": "devise-221108-v8-ep423", "version": "1", "fileId": "433a857763c045668c835c2c4986f004", "classIds": ["Crex crex", "Scolopax rusticola"], "channels": [[{"startTime": 0.0, "endTime": 5.0, "predictions": {"probabilities": [-20.83535385131836, -5.027518272399902], "logits": [NaN, NaN]}, "groundTruth": [0.0, 0.0]}, {"startTime": 5.0, "endTime": 10.0, "predictions": {"probabilities": [-17.824031829833984, -3.8390488624572754], "logits": [NaN, NaN]}, "groundTruth": [0.0, 0.0]}, {"startTime": 10.0, "endTime": 15.0, "predictions": {"probabilities": [-22.13861656188965, -2.1385858058929443], "logits": [NaN, NaN]}, "groundTruth": [0.0, 0.0]}, {"startTime": 15.0, "endTime": 20.0, "predictions": {"probabilities": [-17.615734100341797, -3.6422181129455566], "logits": [NaN, NaN]}, "groundTruth": [0.0, 0.0]}]]}