{"modelName": "devise-221108-v8-ep423", "version": "1", "fileId": "436dba2cd58f4069b551b2fb10fe8519", "classIds": ["Crex crex", "Scolopax rusticola"], "channels": [[{"startTime": 0.0, "endTime": 5.0, "predictions": {"probabilities": [-19.6961669921875, -3.6327080726623535], "logits": [NaN, NaN]}, "groundTruth": [0.0, 0.0]}, {"startTime": 5.0, "endTime": 10.0, "predictions": {"probabilities": [-18.329999923706055, -3.296856164932251], "logits": [NaN, NaN]}, "groundTruth": [0.0, 0.0]}, {"startTime": 10.0, "endTime": 15.0, "predictions": {"probabilities": [-18.5233211517334, -3.6978278160095215], "logits": [NaN, NaN]}, "groundTruth": [0.0, 0.0]}, {"startTime": 15.0, "endTime": 20.0, "predictions": {"probabilities": [-18.514400482177734, -2.280996084213257], "logits": [NaN, NaN]}, "groundTruth": [0.0, 0.0]}]]}