{"modelName": "devise-221108-v8-ep423", "version": "1", "fileId": "436dba2cd58f4069b551b2fb10fe8519", "classIds": ["Crex crex", "Scolopax rusticola"], "channels": [[{"startTime": 0.0, "endTime": 5.0, "predictions": {"probabilities": [2.7929514256896937e-09, 0.02576318196952343], "logits": []}, "groundTruth": [0.0, 0.0]}, {"startTime": 5.0, "endTime": 10.0, "predictions": {"probabilities": [1.0949194440001975e-08, 0.03567919880151749], "logits": []}, "groundTruth": [0.0, 0.0]}, {"startTime": 10.0, "endTime": 15.0, "predictions": {"probabilities": [9.024514469047062e-09, 0.024178219959139824], "logits": []}, "groundTruth": [0.0, 0.0]}, {"startTime": 15.0, "endTime": 20.0, "predictions": {"probabilities": [9.10537867326866e-09, 0.09270913153886795], "logits": []}, "groundTruth": [0.0, 0.0]}]]}