{"modelName": "devise-221108-v8-ep423", "version": "1", "fileId": "43cb72410da04cb2b694f709ff9b782e", "classIds": ["Crex crex", "Scolopax rusticola"], "channels": [[{"startTime": 0.0, "endTime": 5.0, "predictions": {"probabilities": [5.517640033758653e-07, 0.11834567040205002], "logits": []}, "groundTruth": [0.0, 0.0]}, {"startTime": 5.0, "endTime": 10.0, "predictions": {"probabilities": [2.738308353400498e-07, 0.07371274381875992], "logits": []}, "groundTruth": [0.0, 0.0]}, {"startTime": 10.0, "endTime": 15.0, "predictions": {"probabilities": [2.7627892862369663e-08, 0.02567395009100437], "logits": []}, "groundTruth": [0.0, 0.0]}, {"startTime": 15.0, "endTime": 20.0, "predictions": {"probabilities": [7.540359092672588e-07, 0.1836005598306656], "logits": []}, "groundTruth": [0.0, 0.0]}]]}