{"modelName": "devise-221108-v8-ep423", "version": "1", "fileId": "43cb72410da04cb2b694f709ff9b782e", "classIds": ["Crex crex", "Scolopax rusticola"], "channels": [[{"startTime": 0.0, "endTime": 5.0, "predictions": {"probabilities": [-14.410144805908203, -2.008190393447876], "logits": [NaN, NaN]}, "groundTruth": [0.0, 0.0]}, {"startTime": 5.0, "endTime": 10.0, "predictions": {"probabilities": [-15.11075496673584, -2.531008720397949], "logits": [NaN, NaN]}, "groundTruth": [0.0, 0.0]}, {"startTime": 10.0, "endTime": 15.0, "predictions": {"probabilities": [-17.40443992614746, -3.6362690925598145], "logits": [NaN, NaN]}, "groundTruth": [0.0, 0.0]}, {"startTime": 15.0, "endTime": 20.0, "predictions": {"probabilities": [-14.097825050354004, -1.4921412467956543], "logits": [NaN, NaN]}, "groundTruth": [0.0, 0.0]}]]}