{"modelName": "devise-221108-v8-ep423", "version": "1", "fileId": "447e48bff4e844e58ac9a7bbfb949141", "classIds": ["Crex crex", "Scolopax rusticola"], "channels": [[{"startTime": 0.0, "endTime": 5.0, "predictions": {"probabilities": [1.3884124960839017e-08, 0.4365375339984894], "logits": []}, "groundTruth": [0.0, 0.0]}, {"startTime": 5.0, "endTime": 10.0, "predictions": {"probabilities": [2.061173232092983e-09, 0.8774162530899048], "logits": []}, "groundTruth": [0.0, 0.0]}, {"startTime": 10.0, "endTime": 15.0, "predictions": {"probabilities": [7.89638843201601e-09, 0.8612442016601562], "logits": []}, "groundTruth": [0.0, 0.0]}, {"startTime": 15.0, "endTime": 20.0, "predictions": {"probabilities": [8.836862264161027e-08, 0.15780402719974518], "logits": []}, "groundTruth": [0.0, 0.0]}]]}