{"modelName": "devise-221108-v8-ep423", "version": "1", "fileId": "451e0162189143c68ecabd81bf1ff65b", "classIds": ["Crex crex", "Scolopax rusticola"], "channels": [[{"startTime": 0.0, "endTime": 5.0, "predictions": {"probabilities": [-16.900514602661133, -3.4280502796173096], "logits": [NaN, NaN]}, "groundTruth": [0.0, 0.0]}, {"startTime": 5.0, "endTime": 10.0, "predictions": {"probabilities": [-15.393094062805176, -0.9762767553329468], "logits": [NaN, NaN]}, "groundTruth": [0.0, 0.0]}, {"startTime": 10.0, "endTime": 15.0, "predictions": {"probabilities": [-17.493370056152344, -3.65889048576355], "logits": [NaN, NaN]}, "groundTruth": [0.0, 0.0]}, {"startTime": 15.0, "endTime": 20.0, "predictions": {"probabilities": [-15.48873519897461, -2.595691204071045], "logits": [NaN, NaN]}, "groundTruth": [0.0, 0.0]}]]}