{"modelName": "devise-221108-v8-ep423", "version": "1", "fileId": "451e0162189143c68ecabd81bf1ff65b", "classIds": ["Crex crex", "Scolopax rusticola"], "channels": [[{"startTime": 0.0, "endTime": 5.0, "predictions": {"probabilities": [4.572984835249372e-08, 0.031430233269929886], "logits": []}, "groundTruth": [0.0, 0.0]}, {"startTime": 5.0, "endTime": 10.0, "predictions": {"probabilities": [2.0647340193136188e-07, 0.27363118529319763], "logits": []}, "groundTruth": [0.0, 0.0]}, {"startTime": 10.0, "endTime": 15.0, "predictions": {"probabilities": [2.5277023141256905e-08, 0.025114113464951515], "logits": []}, "groundTruth": [0.0, 0.0]}, {"startTime": 15.0, "endTime": 20.0, "predictions": {"probabilities": [1.8764096409995545e-07, 0.06941623985767365], "logits": []}, "groundTruth": [0.0, 0.0]}]]}