{"modelName": "devise-221108-v8-ep423", "version": "1", "fileId": "4539f0d1be73489dae41498452dd6b3a", "classIds": ["Crex crex", "Scolopax rusticola"], "channels": [[{"startTime": 0.0, "endTime": 5.0, "predictions": {"probabilities": [7.408456212942838e-07, 0.10505049675703049], "logits": []}, "groundTruth": [0.0, 0.0]}, {"startTime": 5.0, "endTime": 10.0, "predictions": {"probabilities": [1.150394496107765e-06, 0.9392071962356567], "logits": []}, "groundTruth": [0.0, 0.0]}, {"startTime": 10.0, "endTime": 15.0, "predictions": {"probabilities": [4.0009226154325006e-07, 0.10365037620067596], "logits": []}, "groundTruth": [0.0, 0.0]}, {"startTime": 15.0, "endTime": 20.0, "predictions": {"probabilities": [1.78010650415672e-05, 0.3809015452861786], "logits": []}, "groundTruth": [0.0, 0.0]}]]}