{"modelName": "devise-221108-v8-ep423", "version": "1", "fileId": "46083c5495834e9ea9f13fd966092a9c", "classIds": ["Crex crex", "Scolopax rusticola"], "channels": [[{"startTime": 0.0, "endTime": 5.0, "predictions": {"probabilities": [7.242861244094456e-08, 0.0926097184419632], "logits": []}, "groundTruth": [0.0, 1.0]}, {"startTime": 5.0, "endTime": 10.0, "predictions": {"probabilities": [1.5106985319576342e-20, 1.0], "logits": []}, "groundTruth": [0.0, 1.0]}, {"startTime": 10.0, "endTime": 15.0, "predictions": {"probabilities": [8.68441027369795e-15, 0.9999973773956299], "logits": []}, "groundTruth": [0.0, 1.0]}, {"startTime": 13.0, "endTime": 18.0, "predictions": {"probabilities": [3.917357974461688e-15, 0.9999998807907104], "logits": []}, "groundTruth": [0.0, 1.0]}]]}