{"modelName": "devise-221108-v8-ep423", "version": "1", "fileId": "46702e4018f34c0a907f8883cd9e8691", "classIds": ["Crex crex", "Scolopax rusticola"], "channels": [[{"startTime": 0.0, "endTime": 5.0, "predictions": {"probabilities": [1.195480958671169e-08, 0.1800384521484375], "logits": []}, "groundTruth": [0.0, 0.0]}, {"startTime": 5.0, "endTime": 10.0, "predictions": {"probabilities": [2.3540998039806027e-09, 0.022973226383328438], "logits": []}, "groundTruth": [0.0, 0.0]}, {"startTime": 10.0, "endTime": 15.0, "predictions": {"probabilities": [6.74523263910487e-08, 0.06028017774224281], "logits": []}, "groundTruth": [0.0, 0.0]}, {"startTime": 15.0, "endTime": 20.0, "predictions": {"probabilities": [4.5761346711969964e-08, 0.0443568155169487], "logits": []}, "groundTruth": [0.0, 0.0]}]]}