{"modelName": "devise-221108-v8-ep423", "version": "1", "fileId": "470219f50c5c48478901e93e09f7760a", "classIds": ["Crex crex", "Scolopax rusticola"], "channels": [[{"startTime": 0.0, "endTime": 5.0, "predictions": {"probabilities": [-12.341755867004395, 0.8230339288711548], "logits": [NaN, 1.5370393991470337]}, "groundTruth": [0.0, 0.0]}, {"startTime": 5.0, "endTime": 10.0, "predictions": {"probabilities": [-11.046441078186035, -0.1350051760673523], "logits": [NaN, NaN]}, "groundTruth": [0.0, 0.0]}, {"startTime": 10.0, "endTime": 15.0, "predictions": {"probabilities": [-10.685924530029297, -0.25386735796928406], "logits": [NaN, NaN]}, "groundTruth": [0.0, 0.0]}, {"startTime": 15.0, "endTime": 20.0, "predictions": {"probabilities": [-10.412811279296875, -0.11971811205148697], "logits": [NaN, NaN]}, "groundTruth": [0.0, 0.0]}]]}