{"modelName": "devise-221108-v8-ep423", "version": "1", "fileId": "4732479643d54053ac0b77c3de768065", "classIds": ["Crex crex", "Scolopax rusticola"], "channels": [[{"startTime": 0.0, "endTime": 5.0, "predictions": {"probabilities": [-14.609599113464355, -1.9911216497421265], "logits": [NaN, NaN]}, "groundTruth": [0.0, 0.0]}, {"startTime": 5.0, "endTime": 10.0, "predictions": {"probabilities": [-17.03767967224121, -3.3577098846435547], "logits": [NaN, NaN]}, "groundTruth": [0.0, 0.0]}, {"startTime": 10.0, "endTime": 15.0, "predictions": {"probabilities": [-16.092859268188477, -2.9482970237731934], "logits": [NaN, NaN]}, "groundTruth": [0.0, 0.0]}, {"startTime": 15.0, "endTime": 20.0, "predictions": {"probabilities": [-16.753875732421875, -1.6414607763290405], "logits": [NaN, NaN]}, "groundTruth": [0.0, 0.0]}]]}