{"modelName": "devise-221108-v8-ep423", "version": "1", "fileId": "4770274c4b094cbc99d9d5e05cdf5fd0", "classIds": ["Crex crex", "Scolopax rusticola"], "channels": [[{"startTime": 0.0, "endTime": 5.0, "predictions": {"probabilities": [-16.281394958496094, -2.5476632118225098], "logits": [NaN, NaN]}, "groundTruth": [0.0, 0.0]}, {"startTime": 5.0, "endTime": 10.0, "predictions": {"probabilities": [-13.032108306884766, -1.0422433614730835], "logits": [NaN, NaN]}, "groundTruth": [0.0, 0.0]}, {"startTime": 10.0, "endTime": 15.0, "predictions": {"probabilities": [-14.66874885559082, -1.3078745603561401], "logits": [NaN, NaN]}, "groundTruth": [0.0, 0.0]}, {"startTime": 15.0, "endTime": 20.0, "predictions": {"probabilities": [-15.169380187988281, -2.2988486289978027], "logits": [NaN, NaN]}, "groundTruth": [0.0, 0.0]}]]}