{"modelName": "devise-221108-v8-ep423", "version": "1", "fileId": "479540b2e77542a99cf9f0f3e4d4fd7b", "classIds": ["Crex crex", "Scolopax rusticola"], "channels": [[{"startTime": 0.0, "endTime": 5.0, "predictions": {"probabilities": [-17.26520347595215, -3.157780885696411], "logits": [NaN, NaN]}, "groundTruth": [0.0, 0.0]}, {"startTime": 5.0, "endTime": 10.0, "predictions": {"probabilities": [-20.272525787353516, -3.262789726257324], "logits": [NaN, NaN]}, "groundTruth": [0.0, 0.0]}, {"startTime": 10.0, "endTime": 15.0, "predictions": {"probabilities": [-18.86199378967285, -3.7622721195220947], "logits": [NaN, NaN]}, "groundTruth": [0.0, 0.0]}, {"startTime": 15.0, "endTime": 20.0, "predictions": {"probabilities": [-19.606605529785156, -2.6844847202301025], "logits": [NaN, NaN]}, "groundTruth": [0.0, 0.0]}]]}