{"modelName": "devise-221108-v8-ep423", "version": "1", "fileId": "47a3e30b60dc4ec88fe098d9199e9ded", "classIds": ["Crex crex", "Scolopax rusticola"], "channels": [[{"startTime": 0.0, "endTime": 5.0, "predictions": {"probabilities": [-21.27712059020996, 2.8303592205047607], "logits": [NaN, NaN]}, "groundTruth": [0.0, 0.0]}, {"startTime": 5.0, "endTime": 10.0, "predictions": {"probabilities": [-16.86703109741211, -2.73441219329834], "logits": [NaN, NaN]}, "groundTruth": [0.0, 0.0]}, {"startTime": 10.0, "endTime": 15.0, "predictions": {"probabilities": [-16.903413772583008, -3.4044928550720215], "logits": [NaN, NaN]}, "groundTruth": [0.0, 0.0]}, {"startTime": 15.0, "endTime": 20.0, "predictions": {"probabilities": [-15.110189437866211, -2.4647152423858643], "logits": [NaN, NaN]}, "groundTruth": [0.0, 0.0]}]]}