{"modelName": "devise-221108-v8-ep423", "version": "1", "fileId": "47aa0712347a4f1d8a3f1e47a7ed90fb", "classIds": ["Crex crex", "Scolopax rusticola"], "channels": [[{"startTime": 0.0, "endTime": 5.0, "predictions": {"probabilities": [8.055926628003363e-06, 0.3207722008228302], "logits": []}, "groundTruth": [0.0, 0.0]}, {"startTime": 5.0, "endTime": 10.0, "predictions": {"probabilities": [1.155116842710413e-05, 0.4958569407463074], "logits": []}, "groundTruth": [0.0, 0.0]}, {"startTime": 10.0, "endTime": 15.0, "predictions": {"probabilities": [1.0050957826024387e-06, 0.15748156607151031], "logits": []}, "groundTruth": [0.0, 0.0]}, {"startTime": 15.0, "endTime": 20.0, "predictions": {"probabilities": [2.1230067659416818e-07, 0.06731728464365005], "logits": []}, "groundTruth": [0.0, 0.0]}]]}