{"modelName": "devise-221108-v8-ep423", "version": "1", "fileId": "47e0d014310b44d9b90f122e91afbfba", "classIds": ["Crex crex", "Scolopax rusticola"], "channels": [[{"startTime": 0.0, "endTime": 5.0, "predictions": {"probabilities": [-20.857587814331055, 0.585452139377594], "logits": [NaN, 0.34519603848457336]}, "groundTruth": [0.0, 0.0]}, {"startTime": 5.0, "endTime": 10.0, "predictions": {"probabilities": [-19.29421615600586, 1.1929354667663574], "logits": [NaN, NaN]}, "groundTruth": [0.0, 0.0]}, {"startTime": 10.0, "endTime": 15.0, "predictions": {"probabilities": [-20.88130760192871, -4.251296043395996], "logits": [NaN, NaN]}, "groundTruth": [0.0, 0.0]}, {"startTime": 15.0, "endTime": 20.0, "predictions": {"probabilities": [-18.175647735595703, -3.0601694583892822], "logits": [NaN, NaN]}, "groundTruth": [0.0, 0.0]}]]}