{"modelName": "devise-221108-v8-ep423", "version": "1", "fileId": "486876befe364fd58e658cb8f5d2a281", "classIds": ["Crex crex", "Scolopax rusticola"], "channels": [[{"startTime": 0.0, "endTime": 5.0, "predictions": {"probabilities": [1.0092148272633494e-07, 0.654455840587616], "logits": []}, "groundTruth": [0.0, 0.0]}, {"startTime": 5.0, "endTime": 10.0, "predictions": {"probabilities": [5.9570883337300984e-08, 0.04464636370539665], "logits": []}, "groundTruth": [0.0, 0.0]}, {"startTime": 10.0, "endTime": 15.0, "predictions": {"probabilities": [8.239137514465256e-07, 0.1960170418024063], "logits": []}, "groundTruth": [0.0, 0.0]}, {"startTime": 15.0, "endTime": 20.0, "predictions": {"probabilities": [1.6845472146087559e-06, 0.1869274228811264], "logits": []}, "groundTruth": [0.0, 0.0]}]]}