{"modelName": "devise-221108-v8-ep423", "version": "1", "fileId": "4a4ff2ad4c0b4fd18aec14fcf90d8b03", "classIds": ["Crex crex", "Scolopax rusticola"], "channels": [[{"startTime": 0.0, "endTime": 5.0, "predictions": {"probabilities": [3.2691161777620437e-07, 0.09816791862249374], "logits": []}, "groundTruth": [0.0, 0.0]}, {"startTime": 5.0, "endTime": 10.0, "predictions": {"probabilities": [9.324016900791321e-06, 0.312033087015152], "logits": []}, "groundTruth": [0.0, 0.0]}, {"startTime": 10.0, "endTime": 15.0, "predictions": {"probabilities": [7.515103561672731e-07, 0.13576410710811615], "logits": []}, "groundTruth": [0.0, 0.0]}, {"startTime": 15.0, "endTime": 20.0, "predictions": {"probabilities": [4.1182960330843343e-07, 0.10698548704385757], "logits": []}, "groundTruth": [0.0, 0.0]}]]}