{"modelName": "devise-221108-v8-ep423", "version": "1", "fileId": "4a4ff2ad4c0b4fd18aec14fcf90d8b03", "classIds": ["Crex crex", "Scolopax rusticola"], "channels": [[{"startTime": 0.0, "endTime": 5.0, "predictions": {"probabilities": [-14.933575630187988, -2.2177488803863525], "logits": [NaN, NaN]}, "groundTruth": [0.0, 0.0]}, {"startTime": 5.0, "endTime": 10.0, "predictions": {"probabilities": [-11.582907676696777, -0.7906314730644226], "logits": [NaN, NaN]}, "groundTruth": [0.0, 0.0]}, {"startTime": 10.0, "endTime": 15.0, "predictions": {"probabilities": [-14.101180076599121, -1.8509268760681152], "logits": [NaN, NaN]}, "groundTruth": [0.0, 0.0]}, {"startTime": 15.0, "endTime": 20.0, "predictions": {"probabilities": [-14.702655792236328, -2.1219096183776855], "logits": [NaN, NaN]}, "groundTruth": [0.0, 0.0]}]]}