{"modelName": "devise-221108-v8-ep423", "version": "1", "fileId": "4a56e5636af74b52887b6cb9a0f77a06", "classIds": ["Crex crex", "Scolopax rusticola"], "channels": [[{"startTime": 0.0, "endTime": 5.0, "predictions": {"probabilities": [5.6979160945047624e-08, 0.07485512644052505], "logits": []}, "groundTruth": [0.0, 0.0]}, {"startTime": 5.0, "endTime": 10.0, "predictions": {"probabilities": [3.85159415472458e-09, 0.011758588254451752], "logits": []}, "groundTruth": [0.0, 0.0]}, {"startTime": 10.0, "endTime": 15.0, "predictions": {"probabilities": [1.2907106494708387e-09, 0.008574958890676498], "logits": []}, "groundTruth": [0.0, 0.0]}, {"startTime": 15.0, "endTime": 20.0, "predictions": {"probabilities": [5.282002613071768e-10, 0.03857112303376198], "logits": []}, "groundTruth": [0.0, 0.0]}]]}