{"modelName": "devise-221108-v8-ep423", "version": "1", "fileId": "4a560493c2b140f3b591ecb374b1dcf2", "classIds": ["Crex crex", "Scolopax rusticola"], "channels": [[{"startTime": 0.0, "endTime": 5.0, "predictions": {"probabilities": [-12.534322738647461, -0.6462384462356567], "logits": [NaN, NaN]}, "groundTruth": [0.0, 1.0]}, {"startTime": 5.0, "endTime": 10.0, "predictions": {"probabilities": [-18.904813766479492, 6.6205291748046875], "logits": [NaN, NaN]}, "groundTruth": [0.0, 1.0]}, {"startTime": 10.0, "endTime": 15.0, "predictions": {"probabilities": [-16.919328689575195, 2.853663921356201], "logits": [NaN, NaN]}, "groundTruth": [0.0, 1.0]}, {"startTime": 11.0, "endTime": 16.0, "predictions": {"probabilities": [-15.513142585754395, -1.0789374113082886], "logits": [NaN, NaN]}, "groundTruth": [0.0, 1.0]}]]}