{"modelName": "devise-221108-v8-ep423", "version": "1", "fileId": "4a560493c2b140f3b591ecb374b1dcf2", "classIds": ["Crex crex", "Scolopax rusticola"], "channels": [[{"startTime": 0.0, "endTime": 5.0, "predictions": {"probabilities": [3.6009012092108605e-06, 0.3438376784324646], "logits": []}, "groundTruth": [0.0, 1.0]}, {"startTime": 5.0, "endTime": 10.0, "predictions": {"probabilities": [6.162311994017955e-09, 0.9986690282821655], "logits": []}, "groundTruth": [0.0, 1.0]}, {"startTime": 10.0, "endTime": 15.0, "predictions": {"probabilities": [4.4877527471953726e-08, 0.9455077648162842], "logits": []}, "groundTruth": [0.0, 1.0]}, {"startTime": 11.0, "endTime": 16.0, "predictions": {"probabilities": [1.8311659744085773e-07, 0.2537071704864502], "logits": []}, "groundTruth": [0.0, 1.0]}]]}