{"modelName": "devise-221108-v8-ep423", "version": "1", "fileId": "4b1b412b126f44a78b0496ebbcc6fd2f", "classIds": ["Crex crex", "Scolopax rusticola"], "channels": [[{"startTime": 0.0, "endTime": 5.0, "predictions": {"probabilities": [-31.270965576171875, 13.991475105285645], "logits": [NaN, NaN]}, "groundTruth": [0.0, 1.0]}, {"startTime": 5.0, "endTime": 10.0, "predictions": {"probabilities": [-25.09418487548828, 9.142629623413086], "logits": [NaN, NaN]}, "groundTruth": [0.0, 1.0]}, {"startTime": 9.0, "endTime": 14.0, "predictions": {"probabilities": [-41.37455368041992, 20.02440071105957], "logits": [NaN, NaN]}, "groundTruth": [0.0, 1.0]}]]}