{"modelName": "devise-221108-v8-ep423", "version": "1", "fileId": "4b35b3cab120429fbd77e9305686d5dd", "classIds": ["Crex crex", "Scolopax rusticola"], "channels": [[{"startTime": 0.0, "endTime": 5.0, "predictions": {"probabilities": [8.680197893795594e-09, 0.02248395048081875], "logits": []}, "groundTruth": [0.0, 0.0]}, {"startTime": 5.0, "endTime": 10.0, "predictions": {"probabilities": [8.443158776572091e-07, 0.1527162492275238], "logits": []}, "groundTruth": [0.0, 0.0]}, {"startTime": 10.0, "endTime": 15.0, "predictions": {"probabilities": [4.373701187887491e-07, 0.10716171562671661], "logits": []}, "groundTruth": [0.0, 0.0]}, {"startTime": 15.0, "endTime": 20.0, "predictions": {"probabilities": [9.592026799509767e-07, 0.15411123633384705], "logits": []}, "groundTruth": [0.0, 0.0]}]]}