{"modelName": "devise-221108-v8-ep423", "version": "1", "fileId": "4b547ed6ea2a4de2b1a6135541756d37", "classIds": ["Crex crex", "Scolopax rusticola"], "channels": [[{"startTime": 0.0, "endTime": 5.0, "predictions": {"probabilities": [2.190958525716269e-09, 0.010363313369452953], "logits": []}, "groundTruth": [0.0, 0.0]}, {"startTime": 5.0, "endTime": 10.0, "predictions": {"probabilities": [3.404314163901745e-09, 0.9560023546218872], "logits": []}, "groundTruth": [0.0, 0.0]}, {"startTime": 10.0, "endTime": 15.0, "predictions": {"probabilities": [8.476065183060655e-09, 0.01532256230711937], "logits": []}, "groundTruth": [0.0, 0.0]}, {"startTime": 15.0, "endTime": 20.0, "predictions": {"probabilities": [1.4309889273533827e-08, 0.9809308648109436], "logits": []}, "groundTruth": [0.0, 0.0]}]]}