{"modelName": "devise-221108-v8-ep423", "version": "1", "fileId": "4b85b6b7595b4f1ab0c46a3e984f6f54", "classIds": ["Crex crex", "Scolopax rusticola"], "channels": [[{"startTime": 0.0, "endTime": 5.0, "predictions": {"probabilities": [-34.36615753173828, 14.712824821472168], "logits": [NaN, NaN]}, "groundTruth": [0.0, 0.0]}, {"startTime": 5.0, "endTime": 10.0, "predictions": {"probabilities": [-17.894500732421875, -2.777982234954834], "logits": [NaN, NaN]}, "groundTruth": [0.0, 0.0]}, {"startTime": 10.0, "endTime": 15.0, "predictions": {"probabilities": [-18.083663940429688, -2.613936424255371], "logits": [NaN, NaN]}, "groundTruth": [0.0, 0.0]}, {"startTime": 15.0, "endTime": 20.0, "predictions": {"probabilities": [-22.194812774658203, -5.397750377655029], "logits": [NaN, NaN]}, "groundTruth": [0.0, 0.0]}]]}