{"modelName": "devise-221108-v8-ep423", "version": "1", "fileId": "4ba3e075ccba404bb223e898e8596e6b", "classIds": ["Crex crex", "Scolopax rusticola"], "channels": [[{"startTime": 0.0, "endTime": 5.0, "predictions": {"probabilities": [1.266615479167399e-09, 0.007169000804424286], "logits": []}, "groundTruth": [0.0, 0.0]}, {"startTime": 5.0, "endTime": 10.0, "predictions": {"probabilities": [1.9029833708827937e-08, 0.05941861495375633], "logits": []}, "groundTruth": [0.0, 0.0]}, {"startTime": 10.0, "endTime": 15.0, "predictions": {"probabilities": [1.992346509993581e-09, 0.008302447386085987], "logits": []}, "groundTruth": [0.0, 0.0]}, {"startTime": 15.0, "endTime": 20.0, "predictions": {"probabilities": [7.96788945933713e-09, 0.015549975447356701], "logits": []}, "groundTruth": [0.0, 0.0]}]]}