{"modelName": "devise-221108-v8-ep423", "version": "1", "fileId": "4d142ce85bc143fc893ece6d0872034d", "classIds": ["Crex crex", "Scolopax rusticola"], "channels": [[{"startTime": 0.0, "endTime": 5.0, "predictions": {"probabilities": [6.61898091891544e-09, 0.03606726974248886], "logits": []}, "groundTruth": [0.0, 0.0]}, {"startTime": 5.0, "endTime": 10.0, "predictions": {"probabilities": [1.129520832421349e-08, 0.05371181294322014], "logits": []}, "groundTruth": [0.0, 0.0]}, {"startTime": 10.0, "endTime": 15.0, "predictions": {"probabilities": [1.0207878631263156e-07, 0.12586835026741028], "logits": []}, "groundTruth": [0.0, 0.0]}, {"startTime": 15.0, "endTime": 20.0, "predictions": {"probabilities": [5.772858191477326e-09, 0.9974572062492371], "logits": []}, "groundTruth": [0.0, 0.0]}]]}