{"modelName": "devise-221108-v8-ep423", "version": "1", "fileId": "4d89f10b877746229a42f61e570b62d9", "classIds": ["Crex crex", "Scolopax rusticola"], "channels": [[{"startTime": 0.0, "endTime": 5.0, "predictions": {"probabilities": [1.4370135659191874e-07, 0.06497327983379364], "logits": []}, "groundTruth": [0.0, 0.0]}, {"startTime": 5.0, "endTime": 10.0, "predictions": {"probabilities": [1.0713871461121016e-06, 0.1352858692407608], "logits": []}, "groundTruth": [0.0, 0.0]}, {"startTime": 10.0, "endTime": 15.0, "predictions": {"probabilities": [5.062612551398615e-09, 0.02618839405477047], "logits": []}, "groundTruth": [0.0, 0.0]}, {"startTime": 15.0, "endTime": 20.0, "predictions": {"probabilities": [1.573903745111238e-07, 0.0935950055718422], "logits": []}, "groundTruth": [0.0, 0.0]}]]}