{"modelName": "devise-221108-v8-ep423", "version": "1", "fileId": "4d9389c5304f44f9abcdef53e7b840b0", "classIds": ["Crex crex", "Scolopax rusticola"], "channels": [[{"startTime": 0.0, "endTime": 5.0, "predictions": {"probabilities": [-22.843660354614258, -1.6231673955917358], "logits": [NaN, NaN]}, "groundTruth": [0.0, 0.0]}, {"startTime": 5.0, "endTime": 10.0, "predictions": {"probabilities": [-18.708934783935547, -3.4644832611083984], "logits": [NaN, NaN]}, "groundTruth": [0.0, 0.0]}, {"startTime": 10.0, "endTime": 15.0, "predictions": {"probabilities": [-19.56092071533203, -2.5325746536254883], "logits": [NaN, NaN]}, "groundTruth": [0.0, 0.0]}, {"startTime": 15.0, "endTime": 20.0, "predictions": {"probabilities": [-21.085105895996094, -5.247303485870361], "logits": [NaN, NaN]}, "groundTruth": [0.0, 0.0]}]]}