{"modelName": "devise-221108-v8-ep423", "version": "1", "fileId": "4f3edbccb16c4243b3aa9284153d9b34", "classIds": ["Crex crex", "Scolopax rusticola"], "channels": [[{"startTime": 0.0, "endTime": 5.0, "predictions": {"probabilities": [1.0005673373170154e-10, 0.997880220413208], "logits": []}, "groundTruth": [0.0, 0.0]}, {"startTime": 5.0, "endTime": 10.0, "predictions": {"probabilities": [1.4608856346853827e-09, 0.9693993330001831], "logits": []}, "groundTruth": [0.0, 0.0]}, {"startTime": 10.0, "endTime": 15.0, "predictions": {"probabilities": [1.071282396125639e-09, 0.03674575313925743], "logits": []}, "groundTruth": [0.0, 0.0]}, {"startTime": 15.0, "endTime": 20.0, "predictions": {"probabilities": [3.4775432311562327e-08, 0.042459890246391296], "logits": []}, "groundTruth": [0.0, 0.0]}]]}