{"modelName": "devise-221108-v8-ep423", "version": "1", "fileId": "4fcc9d7c786142ff8477f0dcd05af297", "classIds": ["Crex crex", "Scolopax rusticola"], "channels": [[{"startTime": 0.0, "endTime": 5.0, "predictions": {"probabilities": [4.463091940465347e-08, 0.03726143762469292], "logits": []}, "groundTruth": [0.0, 0.0]}, {"startTime": 5.0, "endTime": 10.0, "predictions": {"probabilities": [1.512186820207262e-08, 0.03572646155953407], "logits": []}, "groundTruth": [0.0, 0.0]}, {"startTime": 10.0, "endTime": 15.0, "predictions": {"probabilities": [3.9290600994945635e-08, 0.7599663138389587], "logits": []}, "groundTruth": [0.0, 0.0]}, {"startTime": 15.0, "endTime": 20.0, "predictions": {"probabilities": [6.551357234485522e-09, 0.41915175318717957], "logits": []}, "groundTruth": [0.0, 0.0]}]]}