{"modelName": "devise-221108-v8-ep423", "version": "1", "fileId": "4fcc9d7c786142ff8477f0dcd05af297", "classIds": ["Crex crex", "Scolopax rusticola"], "channels": [[{"startTime": 0.0, "endTime": 5.0, "predictions": {"probabilities": [-16.92483901977539, -3.2518229484558105], "logits": [NaN, NaN]}, "groundTruth": [0.0, 0.0]}, {"startTime": 5.0, "endTime": 10.0, "predictions": {"probabilities": [-18.007123947143555, -3.295483350753784], "logits": [NaN, NaN]}, "groundTruth": [0.0, 0.0]}, {"startTime": 10.0, "endTime": 15.0, "predictions": {"probabilities": [-17.05228042602539, 1.15249502658844], "logits": [NaN, NaN]}, "groundTruth": [0.0, 0.0]}, {"startTime": 15.0, "endTime": 20.0, "predictions": {"probabilities": [-18.84359359741211, -0.3262566328048706], "logits": [NaN, NaN]}, "groundTruth": [0.0, 0.0]}]]}