{"modelName": "devise-221108-v8-ep423", "version": "1", "fileId": "5023d1c20d744377a400349952416306", "classIds": ["Crex crex", "Scolopax rusticola"], "channels": [[{"startTime": 0.0, "endTime": 5.0, "predictions": {"probabilities": [1.0581544529486564e-07, 0.12564948201179504], "logits": []}, "groundTruth": [0.0, 0.0]}, {"startTime": 5.0, "endTime": 10.0, "predictions": {"probabilities": [1.3560992329075816e-09, 0.7556642889976501], "logits": []}, "groundTruth": [0.0, 0.0]}, {"startTime": 10.0, "endTime": 15.0, "predictions": {"probabilities": [1.200533574774454e-07, 0.05755249038338661], "logits": []}, "groundTruth": [0.0, 0.0]}, {"startTime": 15.0, "endTime": 20.0, "predictions": {"probabilities": [1.4108060275574985e-09, 0.006695678923279047], "logits": []}, "groundTruth": [0.0, 0.0]}]]}