{"modelName": "devise-221108-v8-ep423", "version": "1", "fileId": "5023d1c20d744377a400349952416306", "classIds": ["Crex crex", "Scolopax rusticola"], "channels": [[{"startTime": 0.0, "endTime": 5.0, "predictions": {"probabilities": [-16.061569213867188, -1.9399851560592651], "logits": [NaN, NaN]}, "groundTruth": [0.0, 0.0]}, {"startTime": 5.0, "endTime": 10.0, "predictions": {"probabilities": [-20.41865348815918, 1.1290541887283325], "logits": [NaN, NaN]}, "groundTruth": [0.0, 0.0]}, {"startTime": 10.0, "endTime": 15.0, "predictions": {"probabilities": [-15.93532943725586, -2.7957828044891357], "logits": [NaN, NaN]}, "groundTruth": [0.0, 0.0]}, {"startTime": 15.0, "endTime": 20.0, "predictions": {"probabilities": [-20.379104614257812, -4.999574661254883], "logits": [NaN, NaN]}, "groundTruth": [0.0, 0.0]}]]}