{"modelName": "devise-221108-v8-ep423", "version": "1", "fileId": "504543b3d32f452aa02b2d17a74350c8", "classIds": ["Crex crex", "Scolopax rusticola"], "channels": [[{"startTime": 0.0, "endTime": 5.0, "predictions": {"probabilities": [6.944181052404019e-08, 0.19015339016914368], "logits": []}, "groundTruth": [0.0, 0.0]}, {"startTime": 5.0, "endTime": 10.0, "predictions": {"probabilities": [1.2085743072987043e-08, 0.027083685621619225], "logits": []}, "groundTruth": [0.0, 0.0]}, {"startTime": 10.0, "endTime": 15.0, "predictions": {"probabilities": [2.8095945570072445e-09, 0.033901844173669815], "logits": []}, "groundTruth": [0.0, 0.0]}, {"startTime": 15.0, "endTime": 20.0, "predictions": {"probabilities": [5.54034240707324e-09, 0.012862627394497395], "logits": []}, "groundTruth": [0.0, 0.0]}]]}