{"modelName": "devise-221108-v8-ep423", "version": "1", "fileId": "5077dfea0595407d843146a0e3dbf847", "classIds": ["Crex crex", "Scolopax rusticola"], "channels": [[{"startTime": 0.0, "endTime": 5.0, "predictions": {"probabilities": [2.1041788103581816e-11, 0.9856348633766174], "logits": []}, "groundTruth": [0.0, 1.0]}, {"startTime": 5.0, "endTime": 10.0, "predictions": {"probabilities": [2.5074568106803283e-16, 0.9999977350234985], "logits": []}, "groundTruth": [0.0, 1.0]}, {"startTime": 10.0, "endTime": 15.0, "predictions": {"probabilities": [9.220034946025996e-14, 0.9999982118606567], "logits": []}, "groundTruth": [0.0, 1.0]}, {"startTime": 14.0, "endTime": 19.0, "predictions": {"probabilities": [1.1306604541516663e-09, 0.32130423188209534], "logits": []}, "groundTruth": [0.0, 0.0]}]]}