{"modelName": "devise-221108-v8-ep423", "version": "1", "fileId": "510a0a78b516484c9352969aae6b48aa", "classIds": ["Crex crex", "Scolopax rusticola"], "channels": [[{"startTime": 0.0, "endTime": 5.0, "predictions": {"probabilities": [3.378952669663704e-06, 0.24779827892780304], "logits": []}, "groundTruth": [0.0, 0.0]}, {"startTime": 5.0, "endTime": 10.0, "predictions": {"probabilities": [6.006947842251975e-06, 0.3032025992870331], "logits": []}, "groundTruth": [0.0, 0.0]}, {"startTime": 10.0, "endTime": 15.0, "predictions": {"probabilities": [9.421975846635178e-06, 0.45930737257003784], "logits": []}, "groundTruth": [0.0, 0.0]}, {"startTime": 15.0, "endTime": 20.0, "predictions": {"probabilities": [4.507205176196294e-06, 0.25126200914382935], "logits": []}, "groundTruth": [0.0, 0.0]}]]}