{"modelName": "devise-221108-v8-ep423", "version": "1", "fileId": "52610fc036b744a8bba373e243d23180", "classIds": ["Crex crex", "Scolopax rusticola"], "channels": [[{"startTime": 0.0, "endTime": 5.0, "predictions": {"probabilities": [-12.083380699157715, -0.9614529609680176], "logits": [NaN, NaN]}, "groundTruth": [0.0, 0.0]}, {"startTime": 5.0, "endTime": 10.0, "predictions": {"probabilities": [-13.025766372680664, -1.151214838027954], "logits": [NaN, NaN]}, "groundTruth": [0.0, 0.0]}, {"startTime": 10.0, "endTime": 15.0, "predictions": {"probabilities": [-12.659265518188477, -1.1466511487960815], "logits": [NaN, NaN]}, "groundTruth": [0.0, 0.0]}, {"startTime": 15.0, "endTime": 20.0, "predictions": {"probabilities": [-11.032092094421387, -0.3305121064186096], "logits": [NaN, NaN]}, "groundTruth": [0.0, 0.0]}]]}