{"modelName": "devise-221108-v8-ep423", "version": "1", "fileId": "52ca9f11cb3c479587dc62d164d11fc0", "classIds": ["Crex crex", "Scolopax rusticola"], "channels": [[{"startTime": 0.0, "endTime": 5.0, "predictions": {"probabilities": [-19.019195556640625, -4.2244439125061035], "logits": [NaN, NaN]}, "groundTruth": [0.0, 0.0]}, {"startTime": 5.0, "endTime": 10.0, "predictions": {"probabilities": [-16.983211517333984, -3.3157267570495605], "logits": [NaN, NaN]}, "groundTruth": [0.0, 0.0]}, {"startTime": 10.0, "endTime": 15.0, "predictions": {"probabilities": [-17.574825286865234, -0.8231911659240723], "logits": [NaN, NaN]}, "groundTruth": [0.0, 0.0]}, {"startTime": 15.0, "endTime": 20.0, "predictions": {"probabilities": [-17.98812484741211, -3.8561789989471436], "logits": [NaN, NaN]}, "groundTruth": [0.0, 0.0]}]]}