{"modelName": "devise-221108-v8-ep423", "version": "1", "fileId": "52d5585ae2ff4c93b11eab0f44f8e775", "classIds": ["Crex crex", "Scolopax rusticola"], "channels": [[{"startTime": 0.0, "endTime": 5.0, "predictions": {"probabilities": [-20.14046287536621, -1.559076189994812], "logits": [NaN, NaN]}, "groundTruth": [0.0, 0.0]}, {"startTime": 5.0, "endTime": 10.0, "predictions": {"probabilities": [-17.998199462890625, -3.3212974071502686], "logits": [NaN, NaN]}, "groundTruth": [0.0, 0.0]}, {"startTime": 10.0, "endTime": 15.0, "predictions": {"probabilities": [-17.166385650634766, -2.55421781539917], "logits": [NaN, NaN]}, "groundTruth": [0.0, 0.0]}, {"startTime": 15.0, "endTime": 20.0, "predictions": {"probabilities": [-18.02463722229004, -2.322336196899414], "logits": [NaN, NaN]}, "groundTruth": [0.0, 0.0]}]]}