{"modelName": "devise-221108-v8-ep423", "version": "1", "fileId": "52d5585ae2ff4c93b11eab0f44f8e775", "classIds": ["Crex crex", "Scolopax rusticola"], "channels": [[{"startTime": 0.0, "endTime": 5.0, "predictions": {"probabilities": [1.7910516403318866e-09, 0.17377924919128418], "logits": []}, "groundTruth": [0.0, 0.0]}, {"startTime": 5.0, "endTime": 10.0, "predictions": {"probabilities": [1.525742732155777e-08, 0.034847747534513474], "logits": []}, "groundTruth": [0.0, 0.0]}, {"startTime": 10.0, "endTime": 15.0, "predictions": {"probabilities": [3.505366308331759e-08, 0.07214364409446716], "logits": []}, "groundTruth": [0.0, 0.0]}, {"startTime": 15.0, "endTime": 20.0, "predictions": {"probabilities": [1.4859339536599236e-08, 0.08928990364074707], "logits": []}, "groundTruth": [0.0, 0.0]}]]}