{"modelName": "devise-221108-v8-ep423", "version": "1", "fileId": "52d6b26ef089432e9d9e65246e722a40", "classIds": ["Crex crex", "Scolopax rusticola"], "channels": [[{"startTime": 0.0, "endTime": 5.0, "predictions": {"probabilities": [5.798462154871231e-08, 0.035224106162786484], "logits": []}, "groundTruth": [0.0, 0.0]}, {"startTime": 5.0, "endTime": 10.0, "predictions": {"probabilities": [7.875949847857555e-08, 0.04668053612112999], "logits": []}, "groundTruth": [0.0, 0.0]}, {"startTime": 10.0, "endTime": 15.0, "predictions": {"probabilities": [1.0097159020006075e-06, 0.23053018748760223], "logits": []}, "groundTruth": [0.0, 0.0]}, {"startTime": 15.0, "endTime": 20.0, "predictions": {"probabilities": [4.939786890645337e-07, 0.9297014474868774], "logits": []}, "groundTruth": [0.0, 0.0]}]]}