{"modelName": "devise-221108-v8-ep423", "version": "1", "fileId": "5328b42934d24e5b8affb2de32d30a98", "classIds": ["Crex crex", "Scolopax rusticola"], "channels": [[{"startTime": 0.0, "endTime": 5.0, "predictions": {"probabilities": [-17.32009506225586, -2.906545877456665], "logits": [NaN, NaN]}, "groundTruth": [0.0, 0.0]}, {"startTime": 5.0, "endTime": 10.0, "predictions": {"probabilities": [-16.134410858154297, -2.5921213626861572], "logits": [NaN, NaN]}, "groundTruth": [0.0, 0.0]}, {"startTime": 10.0, "endTime": 15.0, "predictions": {"probabilities": [-22.474809646606445, 2.9681143760681152], "logits": [NaN, NaN]}, "groundTruth": [0.0, 0.0]}, {"startTime": 15.0, "endTime": 20.0, "predictions": {"probabilities": [-18.855314254760742, -4.353422164916992], "logits": [NaN, NaN]}, "groundTruth": [0.0, 0.0]}]]}