{"modelName": "devise-221108-v8-ep423", "version": "1", "fileId": "533bea7cf7764dbab2f45ff8319a7e0c", "classIds": ["Crex crex", "Scolopax rusticola"], "channels": [[{"startTime": 0.0, "endTime": 5.0, "predictions": {"probabilities": [-18.50537109375, -4.0251145362854], "logits": [NaN, NaN]}, "groundTruth": [0.0, 0.0]}, {"startTime": 5.0, "endTime": 10.0, "predictions": {"probabilities": [-14.373610496520996, 2.3257927894592285], "logits": [NaN, NaN]}, "groundTruth": [0.0, 0.0]}, {"startTime": 10.0, "endTime": 15.0, "predictions": {"probabilities": [-17.00476837158203, -3.4322702884674072], "logits": [NaN, NaN]}, "groundTruth": [0.0, 0.0]}, {"startTime": 15.0, "endTime": 20.0, "predictions": {"probabilities": [-16.00441551208496, -2.805344820022583], "logits": [NaN, NaN]}, "groundTruth": [0.0, 0.0]}]]}