{"modelName": "devise-221108-v8-ep423", "version": "1", "fileId": "53741feeb7c944129a4e4902c9ae9708", "classIds": ["Crex crex", "Scolopax rusticola"], "channels": [[{"startTime": 0.0, "endTime": 5.0, "predictions": {"probabilities": [1.544491169624962e-06, 0.29055848717689514], "logits": []}, "groundTruth": [0.0, 0.0]}, {"startTime": 5.0, "endTime": 10.0, "predictions": {"probabilities": [5.719132786907721e-06, 0.2725166380405426], "logits": []}, "groundTruth": [0.0, 0.0]}, {"startTime": 10.0, "endTime": 15.0, "predictions": {"probabilities": [5.782238758911262e-07, 0.12342305481433868], "logits": []}, "groundTruth": [0.0, 0.0]}, {"startTime": 15.0, "endTime": 20.0, "predictions": {"probabilities": [3.988635910445737e-08, 0.030764788389205933], "logits": []}, "groundTruth": [0.0, 0.0]}]]}