{"modelName": "devise-221108-v8-ep423", "version": "1", "fileId": "53778ad4e4da459891d2df4d987a9254", "classIds": ["Crex crex", "Scolopax rusticola"], "channels": [[{"startTime": 0.0, "endTime": 5.0, "predictions": {"probabilities": [-11.817619323730469, -0.7804794907569885], "logits": [NaN, NaN]}, "groundTruth": [0.0, 0.0]}, {"startTime": 5.0, "endTime": 10.0, "predictions": {"probabilities": [-12.422867774963379, -0.7037150859832764], "logits": [NaN, NaN]}, "groundTruth": [0.0, 0.0]}, {"startTime": 10.0, "endTime": 15.0, "predictions": {"probabilities": [-13.636387825012207, -1.6578623056411743], "logits": [NaN, NaN]}, "groundTruth": [0.0, 0.0]}, {"startTime": 15.0, "endTime": 20.0, "predictions": {"probabilities": [-11.49434757232666, -0.5227257609367371], "logits": [NaN, NaN]}, "groundTruth": [0.0, 0.0]}]]}