{"modelName": "devise-221108-v8-ep423", "version": "1", "fileId": "53778ad4e4da459891d2df4d987a9254", "classIds": ["Crex crex", "Scolopax rusticola"], "channels": [[{"startTime": 0.0, "endTime": 5.0, "predictions": {"probabilities": [7.3734368015720975e-06, 0.3142165541648865], "logits": []}, "groundTruth": [0.0, 0.0]}, {"startTime": 5.0, "endTime": 10.0, "predictions": {"probabilities": [4.025458110845648e-06, 0.3309890627861023], "logits": []}, "groundTruth": [0.0, 0.0]}, {"startTime": 10.0, "endTime": 15.0, "predictions": {"probabilities": [1.1961660675297026e-06, 0.16004915535449982], "logits": []}, "groundTruth": [0.0, 0.0]}, {"startTime": 15.0, "endTime": 20.0, "predictions": {"probabilities": [1.0187412044615485e-05, 0.37221506237983704], "logits": []}, "groundTruth": [0.0, 0.0]}]]}