{"modelName": "devise-221108-v8-ep423", "version": "1", "fileId": "53ade832b92745128f1ce869f798302d", "classIds": ["Crex crex", "Scolopax rusticola"], "channels": [[{"startTime": 0.0, "endTime": 5.0, "predictions": {"probabilities": [-20.065650939941406, -4.787893295288086], "logits": [NaN, NaN]}, "groundTruth": [0.0, 0.0]}, {"startTime": 5.0, "endTime": 10.0, "predictions": {"probabilities": [-21.699304580688477, -4.455636024475098], "logits": [NaN, NaN]}, "groundTruth": [0.0, 0.0]}, {"startTime": 10.0, "endTime": 15.0, "predictions": {"probabilities": [-19.09268569946289, -2.573303461074829], "logits": [NaN, NaN]}, "groundTruth": [0.0, 0.0]}, {"startTime": 15.0, "endTime": 20.0, "predictions": {"probabilities": [-21.205968856811523, -1.881577968597412], "logits": [NaN, NaN]}, "groundTruth": [0.0, 0.0]}]]}