{"modelName": "devise-221108-v8-ep423", "version": "1", "fileId": "53d72176544348079181d3cdba5d139e", "classIds": ["Crex crex", "Scolopax rusticola"], "channels": [[{"startTime": 0.0, "endTime": 5.0, "predictions": {"probabilities": [9.61074498657304e-16, 0.9999998807907104], "logits": []}, "groundTruth": [0.0, 1.0]}, {"startTime": 5.0, "endTime": 10.0, "predictions": {"probabilities": [1.6003815094434333e-14, 0.9999953508377075], "logits": []}, "groundTruth": [0.0, 1.0]}, {"startTime": 10.0, "endTime": 15.0, "predictions": {"probabilities": [7.59623170504156e-16, 0.9999996423721313], "logits": []}, "groundTruth": [0.0, 1.0]}, {"startTime": 11.0, "endTime": 16.0, "predictions": {"probabilities": [6.4700243216687676e-15, 0.9999951124191284], "logits": []}, "groundTruth": [0.0, 1.0]}]]}