{"modelName": "devise-221108-v8-ep423", "version": "1", "fileId": "5493de7290894e06a393590cb338092e", "classIds": ["Crex crex", "Scolopax rusticola"], "channels": [[{"startTime": 0.0, "endTime": 5.0, "predictions": {"probabilities": [3.04597680411689e-10, 0.004107088781893253], "logits": []}, "groundTruth": [0.0, 0.0]}, {"startTime": 5.0, "endTime": 10.0, "predictions": {"probabilities": [4.738318027872057e-13, 0.9996196031570435], "logits": []}, "groundTruth": [0.0, 0.0]}, {"startTime": 10.0, "endTime": 15.0, "predictions": {"probabilities": [6.54559573209923e-10, 0.013911298476159573], "logits": []}, "groundTruth": [0.0, 0.0]}, {"startTime": 15.0, "endTime": 20.0, "predictions": {"probabilities": [2.239913393653481e-10, 0.01001262478530407], "logits": []}, "groundTruth": [0.0, 0.0]}]]}