{"modelName": "devise-221108-v8-ep423", "version": "1", "fileId": "54a42bf325ed4421b16a8bebf4b81d5f", "classIds": ["Crex crex", "Scolopax rusticola"], "channels": [[{"startTime": 0.0, "endTime": 5.0, "predictions": {"probabilities": [8.699427463121356e-12, 0.999961256980896], "logits": []}, "groundTruth": [0.0, 1.0]}, {"startTime": 5.0, "endTime": 10.0, "predictions": {"probabilities": [1.3199638049243845e-09, 0.9973324537277222], "logits": []}, "groundTruth": [0.0, 1.0]}, {"startTime": 8.0, "endTime": 13.0, "predictions": {"probabilities": [1.1193069388015786e-10, 0.9947983026504517], "logits": []}, "groundTruth": [0.0, 1.0]}]]}