{"modelName": "devise-221108-v8-ep423", "version": "1", "fileId": "551ebba96a7c4e6a9081967dbcf28d02", "classIds": ["Crex crex", "Scolopax rusticola"], "channels": [[{"startTime": 0.0, "endTime": 5.0, "predictions": {"probabilities": [-21.64654541015625, -5.503576755523682], "logits": [NaN, NaN]}, "groundTruth": [0.0, 0.0]}, {"startTime": 5.0, "endTime": 10.0, "predictions": {"probabilities": [-20.980701446533203, 0.6790211200714111], "logits": [NaN, 0.749276876449585]}, "groundTruth": [0.0, 0.0]}, {"startTime": 10.0, "endTime": 15.0, "predictions": {"probabilities": [-20.993871688842773, -2.055264472961426], "logits": [NaN, NaN]}, "groundTruth": [0.0, 0.0]}, {"startTime": 15.0, "endTime": 20.0, "predictions": {"probabilities": [-24.613204956054688, 6.348090648651123], "logits": [NaN, NaN]}, "groundTruth": [0.0, 0.0]}]]}