{"modelName": "devise-221108-v8-ep423", "version": "1", "fileId": "556d2861088b4e69b1b7983c1fc43e74", "classIds": ["Crex crex", "Scolopax rusticola"], "channels": [[{"startTime": 0.0, "endTime": 5.0, "predictions": {"probabilities": [9.642066061132937e-07, 0.23729433119297028], "logits": []}, "groundTruth": [0.0, 0.0]}, {"startTime": 5.0, "endTime": 10.0, "predictions": {"probabilities": [2.0792437283034815e-07, 0.06996604055166245], "logits": []}, "groundTruth": [0.0, 0.0]}, {"startTime": 10.0, "endTime": 15.0, "predictions": {"probabilities": [4.892901372954839e-08, 0.21262703835964203], "logits": []}, "groundTruth": [0.0, 0.0]}, {"startTime": 15.0, "endTime": 20.0, "predictions": {"probabilities": [3.647804476258898e-07, 0.08447232097387314], "logits": []}, "groundTruth": [0.0, 0.0]}]]}