{"modelName": "devise-221108-v8-ep423", "version": "1", "fileId": "55c475dfd7844d4785f691ceee03b86a", "classIds": ["Crex crex", "Scolopax rusticola"], "channels": [[{"startTime": 0.0, "endTime": 5.0, "predictions": {"probabilities": [3.7166259403420554e-08, 0.9940639138221741], "logits": []}, "groundTruth": [0.0, 0.0]}, {"startTime": 5.0, "endTime": 10.0, "predictions": {"probabilities": [1.089510533347493e-05, 0.4393153190612793], "logits": []}, "groundTruth": [0.0, 0.0]}, {"startTime": 10.0, "endTime": 15.0, "predictions": {"probabilities": [8.101265848381445e-06, 0.31505855917930603], "logits": []}, "groundTruth": [0.0, 0.0]}, {"startTime": 15.0, "endTime": 20.0, "predictions": {"probabilities": [1.6409221643698402e-05, 0.4207627773284912], "logits": []}, "groundTruth": [0.0, 0.0]}]]}