{"modelName": "devise-221108-v8-ep423", "version": "1", "fileId": "55ceef8c5cf3487c8ffb9d85893f65b5", "classIds": ["Crex crex", "Scolopax rusticola"], "channels": [[{"startTime": 0.0, "endTime": 5.0, "predictions": {"probabilities": [1.5511363926634658e-07, 0.057750243693590164], "logits": []}, "groundTruth": [0.0, 0.0]}, {"startTime": 5.0, "endTime": 10.0, "predictions": {"probabilities": [5.022517939323734e-07, 0.1147841289639473], "logits": []}, "groundTruth": [0.0, 0.0]}, {"startTime": 10.0, "endTime": 15.0, "predictions": {"probabilities": [7.145997216184696e-08, 0.04044988006353378], "logits": []}, "groundTruth": [0.0, 0.0]}, {"startTime": 15.0, "endTime": 20.0, "predictions": {"probabilities": [8.106506470539898e-07, 0.12431467324495316], "logits": []}, "groundTruth": [0.0, 0.0]}]]}