{"modelName": "devise-221108-v8-ep423", "version": "1", "fileId": "55d97ebc62fe4801965b03b24d9b737f", "classIds": ["Crex crex", "Scolopax rusticola"], "channels": [[{"startTime": 0.0, "endTime": 5.0, "predictions": {"probabilities": [2.0988825326639926e-06, 0.2059619128704071], "logits": []}, "groundTruth": [0.0, 0.0]}, {"startTime": 5.0, "endTime": 10.0, "predictions": {"probabilities": [9.970990504371002e-07, 0.8474324345588684], "logits": []}, "groundTruth": [0.0, 0.0]}, {"startTime": 10.0, "endTime": 15.0, "predictions": {"probabilities": [2.224841864517657e-06, 0.22550860047340393], "logits": []}, "groundTruth": [0.0, 0.0]}, {"startTime": 15.0, "endTime": 20.0, "predictions": {"probabilities": [8.748564141569659e-06, 0.3465275764465332], "logits": []}, "groundTruth": [0.0, 0.0]}]]}