{"modelName": "devise-221108-v8-ep423", "version": "1", "fileId": "56381fa65ca34732892fd45a842825d5", "classIds": ["Crex crex", "Scolopax rusticola"], "channels": [[{"startTime": 0.0, "endTime": 5.0, "predictions": {"probabilities": [-17.767383575439453, 7.244301795959473], "logits": [NaN, NaN]}, "groundTruth": [0.0, 0.0]}, {"startTime": 5.0, "endTime": 10.0, "predictions": {"probabilities": [-14.89786434173584, -2.266322374343872], "logits": [NaN, NaN]}, "groundTruth": [0.0, 0.0]}, {"startTime": 10.0, "endTime": 15.0, "predictions": {"probabilities": [-16.7918758392334, -1.7732328176498413], "logits": [NaN, NaN]}, "groundTruth": [0.0, 0.0]}, {"startTime": 15.0, "endTime": 20.0, "predictions": {"probabilities": [-16.52267074584961, -2.2967796325683594], "logits": [NaN, NaN]}, "groundTruth": [0.0, 0.0]}]]}