{"modelName": "devise-221108-v8-ep423", "version": "1", "fileId": "56d52774118c4b638c17e775b32264c1", "classIds": ["Crex crex", "Scolopax rusticola"], "channels": [[{"startTime": 0.0, "endTime": 5.0, "predictions": {"probabilities": [4.207912525089341e-07, 0.10946735739707947], "logits": []}, "groundTruth": [0.0, 0.0]}, {"startTime": 5.0, "endTime": 10.0, "predictions": {"probabilities": [1.0508831564948196e-06, 0.20951038599014282], "logits": []}, "groundTruth": [0.0, 0.0]}, {"startTime": 10.0, "endTime": 15.0, "predictions": {"probabilities": [1.2936976645505638e-07, 0.06306760758161545], "logits": []}, "groundTruth": [0.0, 0.0]}, {"startTime": 15.0, "endTime": 20.0, "predictions": {"probabilities": [8.380225722248724e-07, 0.13582825660705566], "logits": []}, "groundTruth": [0.0, 0.0]}]]}