{"modelName": "devise-221108-v8-ep423", "version": "1", "fileId": "571e8f36b3b84d8a8e6f8d33c8efa8d4", "classIds": ["Crex crex", "Scolopax rusticola"], "channels": [[{"startTime": 0.0, "endTime": 5.0, "predictions": {"probabilities": [-26.867645263671875, 9.902650833129883], "logits": [NaN, NaN]}, "groundTruth": [0.0, 1.0]}, {"startTime": 5.0, "endTime": 10.0, "predictions": {"probabilities": [-27.35384750366211, 11.907011032104492], "logits": [NaN, NaN]}, "groundTruth": [0.0, 1.0]}, {"startTime": 10.0, "endTime": 15.0, "predictions": {"probabilities": [-26.124601364135742, 8.810091972351074], "logits": [NaN, NaN]}, "groundTruth": [0.0, 1.0]}]]}