{"modelName": "devise-221108-v8-ep423", "version": "1", "fileId": "5764bfab59b04c198073f244c6e808b1", "classIds": ["Crex crex", "Scolopax rusticola"], "channels": [[{"startTime": 0.0, "endTime": 5.0, "predictions": {"probabilities": [4.537212589639239e-06, 0.6636643409729004], "logits": []}, "groundTruth": [0.0, 0.0]}, {"startTime": 5.0, "endTime": 10.0, "predictions": {"probabilities": [1.2661974324146286e-05, 0.36226212978363037], "logits": []}, "groundTruth": [0.0, 0.0]}, {"startTime": 10.0, "endTime": 15.0, "predictions": {"probabilities": [2.593439148768084e-06, 0.27313438057899475], "logits": []}, "groundTruth": [0.0, 0.0]}, {"startTime": 15.0, "endTime": 20.0, "predictions": {"probabilities": [3.83106680601486e-07, 0.17817600071430206], "logits": []}, "groundTruth": [0.0, 0.0]}]]}