{"modelName": "devise-221108-v8-ep423", "version": "1", "fileId": "5787d28574034083905ac28eaa821bf7", "classIds": ["Crex crex", "Scolopax rusticola"], "channels": [[{"startTime": 0.0, "endTime": 5.0, "predictions": {"probabilities": [5.621271448319476e-09, 0.016140365973114967], "logits": []}, "groundTruth": [0.0, 0.0]}, {"startTime": 5.0, "endTime": 10.0, "predictions": {"probabilities": [6.99316089480817e-08, 0.05140410363674164], "logits": []}, "groundTruth": [0.0, 0.0]}, {"startTime": 10.0, "endTime": 15.0, "predictions": {"probabilities": [3.1617028994901375e-09, 0.07100272923707962], "logits": []}, "groundTruth": [0.0, 0.0]}, {"startTime": 15.0, "endTime": 20.0, "predictions": {"probabilities": [8.295479754505397e-12, 0.9949085116386414], "logits": []}, "groundTruth": [0.0, 0.0]}]]}