{"modelName": "devise-221108-v8-ep423", "version": "1", "fileId": "579d5255b3a143f5afe06ee6283158c1", "classIds": ["Crex crex", "Scolopax rusticola"], "channels": [[{"startTime": 0.0, "endTime": 5.0, "predictions": {"probabilities": [7.294629966736466e-08, 0.045775480568408966], "logits": []}, "groundTruth": [0.0, 0.0]}, {"startTime": 5.0, "endTime": 10.0, "predictions": {"probabilities": [6.880724612301492e-08, 0.04271705821156502], "logits": []}, "groundTruth": [0.0, 0.0]}, {"startTime": 10.0, "endTime": 15.0, "predictions": {"probabilities": [1.7944400099167979e-07, 0.16639770567417145], "logits": []}, "groundTruth": [0.0, 0.0]}, {"startTime": 15.0, "endTime": 20.0, "predictions": {"probabilities": [7.367576699834899e-07, 0.651422381401062], "logits": []}, "groundTruth": [0.0, 0.0]}]]}