{"modelName": "devise-221108-v8-ep423", "version": "1", "fileId": "57a74a444eeb4f19af6f30a72b8d4117", "classIds": ["Crex crex", "Scolopax rusticola"], "channels": [[{"startTime": 0.0, "endTime": 5.0, "predictions": {"probabilities": [-21.229413986206055, 1.527833342552185], "logits": [NaN, NaN]}, "groundTruth": [0.0, 1.0]}, {"startTime": 5.0, "endTime": 10.0, "predictions": {"probabilities": [-32.21846008300781, 9.355507850646973], "logits": [NaN, NaN]}, "groundTruth": [0.0, 1.0]}, {"startTime": 10.0, "endTime": 15.0, "predictions": {"probabilities": [-16.49087142944336, -3.111722230911255], "logits": [NaN, NaN]}, "groundTruth": [0.0, 0.0]}, {"startTime": 15.0, "endTime": 20.0, "predictions": {"probabilities": [-23.40106773376465, 7.111939907073975], "logits": [NaN, NaN]}, "groundTruth": [0.0, 1.0]}]]}