{"modelName": "devise-221108-v8-ep423", "version": "1", "fileId": "57f24e08f66945219001c09cffc61ebc", "classIds": ["Crex crex", "Scolopax rusticola"], "channels": [[{"startTime": 0.0, "endTime": 5.0, "predictions": {"probabilities": [1.744074097587145e-06, 0.28313037753105164], "logits": []}, "groundTruth": [0.0, 0.0]}, {"startTime": 5.0, "endTime": 10.0, "predictions": {"probabilities": [2.8417937869562593e-07, 0.07057221233844757], "logits": []}, "groundTruth": [0.0, 0.0]}, {"startTime": 10.0, "endTime": 15.0, "predictions": {"probabilities": [7.665715884286328e-07, 0.33296969532966614], "logits": []}, "groundTruth": [0.0, 0.0]}, {"startTime": 15.0, "endTime": 20.0, "predictions": {"probabilities": [5.76298771193251e-06, 0.2631763219833374], "logits": []}, "groundTruth": [0.0, 0.0]}]]}