{"modelName": "devise-221108-v8-ep423", "version": "1", "fileId": "57f24e08f66945219001c09cffc61ebc", "classIds": ["Crex crex", "Scolopax rusticola"], "channels": [[{"startTime": 0.0, "endTime": 5.0, "predictions": {"probabilities": [-13.259284973144531, -0.9289864897727966], "logits": [NaN, NaN]}, "groundTruth": [0.0, 0.0]}, {"startTime": 5.0, "endTime": 10.0, "predictions": {"probabilities": [-15.073659896850586, -2.577932596206665], "logits": [NaN, NaN]}, "groundTruth": [0.0, 0.0]}, {"startTime": 10.0, "endTime": 15.0, "predictions": {"probabilities": [-14.081336975097656, -0.6947839856147766], "logits": [NaN, NaN]}, "groundTruth": [0.0, 0.0]}, {"startTime": 15.0, "endTime": 20.0, "predictions": {"probabilities": [-12.064048767089844, -1.029524326324463], "logits": [NaN, NaN]}, "groundTruth": [0.0, 0.0]}]]}