{"modelName": "devise-221108-v8-ep423", "version": "1", "fileId": "57f4ada9403f4b88ad73aeda9816c4cc", "classIds": ["Crex crex", "Scolopax rusticola"], "channels": [[{"startTime": 0.0, "endTime": 5.0, "predictions": {"probabilities": [-26.95671844482422, 8.012968063354492], "logits": [NaN, NaN]}, "groundTruth": [0.0, 0.0]}, {"startTime": 5.0, "endTime": 10.0, "predictions": {"probabilities": [-19.586502075195312, -4.410861015319824], "logits": [NaN, NaN]}, "groundTruth": [0.0, 0.0]}, {"startTime": 10.0, "endTime": 15.0, "predictions": {"probabilities": [-20.677104949951172, -4.505466461181641], "logits": [NaN, NaN]}, "groundTruth": [0.0, 0.0]}, {"startTime": 15.0, "endTime": 20.0, "predictions": {"probabilities": [-19.130033493041992, -3.645338296890259], "logits": [NaN, NaN]}, "groundTruth": [0.0, 0.0]}]]}