{"modelName": "devise-221108-v8-ep423", "version": "1", "fileId": "58238d92390f4bcdb46bf287213d2923", "classIds": ["Crex crex", "Scolopax rusticola"], "channels": [[{"startTime": 0.0, "endTime": 5.0, "predictions": {"probabilities": [-13.14527702331543, -0.6758638024330139], "logits": [NaN, NaN]}, "groundTruth": [0.0, 0.0]}, {"startTime": 5.0, "endTime": 10.0, "predictions": {"probabilities": [-11.613570213317871, 0.1511744260787964], "logits": [NaN, -1.7254194021224976]}, "groundTruth": [0.0, 0.0]}, {"startTime": 10.0, "endTime": 15.0, "predictions": {"probabilities": [-14.011646270751953, -0.5814650058746338], "logits": [NaN, NaN]}, "groundTruth": [0.0, 0.0]}, {"startTime": 15.0, "endTime": 20.0, "predictions": {"probabilities": [-12.783540725708008, 1.2148770093917847], "logits": [NaN, NaN]}, "groundTruth": [0.0, 0.0]}]]}