{"modelName": "devise-221108-v8-ep423", "version": "1", "fileId": "5836eeb1e49f4e0a8751c5770bb33190", "classIds": ["Crex crex", "Scolopax rusticola"], "channels": [[{"startTime": 0.0, "endTime": 5.0, "predictions": {"probabilities": [5.264942046778742e-06, 0.337802916765213], "logits": []}, "groundTruth": [0.0, 0.0]}, {"startTime": 5.0, "endTime": 10.0, "predictions": {"probabilities": [4.843111582886195e-07, 0.10734007507562637], "logits": []}, "groundTruth": [0.0, 0.0]}, {"startTime": 10.0, "endTime": 15.0, "predictions": {"probabilities": [3.6153289784124354e-07, 0.08813377469778061], "logits": []}, "groundTruth": [0.0, 0.0]}, {"startTime": 15.0, "endTime": 20.0, "predictions": {"probabilities": [1.7439676867070375e-06, 0.3041318655014038], "logits": []}, "groundTruth": [0.0, 0.0]}]]}