{"modelName": "devise-221108-v8-ep423", "version": "1", "fileId": "5836eeb1e49f4e0a8751c5770bb33190", "classIds": ["Crex crex", "Scolopax rusticola"], "channels": [[{"startTime": 0.0, "endTime": 5.0, "predictions": {"probabilities": [-12.154435157775879, -0.6731005311012268], "logits": [NaN, NaN]}, "groundTruth": [0.0, 0.0]}, {"startTime": 5.0, "endTime": 10.0, "predictions": {"probabilities": [-14.54053783416748, -2.118203639984131], "logits": [NaN, NaN]}, "groundTruth": [0.0, 0.0]}, {"startTime": 10.0, "endTime": 15.0, "predictions": {"probabilities": [-14.83291244506836, -2.336637496948242], "logits": [NaN, NaN]}, "groundTruth": [0.0, 0.0]}, {"startTime": 15.0, "endTime": 20.0, "predictions": {"probabilities": [-13.259346008300781, -0.827698826789856], "logits": [NaN, NaN]}, "groundTruth": [0.0, 0.0]}]]}