{"modelName": "devise-221108-v8-ep423", "version": "1", "fileId": "585d99ac422d47d3944ed44e8e45ed65", "classIds": ["Crex crex", "Scolopax rusticola"], "channels": [[{"startTime": 0.0, "endTime": 5.0, "predictions": {"probabilities": [-18.96538734436035, -1.5740888118743896], "logits": [NaN, NaN]}, "groundTruth": [0.0, 0.0]}, {"startTime": 5.0, "endTime": 10.0, "predictions": {"probabilities": [-37.2995719909668, 22.3542423248291], "logits": [NaN, NaN]}, "groundTruth": [0.0, 1.0]}, {"startTime": 10.0, "endTime": 15.0, "predictions": {"probabilities": [-46.906368255615234, 24.108469009399414], "logits": [NaN, NaN]}, "groundTruth": [0.0, 1.0]}, {"startTime": 11.0, "endTime": 16.0, "predictions": {"probabilities": [-43.36421203613281, 21.966039657592773], "logits": [NaN, NaN]}, "groundTruth": [0.0, 1.0]}]]}