{"modelName": "devise-221108-v8-ep423", "version": "1", "fileId": "58c00a43cdfb4a799784dd559d3aa791", "classIds": ["Crex crex", "Scolopax rusticola"], "channels": [[{"startTime": 0.0, "endTime": 5.0, "predictions": {"probabilities": [-11.949549674987793, -0.7548160552978516], "logits": [NaN, NaN]}, "groundTruth": [0.0, 0.0]}, {"startTime": 5.0, "endTime": 10.0, "predictions": {"probabilities": [-11.074111938476562, -0.37678009271621704], "logits": [NaN, NaN]}, "groundTruth": [0.0, 0.0]}, {"startTime": 10.0, "endTime": 15.0, "predictions": {"probabilities": [-12.879117012023926, -0.995856761932373], "logits": [NaN, NaN]}, "groundTruth": [0.0, 0.0]}, {"startTime": 15.0, "endTime": 20.0, "predictions": {"probabilities": [-14.246614456176758, -2.0101749897003174], "logits": [NaN, NaN]}, "groundTruth": [0.0, 0.0]}]]}