{"modelName": "devise-221108-v8-ep423", "version": "1", "fileId": "58c123406e8f4461a674ded8526b7113", "classIds": ["Crex crex", "Scolopax rusticola"], "channels": [[{"startTime": 0.0, "endTime": 5.0, "predictions": {"probabilities": [-14.633096694946289, 1.9642446041107178], "logits": [NaN, NaN]}, "groundTruth": [0.0, 0.0]}, {"startTime": 5.0, "endTime": 10.0, "predictions": {"probabilities": [-12.727383613586426, -1.1302125453948975], "logits": [NaN, NaN]}, "groundTruth": [0.0, 0.0]}, {"startTime": 10.0, "endTime": 15.0, "predictions": {"probabilities": [-12.145878791809082, -0.9561812281608582], "logits": [NaN, NaN]}, "groundTruth": [0.0, 0.0]}, {"startTime": 15.0, "endTime": 20.0, "predictions": {"probabilities": [-21.168180465698242, 8.174260139465332], "logits": [NaN, NaN]}, "groundTruth": [0.0, 0.0]}]]}