{"modelName": "devise-221108-v8-ep423", "version": "1", "fileId": "58c123406e8f4461a674ded8526b7113", "classIds": ["Crex crex", "Scolopax rusticola"], "channels": [[{"startTime": 0.0, "endTime": 5.0, "predictions": {"probabilities": [4.4149589939479483e-07, 0.8769916296005249], "logits": []}, "groundTruth": [0.0, 0.0]}, {"startTime": 5.0, "endTime": 10.0, "predictions": {"probabilities": [2.9686993912036996e-06, 0.24412187933921814], "logits": []}, "groundTruth": [0.0, 0.0]}, {"startTime": 10.0, "endTime": 15.0, "predictions": {"probabilities": [5.310183951223735e-06, 0.2776434123516083], "logits": []}, "groundTruth": [0.0, 0.0]}, {"startTime": 15.0, "endTime": 20.0, "predictions": {"probabilities": [6.408789610112819e-10, 0.9997182488441467], "logits": []}, "groundTruth": [0.0, 0.0]}]]}