{"modelName": "devise-221108-v8-ep423", "version": "1", "fileId": "59495bc3909d481fa4e30f59f0f0f25c", "classIds": ["Crex crex", "Scolopax rusticola"], "channels": [[{"startTime": 0.0, "endTime": 5.0, "predictions": {"probabilities": [5.08935578125147e-08, 0.044618286192417145], "logits": []}, "groundTruth": [0.0, 0.0]}, {"startTime": 5.0, "endTime": 10.0, "predictions": {"probabilities": [2.8788416983616116e-08, 0.7618672847747803], "logits": []}, "groundTruth": [0.0, 0.0]}, {"startTime": 10.0, "endTime": 15.0, "predictions": {"probabilities": [5.379246204029187e-07, 0.10202068835496902], "logits": []}, "groundTruth": [0.0, 0.0]}, {"startTime": 15.0, "endTime": 20.0, "predictions": {"probabilities": [7.858939170546364e-07, 0.11936706304550171], "logits": []}, "groundTruth": [0.0, 0.0]}]]}