{"modelName": "devise-221108-v8-ep423", "version": "1", "fileId": "599f84d6e7c945c8956b4cfc5cc8e2dc", "classIds": ["Crex crex", "Scolopax rusticola"], "channels": [[{"startTime": 0.0, "endTime": 5.0, "predictions": {"probabilities": [3.0806257544924165e-09, 0.010737786069512367], "logits": []}, "groundTruth": [0.0, 0.0]}, {"startTime": 5.0, "endTime": 10.0, "predictions": {"probabilities": [3.9217920577705456e-11, 0.9997822642326355], "logits": []}, "groundTruth": [0.0, 0.0]}, {"startTime": 10.0, "endTime": 15.0, "predictions": {"probabilities": [8.532959088662986e-15, 1.0], "logits": []}, "groundTruth": [0.0, 0.0]}, {"startTime": 15.0, "endTime": 20.0, "predictions": {"probabilities": [2.196005155497005e-08, 0.028123054653406143], "logits": []}, "groundTruth": [0.0, 0.0]}]]}