{"modelName": "devise-221108-v8-ep423", "version": "1", "fileId": "59d9866a3b9f40a9affaf6e799c73a2c", "classIds": ["Crex crex", "Scolopax rusticola"], "channels": [[{"startTime": 0.0, "endTime": 5.0, "predictions": {"probabilities": [-13.14472484588623, 1.7994896173477173], "logits": [NaN, NaN]}, "groundTruth": [0.0, 0.0]}, {"startTime": 5.0, "endTime": 10.0, "predictions": {"probabilities": [-14.176138877868652, 2.952207326889038], "logits": [NaN, NaN]}, "groundTruth": [0.0, 0.0]}, {"startTime": 10.0, "endTime": 15.0, "predictions": {"probabilities": [-13.921111106872559, -1.845948338508606], "logits": [NaN, NaN]}, "groundTruth": [0.0, 0.0]}, {"startTime": 15.0, "endTime": 20.0, "predictions": {"probabilities": [-17.304235458374023, -3.1044700145721436], "logits": [NaN, NaN]}, "groundTruth": [0.0, 0.0]}]]}