{"modelName": "devise-221108-v8-ep423", "version": "1", "fileId": "59d9866a3b9f40a9affaf6e799c73a2c", "classIds": ["Crex crex", "Scolopax rusticola"], "channels": [[{"startTime": 0.0, "endTime": 5.0, "predictions": {"probabilities": [1.9557694486138644e-06, 0.8580867648124695], "logits": []}, "groundTruth": [0.0, 0.0]}, {"startTime": 5.0, "endTime": 10.0, "predictions": {"probabilities": [6.972376240810263e-07, 0.9503677487373352], "logits": []}, "groundTruth": [0.0, 0.0]}, {"startTime": 10.0, "endTime": 15.0, "predictions": {"probabilities": [8.997831741908158e-07, 0.13634932041168213], "logits": []}, "groundTruth": [0.0, 0.0]}, {"startTime": 15.0, "endTime": 20.0, "predictions": {"probabilities": [3.053978758771336e-08, 0.042923249304294586], "logits": []}, "groundTruth": [0.0, 0.0]}]]}