{"modelName": "devise-221108-v8-ep423", "version": "1", "fileId": "5a5f2d764bd14756ba914b1f1844a424", "classIds": ["Crex crex", "Scolopax rusticola"], "channels": [[{"startTime": 0.0, "endTime": 5.0, "predictions": {"probabilities": [3.231147793769651e-09, 0.00973695982247591], "logits": []}, "groundTruth": [0.0, 0.0]}, {"startTime": 5.0, "endTime": 10.0, "predictions": {"probabilities": [3.3666296417322883e-09, 0.023353982716798782], "logits": []}, "groundTruth": [0.0, 0.0]}, {"startTime": 10.0, "endTime": 15.0, "predictions": {"probabilities": [4.58230742239607e-09, 0.010409419424831867], "logits": []}, "groundTruth": [0.0, 0.0]}, {"startTime": 15.0, "endTime": 20.0, "predictions": {"probabilities": [1.860289283728278e-10, 0.004661493003368378], "logits": []}, "groundTruth": [0.0, 0.0]}]]}