{"modelName": "devise-221108-v8-ep423", "version": "1", "fileId": "5aeabc633e7443339388c56d1f2c50e8", "classIds": ["Crex crex", "Scolopax rusticola"], "channels": [[{"startTime": 0.0, "endTime": 5.0, "predictions": {"probabilities": [-15.559557914733887, -1.1954536437988281], "logits": [NaN, NaN]}, "groundTruth": [0.0, 0.0]}, {"startTime": 5.0, "endTime": 10.0, "predictions": {"probabilities": [-18.207014083862305, -2.2836878299713135], "logits": [NaN, NaN]}, "groundTruth": [0.0, 0.0]}, {"startTime": 10.0, "endTime": 15.0, "predictions": {"probabilities": [-20.67352294921875, -2.731902837753296], "logits": [NaN, NaN]}, "groundTruth": [0.0, 0.0]}, {"startTime": 15.0, "endTime": 20.0, "predictions": {"probabilities": [-19.4515323638916, -4.423572540283203], "logits": [NaN, NaN]}, "groundTruth": [0.0, 0.0]}]]}