{"modelName": "devise-221108-v8-ep423", "version": "1", "fileId": "5aeabc633e7443339388c56d1f2c50e8", "classIds": ["Crex crex", "Scolopax rusticola"], "channels": [[{"startTime": 0.0, "endTime": 5.0, "predictions": {"probabilities": [1.7481140446307109e-07, 0.23228497803211212], "logits": []}, "groundTruth": [0.0, 0.0]}, {"startTime": 5.0, "endTime": 10.0, "predictions": {"probabilities": [1.2382098901753125e-08, 0.09248296916484833], "logits": []}, "groundTruth": [0.0, 0.0]}, {"startTime": 10.0, "endTime": 15.0, "predictions": {"probabilities": [1.0510008419117867e-09, 0.06111688166856766], "logits": []}, "groundTruth": [0.0, 0.0]}, {"startTime": 15.0, "endTime": 20.0, "predictions": {"probabilities": [3.567030670836857e-09, 0.011849228292703629], "logits": []}, "groundTruth": [0.0, 0.0]}]]}