{"modelName": "devise-221108-v8-ep423", "version": "1", "fileId": "5b0ea11646ed4837a2d7f2e61cb8c357", "classIds": ["Crex crex", "Scolopax rusticola"], "channels": [[{"startTime": 0.0, "endTime": 5.0, "predictions": {"probabilities": [3.8111465983092785e-05, 0.5176525712013245], "logits": []}, "groundTruth": [0.0, 0.0]}, {"startTime": 5.0, "endTime": 10.0, "predictions": {"probabilities": [5.244796284387121e-06, 0.3001311123371124], "logits": []}, "groundTruth": [0.0, 0.0]}, {"startTime": 10.0, "endTime": 15.0, "predictions": {"probabilities": [3.6202322917233687e-06, 0.2413645088672638], "logits": []}, "groundTruth": [0.0, 0.0]}, {"startTime": 15.0, "endTime": 20.0, "predictions": {"probabilities": [1.4008073776494712e-06, 0.16936558485031128], "logits": []}, "groundTruth": [0.0, 0.0]}]]}