{"modelName": "devise-221108-v8-ep423", "version": "1", "fileId": "5b0ea11646ed4837a2d7f2e61cb8c357", "classIds": ["Crex crex", "Scolopax rusticola"], "channels": [[{"startTime": 0.0, "endTime": 5.0, "predictions": {"probabilities": [-10.174957275390625, 0.0706397145986557], "logits": [NaN, -2.576904058456421]}, "groundTruth": [0.0, 0.0]}, {"startTime": 5.0, "endTime": 10.0, "predictions": {"probabilities": [-12.158268928527832, -0.8466736674308777], "logits": [NaN, NaN]}, "groundTruth": [0.0, 0.0]}, {"startTime": 10.0, "endTime": 15.0, "predictions": {"probabilities": [-12.528968811035156, -1.1452131271362305], "logits": [NaN, NaN]}, "groundTruth": [0.0, 0.0]}, {"startTime": 15.0, "endTime": 20.0, "predictions": {"probabilities": [-13.478460311889648, -1.5901302099227905], "logits": [NaN, NaN]}, "groundTruth": [0.0, 0.0]}]]}