{"modelName": "devise-221108-v8-ep423", "version": "1", "fileId": "5ba22a92092c4fdb9f1be4f047fdcc38", "classIds": ["Crex crex", "Scolopax rusticola"], "channels": [[{"startTime": 0.0, "endTime": 5.0, "predictions": {"probabilities": [1.501272549830901e-06, 0.20847386121749878], "logits": []}, "groundTruth": [0.0, 0.0]}, {"startTime": 5.0, "endTime": 10.0, "predictions": {"probabilities": [3.7221368209827688e-09, 0.9995962977409363], "logits": []}, "groundTruth": [0.0, 0.0]}, {"startTime": 10.0, "endTime": 15.0, "predictions": {"probabilities": [3.1290665588115663e-13, 0.9999990463256836], "logits": []}, "groundTruth": [0.0, 0.0]}, {"startTime": 15.0, "endTime": 20.0, "predictions": {"probabilities": [5.970465366544886e-08, 0.03610127791762352], "logits": []}, "groundTruth": [0.0, 0.0]}]]}