{"modelName": "devise-221108-v8-ep423", "version": "1", "fileId": "5ba22a92092c4fdb9f1be4f047fdcc38", "classIds": ["Crex crex", "Scolopax rusticola"], "channels": [[{"startTime": 0.0, "endTime": 5.0, "predictions": {"probabilities": [-13.409195899963379, -1.3341492414474487], "logits": [NaN, NaN]}, "groundTruth": [0.0, 0.0]}, {"startTime": 5.0, "endTime": 10.0, "predictions": {"probabilities": [-19.408967971801758, 7.814277172088623], "logits": [NaN, NaN]}, "groundTruth": [0.0, 0.0]}, {"startTime": 10.0, "endTime": 15.0, "predictions": {"probabilities": [-28.792871475219727, 13.81672477722168], "logits": [NaN, NaN]}, "groundTruth": [0.0, 0.0]}, {"startTime": 15.0, "endTime": 20.0, "predictions": {"probabilities": [-16.63385581970215, -3.2846579551696777], "logits": [NaN, NaN]}, "groundTruth": [0.0, 0.0]}]]}