{"modelName": "devise-221108-v8-ep423", "version": "1", "fileId": "5bbd64f20f8c47cf806d11857dd29e8a", "classIds": ["Crex crex", "Scolopax rusticola"], "channels": [[{"startTime": 0.0, "endTime": 5.0, "predictions": {"probabilities": [-30.06819725036621, 15.211859703063965], "logits": [NaN, NaN]}, "groundTruth": [0.0, 0.0]}, {"startTime": 5.0, "endTime": 10.0, "predictions": {"probabilities": [-14.404088973999023, -1.8902066946029663], "logits": [NaN, NaN]}, "groundTruth": [0.0, 0.0]}, {"startTime": 10.0, "endTime": 15.0, "predictions": {"probabilities": [-12.956079483032227, -1.26164972782135], "logits": [NaN, NaN]}, "groundTruth": [0.0, 0.0]}, {"startTime": 15.0, "endTime": 20.0, "predictions": {"probabilities": [-12.67606258392334, -0.7101452946662903], "logits": [NaN, NaN]}, "groundTruth": [0.0, 0.0]}]]}