{"modelName": "devise-221108-v8-ep423", "version": "1", "fileId": "5bfb1726d57746cfbf509fbb2d51ba2a", "classIds": ["Crex crex", "Scolopax rusticola"], "channels": [[{"startTime": 0.0, "endTime": 5.0, "predictions": {"probabilities": [-18.30982208251953, -2.3258373737335205], "logits": [NaN, NaN]}, "groundTruth": [0.0, 0.0]}, {"startTime": 5.0, "endTime": 10.0, "predictions": {"probabilities": [-17.21643829345703, -3.4385697841644287], "logits": [NaN, NaN]}, "groundTruth": [0.0, 0.0]}, {"startTime": 10.0, "endTime": 15.0, "predictions": {"probabilities": [-16.71415138244629, -3.3381729125976562], "logits": [NaN, NaN]}, "groundTruth": [0.0, 0.0]}, {"startTime": 15.0, "endTime": 20.0, "predictions": {"probabilities": [-19.797317504882812, -2.4945902824401855], "logits": [NaN, NaN]}, "groundTruth": [0.0, 0.0]}]]}