{"modelName": "devise-221108-v8-ep423", "version": "1", "fileId": "5bfb1726d57746cfbf509fbb2d51ba2a", "classIds": ["Crex crex", "Scolopax rusticola"], "channels": [[{"startTime": 0.0, "endTime": 5.0, "predictions": {"probabilities": [1.1172369696055284e-08, 0.08900560438632965], "logits": []}, "groundTruth": [0.0, 0.0]}, {"startTime": 5.0, "endTime": 10.0, "predictions": {"probabilities": [3.3342320904239386e-08, 0.031111566349864006], "logits": []}, "groundTruth": [0.0, 0.0]}, {"startTime": 10.0, "endTime": 15.0, "predictions": {"probabilities": [5.50980594482553e-08, 0.034284599125385284], "logits": []}, "groundTruth": [0.0, 0.0]}, {"startTime": 15.0, "endTime": 20.0, "predictions": {"probabilities": [2.5242610224296413e-09, 0.07623829692602158], "logits": []}, "groundTruth": [0.0, 0.0]}]]}