{"modelName": "devise-221108-v8-ep423", "version": "1", "fileId": "5c5421ddf0834d72a57f7841252f606f", "classIds": ["Crex crex", "Scolopax rusticola"], "channels": [[{"startTime": 0.0, "endTime": 5.0, "predictions": {"probabilities": [-17.686182022094727, -1.5710294246673584], "logits": [NaN, NaN]}, "groundTruth": [0.0, 0.0]}, {"startTime": 5.0, "endTime": 10.0, "predictions": {"probabilities": [-17.89635467529297, -3.6995153427124023], "logits": [NaN, NaN]}, "groundTruth": [0.0, 0.0]}, {"startTime": 10.0, "endTime": 15.0, "predictions": {"probabilities": [-19.44518280029297, -1.8172800540924072], "logits": [NaN, NaN]}, "groundTruth": [0.0, 0.0]}, {"startTime": 15.0, "endTime": 20.0, "predictions": {"probabilities": [-19.08858871459961, 0.6788561940193176], "logits": [NaN, 0.7485203742980957]}, "groundTruth": [0.0, 0.0]}]]}