{"modelName": "devise-221108-v8-ep423", "version": "1", "fileId": "5c565e2251e44549a0678fce8ca51c7d", "classIds": ["Crex crex", "Scolopax rusticola"], "channels": [[{"startTime": 0.0, "endTime": 5.0, "predictions": {"probabilities": [-14.414398193359375, -2.115666627883911], "logits": [NaN, NaN]}, "groundTruth": [0.0, 0.0]}, {"startTime": 5.0, "endTime": 10.0, "predictions": {"probabilities": [-14.546265602111816, -2.1737704277038574], "logits": [NaN, NaN]}, "groundTruth": [0.0, 0.0]}, {"startTime": 10.0, "endTime": 15.0, "predictions": {"probabilities": [-14.358501434326172, -2.166210412979126], "logits": [NaN, NaN]}, "groundTruth": [0.0, 0.0]}, {"startTime": 15.0, "endTime": 20.0, "predictions": {"probabilities": [-13.717109680175781, -1.3907979726791382], "logits": [NaN, NaN]}, "groundTruth": [0.0, 0.0]}]]}