{"modelName": "devise-221108-v8-ep423", "version": "1", "fileId": "5c565e2251e44549a0678fce8ca51c7d", "classIds": ["Crex crex", "Scolopax rusticola"], "channels": [[{"startTime": 0.0, "endTime": 5.0, "predictions": {"probabilities": [5.494221113622189e-07, 0.1075834110379219], "logits": []}, "groundTruth": [0.0, 0.0]}, {"startTime": 5.0, "endTime": 10.0, "predictions": {"probabilities": [4.815450438400148e-07, 0.10213077068328857], "logits": []}, "groundTruth": [0.0, 0.0]}, {"startTime": 10.0, "endTime": 15.0, "predictions": {"probabilities": [5.810076117995777e-07, 0.10282610356807709], "logits": []}, "groundTruth": [0.0, 0.0]}, {"startTime": 15.0, "endTime": 20.0, "predictions": {"probabilities": [1.1034038607249386e-06, 0.19928039610385895], "logits": []}, "groundTruth": [0.0, 0.0]}]]}