{"modelName": "devise-221108-v8-ep423", "version": "1", "fileId": "5c98ead1ba7040b7aa058820932682df", "classIds": ["Crex crex", "Scolopax rusticola"], "channels": [[{"startTime": 0.0, "endTime": 5.0, "predictions": {"probabilities": [-13.85290241241455, 1.901871681213379], "logits": [NaN, NaN]}, "groundTruth": [0.0, 0.0]}, {"startTime": 5.0, "endTime": 10.0, "predictions": {"probabilities": [-13.260461807250977, -1.5862407684326172], "logits": [NaN, NaN]}, "groundTruth": [0.0, 0.0]}, {"startTime": 10.0, "endTime": 15.0, "predictions": {"probabilities": [-14.157064437866211, -1.4680618047714233], "logits": [NaN, NaN]}, "groundTruth": [0.0, 0.0]}, {"startTime": 15.0, "endTime": 20.0, "predictions": {"probabilities": [-15.859502792358398, -2.7604098320007324], "logits": [NaN, NaN]}, "groundTruth": [0.0, 0.0]}]]}