{"modelName": "devise-221108-v8-ep423", "version": "1", "fileId": "5c99c15f861640408763473f7b26c79f", "classIds": ["Crex crex", "Scolopax rusticola"], "channels": [[{"startTime": 0.0, "endTime": 5.0, "predictions": {"probabilities": [1.0603764977190622e-08, 0.026824478060007095], "logits": []}, "groundTruth": [0.0, 0.0]}, {"startTime": 5.0, "endTime": 10.0, "predictions": {"probabilities": [3.378691326716421e-09, 0.05118544027209282], "logits": []}, "groundTruth": [0.0, 0.0]}, {"startTime": 10.0, "endTime": 15.0, "predictions": {"probabilities": [2.7894177634379957e-08, 0.04050585627555847], "logits": []}, "groundTruth": [0.0, 0.0]}, {"startTime": 15.0, "endTime": 20.0, "predictions": {"probabilities": [3.059387854165152e-09, 0.009817443788051605], "logits": []}, "groundTruth": [0.0, 0.0]}]]}