{"modelName": "devise-221108-v8-ep423", "version": "1", "fileId": "5c9998280a294dbbae4e13aed1a32ad1", "classIds": ["Crex crex", "Scolopax rusticola"], "channels": [[{"startTime": 0.0, "endTime": 5.0, "predictions": {"probabilities": [2.080977577756382e-11, 0.003272245405241847], "logits": []}, "groundTruth": [0.0, 0.0]}, {"startTime": 5.0, "endTime": 10.0, "predictions": {"probabilities": [1.1327342536171514e-10, 0.010698899626731873], "logits": []}, "groundTruth": [0.0, 0.0]}, {"startTime": 10.0, "endTime": 15.0, "predictions": {"probabilities": [3.360020595088997e-10, 0.004751105792820454], "logits": []}, "groundTruth": [0.0, 0.0]}, {"startTime": 15.0, "endTime": 20.0, "predictions": {"probabilities": [2.515000208092033e-09, 0.010252355597913265], "logits": []}, "groundTruth": [0.0, 0.0]}]]}