{"modelName": "devise-221108-v8-ep423", "version": "1", "fileId": "5c99c15f861640408763473f7b26c79f", "classIds": ["Crex crex", "Scolopax rusticola"], "channels": [[{"startTime": 0.0, "endTime": 5.0, "predictions": {"probabilities": [-18.362056732177734, -3.591249704360962], "logits": [NaN, NaN]}, "groundTruth": [0.0, 0.0]}, {"startTime": 5.0, "endTime": 10.0, "predictions": {"probabilities": [-19.50577735900879, -2.9197583198547363], "logits": [NaN, NaN]}, "groundTruth": [0.0, 0.0]}, {"startTime": 10.0, "endTime": 15.0, "predictions": {"probabilities": [-17.394847869873047, -3.164959669113159], "logits": [NaN, NaN]}, "groundTruth": [0.0, 0.0]}, {"startTime": 15.0, "endTime": 20.0, "predictions": {"probabilities": [-19.605051040649414, -4.6137285232543945], "logits": [NaN, NaN]}, "groundTruth": [0.0, 0.0]}]]}