{"modelName": "devise-221108-v8-ep423", "version": "1", "fileId": "5d08c042bbe9490aa02c1876936077c9", "classIds": ["Crex crex", "Scolopax rusticola"], "channels": [[{"startTime": 0.0, "endTime": 5.0, "predictions": {"probabilities": [1.972360275104279e-09, 0.008811878971755505], "logits": []}, "groundTruth": [0.0, 0.0]}, {"startTime": 5.0, "endTime": 10.0, "predictions": {"probabilities": [2.1668871852398297e-07, 0.06915535032749176], "logits": []}, "groundTruth": [0.0, 0.0]}, {"startTime": 10.0, "endTime": 15.0, "predictions": {"probabilities": [1.1039617220376385e-08, 0.3362615406513214], "logits": []}, "groundTruth": [0.0, 0.0]}, {"startTime": 15.0, "endTime": 20.0, "predictions": {"probabilities": [1.331411159100071e-08, 0.1186416745185852], "logits": []}, "groundTruth": [0.0, 0.0]}]]}