{"modelName": "devise-221108-v8-ep423", "version": "1", "fileId": "5d67e2619caf44879606cae9835301fb", "classIds": ["Crex crex", "Scolopax rusticola"], "channels": [[{"startTime": 0.0, "endTime": 5.0, "predictions": {"probabilities": [-17.228076934814453, -2.2302308082580566], "logits": [NaN, NaN]}, "groundTruth": [0.0, 0.0]}, {"startTime": 5.0, "endTime": 10.0, "predictions": {"probabilities": [-13.222809791564941, -1.0687541961669922], "logits": [NaN, NaN]}, "groundTruth": [0.0, 0.0]}, {"startTime": 10.0, "endTime": 15.0, "predictions": {"probabilities": [-18.002208709716797, -3.9233288764953613], "logits": [NaN, NaN]}, "groundTruth": [0.0, 0.0]}, {"startTime": 15.0, "endTime": 20.0, "predictions": {"probabilities": [-18.546072006225586, 1.988494873046875], "logits": [NaN, NaN]}, "groundTruth": [0.0, 0.0]}]]}