{"modelName": "devise-221108-v8-ep423", "version": "1", "fileId": "5da1487b0339439cb41887eb59f02c81", "classIds": ["Crex crex", "Scolopax rusticola"], "channels": [[{"startTime": 0.0, "endTime": 5.0, "predictions": {"probabilities": [3.629637745916625e-08, 0.0452137291431427], "logits": []}, "groundTruth": [0.0, 0.0]}, {"startTime": 5.0, "endTime": 10.0, "predictions": {"probabilities": [2.747649219259074e-08, 0.043277107179164886], "logits": []}, "groundTruth": [0.0, 0.0]}, {"startTime": 10.0, "endTime": 15.0, "predictions": {"probabilities": [9.941575562777416e-09, 0.026465123519301414], "logits": []}, "groundTruth": [0.0, 0.0]}, {"startTime": 15.0, "endTime": 20.0, "predictions": {"probabilities": [3.7098907057497854e-08, 0.029698604717850685], "logits": []}, "groundTruth": [0.0, 0.0]}]]}