{"modelName": "devise-221108-v8-ep423", "version": "1", "fileId": "5da1487b0339439cb41887eb59f02c81", "classIds": ["Crex crex", "Scolopax rusticola"], "channels": [[{"startTime": 0.0, "endTime": 5.0, "predictions": {"probabilities": [-17.131547927856445, -3.050086736679077], "logits": [NaN, NaN]}, "groundTruth": [0.0, 0.0]}, {"startTime": 5.0, "endTime": 10.0, "predictions": {"probabilities": [-17.409934997558594, -3.0958900451660156], "logits": [NaN, NaN]}, "groundTruth": [0.0, 0.0]}, {"startTime": 10.0, "endTime": 15.0, "predictions": {"probabilities": [-18.42654037475586, -3.6051058769226074], "logits": [NaN, NaN]}, "groundTruth": [0.0, 0.0]}, {"startTime": 15.0, "endTime": 20.0, "predictions": {"probabilities": [-17.109678268432617, -3.486506700515747], "logits": [NaN, NaN]}, "groundTruth": [0.0, 0.0]}]]}