{"modelName": "devise-221108-v8-ep423", "version": "1", "fileId": "5dcc89f524f540c0b2df599e0658258e", "classIds": ["Crex crex", "Scolopax rusticola"], "channels": [[{"startTime": 0.0, "endTime": 5.0, "predictions": {"probabilities": [-14.560641288757324, -0.2642765939235687], "logits": [NaN, NaN]}, "groundTruth": [0.0, 0.0]}, {"startTime": 5.0, "endTime": 10.0, "predictions": {"probabilities": [-14.696517944335938, -2.106940746307373], "logits": [NaN, NaN]}, "groundTruth": [0.0, 0.0]}, {"startTime": 10.0, "endTime": 15.0, "predictions": {"probabilities": [-18.984296798706055, -4.153425216674805], "logits": [NaN, NaN]}, "groundTruth": [0.0, 0.0]}, {"startTime": 15.0, "endTime": 20.0, "predictions": {"probabilities": [-17.767139434814453, -3.5062355995178223], "logits": [NaN, NaN]}, "groundTruth": [0.0, 0.0]}]]}