{"modelName": "devise-221108-v8-ep423", "version": "1", "fileId": "5de7e118507343c29b47c0c90a8d504d", "classIds": ["Crex crex", "Scolopax rusticola"], "channels": [[{"startTime": 0.0, "endTime": 5.0, "predictions": {"probabilities": [2.0145238255331321e-10, 0.9199398756027222], "logits": []}, "groundTruth": [0.0, 1.0]}, {"startTime": 5.0, "endTime": 10.0, "predictions": {"probabilities": [2.0327844962864106e-10, 0.998847246170044], "logits": []}, "groundTruth": [0.0, 1.0]}, {"startTime": 8.0, "endTime": 13.0, "predictions": {"probabilities": [8.604569501358128e-09, 0.9510539770126343], "logits": []}, "groundTruth": [0.0, 1.0]}]]}