{"modelName": "devise-221108-v8-ep423", "version": "1", "fileId": "5e0567db13a74ab5b39b3aa97c6ac269", "classIds": ["Crex crex", "Scolopax rusticola"], "channels": [[{"startTime": 0.0, "endTime": 5.0, "predictions": {"probabilities": [1.5977625480445568e-06, 0.17303811013698578], "logits": []}, "groundTruth": [0.0, 0.0]}, {"startTime": 5.0, "endTime": 10.0, "predictions": {"probabilities": [7.020410919267306e-08, 0.06752169132232666], "logits": []}, "groundTruth": [0.0, 0.0]}, {"startTime": 10.0, "endTime": 15.0, "predictions": {"probabilities": [3.645752428838023e-07, 0.10709807276725769], "logits": []}, "groundTruth": [0.0, 0.0]}, {"startTime": 15.0, "endTime": 20.0, "predictions": {"probabilities": [7.473786922673753e-08, 0.053103696554899216], "logits": []}, "groundTruth": [0.0, 0.0]}]]}