{"modelName": "devise-221108-v8-ep423", "version": "1", "fileId": "5e0567db13a74ab5b39b3aa97c6ac269", "classIds": ["Crex crex", "Scolopax rusticola"], "channels": [[{"startTime": 0.0, "endTime": 5.0, "predictions": {"probabilities": [-13.346904754638672, -1.5642467737197876], "logits": [NaN, NaN]}, "groundTruth": [0.0, 0.0]}, {"startTime": 5.0, "endTime": 10.0, "predictions": {"probabilities": [-16.471858978271484, -2.625396966934204], "logits": [NaN, NaN]}, "groundTruth": [0.0, 0.0]}, {"startTime": 10.0, "endTime": 15.0, "predictions": {"probabilities": [-14.824532508850098, -2.120731830596924], "logits": [NaN, NaN]}, "groundTruth": [0.0, 0.0]}, {"startTime": 15.0, "endTime": 20.0, "predictions": {"probabilities": [-16.409278869628906, -2.8809430599212646], "logits": [NaN, NaN]}, "groundTruth": [0.0, 0.0]}]]}