{"modelName": "devise-221108-v8-ep423", "version": "1", "fileId": "5ef150ea8a6a46a9b591390763bb928d", "classIds": ["Crex crex", "Scolopax rusticola"], "channels": [[{"startTime": 0.0, "endTime": 5.0, "predictions": {"probabilities": [1.1331707128192647e-06, 0.13673990964889526], "logits": []}, "groundTruth": [0.0, 0.0]}, {"startTime": 5.0, "endTime": 10.0, "predictions": {"probabilities": [2.4403755105595337e-07, 0.22656100988388062], "logits": []}, "groundTruth": [0.0, 0.0]}, {"startTime": 10.0, "endTime": 15.0, "predictions": {"probabilities": [5.248355350317979e-08, 0.05355845019221306], "logits": []}, "groundTruth": [0.0, 0.0]}, {"startTime": 15.0, "endTime": 20.0, "predictions": {"probabilities": [4.549755416860535e-08, 0.4547126591205597], "logits": []}, "groundTruth": [0.0, 0.0]}]]}