{"modelName": "devise-221108-v8-ep423", "version": "1", "fileId": "5f23f7947c2749e3813b99713f0a23ec", "classIds": ["Crex crex", "Scolopax rusticola"], "channels": [[{"startTime": 0.0, "endTime": 5.0, "predictions": {"probabilities": [7.086372022513387e-08, 0.057128455489873886], "logits": []}, "groundTruth": [0.0, 0.0]}, {"startTime": 5.0, "endTime": 10.0, "predictions": {"probabilities": [4.039680048806282e-12, 0.9958298802375793], "logits": []}, "groundTruth": [0.0, 0.0]}, {"startTime": 10.0, "endTime": 15.0, "predictions": {"probabilities": [1.4526096947520273e-07, 0.21497878432273865], "logits": []}, "groundTruth": [0.0, 0.0]}, {"startTime": 15.0, "endTime": 20.0, "predictions": {"probabilities": [6.7939108703285456e-06, 0.3530432879924774], "logits": []}, "groundTruth": [0.0, 0.0]}]]}