{"modelName": "devise-221108-v8-ep423", "version": "1", "fileId": "5f998e6c22da4d44a2ae5e548d68eb5e", "classIds": ["Crex crex", "Scolopax rusticola"], "channels": [[{"startTime": 0.0, "endTime": 5.0, "predictions": {"probabilities": [3.9460315015560354e-09, 0.011502877809107304], "logits": []}, "groundTruth": [0.0, 0.0]}, {"startTime": 5.0, "endTime": 10.0, "predictions": {"probabilities": [1.461100840316476e-08, 0.021859601140022278], "logits": []}, "groundTruth": [0.0, 0.0]}, {"startTime": 10.0, "endTime": 15.0, "predictions": {"probabilities": [1.5677917852841006e-09, 0.26768162846565247], "logits": []}, "groundTruth": [0.0, 0.0]}, {"startTime": 15.0, "endTime": 20.0, "predictions": {"probabilities": [1.259823978472241e-08, 0.025696881115436554], "logits": []}, "groundTruth": [0.0, 0.0]}]]}