{"modelName": "devise-221108-v8-ep423", "version": "1", "fileId": "60273cd155ae4e55a2d29818abf8c35e", "classIds": ["Crex crex", "Scolopax rusticola"], "channels": [[{"startTime": 0.0, "endTime": 5.0, "predictions": {"probabilities": [-20.038835525512695, -4.010468482971191], "logits": [NaN, NaN]}, "groundTruth": [0.0, 0.0]}, {"startTime": 5.0, "endTime": 10.0, "predictions": {"probabilities": [-16.530941009521484, -3.216625690460205], "logits": [NaN, NaN]}, "groundTruth": [0.0, 0.0]}, {"startTime": 10.0, "endTime": 15.0, "predictions": {"probabilities": [-17.842538833618164, -3.712618112564087], "logits": [NaN, NaN]}, "groundTruth": [0.0, 0.0]}, {"startTime": 15.0, "endTime": 20.0, "predictions": {"probabilities": [-18.415796279907227, -3.799969434738159], "logits": [NaN, NaN]}, "groundTruth": [0.0, 0.0]}]]}