{"modelName": "devise-221108-v8-ep423", "version": "1", "fileId": "60a7fe6005264d4a94295281aca0c72c", "classIds": ["Crex crex", "Scolopax rusticola"], "channels": [[{"startTime": 0.0, "endTime": 5.0, "predictions": {"probabilities": [-13.405235290527344, -1.552169680595398], "logits": [NaN, NaN]}, "groundTruth": [0.0, 0.0]}, {"startTime": 5.0, "endTime": 10.0, "predictions": {"probabilities": [-18.777254104614258, -4.218761444091797], "logits": [NaN, NaN]}, "groundTruth": [0.0, 0.0]}, {"startTime": 10.0, "endTime": 15.0, "predictions": {"probabilities": [-17.525300979614258, -3.211918354034424], "logits": [NaN, NaN]}, "groundTruth": [0.0, 0.0]}, {"startTime": 15.0, "endTime": 20.0, "predictions": {"probabilities": [-18.277727127075195, 6.258669853210449], "logits": [NaN, NaN]}, "groundTruth": [0.0, 0.0]}]]}