{"modelName": "devise-221108-v8-ep423", "version": "1", "fileId": "61273def4b24432f87a5552b4ed3d1b9", "classIds": ["Crex crex", "Scolopax rusticola"], "channels": [[{"startTime": 0.0, "endTime": 5.0, "predictions": {"probabilities": [8.710793752975121e-10, 0.9869409203529358], "logits": []}, "groundTruth": [0.0, 1.0]}, {"startTime": 5.0, "endTime": 10.0, "predictions": {"probabilities": [4.835721154391049e-16, 0.999997615814209], "logits": []}, "groundTruth": [0.0, 1.0]}, {"startTime": 10.0, "endTime": 15.0, "predictions": {"probabilities": [3.755062927268682e-11, 0.9836017489433289], "logits": []}, "groundTruth": [0.0, 1.0]}, {"startTime": 11.0, "endTime": 16.0, "predictions": {"probabilities": [5.962129678849237e-10, 0.6275413632392883], "logits": []}, "groundTruth": [0.0, 1.0]}]]}