{"modelName": "devise-221108-v8-ep423", "version": "1", "fileId": "61790f4066d348139622453699fb72c4", "classIds": ["Crex crex", "Scolopax rusticola"], "channels": [[{"startTime": 0.0, "endTime": 5.0, "predictions": {"probabilities": [-15.969584465026855, -0.027306240051984787], "logits": [NaN, NaN]}, "groundTruth": [0.0, 0.0]}, {"startTime": 5.0, "endTime": 10.0, "predictions": {"probabilities": [-14.888148307800293, -2.444729804992676], "logits": [NaN, NaN]}, "groundTruth": [0.0, 0.0]}, {"startTime": 10.0, "endTime": 15.0, "predictions": {"probabilities": [-10.878886222839355, -0.4761624336242676], "logits": [NaN, NaN]}, "groundTruth": [0.0, 0.0]}, {"startTime": 15.0, "endTime": 20.0, "predictions": {"probabilities": [-10.430756568908691, -0.13192865252494812], "logits": [NaN, NaN]}, "groundTruth": [0.0, 0.0]}]]}