{"modelName": "devise-221108-v8-ep423", "version": "1", "fileId": "61922ff59e0346dda6949c6cc6a0a52a", "classIds": ["Crex crex", "Scolopax rusticola"], "channels": [[{"startTime": 0.0, "endTime": 5.0, "predictions": {"probabilities": [-28.397035598754883, 14.738739967346191], "logits": [NaN, NaN]}, "groundTruth": [0.0, 0.0]}, {"startTime": 5.0, "endTime": 10.0, "predictions": {"probabilities": [-28.215335845947266, 15.58569622039795], "logits": [NaN, NaN]}, "groundTruth": [0.0, 0.0]}, {"startTime": 10.0, "endTime": 15.0, "predictions": {"probabilities": [-22.19792938232422, 7.258285045623779], "logits": [NaN, NaN]}, "groundTruth": [0.0, 0.0]}, {"startTime": 15.0, "endTime": 20.0, "predictions": {"probabilities": [-21.486963272094727, 4.565168857574463], "logits": [NaN, NaN]}, "groundTruth": [0.0, 0.0]}]]}