{"modelName": "devise-221108-v8-ep423", "version": "1", "fileId": "6207d57a1ea4442cb2ec86533b4120d2", "classIds": ["Crex crex", "Scolopax rusticola"], "channels": [[{"startTime": 0.0, "endTime": 5.0, "predictions": {"probabilities": [2.651898967087618e-07, 0.08374803513288498], "logits": []}, "groundTruth": [0.0, 0.0]}, {"startTime": 5.0, "endTime": 10.0, "predictions": {"probabilities": [4.703304512077011e-06, 0.2410266250371933], "logits": []}, "groundTruth": [0.0, 0.0]}, {"startTime": 10.0, "endTime": 15.0, "predictions": {"probabilities": [3.4187403343821643e-06, 0.21086814999580383], "logits": []}, "groundTruth": [0.0, 0.0]}, {"startTime": 15.0, "endTime": 20.0, "predictions": {"probabilities": [3.722902022218477e-07, 0.2642521560192108], "logits": []}, "groundTruth": [0.0, 0.0]}]]}