{"modelName": "devise-221108-v8-ep423", "version": "1", "fileId": "62a5ac06e37744a78d99d7ce00e277af", "classIds": ["Crex crex", "Scolopax rusticola"], "channels": [[{"startTime": 0.0, "endTime": 5.0, "predictions": {"probabilities": [3.451681995780831e-10, 0.9920791983604431], "logits": []}, "groundTruth": [0.0, 0.0]}, {"startTime": 5.0, "endTime": 10.0, "predictions": {"probabilities": [4.905667885801712e-11, 0.9987265467643738], "logits": []}, "groundTruth": [0.0, 1.0]}, {"startTime": 8.0, "endTime": 13.0, "predictions": {"probabilities": [1.5656795521526434e-12, 0.9999904632568359], "logits": []}, "groundTruth": [0.0, 1.0]}]]}