{"modelName": "devise-221108-v8-ep423", "version": "1", "fileId": "6321fe2cc22b4ae08e88b380f8693501", "classIds": ["Crex crex", "Scolopax rusticola"], "channels": [[{"startTime": 0.0, "endTime": 5.0, "predictions": {"probabilities": [3.164373538311338e-06, 0.25842729210853577], "logits": []}, "groundTruth": [0.0, 0.0]}, {"startTime": 5.0, "endTime": 10.0, "predictions": {"probabilities": [2.4429675704595866e-06, 0.21140824258327484], "logits": []}, "groundTruth": [0.0, 0.0]}, {"startTime": 10.0, "endTime": 15.0, "predictions": {"probabilities": [2.0637389752664603e-06, 0.2021014541387558], "logits": []}, "groundTruth": [0.0, 0.0]}, {"startTime": 15.0, "endTime": 20.0, "predictions": {"probabilities": [1.6218311884586e-06, 0.19735565781593323], "logits": []}, "groundTruth": [0.0, 0.0]}]]}