{"modelName": "devise-221108-v8-ep423", "version": "1", "fileId": "6321fe2cc22b4ae08e88b380f8693501", "classIds": ["Crex crex", "Scolopax rusticola"], "channels": [[{"startTime": 0.0, "endTime": 5.0, "predictions": {"probabilities": [-12.663552284240723, -1.0541588068008423], "logits": [NaN, NaN]}, "groundTruth": [0.0, 0.0]}, {"startTime": 5.0, "endTime": 10.0, "predictions": {"probabilities": [-12.922294616699219, -1.316457748413086], "logits": [NaN, NaN]}, "groundTruth": [0.0, 0.0]}, {"startTime": 10.0, "endTime": 15.0, "predictions": {"probabilities": [-13.090989112854004, -1.3732116222381592], "logits": [NaN, NaN]}, "groundTruth": [0.0, 0.0]}, {"startTime": 15.0, "endTime": 20.0, "predictions": {"probabilities": [-13.331953048706055, -1.4029041528701782], "logits": [NaN, NaN]}, "groundTruth": [0.0, 0.0]}]]}