{"modelName": "devise-221108-v8-ep423", "version": "1", "fileId": "636af68e37ba43b5b9b4b8475975a0f2", "classIds": ["Crex crex", "Scolopax rusticola"], "channels": [[{"startTime": 0.0, "endTime": 5.0, "predictions": {"probabilities": [4.742806595459115e-06, 0.30568361282348633], "logits": []}, "groundTruth": [0.0, 0.0]}, {"startTime": 5.0, "endTime": 10.0, "predictions": {"probabilities": [2.6095481189258862e-06, 0.24986638128757477], "logits": []}, "groundTruth": [0.0, 0.0]}, {"startTime": 10.0, "endTime": 15.0, "predictions": {"probabilities": [1.4965768286856473e-06, 0.15135735273361206], "logits": []}, "groundTruth": [0.0, 0.0]}, {"startTime": 15.0, "endTime": 20.0, "predictions": {"probabilities": [5.585141025221674e-07, 0.12892159819602966], "logits": []}, "groundTruth": [0.0, 0.0]}]]}