{"modelName": "devise-221108-v8-ep423", "version": "1", "fileId": "636af68e37ba43b5b9b4b8475975a0f2", "classIds": ["Crex crex", "Scolopax rusticola"], "channels": [[{"startTime": 0.0, "endTime": 5.0, "predictions": {"probabilities": [-12.25887680053711, -0.8203771710395813], "logits": [NaN, NaN]}, "groundTruth": [0.0, 0.0]}, {"startTime": 5.0, "endTime": 10.0, "predictions": {"probabilities": [-12.856330871582031, -1.0993250608444214], "logits": [NaN, NaN]}, "groundTruth": [0.0, 0.0]}, {"startTime": 10.0, "endTime": 15.0, "predictions": {"probabilities": [-13.412328720092773, -1.7239946126937866], "logits": [NaN, NaN]}, "groundTruth": [0.0, 0.0]}, {"startTime": 15.0, "endTime": 20.0, "predictions": {"probabilities": [-14.397985458374023, -1.9105274677276611], "logits": [NaN, NaN]}, "groundTruth": [0.0, 0.0]}]]}