{"modelName": "devise-221108-v8-ep423", "version": "1", "fileId": "652dc4293bd74cd89992f9bec3df81f7", "classIds": ["Crex crex", "Scolopax rusticola"], "channels": [[{"startTime": 0.0, "endTime": 5.0, "predictions": {"probabilities": [4.716513291036506e-10, 0.14021877944469452], "logits": []}, "groundTruth": [0.0, 1.0]}, {"startTime": 5.0, "endTime": 10.0, "predictions": {"probabilities": [2.374736149911294e-13, 0.9999996423721313], "logits": []}, "groundTruth": [0.0, 1.0]}, {"startTime": 10.0, "endTime": 15.0, "predictions": {"probabilities": [4.2742948937191105e-12, 0.9998831748962402], "logits": []}, "groundTruth": [0.0, 1.0]}]]}