{"modelName": "devise-221108-v8-ep423", "version": "1", "fileId": "652dc4293bd74cd89992f9bec3df81f7", "classIds": ["Crex crex", "Scolopax rusticola"], "channels": [[{"startTime": 0.0, "endTime": 5.0, "predictions": {"probabilities": [-21.474781036376953, -1.8134740591049194], "logits": [NaN, NaN]}, "groundTruth": [0.0, 1.0]}, {"startTime": 5.0, "endTime": 10.0, "predictions": {"probabilities": [-29.0687198638916, 14.702537536621094], "logits": [NaN, NaN]}, "groundTruth": [0.0, 1.0]}, {"startTime": 10.0, "endTime": 15.0, "predictions": {"probabilities": [-26.178401947021484, 9.055070877075195], "logits": [NaN, NaN]}, "groundTruth": [0.0, 1.0]}]]}