{"modelName": "devise-221108-v8-ep423", "version": "1", "fileId": "65f2f132255b412cab535f202de1a34c", "classIds": ["Crex crex", "Scolopax rusticola"], "channels": [[{"startTime": 0.0, "endTime": 5.0, "predictions": {"probabilities": [7.550008831458399e-07, 0.23443105816841125], "logits": []}, "groundTruth": [0.0, 0.0]}, {"startTime": 5.0, "endTime": 10.0, "predictions": {"probabilities": [9.619952834327705e-08, 0.8608022332191467], "logits": []}, "groundTruth": [0.0, 0.0]}, {"startTime": 10.0, "endTime": 15.0, "predictions": {"probabilities": [8.206953907574643e-07, 0.16456341743469238], "logits": []}, "groundTruth": [0.0, 0.0]}, {"startTime": 15.0, "endTime": 20.0, "predictions": {"probabilities": [7.546956339865574e-07, 0.1364760547876358], "logits": []}, "groundTruth": [0.0, 0.0]}]]}