{"modelName": "devise-221108-v8-ep423", "version": "1", "fileId": "66a79693a6c44f2db23771c7a1ff91dd", "classIds": ["Crex crex", "Scolopax rusticola"], "channels": [[{"startTime": 0.0, "endTime": 5.0, "predictions": {"probabilities": [1.230365342053119e-06, 0.16209040582180023], "logits": []}, "groundTruth": [0.0, 0.0]}, {"startTime": 5.0, "endTime": 10.0, "predictions": {"probabilities": [3.6708513562189182e-06, 0.25686129927635193], "logits": []}, "groundTruth": [0.0, 0.0]}, {"startTime": 10.0, "endTime": 15.0, "predictions": {"probabilities": [5.050220806879224e-06, 0.3862546682357788], "logits": []}, "groundTruth": [0.0, 0.0]}, {"startTime": 15.0, "endTime": 20.0, "predictions": {"probabilities": [4.262448328518076e-06, 0.42886531352996826], "logits": []}, "groundTruth": [0.0, 0.0]}]]}