{"modelName": "devise-221108-v8-ep423", "version": "1", "fileId": "66c7e041c76c4b35b132423a40070a79", "classIds": ["Crex crex", "Scolopax rusticola"], "channels": [[{"startTime": 0.0, "endTime": 5.0, "predictions": {"probabilities": [4.1901324077109336e-10, 0.007816813886165619], "logits": []}, "groundTruth": [0.0, 0.0]}, {"startTime": 5.0, "endTime": 10.0, "predictions": {"probabilities": [2.229790796448583e-09, 0.010292647406458855], "logits": []}, "groundTruth": [0.0, 0.0]}, {"startTime": 10.0, "endTime": 15.0, "predictions": {"probabilities": [1.4008794124720225e-09, 0.2801327705383301], "logits": []}, "groundTruth": [0.0, 0.0]}, {"startTime": 15.0, "endTime": 20.0, "predictions": {"probabilities": [4.7631827371219515e-09, 0.020916983485221863], "logits": []}, "groundTruth": [0.0, 0.0]}]]}