{"modelName": "devise-221108-v8-ep423", "version": "1", "fileId": "66ce2f2f1a3b4ca6bfd0599fbf3ba43e", "classIds": ["Crex crex", "Scolopax rusticola"], "channels": [[{"startTime": 0.0, "endTime": 5.0, "predictions": {"probabilities": [-14.461913108825684, -0.8585080504417419], "logits": [NaN, NaN]}, "groundTruth": [0.0, 0.0]}, {"startTime": 5.0, "endTime": 10.0, "predictions": {"probabilities": [-13.780662536621094, -1.9467133283615112], "logits": [NaN, NaN]}, "groundTruth": [0.0, 0.0]}, {"startTime": 10.0, "endTime": 15.0, "predictions": {"probabilities": [-13.235448837280273, -1.4188920259475708], "logits": [NaN, NaN]}, "groundTruth": [0.0, 0.0]}, {"startTime": 15.0, "endTime": 20.0, "predictions": {"probabilities": [-12.631857872009277, -1.0484280586242676], "logits": [NaN, NaN]}, "groundTruth": [0.0, 0.0]}]]}