{"modelName": "devise-221108-v8-ep423", "version": "1", "fileId": "66ce2f2f1a3b4ca6bfd0599fbf3ba43e", "classIds": ["Crex crex", "Scolopax rusticola"], "channels": [[{"startTime": 0.0, "endTime": 5.0, "predictions": {"probabilities": [5.239269285084447e-07, 0.29765117168426514], "logits": []}, "groundTruth": [0.0, 0.0]}, {"startTime": 5.0, "endTime": 10.0, "predictions": {"probabilities": [1.0354611958973692e-06, 0.12491217255592346], "logits": []}, "groundTruth": [0.0, 0.0]}, {"startTime": 10.0, "endTime": 15.0, "predictions": {"probabilities": [1.786145503501757e-06, 0.1948353350162506], "logits": []}, "groundTruth": [0.0, 0.0]}, {"startTime": 15.0, "endTime": 20.0, "predictions": {"probabilities": [3.266272415203275e-06, 0.2595270872116089], "logits": []}, "groundTruth": [0.0, 0.0]}]]}