{"modelName": "devise-221108-v8-ep423", "version": "1", "fileId": "66f16152806548bf959c33d4f35a2f70", "classIds": ["Crex crex", "Scolopax rusticola"], "channels": [[{"startTime": 0.0, "endTime": 5.0, "predictions": {"probabilities": [2.459198924498196e-07, 0.08753345906734467], "logits": []}, "groundTruth": [0.0, 0.0]}, {"startTime": 5.0, "endTime": 10.0, "predictions": {"probabilities": [8.437805831817968e-07, 0.18288980424404144], "logits": []}, "groundTruth": [0.0, 0.0]}, {"startTime": 10.0, "endTime": 15.0, "predictions": {"probabilities": [8.890426101970661e-07, 0.17755089700222015], "logits": []}, "groundTruth": [0.0, 0.0]}, {"startTime": 15.0, "endTime": 20.0, "predictions": {"probabilities": [3.573775529730483e-06, 0.34428834915161133], "logits": []}, "groundTruth": [0.0, 0.0]}]]}