{"modelName": "devise-221108-v8-ep423", "version": "1", "fileId": "6738ee5c851f4acdb1b1b5deb4c4b678", "classIds": ["Crex crex", "Scolopax rusticola"], "channels": [[{"startTime": 0.0, "endTime": 5.0, "predictions": {"probabilities": [-31.11977195739746, 9.85058307647705], "logits": [NaN, NaN]}, "groundTruth": [0.0, 0.0]}, {"startTime": 5.0, "endTime": 10.0, "predictions": {"probabilities": [-21.410415649414062, -1.109021544456482], "logits": [NaN, NaN]}, "groundTruth": [0.0, 0.0]}, {"startTime": 10.0, "endTime": 15.0, "predictions": {"probabilities": [-17.141658782958984, -3.360888957977295], "logits": [NaN, NaN]}, "groundTruth": [0.0, 0.0]}, {"startTime": 15.0, "endTime": 20.0, "predictions": {"probabilities": [-16.581222534179688, -2.6481494903564453], "logits": [NaN, NaN]}, "groundTruth": [0.0, 0.0]}]]}