{"modelName": "devise-221108-v8-ep423", "version": "1", "fileId": "6738ee5c851f4acdb1b1b5deb4c4b678", "classIds": ["Crex crex", "Scolopax rusticola"], "channels": [[{"startTime": 0.0, "endTime": 5.0, "predictions": {"probabilities": [3.0538997031074114e-14, 0.9999473094940186], "logits": []}, "groundTruth": [0.0, 0.0]}, {"startTime": 5.0, "endTime": 10.0, "predictions": {"probabilities": [5.030076910550463e-10, 0.24805332720279694], "logits": []}, "groundTruth": [0.0, 0.0]}, {"startTime": 10.0, "endTime": 15.0, "predictions": {"probabilities": [3.593124020540017e-08, 0.03354039415717125], "logits": []}, "groundTruth": [0.0, 0.0]}, {"startTime": 15.0, "endTime": 20.0, "predictions": {"probabilities": [6.293127086109962e-08, 0.06610316038131714], "logits": []}, "groundTruth": [0.0, 0.0]}]]}