{"modelName": "devise-221108-v8-ep423", "version": "1", "fileId": "674dd0cd274841b28bcaf85d356c3317", "classIds": ["Crex crex", "Scolopax rusticola"], "channels": [[{"startTime": 0.0, "endTime": 5.0, "predictions": {"probabilities": [2.6140189675061265e-06, 0.21989785134792328], "logits": []}, "groundTruth": [0.0, 1.0]}, {"startTime": 5.0, "endTime": 10.0, "predictions": {"probabilities": [3.0722435012675575e-11, 0.9999731779098511], "logits": []}, "groundTruth": [0.0, 1.0]}, {"startTime": 10.0, "endTime": 15.0, "predictions": {"probabilities": [5.676138031818212e-11, 0.9762223362922668], "logits": []}, "groundTruth": [0.0, 1.0]}]]}