{"modelName": "devise-221108-v8-ep423", "version": "1", "fileId": "674dd0cd274841b28bcaf85d356c3317", "classIds": ["Crex crex", "Scolopax rusticola"], "channels": [[{"startTime": 0.0, "endTime": 5.0, "predictions": {"probabilities": [-12.854619026184082, -1.2662616968154907], "logits": [NaN, NaN]}, "groundTruth": [0.0, 1.0]}, {"startTime": 5.0, "endTime": 10.0, "predictions": {"probabilities": [-24.20602798461914, 10.528481483459473], "logits": [NaN, NaN]}, "groundTruth": [0.0, 1.0]}, {"startTime": 10.0, "endTime": 15.0, "predictions": {"probabilities": [-23.592164993286133, 3.7149407863616943], "logits": [NaN, NaN]}, "groundTruth": [0.0, 1.0]}]]}