{"modelName": "devise-221108-v8-ep423", "version": "1", "fileId": "6765335c28814341aa51c6ab43333faf", "classIds": ["Crex crex", "Scolopax rusticola"], "channels": [[{"startTime": 0.0, "endTime": 5.0, "predictions": {"probabilities": [1.1787376763550128e-07, 0.051232244819402695], "logits": []}, "groundTruth": [0.0, 0.0]}, {"startTime": 5.0, "endTime": 10.0, "predictions": {"probabilities": [2.582630465042257e-08, 0.05014431104063988], "logits": []}, "groundTruth": [0.0, 0.0]}, {"startTime": 10.0, "endTime": 15.0, "predictions": {"probabilities": [3.4743212751209285e-08, 0.09855737537145615], "logits": []}, "groundTruth": [0.0, 0.0]}, {"startTime": 15.0, "endTime": 20.0, "predictions": {"probabilities": [9.362488384567769e-08, 0.1329794079065323], "logits": []}, "groundTruth": [0.0, 0.0]}]]}