{"modelName": "devise-221108-v8-ep423", "version": "1", "fileId": "6765335c28814341aa51c6ab43333faf", "classIds": ["Crex crex", "Scolopax rusticola"], "channels": [[{"startTime": 0.0, "endTime": 5.0, "predictions": {"probabilities": [-15.953651428222656, -2.918794870376587], "logits": [NaN, NaN]}, "groundTruth": [0.0, 0.0]}, {"startTime": 5.0, "endTime": 10.0, "predictions": {"probabilities": [-17.471872329711914, -2.9414050579071045], "logits": [NaN, NaN]}, "groundTruth": [0.0, 0.0]}, {"startTime": 10.0, "endTime": 15.0, "predictions": {"probabilities": [-17.175281524658203, -2.213357448577881], "logits": [NaN, NaN]}, "groundTruth": [0.0, 0.0]}, {"startTime": 15.0, "endTime": 20.0, "predictions": {"probabilities": [-16.183969497680664, -1.874868392944336], "logits": [NaN, NaN]}, "groundTruth": [0.0, 0.0]}]]}