{"modelName": "devise-221108-v8-ep423", "version": "1", "fileId": "6834f3b690514dfbb6ee6b7b481c522b", "classIds": ["Crex crex", "Scolopax rusticola"], "channels": [[{"startTime": 0.0, "endTime": 5.0, "predictions": {"probabilities": [6.104218908120629e-09, 0.01582455448806286], "logits": []}, "groundTruth": [0.0, 0.0]}, {"startTime": 5.0, "endTime": 10.0, "predictions": {"probabilities": [3.954960359209281e-09, 0.018060525879263878], "logits": []}, "groundTruth": [0.0, 0.0]}, {"startTime": 10.0, "endTime": 15.0, "predictions": {"probabilities": [3.6338891895582037e-09, 0.030810052528977394], "logits": []}, "groundTruth": [0.0, 0.0]}, {"startTime": 15.0, "endTime": 20.0, "predictions": {"probabilities": [7.145408265074593e-09, 0.025399891659617424], "logits": []}, "groundTruth": [0.0, 0.0]}]]}