{"modelName": "devise-221108-v8-ep423", "version": "1", "fileId": "69529c8510704dffa35d5091e0338332", "classIds": ["Crex crex", "Scolopax rusticola"], "channels": [[{"startTime": 0.0, "endTime": 5.0, "predictions": {"probabilities": [-17.018142700195312, -0.08260446786880493], "logits": [NaN, NaN]}, "groundTruth": [0.0, 0.0]}, {"startTime": 5.0, "endTime": 10.0, "predictions": {"probabilities": [-13.421794891357422, -1.0188581943511963], "logits": [NaN, NaN]}, "groundTruth": [0.0, 0.0]}, {"startTime": 10.0, "endTime": 15.0, "predictions": {"probabilities": [-17.126340866088867, -2.970304250717163], "logits": [NaN, NaN]}, "groundTruth": [0.0, 0.0]}, {"startTime": 15.0, "endTime": 20.0, "predictions": {"probabilities": [-15.01872444152832, -2.4396510124206543], "logits": [NaN, NaN]}, "groundTruth": [0.0, 0.0]}]]}