{"modelName": "devise-221108-v8-ep423", "version": "1", "fileId": "69529c8510704dffa35d5091e0338332", "classIds": ["Crex crex", "Scolopax rusticola"], "channels": [[{"startTime": 0.0, "endTime": 5.0, "predictions": {"probabilities": [4.0655052657712076e-08, 0.4793606400489807], "logits": []}, "groundTruth": [0.0, 0.0]}, {"startTime": 5.0, "endTime": 10.0, "predictions": {"probabilities": [1.482476818637224e-06, 0.2652498781681061], "logits": []}, "groundTruth": [0.0, 0.0]}, {"startTime": 10.0, "endTime": 15.0, "predictions": {"probabilities": [3.6485861443225076e-08, 0.048785604536533356], "logits": []}, "groundTruth": [0.0, 0.0]}, {"startTime": 15.0, "endTime": 20.0, "predictions": {"probabilities": [3.002276685037941e-07, 0.08019865304231644], "logits": []}, "groundTruth": [0.0, 0.0]}]]}