{"modelName": "devise-221108-v8-ep423", "version": "1", "fileId": "69a51f2bb9644651838308ff490557f8", "classIds": ["Crex crex", "Scolopax rusticola"], "channels": [[{"startTime": 0.0, "endTime": 5.0, "predictions": {"probabilities": [-12.830913543701172, -1.2676351070404053], "logits": [NaN, NaN]}, "groundTruth": [0.0, 0.0]}, {"startTime": 5.0, "endTime": 10.0, "predictions": {"probabilities": [-13.318553924560547, -1.285807728767395], "logits": [NaN, NaN]}, "groundTruth": [0.0, 0.0]}, {"startTime": 10.0, "endTime": 15.0, "predictions": {"probabilities": [-12.130217552185059, 0.1387445628643036], "logits": [NaN, -1.825756549835205]}, "groundTruth": [0.0, 0.0]}, {"startTime": 15.0, "endTime": 20.0, "predictions": {"probabilities": [-12.615806579589844, -1.1725544929504395], "logits": [NaN, NaN]}, "groundTruth": [0.0, 0.0]}]]}