{"modelName": "devise-221108-v8-ep423", "version": "1", "fileId": "69adf022c30545099eaa485cef3c4641", "classIds": ["Crex crex", "Scolopax rusticola"], "channels": [[{"startTime": 0.0, "endTime": 5.0, "predictions": {"probabilities": [-11.0501127243042, -0.13472075760364532], "logits": [NaN, NaN]}, "groundTruth": [0.0, 0.0]}, {"startTime": 5.0, "endTime": 10.0, "predictions": {"probabilities": [-11.423941612243652, 0.33593839406967163], "logits": [NaN, -0.6814470887184143]}, "groundTruth": [0.0, 0.0]}, {"startTime": 10.0, "endTime": 15.0, "predictions": {"probabilities": [-16.527923583984375, 5.525827407836914], "logits": [NaN, NaN]}, "groundTruth": [0.0, 0.0]}, {"startTime": 15.0, "endTime": 20.0, "predictions": {"probabilities": [-13.15835189819336, -1.4960532188415527], "logits": [NaN, NaN]}, "groundTruth": [0.0, 0.0]}]]}