{"modelName": "devise-221108-v8-ep423", "version": "1", "fileId": "6a891d34b464448fbcbad3030c94c459", "classIds": ["Crex crex", "Scolopax rusticola"], "channels": [[{"startTime": 0.0, "endTime": 5.0, "predictions": {"probabilities": [-13.017752647399902, 0.29606539011001587], "logits": [NaN, -0.8661051392555237]}, "groundTruth": [0.0, 0.0]}, {"startTime": 5.0, "endTime": 10.0, "predictions": {"probabilities": [-12.815657615661621, -0.23415401577949524], "logits": [NaN, NaN]}, "groundTruth": [0.0, 0.0]}, {"startTime": 10.0, "endTime": 15.0, "predictions": {"probabilities": [-14.359757423400879, -2.2666735649108887], "logits": [NaN, NaN]}, "groundTruth": [0.0, 0.0]}, {"startTime": 15.0, "endTime": 20.0, "predictions": {"probabilities": [-12.606253623962402, -1.162366509437561], "logits": [NaN, NaN]}, "groundTruth": [0.0, 0.0]}]]}