{"modelName": "devise-221108-v8-ep423", "version": "1", "fileId": "6a891d34b464448fbcbad3030c94c459", "classIds": ["Crex crex", "Scolopax rusticola"], "channels": [[{"startTime": 0.0, "endTime": 5.0, "predictions": {"probabilities": [2.220551778009394e-06, 0.5734803676605225], "logits": []}, "groundTruth": [0.0, 0.0]}, {"startTime": 5.0, "endTime": 10.0, "predictions": {"probabilities": [2.7178748496226035e-06, 0.44172748923301697], "logits": []}, "groundTruth": [0.0, 0.0]}, {"startTime": 10.0, "endTime": 15.0, "predictions": {"probabilities": [5.802783107355935e-07, 0.09392090141773224], "logits": []}, "groundTruth": [0.0, 0.0]}, {"startTime": 15.0, "endTime": 20.0, "predictions": {"probabilities": [3.3509825243527303e-06, 0.23823754489421844], "logits": []}, "groundTruth": [0.0, 0.0]}]]}