{"modelName": "devise-221108-v8-ep423", "version": "1", "fileId": "6b8b6cd62ed140debc367be66706c3ba", "classIds": ["Crex crex", "Scolopax rusticola"], "channels": [[{"startTime": 0.0, "endTime": 5.0, "predictions": {"probabilities": [-18.933856964111328, -3.883456230163574], "logits": [NaN, NaN]}, "groundTruth": [0.0, 1.0]}, {"startTime": 5.0, "endTime": 10.0, "predictions": {"probabilities": [-19.446311950683594, 1.8498579263687134], "logits": [NaN, NaN]}, "groundTruth": [0.0, 1.0]}, {"startTime": 6.0, "endTime": 11.0, "predictions": {"probabilities": [-19.444412231445312, -2.530930280685425], "logits": [NaN, NaN]}, "groundTruth": [0.0, 1.0]}]]}