{"modelName": "devise-221108-v8-ep423", "version": "1", "fileId": "6c02a45f5dc84280a4f78f408acd6139", "classIds": ["Crex crex", "Scolopax rusticola"], "channels": [[{"startTime": 0.0, "endTime": 5.0, "predictions": {"probabilities": [1.513219771709373e-08, 0.022776251658797264], "logits": []}, "groundTruth": [0.0, 0.0]}, {"startTime": 5.0, "endTime": 10.0, "predictions": {"probabilities": [4.205066073126318e-09, 0.013716641813516617], "logits": []}, "groundTruth": [0.0, 0.0]}, {"startTime": 10.0, "endTime": 15.0, "predictions": {"probabilities": [1.0301385522382134e-08, 0.8669112920761108], "logits": []}, "groundTruth": [0.0, 0.0]}, {"startTime": 15.0, "endTime": 20.0, "predictions": {"probabilities": [2.761860518063486e-09, 0.6255940198898315], "logits": []}, "groundTruth": [0.0, 0.0]}]]}