{"modelName": "devise-221108-v8-ep423", "version": "1", "fileId": "6c02bdd247404542aecb07fd056b1471", "classIds": ["Crex crex", "Scolopax rusticola"], "channels": [[{"startTime": 0.0, "endTime": 5.0, "predictions": {"probabilities": [3.8463743301520026e-09, 0.9790878295898438], "logits": []}, "groundTruth": [0.0, 0.0]}, {"startTime": 5.0, "endTime": 10.0, "predictions": {"probabilities": [1.4587173247093688e-08, 0.018486855551600456], "logits": []}, "groundTruth": [0.0, 0.0]}, {"startTime": 10.0, "endTime": 15.0, "predictions": {"probabilities": [4.61159501696784e-08, 0.03113999031484127], "logits": []}, "groundTruth": [0.0, 0.0]}, {"startTime": 15.0, "endTime": 20.0, "predictions": {"probabilities": [1.5627142246898984e-08, 0.15803265571594238], "logits": []}, "groundTruth": [0.0, 0.0]}]]}