{"modelName": "devise-221108-v8-ep423", "version": "1", "fileId": "6c02a45f5dc84280a4f78f408acd6139", "classIds": ["Crex crex", "Scolopax rusticola"], "channels": [[{"startTime": 0.0, "endTime": 5.0, "predictions": {"probabilities": [-18.006441116333008, -3.7589972019195557], "logits": [NaN, NaN]}, "groundTruth": [0.0, 0.0]}, {"startTime": 5.0, "endTime": 10.0, "predictions": {"probabilities": [-19.286975860595703, -4.275333881378174], "logits": [NaN, NaN]}, "groundTruth": [0.0, 0.0]}, {"startTime": 10.0, "endTime": 15.0, "predictions": {"probabilities": [-18.390987396240234, 1.8739205598831177], "logits": [NaN, NaN]}, "groundTruth": [0.0, 0.0]}, {"startTime": 15.0, "endTime": 20.0, "predictions": {"probabilities": [-19.707361221313477, 0.513360857963562], "logits": [NaN, 0.05345619469881058]}, "groundTruth": [0.0, 0.0]}]]}