{"modelName": "devise-221108-v8-ep423", "version": "1", "fileId": "6c99675d37114e3faf6d5e31d2a23dfb", "classIds": ["Crex crex", "Scolopax rusticola"], "channels": [[{"startTime": 0.0, "endTime": 5.0, "predictions": {"probabilities": [-15.309057235717773, -2.4045023918151855], "logits": [NaN, NaN]}, "groundTruth": [0.0, 1.0]}, {"startTime": 5.0, "endTime": 10.0, "predictions": {"probabilities": [-27.632471084594727, 15.338560104370117], "logits": [NaN, NaN]}, "groundTruth": [0.0, 1.0]}, {"startTime": 10.0, "endTime": 15.0, "predictions": {"probabilities": [-28.002099990844727, 12.745668411254883], "logits": [NaN, NaN]}, "groundTruth": [0.0, 1.0]}, {"startTime": 12.0, "endTime": 17.0, "predictions": {"probabilities": [-22.98262596130371, 5.594788551330566], "logits": [NaN, NaN]}, "groundTruth": [0.0, 1.0]}]]}