{"modelName": "devise-221108-v8-ep423", "version": "1", "fileId": "6da698fcd17b44649faf9b9fbe8c7819", "classIds": ["Crex crex", "Scolopax rusticola"], "channels": [[{"startTime": 0.0, "endTime": 5.0, "predictions": {"probabilities": [1.0237491778752883e-06, 0.29119592905044556], "logits": []}, "groundTruth": [0.0, 0.0]}, {"startTime": 5.0, "endTime": 10.0, "predictions": {"probabilities": [1.7292001075475127e-07, 0.06830686330795288], "logits": []}, "groundTruth": [0.0, 0.0]}, {"startTime": 10.0, "endTime": 15.0, "predictions": {"probabilities": [6.415738880605204e-06, 0.503402590751648], "logits": []}, "groundTruth": [0.0, 0.0]}, {"startTime": 15.0, "endTime": 20.0, "predictions": {"probabilities": [2.190899692777748e-07, 0.06666859239339828], "logits": []}, "groundTruth": [0.0, 0.0]}]]}