{"modelName": "devise-221108-v8-ep423", "version": "1", "fileId": "6dccfa70588e44bd917858d143c566d6", "classIds": ["Crex crex", "Scolopax rusticola"], "channels": [[{"startTime": 0.0, "endTime": 5.0, "predictions": {"probabilities": [1.704071053154621e-07, 0.08374147862195969], "logits": []}, "groundTruth": [0.0, 0.0]}, {"startTime": 5.0, "endTime": 10.0, "predictions": {"probabilities": [5.8463598406888195e-08, 0.041519999504089355], "logits": []}, "groundTruth": [0.0, 0.0]}, {"startTime": 10.0, "endTime": 15.0, "predictions": {"probabilities": [3.0417425023188116e-07, 0.09772075712680817], "logits": []}, "groundTruth": [0.0, 0.0]}, {"startTime": 15.0, "endTime": 20.0, "predictions": {"probabilities": [2.463459622958908e-06, 0.2615872621536255], "logits": []}, "groundTruth": [0.0, 0.0]}]]}