{"modelName": "devise-221108-v8-ep423", "version": "1", "fileId": "6dccfa70588e44bd917858d143c566d6", "classIds": ["Crex crex", "Scolopax rusticola"], "channels": [[{"startTime": 0.0, "endTime": 5.0, "predictions": {"probabilities": [-15.585075378417969, -2.392564058303833], "logits": [NaN, NaN]}, "groundTruth": [0.0, 0.0]}, {"startTime": 5.0, "endTime": 10.0, "predictions": {"probabilities": [-16.654861450195312, -3.1391735076904297], "logits": [NaN, NaN]}, "groundTruth": [0.0, 0.0]}, {"startTime": 10.0, "endTime": 15.0, "predictions": {"probabilities": [-15.005664825439453, -2.2228100299835205], "logits": [NaN, NaN]}, "groundTruth": [0.0, 0.0]}, {"startTime": 15.0, "endTime": 20.0, "predictions": {"probabilities": [-12.913941383361816, -1.0377349853515625], "logits": [NaN, NaN]}, "groundTruth": [0.0, 0.0]}]]}