{"modelName": "devise-221108-v8-ep423", "version": "1", "fileId": "6e4a5de5c89b4d61855039e5ffa90d35", "classIds": ["Crex crex", "Scolopax rusticola"], "channels": [[{"startTime": 0.0, "endTime": 5.0, "predictions": {"probabilities": [1.8615147201472837e-09, 0.017582671716809273], "logits": []}, "groundTruth": [0.0, 1.0]}, {"startTime": 5.0, "endTime": 10.0, "predictions": {"probabilities": [3.4694789263767234e-09, 0.9945669174194336], "logits": []}, "groundTruth": [0.0, 1.0]}, {"startTime": 10.0, "endTime": 15.0, "predictions": {"probabilities": [2.2918752685613265e-19, 1.0], "logits": []}, "groundTruth": [0.0, 1.0]}, {"startTime": 14.0, "endTime": 19.0, "predictions": {"probabilities": [1.3945371524215489e-09, 0.014025099575519562], "logits": []}, "groundTruth": [0.0, 0.0]}]]}