{"modelName": "devise-221108-v8-ep423", "version": "1", "fileId": "6e8a610aed8340f3a018e44ef68c7c0a", "classIds": ["Crex crex", "Scolopax rusticola"], "channels": [[{"startTime": 0.0, "endTime": 5.0, "predictions": {"probabilities": [1.6107616573890482e-08, 0.7470139265060425], "logits": []}, "groundTruth": [0.0, 0.0]}, {"startTime": 5.0, "endTime": 10.0, "predictions": {"probabilities": [2.6975066624856936e-09, 0.5219675898551941], "logits": []}, "groundTruth": [0.0, 0.0]}, {"startTime": 10.0, "endTime": 15.0, "predictions": {"probabilities": [1.8210306595989323e-09, 0.012735010124742985], "logits": []}, "groundTruth": [0.0, 0.0]}, {"startTime": 15.0, "endTime": 20.0, "predictions": {"probabilities": [2.7162961657722917e-08, 0.03899364173412323], "logits": []}, "groundTruth": [0.0, 0.0]}]]}