{"modelName": "devise-221108-v8-ep423", "version": "1", "fileId": "6e8a610aed8340f3a018e44ef68c7c0a", "classIds": ["Crex crex", "Scolopax rusticola"], "channels": [[{"startTime": 0.0, "endTime": 5.0, "predictions": {"probabilities": [-17.943973541259766, 1.0827494859695435], "logits": [NaN, NaN]}, "groundTruth": [0.0, 0.0]}, {"startTime": 5.0, "endTime": 10.0, "predictions": {"probabilities": [-19.730937957763672, 0.08792686462402344], "logits": [NaN, -2.33921480178833]}, "groundTruth": [0.0, 0.0]}, {"startTime": 10.0, "endTime": 15.0, "predictions": {"probabilities": [-20.123863220214844, -4.350583553314209], "logits": [NaN, NaN]}, "groundTruth": [0.0, 0.0]}, {"startTime": 15.0, "endTime": 20.0, "predictions": {"probabilities": [-17.421411514282227, -3.204582452774048], "logits": [NaN, NaN]}, "groundTruth": [0.0, 0.0]}]]}