{"modelName": "devise-221108-v8-ep423", "version": "1", "fileId": "6e9f9f15f53d4a47b6a702e424e6607a", "classIds": ["Crex crex", "Scolopax rusticola"], "channels": [[{"startTime": 0.0, "endTime": 5.0, "predictions": {"probabilities": [6.83415857238856e-09, 0.05982141196727753], "logits": []}, "groundTruth": [0.0, 0.0]}, {"startTime": 5.0, "endTime": 10.0, "predictions": {"probabilities": [1.6001544977939375e-08, 0.06154724583029747], "logits": []}, "groundTruth": [0.0, 0.0]}, {"startTime": 10.0, "endTime": 15.0, "predictions": {"probabilities": [4.894168625924067e-09, 0.02943253517150879], "logits": []}, "groundTruth": [0.0, 0.0]}, {"startTime": 15.0, "endTime": 20.0, "predictions": {"probabilities": [4.221636817902663e-09, 0.012894542887806892], "logits": []}, "groundTruth": [0.0, 0.0]}]]}