{"modelName": "devise-221108-v8-ep423", "version": "1", "fileId": "6ec5f565083a4a26bc680afa18439dc8", "classIds": ["Crex crex", "Scolopax rusticola"], "channels": [[{"startTime": 0.0, "endTime": 5.0, "predictions": {"probabilities": [6.975373167961152e-09, 0.019671926274895668], "logits": []}, "groundTruth": [0.0, 0.0]}, {"startTime": 5.0, "endTime": 10.0, "predictions": {"probabilities": [5.203422119848256e-07, 0.49254482984542847], "logits": []}, "groundTruth": [0.0, 0.0]}, {"startTime": 10.0, "endTime": 15.0, "predictions": {"probabilities": [2.984462810218247e-08, 0.4362749755382538], "logits": []}, "groundTruth": [0.0, 0.0]}, {"startTime": 15.0, "endTime": 20.0, "predictions": {"probabilities": [3.465300935090454e-08, 0.14534901082515717], "logits": []}, "groundTruth": [0.0, 0.0]}]]}