{"modelName": "devise-221108-v8-ep423", "version": "1", "fileId": "6ec5f565083a4a26bc680afa18439dc8", "classIds": ["Crex crex", "Scolopax rusticola"], "channels": [[{"startTime": 0.0, "endTime": 5.0, "predictions": {"probabilities": [-18.780879974365234, -3.9086947441101074], "logits": [NaN, NaN]}, "groundTruth": [0.0, 0.0]}, {"startTime": 5.0, "endTime": 10.0, "predictions": {"probabilities": [-14.468778610229492, -0.02982281520962715], "logits": [NaN, NaN]}, "groundTruth": [0.0, 0.0]}, {"startTime": 10.0, "endTime": 15.0, "predictions": {"probabilities": [-17.327260971069336, -0.25629374384880066], "logits": [NaN, NaN]}, "groundTruth": [0.0, 0.0]}, {"startTime": 15.0, "endTime": 20.0, "predictions": {"probabilities": [-17.177881240844727, -1.7715553045272827], "logits": [NaN, NaN]}, "groundTruth": [0.0, 0.0]}]]}