{"modelName": "devise-221108-v8-ep423", "version": "1", "fileId": "6edcc5b49c9348d5a3ffaa52de300cd3", "classIds": ["Crex crex", "Scolopax rusticola"], "channels": [[{"startTime": 0.0, "endTime": 5.0, "predictions": {"probabilities": [-12.114065170288086, -0.40565919876098633], "logits": [NaN, NaN]}, "groundTruth": [0.0, 0.0]}, {"startTime": 5.0, "endTime": 10.0, "predictions": {"probabilities": [-16.165708541870117, -3.080130100250244], "logits": [NaN, NaN]}, "groundTruth": [0.0, 0.0]}, {"startTime": 10.0, "endTime": 15.0, "predictions": {"probabilities": [-14.635306358337402, -2.161480665206909], "logits": [NaN, NaN]}, "groundTruth": [0.0, 0.0]}, {"startTime": 15.0, "endTime": 20.0, "predictions": {"probabilities": [-15.28311538696289, -2.3535380363464355], "logits": [NaN, NaN]}, "groundTruth": [0.0, 0.0]}]]}