{"modelName": "devise-221108-v8-ep423", "version": "1", "fileId": "6ee1b249c07b4042a6e267819af6bf46", "classIds": ["Crex crex", "Scolopax rusticola"], "channels": [[{"startTime": 0.0, "endTime": 5.0, "predictions": {"probabilities": [-12.816533088684082, -0.4359549283981323], "logits": [NaN, NaN]}, "groundTruth": [0.0, 0.0]}, {"startTime": 5.0, "endTime": 10.0, "predictions": {"probabilities": [-12.477194786071777, -1.1272274255752563], "logits": [NaN, NaN]}, "groundTruth": [0.0, 0.0]}, {"startTime": 10.0, "endTime": 15.0, "predictions": {"probabilities": [-13.43348503112793, -0.9459147453308105], "logits": [NaN, NaN]}, "groundTruth": [0.0, 0.0]}, {"startTime": 15.0, "endTime": 20.0, "predictions": {"probabilities": [-13.894641876220703, -1.7455577850341797], "logits": [NaN, NaN]}, "groundTruth": [0.0, 0.0]}]]}