{"modelName": "devise-221108-v8-ep423", "version": "1", "fileId": "6f5fcb71d3d347b4a22d00924f09449d", "classIds": ["Crex crex", "Scolopax rusticola"], "channels": [[{"startTime": 0.0, "endTime": 5.0, "predictions": {"probabilities": [3.639680130618217e-07, 0.905676543712616], "logits": []}, "groundTruth": [0.0, 0.0]}, {"startTime": 5.0, "endTime": 10.0, "predictions": {"probabilities": [4.226802047924139e-06, 0.33999601006507874], "logits": []}, "groundTruth": [0.0, 0.0]}, {"startTime": 10.0, "endTime": 15.0, "predictions": {"probabilities": [2.2412542308170025e-11, 0.9996939897537231], "logits": []}, "groundTruth": [0.0, 0.0]}, {"startTime": 15.0, "endTime": 20.0, "predictions": {"probabilities": [1.0099734737423205e-07, 0.9409621357917786], "logits": []}, "groundTruth": [0.0, 0.0]}]]}