{"modelName": "devise-221108-v8-ep423", "version": "1", "fileId": "6f79a3d18e5c47fca4c327e3f8c788db", "classIds": ["Crex crex", "Scolopax rusticola"], "channels": [[{"startTime": 0.0, "endTime": 5.0, "predictions": {"probabilities": [1.3450775782075652e-07, 0.053796086460351944], "logits": []}, "groundTruth": [0.0, 0.0]}, {"startTime": 5.0, "endTime": 10.0, "predictions": {"probabilities": [7.685787863920268e-07, 0.12732933461666107], "logits": []}, "groundTruth": [0.0, 0.0]}, {"startTime": 10.0, "endTime": 15.0, "predictions": {"probabilities": [2.6585664727463154e-06, 0.1905449777841568], "logits": []}, "groundTruth": [0.0, 0.0]}, {"startTime": 15.0, "endTime": 20.0, "predictions": {"probabilities": [7.254890022068139e-08, 0.05111655220389366], "logits": []}, "groundTruth": [0.0, 0.0]}]]}