{"modelName": "devise-221108-v8-ep423", "version": "1", "fileId": "6f92589ce4fd4da0821c6ae4fcd0e13a", "classIds": ["Crex crex", "Scolopax rusticola"], "channels": [[{"startTime": 0.0, "endTime": 5.0, "predictions": {"probabilities": [-23.19186782836914, 6.68919563293457], "logits": [NaN, NaN]}, "groundTruth": [0.0, 0.0]}, {"startTime": 5.0, "endTime": 10.0, "predictions": {"probabilities": [-36.307430267333984, 23.460119247436523], "logits": [NaN, NaN]}, "groundTruth": [0.0, 1.0]}, {"startTime": 10.0, "endTime": 15.0, "predictions": {"probabilities": [-20.193708419799805, 5.713517189025879], "logits": [NaN, NaN]}, "groundTruth": [0.0, 1.0]}, {"startTime": 15.0, "endTime": 20.0, "predictions": {"probabilities": [-30.11547088623047, 13.80559253692627], "logits": [NaN, NaN]}, "groundTruth": [0.0, 1.0]}]]}