{"modelName": "devise-221108-v8-ep423", "version": "1", "fileId": "710fa9b7aa004b02a7019721454d2972", "classIds": ["Crex crex", "Scolopax rusticola"], "channels": [[{"startTime": 0.0, "endTime": 5.0, "predictions": {"probabilities": [1.896970358572503e-09, 0.5248237252235413], "logits": []}, "groundTruth": [0.0, 0.0]}, {"startTime": 5.0, "endTime": 10.0, "predictions": {"probabilities": [1.675937078005063e-08, 0.020420018583536148], "logits": []}, "groundTruth": [0.0, 0.0]}, {"startTime": 10.0, "endTime": 15.0, "predictions": {"probabilities": [2.661442266571612e-08, 0.02988242171704769], "logits": []}, "groundTruth": [0.0, 0.0]}, {"startTime": 15.0, "endTime": 20.0, "predictions": {"probabilities": [1.1533242805228383e-08, 0.0872853472828865], "logits": []}, "groundTruth": [0.0, 0.0]}]]}