{"modelName": "devise-221108-v8-ep423", "version": "1", "fileId": "712cfa03c1894b6599757a32c9164ca8", "classIds": ["Crex crex", "Scolopax rusticola"], "channels": [[{"startTime": 0.0, "endTime": 5.0, "predictions": {"probabilities": [-11.625753402709961, 0.9540523886680603], "logits": [NaN, 3.033216714859009]}, "groundTruth": [0.0, 0.0]}, {"startTime": 5.0, "endTime": 10.0, "predictions": {"probabilities": [-12.43229866027832, -0.8412139415740967], "logits": [NaN, NaN]}, "groundTruth": [0.0, 0.0]}, {"startTime": 10.0, "endTime": 15.0, "predictions": {"probabilities": [-13.380302429199219, -0.1576726734638214], "logits": [NaN, NaN]}, "groundTruth": [0.0, 0.0]}, {"startTime": 15.0, "endTime": 20.0, "predictions": {"probabilities": [-15.382538795471191, -0.7043269276618958], "logits": [NaN, NaN]}, "groundTruth": [0.0, 0.0]}]]}