{"modelName": "devise-221108-v8-ep423", "version": "1", "fileId": "712cfa03c1894b6599757a32c9164ca8", "classIds": ["Crex crex", "Scolopax rusticola"], "channels": [[{"startTime": 0.0, "endTime": 5.0, "predictions": {"probabilities": [8.93296419235412e-06, 0.7219294309616089], "logits": []}, "groundTruth": [0.0, 0.0]}, {"startTime": 5.0, "endTime": 10.0, "predictions": {"probabilities": [3.9876731534604914e-06, 0.3012791574001312], "logits": []}, "groundTruth": [0.0, 0.0]}, {"startTime": 10.0, "endTime": 15.0, "predictions": {"probabilities": [1.5452823163286666e-06, 0.4606632590293884], "logits": []}, "groundTruth": [0.0, 0.0]}, {"startTime": 15.0, "endTime": 20.0, "predictions": {"probabilities": [2.0866433203536872e-07, 0.33085358142852783], "logits": []}, "groundTruth": [0.0, 0.0]}]]}