{"modelName": "devise-221108-v8-ep423", "version": "1", "fileId": "716c20d5755f46ceb92e16d131f2e858", "classIds": ["Crex crex", "Scolopax rusticola"], "channels": [[{"startTime": 0.0, "endTime": 5.0, "predictions": {"probabilities": [-16.070363998413086, -2.303359270095825], "logits": [NaN, NaN]}, "groundTruth": [0.0, 0.0]}, {"startTime": 5.0, "endTime": 10.0, "predictions": {"probabilities": [-13.907480239868164, 0.9207578897476196], "logits": [NaN, 2.4526891708374023]}, "groundTruth": [0.0, 0.0]}, {"startTime": 10.0, "endTime": 15.0, "predictions": {"probabilities": [-14.80180835723877, -0.23235389590263367], "logits": [NaN, NaN]}, "groundTruth": [0.0, 0.0]}, {"startTime": 15.0, "endTime": 20.0, "predictions": {"probabilities": [-14.246673583984375, -1.337868332862854], "logits": [NaN, NaN]}, "groundTruth": [0.0, 0.0]}]]}