{"modelName": "devise-221108-v8-ep423", "version": "1", "fileId": "73892eb1803d40f48b852e4a1c807fd6", "classIds": ["Crex crex", "Scolopax rusticola"], "channels": [[{"startTime": 0.0, "endTime": 5.0, "predictions": {"probabilities": [3.6985518363508163e-06, 0.25719740986824036], "logits": []}, "groundTruth": [0.0, 0.0]}, {"startTime": 5.0, "endTime": 10.0, "predictions": {"probabilities": [1.0530797226238064e-05, 0.41830265522003174], "logits": []}, "groundTruth": [0.0, 0.0]}, {"startTime": 10.0, "endTime": 15.0, "predictions": {"probabilities": [1.2267437341506593e-05, 0.4925834834575653], "logits": []}, "groundTruth": [0.0, 0.0]}, {"startTime": 15.0, "endTime": 20.0, "predictions": {"probabilities": [1.1147507393616252e-05, 0.38488978147506714], "logits": []}, "groundTruth": [0.0, 0.0]}]]}