{"modelName": "devise-221108-v8-ep423", "version": "1", "fileId": "73892eb1803d40f48b852e4a1c807fd6", "classIds": ["Crex crex", "Scolopax rusticola"], "channels": [[{"startTime": 0.0, "endTime": 5.0, "predictions": {"probabilities": [-12.50756549835205, -1.0605864524841309], "logits": [NaN, NaN]}, "groundTruth": [0.0, 0.0]}, {"startTime": 5.0, "endTime": 10.0, "predictions": {"probabilities": [-11.461195945739746, -0.32974493503570557], "logits": [NaN, NaN]}, "groundTruth": [0.0, 0.0]}, {"startTime": 10.0, "endTime": 15.0, "predictions": {"probabilities": [-11.308549880981445, -0.029668156057596207], "logits": [NaN, NaN]}, "groundTruth": [0.0, 0.0]}, {"startTime": 15.0, "endTime": 20.0, "predictions": {"probabilities": [-11.40428352355957, -0.46884453296661377], "logits": [NaN, NaN]}, "groundTruth": [0.0, 0.0]}]]}