{"modelName": "devise-221108-v8-ep423", "version": "1", "fileId": "73fc260f9618411999edeecb8307681a", "classIds": ["Crex crex", "Scolopax rusticola"], "channels": [[{"startTime": 0.0, "endTime": 5.0, "predictions": {"probabilities": [1.0276610282744514e-06, 0.1370784491300583], "logits": []}, "groundTruth": [0.0, 0.0]}, {"startTime": 5.0, "endTime": 10.0, "predictions": {"probabilities": [2.3301870442082873e-06, 0.2270134687423706], "logits": []}, "groundTruth": [0.0, 0.0]}, {"startTime": 10.0, "endTime": 15.0, "predictions": {"probabilities": [1.044311261466646e-06, 0.14473146200180054], "logits": []}, "groundTruth": [0.0, 0.0]}, {"startTime": 15.0, "endTime": 20.0, "predictions": {"probabilities": [1.987625864785514e-06, 0.20261076092720032], "logits": []}, "groundTruth": [0.0, 0.0]}]]}