{"modelName": "devise-221108-v8-ep423", "version": "1", "fileId": "743d7234dada47e6912f9f502ff42244", "classIds": ["Crex crex", "Scolopax rusticola"], "channels": [[{"startTime": 0.0, "endTime": 5.0, "predictions": {"probabilities": [3.121884972756561e-08, 0.028721094131469727], "logits": []}, "groundTruth": [0.0, 0.0]}, {"startTime": 5.0, "endTime": 10.0, "predictions": {"probabilities": [5.106222999984311e-09, 0.11011897772550583], "logits": []}, "groundTruth": [0.0, 0.0]}, {"startTime": 10.0, "endTime": 15.0, "predictions": {"probabilities": [8.499899450953308e-08, 0.04331434518098831], "logits": []}, "groundTruth": [0.0, 0.0]}, {"startTime": 15.0, "endTime": 20.0, "predictions": {"probabilities": [1.0002958106269944e-07, 0.05458972975611687], "logits": []}, "groundTruth": [0.0, 0.0]}]]}