{"modelName": "devise-221108-v8-ep423", "version": "1", "fileId": "74856cdb3afb437e97270d788aa0e067", "classIds": ["Crex crex", "Scolopax rusticola"], "channels": [[{"startTime": 0.0, "endTime": 5.0, "predictions": {"probabilities": [-18.836706161499023, -0.12979578971862793], "logits": [NaN, NaN]}, "groundTruth": [0.0, 1.0]}, {"startTime": 5.0, "endTime": 10.0, "predictions": {"probabilities": [-17.533639907836914, -0.8519991040229797], "logits": [NaN, NaN]}, "groundTruth": [0.0, 1.0]}, {"startTime": 10.0, "endTime": 15.0, "predictions": {"probabilities": [-33.14744567871094, 13.52835464477539], "logits": [NaN, NaN]}, "groundTruth": [0.0, 1.0]}, {"startTime": 13.0, "endTime": 18.0, "predictions": {"probabilities": [-28.183334350585938, 11.833207130432129], "logits": [NaN, NaN]}, "groundTruth": [0.0, 1.0]}]]}