{"modelName": "devise-221108-v8-ep423", "version": "1", "fileId": "74dddec091a8441dbe15d08fcff5065d", "classIds": ["Crex crex", "Scolopax rusticola"], "channels": [[{"startTime": 0.0, "endTime": 5.0, "predictions": {"probabilities": [8.467709497993192e-13, 0.9999396800994873], "logits": []}, "groundTruth": [0.0, 1.0]}, {"startTime": 5.0, "endTime": 10.0, "predictions": {"probabilities": [3.835204289565075e-12, 0.9999935626983643], "logits": []}, "groundTruth": [0.0, 1.0]}, {"startTime": 10.0, "endTime": 15.0, "predictions": {"probabilities": [5.0855538530347744e-11, 0.9999682903289795], "logits": []}, "groundTruth": [0.0, 1.0]}, {"startTime": 15.0, "endTime": 20.0, "predictions": {"probabilities": [8.716668012387352e-12, 0.9999172687530518], "logits": []}, "groundTruth": [0.0, 1.0]}]]}