{"modelName": "devise-221108-v8-ep423", "version": "1", "fileId": "74f6f6eab425407484efc48911251e67", "classIds": ["Crex crex", "Scolopax rusticola"], "channels": [[{"startTime": 0.0, "endTime": 5.0, "predictions": {"probabilities": [4.910211126585295e-10, 0.014271881431341171], "logits": []}, "groundTruth": [0.0, 0.0]}, {"startTime": 5.0, "endTime": 10.0, "predictions": {"probabilities": [3.998982395225781e-11, 0.011192777194082737], "logits": []}, "groundTruth": [0.0, 0.0]}, {"startTime": 10.0, "endTime": 15.0, "predictions": {"probabilities": [2.3315338548712816e-09, 0.0428001843392849], "logits": []}, "groundTruth": [0.0, 0.0]}, {"startTime": 15.0, "endTime": 20.0, "predictions": {"probabilities": [1.838907359719144e-10, 0.10055378079414368], "logits": []}, "groundTruth": [0.0, 0.0]}]]}