{"modelName": "devise-221108-v8-ep423", "version": "1", "fileId": "74f6f6eab425407484efc48911251e67", "classIds": ["Crex crex", "Scolopax rusticola"], "channels": [[{"startTime": 0.0, "endTime": 5.0, "predictions": {"probabilities": [-21.434534072875977, -4.235089302062988], "logits": [NaN, NaN]}, "groundTruth": [0.0, 0.0]}, {"startTime": 5.0, "endTime": 10.0, "predictions": {"probabilities": [-23.94239616394043, -4.481230735778809], "logits": [NaN, NaN]}, "groundTruth": [0.0, 0.0]}, {"startTime": 10.0, "endTime": 15.0, "predictions": {"probabilities": [-19.876739501953125, -3.1074697971343994], "logits": [NaN, NaN]}, "groundTruth": [0.0, 0.0]}, {"startTime": 15.0, "endTime": 20.0, "predictions": {"probabilities": [-22.41667938232422, -2.191086530685425], "logits": [NaN, NaN]}, "groundTruth": [0.0, 0.0]}]]}