{"modelName": "devise-221108-v8-ep423", "version": "1", "fileId": "75688036d0c64a51929a1695679cee9c", "classIds": ["Crex crex", "Scolopax rusticola"], "channels": [[{"startTime": 0.0, "endTime": 5.0, "predictions": {"probabilities": [-22.26597785949707, -3.9041595458984375], "logits": [NaN, NaN]}, "groundTruth": [0.0, 0.0]}, {"startTime": 5.0, "endTime": 10.0, "predictions": {"probabilities": [-26.656389236450195, 8.527050971984863], "logits": [NaN, NaN]}, "groundTruth": [0.0, 0.0]}, {"startTime": 10.0, "endTime": 15.0, "predictions": {"probabilities": [-18.626083374023438, 0.3319721221923828], "logits": [NaN, -0.6992789506912231]}, "groundTruth": [0.0, 0.0]}, {"startTime": 15.0, "endTime": 20.0, "predictions": {"probabilities": [-22.69093894958496, 8.044462203979492], "logits": [NaN, NaN]}, "groundTruth": [0.0, 0.0]}]]}