{"modelName": "devise-221108-v8-ep423", "version": "1", "fileId": "75ec2b07293d441f9926f4fd337bdeac", "classIds": ["Crex crex", "Scolopax rusticola"], "channels": [[{"startTime": 0.0, "endTime": 5.0, "predictions": {"probabilities": [-25.370277404785156, 9.995057106018066], "logits": [NaN, NaN]}, "groundTruth": [0.0, 0.0]}, {"startTime": 5.0, "endTime": 10.0, "predictions": {"probabilities": [-17.369972229003906, -3.5872151851654053], "logits": [NaN, NaN]}, "groundTruth": [0.0, 0.0]}, {"startTime": 10.0, "endTime": 15.0, "predictions": {"probabilities": [-19.164196014404297, -4.432783126831055], "logits": [NaN, NaN]}, "groundTruth": [0.0, 0.0]}, {"startTime": 15.0, "endTime": 20.0, "predictions": {"probabilities": [-20.9129581451416, -5.231499671936035], "logits": [NaN, NaN]}, "groundTruth": [0.0, 0.0]}]]}