{"modelName": "devise-221108-v8-ep423", "version": "1", "fileId": "75ec2b07293d441f9926f4fd337bdeac", "classIds": ["Crex crex", "Scolopax rusticola"], "channels": [[{"startTime": 0.0, "endTime": 5.0, "predictions": {"probabilities": [9.59021924373804e-12, 0.999954342842102], "logits": []}, "groundTruth": [0.0, 0.0]}, {"startTime": 5.0, "endTime": 10.0, "predictions": {"probabilities": [2.8596764067856384e-08, 0.02692999690771103], "logits": []}, "groundTruth": [0.0, 0.0]}, {"startTime": 10.0, "endTime": 15.0, "predictions": {"probabilities": [4.754396432105068e-09, 0.01174186635762453], "logits": []}, "groundTruth": [0.0, 0.0]}, {"startTime": 15.0, "endTime": 20.0, "predictions": {"probabilities": [8.272136309273037e-10, 0.005317080300301313], "logits": []}, "groundTruth": [0.0, 0.0]}]]}