{"modelName": "devise-221108-v8-ep423", "version": "1", "fileId": "7605a91e1634497a98ae2566fe630116", "classIds": ["Crex crex", "Scolopax rusticola"], "channels": [[{"startTime": 0.0, "endTime": 5.0, "predictions": {"probabilities": [-17.946765899658203, 0.5255280137062073], "logits": [NaN, 0.10220087319612503]}, "groundTruth": [0.0, 0.0]}, {"startTime": 5.0, "endTime": 10.0, "predictions": {"probabilities": [-16.052162170410156, -2.952486753463745], "logits": [NaN, NaN]}, "groundTruth": [0.0, 0.0]}, {"startTime": 10.0, "endTime": 15.0, "predictions": {"probabilities": [-17.45459747314453, -3.314096212387085], "logits": [NaN, NaN]}, "groundTruth": [0.0, 0.0]}, {"startTime": 15.0, "endTime": 20.0, "predictions": {"probabilities": [-17.821744918823242, -3.7394533157348633], "logits": [NaN, NaN]}, "groundTruth": [0.0, 0.0]}]]}