{"modelName": "devise-221108-v8-ep423", "version": "1", "fileId": "7781089cd41040f6be463c1d9be9b6b6", "classIds": ["Crex crex", "Scolopax rusticola"], "channels": [[{"startTime": 0.0, "endTime": 5.0, "predictions": {"probabilities": [1.5268460273887285e-08, 0.01902913674712181], "logits": []}, "groundTruth": [0.0, 0.0]}, {"startTime": 5.0, "endTime": 10.0, "predictions": {"probabilities": [6.677554438283551e-07, 0.11700261384248734], "logits": []}, "groundTruth": [0.0, 0.0]}, {"startTime": 10.0, "endTime": 15.0, "predictions": {"probabilities": [6.618503221034189e-07, 0.12126535922288895], "logits": []}, "groundTruth": [0.0, 0.0]}, {"startTime": 15.0, "endTime": 20.0, "predictions": {"probabilities": [6.428837906469198e-08, 0.039264608174562454], "logits": []}, "groundTruth": [0.0, 0.0]}]]}