{"modelName": "devise-221108-v8-ep423", "version": "1", "fileId": "77b11e2a37d44bd2b369f1330e67b43d", "classIds": ["Crex crex", "Scolopax rusticola"], "channels": [[{"startTime": 0.0, "endTime": 5.0, "predictions": {"probabilities": [4.274327736197847e-08, 0.996436357498169], "logits": []}, "groundTruth": [0.0, 0.0]}, {"startTime": 5.0, "endTime": 10.0, "predictions": {"probabilities": [5.781301410934248e-07, 0.11605766415596008], "logits": []}, "groundTruth": [0.0, 0.0]}, {"startTime": 10.0, "endTime": 15.0, "predictions": {"probabilities": [6.036131708242465e-06, 0.37592950463294983], "logits": []}, "groundTruth": [0.0, 0.0]}, {"startTime": 15.0, "endTime": 20.0, "predictions": {"probabilities": [2.3752056677039945e-06, 0.3194738030433655], "logits": []}, "groundTruth": [0.0, 0.0]}]]}