{"modelName": "devise-221108-v8-ep423", "version": "1", "fileId": "77b11e2a37d44bd2b369f1330e67b43d", "classIds": ["Crex crex", "Scolopax rusticola"], "channels": [[{"startTime": 0.0, "endTime": 5.0, "predictions": {"probabilities": [-16.968053817749023, 5.633383274078369], "logits": [NaN, NaN]}, "groundTruth": [0.0, 0.0]}, {"startTime": 5.0, "endTime": 10.0, "predictions": {"probabilities": [-14.363466262817383, -2.0303046703338623], "logits": [NaN, NaN]}, "groundTruth": [0.0, 0.0]}, {"startTime": 10.0, "endTime": 15.0, "predictions": {"probabilities": [-12.017741203308105, -0.5068618059158325], "logits": [NaN, NaN]}, "groundTruth": [0.0, 0.0]}, {"startTime": 15.0, "endTime": 20.0, "predictions": {"probabilities": [-12.950424194335938, -0.756191074848175], "logits": [NaN, NaN]}, "groundTruth": [0.0, 0.0]}]]}