{"modelName": "devise-221108-v8-ep423", "version": "1", "fileId": "77d35e682aab484aa6aaea35d58758d7", "classIds": ["Crex crex", "Scolopax rusticola"], "channels": [[{"startTime": 0.0, "endTime": 5.0, "predictions": {"probabilities": [-23.720746994018555, 7.912739276885986], "logits": [NaN, NaN]}, "groundTruth": [0.0, 1.0]}, {"startTime": 5.0, "endTime": 10.0, "predictions": {"probabilities": [-29.74797248840332, 14.308257102966309], "logits": [NaN, NaN]}, "groundTruth": [0.0, 1.0]}, {"startTime": 10.0, "endTime": 15.0, "predictions": {"probabilities": [-29.05762481689453, 11.764772415161133], "logits": [NaN, NaN]}, "groundTruth": [0.0, 1.0]}, {"startTime": 13.0, "endTime": 18.0, "predictions": {"probabilities": [-25.9205379486084, 8.836071968078613], "logits": [NaN, NaN]}, "groundTruth": [0.0, 1.0]}]]}