{"modelName": "devise-221108-v8-ep423", "version": "1", "fileId": "77d35e682aab484aa6aaea35d58758d7", "classIds": ["Crex crex", "Scolopax rusticola"], "channels": [[{"startTime": 0.0, "endTime": 5.0, "predictions": {"probabilities": [4.99126330544275e-11, 0.9996340274810791], "logits": []}, "groundTruth": [0.0, 1.0]}, {"startTime": 5.0, "endTime": 10.0, "predictions": {"probabilities": [1.2039811693193708e-13, 0.9999994039535522], "logits": []}, "groundTruth": [0.0, 1.0]}, {"startTime": 10.0, "endTime": 15.0, "predictions": {"probabilities": [2.401230527349779e-13, 0.9999922513961792], "logits": []}, "groundTruth": [0.0, 1.0]}, {"startTime": 13.0, "endTime": 18.0, "predictions": {"probabilities": [5.531633744809694e-12, 0.999854564666748], "logits": []}, "groundTruth": [0.0, 1.0]}]]}