{"modelName": "devise-221108-v8-ep423", "version": "1", "fileId": "77f94c4d567547a8bcc8434e2ce8d99e", "classIds": ["Crex crex", "Scolopax rusticola"], "channels": [[{"startTime": 0.0, "endTime": 5.0, "predictions": {"probabilities": [-18.670927047729492, -3.328171491622925], "logits": [NaN, NaN]}, "groundTruth": [0.0, 0.0]}, {"startTime": 5.0, "endTime": 10.0, "predictions": {"probabilities": [-16.65389633178711, -2.835493803024292], "logits": [NaN, NaN]}, "groundTruth": [0.0, 0.0]}, {"startTime": 10.0, "endTime": 15.0, "predictions": {"probabilities": [-18.927698135375977, -3.9126667976379395], "logits": [NaN, NaN]}, "groundTruth": [0.0, 0.0]}, {"startTime": 15.0, "endTime": 20.0, "predictions": {"probabilities": [-20.44904327392578, -2.119382619857788], "logits": [NaN, NaN]}, "groundTruth": [0.0, 0.0]}]]}