{"modelName": "devise-221108-v8-ep423", "version": "1", "fileId": "78706e80edf74da9bcc4943b59b7d19e", "classIds": ["Crex crex", "Scolopax rusticola"], "channels": [[{"startTime": 0.0, "endTime": 5.0, "predictions": {"probabilities": [2.5258955815843365e-07, 0.07130657881498337], "logits": []}, "groundTruth": [0.0, 0.0]}, {"startTime": 5.0, "endTime": 10.0, "predictions": {"probabilities": [2.561779588461377e-08, 0.05388793349266052], "logits": []}, "groundTruth": [0.0, 0.0]}, {"startTime": 10.0, "endTime": 15.0, "predictions": {"probabilities": [4.3434778262962936e-07, 0.1210581585764885], "logits": []}, "groundTruth": [0.0, 0.0]}, {"startTime": 15.0, "endTime": 20.0, "predictions": {"probabilities": [5.085928933112882e-06, 0.314688116312027], "logits": []}, "groundTruth": [0.0, 0.0]}]]}