{"modelName": "devise-221108-v8-ep423", "version": "1", "fileId": "78706e80edf74da9bcc4943b59b7d19e", "classIds": ["Crex crex", "Scolopax rusticola"], "channels": [[{"startTime": 0.0, "endTime": 5.0, "predictions": {"probabilities": [-15.191499710083008, -2.5667901039123535], "logits": [NaN, NaN]}, "groundTruth": [0.0, 0.0]}, {"startTime": 5.0, "endTime": 10.0, "predictions": {"probabilities": [-17.479978561401367, -2.8654544353485107], "logits": [NaN, NaN]}, "groundTruth": [0.0, 0.0]}, {"startTime": 10.0, "endTime": 15.0, "predictions": {"probabilities": [-14.649419784545898, -1.982447624206543], "logits": [NaN, NaN]}, "groundTruth": [0.0, 0.0]}, {"startTime": 15.0, "endTime": 20.0, "predictions": {"probabilities": [-12.189027786254883, -0.7782920002937317], "logits": [NaN, NaN]}, "groundTruth": [0.0, 0.0]}]]}