{"modelName": "devise-221108-v8-ep423", "version": "1", "fileId": "78974c52aa354eae84f1572ca45521c0", "classIds": ["Crex crex", "Scolopax rusticola"], "channels": [[{"startTime": 0.0, "endTime": 5.0, "predictions": {"probabilities": [-16.577661514282227, -2.3051764965057373], "logits": [NaN, NaN]}, "groundTruth": [0.0, 0.0]}, {"startTime": 5.0, "endTime": 10.0, "predictions": {"probabilities": [-20.810556411743164, 1.0923882722854614], "logits": [NaN, NaN]}, "groundTruth": [0.0, 0.0]}, {"startTime": 10.0, "endTime": 15.0, "predictions": {"probabilities": [-15.769922256469727, -2.8257570266723633], "logits": [NaN, NaN]}, "groundTruth": [0.0, 0.0]}, {"startTime": 15.0, "endTime": 20.0, "predictions": {"probabilities": [-23.22919464111328, 7.492356300354004], "logits": [NaN, NaN]}, "groundTruth": [0.0, 0.0]}]]}