{"modelName": "devise-221108-v8-ep423", "version": "1", "fileId": "78974c52aa354eae84f1572ca45521c0", "classIds": ["Crex crex", "Scolopax rusticola"], "channels": [[{"startTime": 0.0, "endTime": 5.0, "predictions": {"probabilities": [6.315577394389038e-08, 0.09069515019655228], "logits": []}, "groundTruth": [0.0, 0.0]}, {"startTime": 5.0, "endTime": 10.0, "predictions": {"probabilities": [9.164107805936794e-10, 0.7488312125205994], "logits": []}, "groundTruth": [0.0, 0.0]}, {"startTime": 10.0, "endTime": 15.0, "predictions": {"probabilities": [1.416477601878796e-07, 0.055948078632354736], "logits": []}, "groundTruth": [0.0, 0.0]}, {"startTime": 15.0, "endTime": 20.0, "predictions": {"probabilities": [8.15997755476694e-11, 0.999442994594574], "logits": []}, "groundTruth": [0.0, 0.0]}]]}