{"modelName": "devise-221108-v8-ep423", "version": "1", "fileId": "789eb18dfc634209b5b12165278b9df0", "classIds": ["Crex crex", "Scolopax rusticola"], "channels": [[{"startTime": 0.0, "endTime": 5.0, "predictions": {"probabilities": [-18.556020736694336, -4.107714653015137], "logits": [NaN, NaN]}, "groundTruth": [0.0, 0.0]}, {"startTime": 5.0, "endTime": 10.0, "predictions": {"probabilities": [-17.350109100341797, -3.3665828704833984], "logits": [NaN, NaN]}, "groundTruth": [0.0, 0.0]}, {"startTime": 10.0, "endTime": 15.0, "predictions": {"probabilities": [-18.273147583007812, -0.27902987599372864], "logits": [NaN, NaN]}, "groundTruth": [0.0, 0.0]}, {"startTime": 15.0, "endTime": 20.0, "predictions": {"probabilities": [-17.56473159790039, -3.2895870208740234], "logits": [NaN, NaN]}, "groundTruth": [0.0, 0.0]}]]}