{"modelName": "devise-221108-v8-ep423", "version": "1", "fileId": "789eb18dfc634209b5b12165278b9df0", "classIds": ["Crex crex", "Scolopax rusticola"], "channels": [[{"startTime": 0.0, "endTime": 5.0, "predictions": {"probabilities": [8.734189371750745e-09, 0.016179243102669716], "logits": []}, "groundTruth": [0.0, 0.0]}, {"startTime": 5.0, "endTime": 10.0, "predictions": {"probabilities": [2.9170466930850125e-08, 0.03335631266236305], "logits": []}, "groundTruth": [0.0, 0.0]}, {"startTime": 10.0, "endTime": 15.0, "predictions": {"probabilities": [1.1589716741866596e-08, 0.43069159984588623], "logits": []}, "groundTruth": [0.0, 0.0]}, {"startTime": 15.0, "endTime": 20.0, "predictions": {"probabilities": [2.353607264637958e-08, 0.035930149257183075], "logits": []}, "groundTruth": [0.0, 0.0]}]]}