{"modelName": "devise-221108-v8-ep423", "version": "1", "fileId": "78b047c6bfce4c159d89a145c05ef6bc", "classIds": ["Crex crex", "Scolopax rusticola"], "channels": [[{"startTime": 0.0, "endTime": 5.0, "predictions": {"probabilities": [3.123839178442722e-07, 0.9651734232902527], "logits": []}, "groundTruth": [0.0, 0.0]}, {"startTime": 5.0, "endTime": 10.0, "predictions": {"probabilities": [3.213038723970385e-07, 0.11174666881561279], "logits": []}, "groundTruth": [0.0, 0.0]}, {"startTime": 10.0, "endTime": 15.0, "predictions": {"probabilities": [1.1460390680895216e-07, 0.0574093721807003], "logits": []}, "groundTruth": [0.0, 0.0]}, {"startTime": 15.0, "endTime": 20.0, "predictions": {"probabilities": [6.809244155192573e-07, 0.10809919983148575], "logits": []}, "groundTruth": [0.0, 0.0]}]]}