{"modelName": "devise-221108-v8-ep423", "version": "1", "fileId": "78b047c6bfce4c159d89a145c05ef6bc", "classIds": ["Crex crex", "Scolopax rusticola"], "channels": [[{"startTime": 0.0, "endTime": 5.0, "predictions": {"probabilities": [-14.979032516479492, 3.3219285011291504], "logits": [NaN, NaN]}, "groundTruth": [0.0, 0.0]}, {"startTime": 5.0, "endTime": 10.0, "predictions": {"probabilities": [-14.950878143310547, -2.0730226039886475], "logits": [NaN, NaN]}, "groundTruth": [0.0, 0.0]}, {"startTime": 10.0, "endTime": 15.0, "predictions": {"probabilities": [-15.981783866882324, -2.798424482345581], "logits": [NaN, NaN]}, "groundTruth": [0.0, 0.0]}, {"startTime": 15.0, "endTime": 20.0, "predictions": {"probabilities": [-14.199813842773438, -2.1103055477142334], "logits": [NaN, NaN]}, "groundTruth": [0.0, 0.0]}]]}