{"modelName": "devise-221108-v8-ep423", "version": "1", "fileId": "798f6460b4954394bbd9d6a58fec74a8", "classIds": ["Crex crex", "Scolopax rusticola"], "channels": [[{"startTime": 0.0, "endTime": 5.0, "predictions": {"probabilities": [6.868634727652534e-08, 0.09937572479248047], "logits": []}, "groundTruth": [0.0, 1.0]}, {"startTime": 5.0, "endTime": 10.0, "predictions": {"probabilities": [1.1899244090063377e-10, 0.9569228887557983], "logits": []}, "groundTruth": [0.0, 1.0]}, {"startTime": 10.0, "endTime": 15.0, "predictions": {"probabilities": [1.7851053968342967e-11, 0.9998549222946167], "logits": []}, "groundTruth": [0.0, 1.0]}, {"startTime": 11.0, "endTime": 16.0, "predictions": {"probabilities": [1.0097818137211334e-09, 0.994408905506134], "logits": []}, "groundTruth": [0.0, 0.0]}]]}