{"modelName": "devise-221108-v8-ep423", "version": "1", "fileId": "798f6460b4954394bbd9d6a58fec74a8", "classIds": ["Crex crex", "Scolopax rusticola"], "channels": [[{"startTime": 0.0, "endTime": 5.0, "predictions": {"probabilities": [-16.493715286254883, -2.2041802406311035], "logits": [NaN, NaN]}, "groundTruth": [0.0, 1.0]}, {"startTime": 5.0, "endTime": 10.0, "predictions": {"probabilities": [-22.851961135864258, 3.1007320880889893], "logits": [NaN, NaN]}, "groundTruth": [0.0, 1.0]}, {"startTime": 10.0, "endTime": 15.0, "predictions": {"probabilities": [-24.748958587646484, 8.838447570800781], "logits": [NaN, NaN]}, "groundTruth": [0.0, 1.0]}, {"startTime": 11.0, "endTime": 16.0, "predictions": {"probabilities": [-20.713531494140625, 5.180987358093262], "logits": [NaN, NaN]}, "groundTruth": [0.0, 0.0]}]]}