{"modelName": "devise-221108-v8-ep423", "version": "1", "fileId": "799f41fba3934821a33130a2d13931a6", "classIds": ["Crex crex", "Scolopax rusticola"], "channels": [[{"startTime": 0.0, "endTime": 5.0, "predictions": {"probabilities": [3.864444053647276e-08, 0.03184173256158829], "logits": []}, "groundTruth": [0.0, 0.0]}, {"startTime": 5.0, "endTime": 10.0, "predictions": {"probabilities": [1.1491137001939933e-06, 0.44445323944091797], "logits": []}, "groundTruth": [0.0, 0.0]}, {"startTime": 10.0, "endTime": 15.0, "predictions": {"probabilities": [2.7292226150166243e-06, 0.2047584503889084], "logits": []}, "groundTruth": [0.0, 0.0]}, {"startTime": 15.0, "endTime": 20.0, "predictions": {"probabilities": [3.0635914072263404e-07, 0.07846330851316452], "logits": []}, "groundTruth": [0.0, 0.0]}]]}