{"modelName": "devise-221108-v8-ep423", "version": "1", "fileId": "79fe9e08d86d4d31a886b73230369449", "classIds": ["Crex crex", "Scolopax rusticola"], "channels": [[{"startTime": 0.0, "endTime": 5.0, "predictions": {"probabilities": [-13.596632957458496, -1.6227153539657593], "logits": [NaN, NaN]}, "groundTruth": [0.0, 0.0]}, {"startTime": 5.0, "endTime": 10.0, "predictions": {"probabilities": [-12.955283164978027, -1.2929444313049316], "logits": [NaN, NaN]}, "groundTruth": [0.0, 0.0]}, {"startTime": 10.0, "endTime": 15.0, "predictions": {"probabilities": [-14.281806945800781, -2.0211496353149414], "logits": [NaN, NaN]}, "groundTruth": [0.0, 0.0]}, {"startTime": 15.0, "endTime": 20.0, "predictions": {"probabilities": [-11.97914981842041, -0.8323559165000916], "logits": [NaN, NaN]}, "groundTruth": [0.0, 0.0]}]]}