{"modelName": "devise-221108-v8-ep423", "version": "1", "fileId": "7a197f2a31f341b7b8a48d9d4639e9ee", "classIds": ["Crex crex", "Scolopax rusticola"], "channels": [[{"startTime": 0.0, "endTime": 5.0, "predictions": {"probabilities": [6.140813968436021e-10, 0.00945640355348587], "logits": []}, "groundTruth": [0.0, 0.0]}, {"startTime": 5.0, "endTime": 10.0, "predictions": {"probabilities": [5.913728955420083e-07, 0.23964795470237732], "logits": []}, "groundTruth": [0.0, 0.0]}, {"startTime": 10.0, "endTime": 15.0, "predictions": {"probabilities": [7.579903815724265e-09, 0.22597266733646393], "logits": []}, "groundTruth": [0.0, 0.0]}, {"startTime": 15.0, "endTime": 20.0, "predictions": {"probabilities": [2.7475914876617935e-08, 0.028613699600100517], "logits": []}, "groundTruth": [0.0, 0.0]}]]}