{"modelName": "devise-221108-v8-ep423", "version": "1", "fileId": "7ad1f829dcad469bb829032de94d4573", "classIds": ["Crex crex", "Scolopax rusticola"], "channels": [[{"startTime": 0.0, "endTime": 5.0, "predictions": {"probabilities": [1.6555421211705834e-07, 0.1852705180644989], "logits": []}, "groundTruth": [0.0, 1.0]}, {"startTime": 5.0, "endTime": 10.0, "predictions": {"probabilities": [7.614530659338925e-07, 0.5303435325622559], "logits": []}, "groundTruth": [0.0, 1.0]}, {"startTime": 7.0, "endTime": 12.0, "predictions": {"probabilities": [2.39262698542575e-09, 0.011816571466624737], "logits": []}, "groundTruth": [0.0, 0.0]}]]}