{"modelName": "devise-221108-v8-ep423", "version": "1", "fileId": "7af18fca3a954f018543a5d1c145b0d7", "classIds": ["Crex crex", "Scolopax rusticola"], "channels": [[{"startTime": 0.0, "endTime": 5.0, "predictions": {"probabilities": [6.853036182974392e-08, 0.040196750313043594], "logits": []}, "groundTruth": [0.0, 0.0]}, {"startTime": 5.0, "endTime": 10.0, "predictions": {"probabilities": [2.9355700092992265e-09, 0.009444949217140675], "logits": []}, "groundTruth": [0.0, 0.0]}, {"startTime": 10.0, "endTime": 15.0, "predictions": {"probabilities": [2.162305712261059e-08, 0.026097115129232407], "logits": []}, "groundTruth": [0.0, 0.0]}, {"startTime": 15.0, "endTime": 20.0, "predictions": {"probabilities": [3.645350465930619e-09, 0.3252801299095154], "logits": []}, "groundTruth": [0.0, 0.0]}]]}