{"modelName": "devise-221108-v8-ep423", "version": "1", "fileId": "7b429095dbe74b7989bbb62b15e34e87", "classIds": ["Crex crex", "Scolopax rusticola"], "channels": [[{"startTime": 0.0, "endTime": 5.0, "predictions": {"probabilities": [8.08831845944269e-09, 0.056087277829647064], "logits": []}, "groundTruth": [0.0, 1.0]}, {"startTime": 5.0, "endTime": 10.0, "predictions": {"probabilities": [2.3466086929505026e-13, 1.0], "logits": []}, "groundTruth": [0.0, 1.0]}, {"startTime": 10.0, "endTime": 15.0, "predictions": {"probabilities": [2.526018949566833e-09, 0.9995300769805908], "logits": []}, "groundTruth": [0.0, 1.0]}, {"startTime": 12.0, "endTime": 17.0, "predictions": {"probabilities": [2.0766352193390958e-08, 0.8274806141853333], "logits": []}, "groundTruth": [0.0, 1.0]}]]}