{"modelName": "devise-221108-v8-ep423", "version": "1", "fileId": "7bf76980e9b2424f862dd491e578cbf7", "classIds": ["Crex crex", "Scolopax rusticola"], "channels": [[{"startTime": 0.0, "endTime": 5.0, "predictions": {"probabilities": [5.489999921337585e-08, 0.03819448500871658], "logits": []}, "groundTruth": [0.0, 0.0]}, {"startTime": 5.0, "endTime": 10.0, "predictions": {"probabilities": [1.956467166053244e-08, 0.023358503356575966], "logits": []}, "groundTruth": [0.0, 0.0]}, {"startTime": 10.0, "endTime": 15.0, "predictions": {"probabilities": [5.6778024060122334e-08, 0.04030890017747879], "logits": []}, "groundTruth": [0.0, 0.0]}, {"startTime": 15.0, "endTime": 20.0, "predictions": {"probabilities": [5.989399198824685e-08, 0.07825294882059097], "logits": []}, "groundTruth": [0.0, 0.0]}]]}