{"modelName": "devise-221108-v8-ep423", "version": "1", "fileId": "7c87c9837cae45a4a1a418752be399e3", "classIds": ["Crex crex", "Scolopax rusticola"], "channels": [[{"startTime": 0.0, "endTime": 5.0, "predictions": {"probabilities": [-12.750243186950684, -1.2105207443237305], "logits": [NaN, NaN]}, "groundTruth": [0.0, 0.0]}, {"startTime": 5.0, "endTime": 10.0, "predictions": {"probabilities": [-11.689719200134277, -0.625511109828949], "logits": [NaN, NaN]}, "groundTruth": [0.0, 0.0]}, {"startTime": 10.0, "endTime": 15.0, "predictions": {"probabilities": [-11.727694511413574, -0.6809428334236145], "logits": [NaN, NaN]}, "groundTruth": [0.0, 0.0]}, {"startTime": 15.0, "endTime": 20.0, "predictions": {"probabilities": [-14.814868927001953, 2.3076114654541016], "logits": [NaN, NaN]}, "groundTruth": [0.0, 0.0]}]]}