{"modelName": "devise-221108-v8-ep423", "version": "1", "fileId": "7ccae0bfdde740d698049dd4a3149885", "classIds": ["Crex crex", "Scolopax rusticola"], "channels": [[{"startTime": 0.0, "endTime": 5.0, "predictions": {"probabilities": [-16.84063148498535, -1.2766391038894653], "logits": [NaN, NaN]}, "groundTruth": [0.0, 0.0]}, {"startTime": 5.0, "endTime": 10.0, "predictions": {"probabilities": [-14.451000213623047, -1.730366826057434], "logits": [NaN, NaN]}, "groundTruth": [0.0, 0.0]}, {"startTime": 10.0, "endTime": 15.0, "predictions": {"probabilities": [-18.953580856323242, -2.836517333984375], "logits": [NaN, NaN]}, "groundTruth": [0.0, 0.0]}, {"startTime": 15.0, "endTime": 20.0, "predictions": {"probabilities": [-15.183467864990234, -2.3700437545776367], "logits": [NaN, NaN]}, "groundTruth": [0.0, 0.0]}]]}