{"modelName": "devise-221108-v8-ep423", "version": "1", "fileId": "7ccae0bfdde740d698049dd4a3149885", "classIds": ["Crex crex", "Scolopax rusticola"], "channels": [[{"startTime": 0.0, "endTime": 5.0, "predictions": {"probabilities": [4.8551946463248896e-08, 0.21812286972999573], "logits": []}, "groundTruth": [0.0, 0.0]}, {"startTime": 5.0, "endTime": 10.0, "predictions": {"probabilities": [5.296757876749325e-07, 0.15054066479206085], "logits": []}, "groundTruth": [0.0, 0.0]}, {"startTime": 10.0, "endTime": 15.0, "predictions": {"probabilities": [5.869004393588284e-09, 0.05538245290517807], "logits": []}, "groundTruth": [0.0, 0.0]}, {"startTime": 15.0, "endTime": 20.0, "predictions": {"probabilities": [2.5462648522989184e-07, 0.08548571914434433], "logits": []}, "groundTruth": [0.0, 0.0]}]]}