{"modelName": "devise-221108-v8-ep423", "version": "1", "fileId": "7cf6738dca8d4a5aa7b251dd6106c574", "classIds": ["Crex crex", "Scolopax rusticola"], "channels": [[{"startTime": 0.0, "endTime": 5.0, "predictions": {"probabilities": [-18.247173309326172, -3.875187397003174], "logits": [NaN, NaN]}, "groundTruth": [0.0, 0.0]}, {"startTime": 5.0, "endTime": 10.0, "predictions": {"probabilities": [-15.830972671508789, -2.548675537109375], "logits": [NaN, NaN]}, "groundTruth": [0.0, 0.0]}, {"startTime": 10.0, "endTime": 15.0, "predictions": {"probabilities": [-17.65955352783203, -3.5106325149536133], "logits": [NaN, NaN]}, "groundTruth": [0.0, 0.0]}, {"startTime": 15.0, "endTime": 20.0, "predictions": {"probabilities": [-17.58625602722168, -2.8726165294647217], "logits": [NaN, NaN]}, "groundTruth": [0.0, 0.0]}]]}