{"modelName": "devise-221108-v8-ep423", "version": "1", "fileId": "7e0e9148c4a94f80adf9f24045b6a22a", "classIds": ["Crex crex", "Scolopax rusticola"], "channels": [[{"startTime": 0.0, "endTime": 5.0, "predictions": {"probabilities": [-18.199668884277344, 1.440985918045044], "logits": [NaN, NaN]}, "groundTruth": [0.0, 1.0]}, {"startTime": 5.0, "endTime": 10.0, "predictions": {"probabilities": [-29.2469539642334, 12.505041122436523], "logits": [NaN, NaN]}, "groundTruth": [0.0, 1.0]}, {"startTime": 10.0, "endTime": 15.0, "predictions": {"probabilities": [-32.41079330444336, 13.705860137939453], "logits": [NaN, NaN]}, "groundTruth": [0.0, 1.0]}, {"startTime": 11.0, "endTime": 16.0, "predictions": {"probabilities": [-27.966384887695312, 8.870136260986328], "logits": [NaN, NaN]}, "groundTruth": [0.0, 1.0]}]]}