{"modelName": "devise-221108-v8-ep423", "version": "1", "fileId": "7ea05a3080404d3d84abe178dd53abb7", "classIds": ["Crex crex", "Scolopax rusticola"], "channels": [[{"startTime": 0.0, "endTime": 5.0, "predictions": {"probabilities": [-18.53665542602539, -3.747471332550049], "logits": [NaN, NaN]}, "groundTruth": [0.0, 0.0]}, {"startTime": 5.0, "endTime": 10.0, "predictions": {"probabilities": [-20.267026901245117, -4.854625701904297], "logits": [NaN, NaN]}, "groundTruth": [0.0, 0.0]}, {"startTime": 10.0, "endTime": 15.0, "predictions": {"probabilities": [-16.084213256835938, -2.042149782180786], "logits": [NaN, NaN]}, "groundTruth": [0.0, 0.0]}, {"startTime": 15.0, "endTime": 20.0, "predictions": {"probabilities": [-16.72920799255371, 1.0698357820510864], "logits": [NaN, NaN]}, "groundTruth": [0.0, 0.0]}]]}