{"modelName": "devise-221108-v8-ep423", "version": "1", "fileId": "7ea05a3080404d3d84abe178dd53abb7", "classIds": ["Crex crex", "Scolopax rusticola"], "channels": [[{"startTime": 0.0, "endTime": 5.0, "predictions": {"probabilities": [8.904978088253301e-09, 0.02303420566022396], "logits": []}, "groundTruth": [0.0, 0.0]}, {"startTime": 5.0, "endTime": 10.0, "predictions": {"probabilities": [1.5781274065318485e-09, 0.0077320002019405365], "logits": []}, "groundTruth": [0.0, 0.0]}, {"startTime": 10.0, "endTime": 15.0, "predictions": {"probabilities": [1.0344628265102074e-07, 0.11484801024198532], "logits": []}, "groundTruth": [0.0, 0.0]}, {"startTime": 15.0, "endTime": 20.0, "predictions": {"probabilities": [5.427467186791546e-08, 0.7445657253265381], "logits": []}, "groundTruth": [0.0, 0.0]}]]}