{"modelName": "devise-221108-v8-ep423", "version": "1", "fileId": "7ec2593e00d644aaa9c2005e689c7854", "classIds": ["Crex crex", "Scolopax rusticola"], "channels": [[{"startTime": 0.0, "endTime": 5.0, "predictions": {"probabilities": [2.062682506220881e-05, 0.44042617082595825], "logits": []}, "groundTruth": [0.0, 0.0]}, {"startTime": 5.0, "endTime": 10.0, "predictions": {"probabilities": [8.509021540703543e-07, 0.2824300229549408], "logits": []}, "groundTruth": [0.0, 0.0]}, {"startTime": 10.0, "endTime": 15.0, "predictions": {"probabilities": [1.8878089349527727e-06, 0.21619513630867004], "logits": []}, "groundTruth": [0.0, 0.0]}, {"startTime": 15.0, "endTime": 20.0, "predictions": {"probabilities": [2.7412008876126492e-06, 0.22166967391967773], "logits": []}, "groundTruth": [0.0, 0.0]}]]}