{"modelName": "devise-221108-v8-ep423", "version": "1", "fileId": "7f553efdb0c145fa8495aecb34da4679", "classIds": ["Crex crex", "Scolopax rusticola"], "channels": [[{"startTime": 0.0, "endTime": 5.0, "predictions": {"probabilities": [1.0810919937043195e-09, 0.8787263035774231], "logits": []}, "groundTruth": [0.0, 0.0]}, {"startTime": 5.0, "endTime": 10.0, "predictions": {"probabilities": [1.5010183374020158e-10, 0.9987481832504272], "logits": []}, "groundTruth": [0.0, 1.0]}, {"startTime": 10.0, "endTime": 15.0, "predictions": {"probabilities": [8.415241593839884e-12, 0.8812873959541321], "logits": []}, "groundTruth": [0.0, 1.0]}]]}