{"modelName": "devise-221108-v8-ep423", "version": "1", "fileId": "80dabe6dee0d41a09ed865a1096f5c45", "classIds": ["Crex crex", "Scolopax rusticola"], "channels": [[{"startTime": 0.0, "endTime": 5.0, "predictions": {"probabilities": [-12.502579689025879, -0.6181999444961548], "logits": [NaN, NaN]}, "groundTruth": [0.0, 0.0]}, {"startTime": 5.0, "endTime": 10.0, "predictions": {"probabilities": [-11.622576713562012, -0.480061411857605], "logits": [NaN, NaN]}, "groundTruth": [0.0, 0.0]}, {"startTime": 10.0, "endTime": 15.0, "predictions": {"probabilities": [-12.190804481506348, -0.9450957179069519], "logits": [NaN, NaN]}, "groundTruth": [0.0, 0.0]}, {"startTime": 15.0, "endTime": 20.0, "predictions": {"probabilities": [-12.30113697052002, -0.9069899916648865], "logits": [NaN, NaN]}, "groundTruth": [0.0, 0.0]}]]}