{"modelName": "devise-221108-v8-ep423", "version": "1", "fileId": "818a692a8372494fb392e93d4ed75e1d", "classIds": ["Crex crex", "Scolopax rusticola"], "channels": [[{"startTime": 0.0, "endTime": 5.0, "predictions": {"probabilities": [-19.7663516998291, -4.5177836418151855], "logits": [NaN, NaN]}, "groundTruth": [0.0, 0.0]}, {"startTime": 5.0, "endTime": 10.0, "predictions": {"probabilities": [-15.639517784118652, -2.79541277885437], "logits": [NaN, NaN]}, "groundTruth": [0.0, 0.0]}, {"startTime": 10.0, "endTime": 15.0, "predictions": {"probabilities": [-16.507835388183594, -3.2756552696228027], "logits": [NaN, NaN]}, "groundTruth": [0.0, 0.0]}, {"startTime": 15.0, "endTime": 20.0, "predictions": {"probabilities": [-15.640559196472168, -1.0552902221679688], "logits": [NaN, NaN]}, "groundTruth": [0.0, 0.0]}]]}