{"modelName": "devise-221108-v8-ep423", "version": "1", "fileId": "818a692a8372494fb392e93d4ed75e1d", "classIds": ["Crex crex", "Scolopax rusticola"], "channels": [[{"startTime": 0.0, "endTime": 5.0, "predictions": {"probabilities": [2.6036495182069075e-09, 0.010795372538268566], "logits": []}, "groundTruth": [0.0, 0.0]}, {"startTime": 5.0, "endTime": 10.0, "predictions": {"probabilities": [1.613777556030982e-07, 0.057572562247514725], "logits": []}, "groundTruth": [0.0, 0.0]}, {"startTime": 10.0, "endTime": 15.0, "predictions": {"probabilities": [6.772330607418553e-08, 0.03641586750745773], "logits": []}, "groundTruth": [0.0, 0.0]}, {"startTime": 15.0, "endTime": 20.0, "predictions": {"probabilities": [1.612097833003645e-07, 0.25821053981781006], "logits": []}, "groundTruth": [0.0, 0.0]}]]}