{"modelName": "devise-221108-v8-ep423", "version": "1", "fileId": "823fbb99f71d42fb98ca74a22a1d4c12", "classIds": ["Crex crex", "Scolopax rusticola"], "channels": [[{"startTime": 0.0, "endTime": 5.0, "predictions": {"probabilities": [-16.819175720214844, -1.813921332359314], "logits": [NaN, NaN]}, "groundTruth": [0.0, 0.0]}, {"startTime": 5.0, "endTime": 10.0, "predictions": {"probabilities": [-17.49175262451172, -3.010408639907837], "logits": [NaN, NaN]}, "groundTruth": [0.0, 0.0]}, {"startTime": 10.0, "endTime": 15.0, "predictions": {"probabilities": [-20.291471481323242, -4.696051120758057], "logits": [NaN, NaN]}, "groundTruth": [0.0, 0.0]}, {"startTime": 15.0, "endTime": 20.0, "predictions": {"probabilities": [-21.745595932006836, -2.459336042404175], "logits": [NaN, NaN]}, "groundTruth": [0.0, 0.0]}]]}