{"modelName": "devise-221108-v8-ep423", "version": "1", "fileId": "823fbb99f71d42fb98ca74a22a1d4c12", "classIds": ["Crex crex", "Scolopax rusticola"], "channels": [[{"startTime": 0.0, "endTime": 5.0, "predictions": {"probabilities": [4.960492816508122e-08, 0.14016486704349518], "logits": []}, "groundTruth": [0.0, 0.0]}, {"startTime": 5.0, "endTime": 10.0, "predictions": {"probabilities": [2.531793974469565e-08, 0.04695785418152809], "logits": []}, "groundTruth": [0.0, 0.0]}, {"startTime": 10.0, "endTime": 15.0, "predictions": {"probabilities": [1.5400183350777752e-09, 0.009048638865351677], "logits": []}, "groundTruth": [0.0, 0.0]}, {"startTime": 15.0, "endTime": 20.0, "predictions": {"probabilities": [3.597556974543892e-10, 0.07875850051641464], "logits": []}, "groundTruth": [0.0, 0.0]}]]}