{"modelName": "devise-221108-v8-ep423", "version": "1", "fileId": "824dd12d384e451389761071dfd8821e", "classIds": ["Crex crex", "Scolopax rusticola"], "channels": [[{"startTime": 0.0, "endTime": 5.0, "predictions": {"probabilities": [1.7216196246394588e-09, 0.0146217355504632], "logits": []}, "groundTruth": [0.0, 0.0]}, {"startTime": 5.0, "endTime": 10.0, "predictions": {"probabilities": [4.570854805763247e-09, 0.046232834458351135], "logits": []}, "groundTruth": [0.0, 0.0]}, {"startTime": 10.0, "endTime": 15.0, "predictions": {"probabilities": [2.189626036042114e-09, 0.008907985873520374], "logits": []}, "groundTruth": [0.0, 0.0]}, {"startTime": 11.0, "endTime": 16.0, "predictions": {"probabilities": [3.6357679089604744e-09, 0.015253719873726368], "logits": []}, "groundTruth": [0.0, 0.0]}]]}