{"modelName": "devise-221108-v8-ep423", "version": "1", "fileId": "82836269814742c385bbfda35db00348", "classIds": ["Crex crex", "Scolopax rusticola"], "channels": [[{"startTime": 0.0, "endTime": 5.0, "predictions": {"probabilities": [-16.552501678466797, 1.2890516519546509], "logits": [NaN, NaN]}, "groundTruth": [0.0, 0.0]}, {"startTime": 5.0, "endTime": 10.0, "predictions": {"probabilities": [-13.881089210510254, -1.1461127996444702], "logits": [NaN, NaN]}, "groundTruth": [0.0, 0.0]}, {"startTime": 10.0, "endTime": 15.0, "predictions": {"probabilities": [-11.289705276489258, -0.5380551218986511], "logits": [NaN, NaN]}, "groundTruth": [0.0, 0.0]}, {"startTime": 15.0, "endTime": 20.0, "predictions": {"probabilities": [-13.770803451538086, -0.22124451398849487], "logits": [NaN, NaN]}, "groundTruth": [0.0, 0.0]}]]}