{"modelName": "devise-221108-v8-ep423", "version": "1", "fileId": "82836269814742c385bbfda35db00348", "classIds": ["Crex crex", "Scolopax rusticola"], "channels": [[{"startTime": 0.0, "endTime": 5.0, "predictions": {"probabilities": [6.476491876128421e-08, 0.7839866280555725], "logits": []}, "groundTruth": [0.0, 0.0]}, {"startTime": 5.0, "endTime": 10.0, "predictions": {"probabilities": [9.365244864056876e-07, 0.2411998063325882], "logits": []}, "groundTruth": [0.0, 0.0]}, {"startTime": 10.0, "endTime": 15.0, "predictions": {"probabilities": [1.2500801858550403e-05, 0.36864012479782104], "logits": []}, "groundTruth": [0.0, 0.0]}, {"startTime": 15.0, "endTime": 20.0, "predictions": {"probabilities": [1.0457205235070433e-06, 0.444913387298584], "logits": []}, "groundTruth": [0.0, 0.0]}]]}