{"modelName": "devise-221108-v8-ep423", "version": "1", "fileId": "839b6558c48b4655a8a435406b51f19f", "classIds": ["Crex crex", "Scolopax rusticola"], "channels": [[{"startTime": 0.0, "endTime": 5.0, "predictions": {"probabilities": [-24.447507858276367, 8.452521324157715], "logits": [NaN, NaN]}, "groundTruth": [0.0, 0.0]}, {"startTime": 5.0, "endTime": 10.0, "predictions": {"probabilities": [-20.26068878173828, 6.638126850128174], "logits": [NaN, NaN]}, "groundTruth": [0.0, 0.0]}, {"startTime": 10.0, "endTime": 15.0, "predictions": {"probabilities": [-26.507299423217773, 10.474742889404297], "logits": [NaN, NaN]}, "groundTruth": [0.0, 0.0]}, {"startTime": 15.0, "endTime": 20.0, "predictions": {"probabilities": [-19.692005157470703, 1.3938857316970825], "logits": [NaN, NaN]}, "groundTruth": [0.0, 0.0]}]]}