{"modelName": "devise-221108-v8-ep423", "version": "1", "fileId": "83d935e94841459aa2b6be45b49086c8", "classIds": ["Crex crex", "Scolopax rusticola"], "channels": [[{"startTime": 0.0, "endTime": 5.0, "predictions": {"probabilities": [3.5662210962073004e-09, 0.3448322117328644], "logits": []}, "groundTruth": [0.0, 0.0]}, {"startTime": 5.0, "endTime": 10.0, "predictions": {"probabilities": [3.935822405765066e-07, 0.1448526531457901], "logits": []}, "groundTruth": [0.0, 0.0]}, {"startTime": 10.0, "endTime": 15.0, "predictions": {"probabilities": [3.834030315452708e-10, 0.1682487428188324], "logits": []}, "groundTruth": [0.0, 0.0]}, {"startTime": 15.0, "endTime": 20.0, "predictions": {"probabilities": [1.0805368901856127e-06, 0.3226628005504608], "logits": []}, "groundTruth": [0.0, 0.0]}]]}