{"modelName": "devise-221108-v8-ep423", "version": "1", "fileId": "848e2970d8884fa1b3260b4cfc1e590f", "classIds": ["Crex crex", "Scolopax rusticola"], "channels": [[{"startTime": 0.0, "endTime": 5.0, "predictions": {"probabilities": [-24.115224838256836, -6.486557483673096], "logits": [NaN, NaN]}, "groundTruth": [0.0, 0.0]}, {"startTime": 5.0, "endTime": 10.0, "predictions": {"probabilities": [-20.02178192138672, -4.416341304779053], "logits": [NaN, NaN]}, "groundTruth": [0.0, 0.0]}, {"startTime": 10.0, "endTime": 15.0, "predictions": {"probabilities": [-23.146453857421875, -6.076733589172363], "logits": [NaN, NaN]}, "groundTruth": [0.0, 0.0]}, {"startTime": 15.0, "endTime": 20.0, "predictions": {"probabilities": [-21.649559020996094, -4.765076637268066], "logits": [NaN, NaN]}, "groundTruth": [0.0, 0.0]}]]}