{"modelName": "devise-221108-v8-ep423", "version": "1", "fileId": "848e2970d8884fa1b3260b4cfc1e590f", "classIds": ["Crex crex", "Scolopax rusticola"], "channels": [[{"startTime": 0.0, "endTime": 5.0, "predictions": {"probabilities": [3.3642706676051404e-11, 0.0015214673476293683], "logits": []}, "groundTruth": [0.0, 0.0]}, {"startTime": 5.0, "endTime": 10.0, "predictions": {"probabilities": [2.016743216870509e-09, 0.011934197507798672], "logits": []}, "groundTruth": [0.0, 0.0]}, {"startTime": 10.0, "endTime": 15.0, "predictions": {"probabilities": [8.863858258489898e-11, 0.002290405100211501], "logits": []}, "groundTruth": [0.0, 0.0]}, {"startTime": 15.0, "endTime": 20.0, "predictions": {"probabilities": [3.960189676188719e-10, 0.008450220339000225], "logits": []}, "groundTruth": [0.0, 0.0]}]]}