{"modelName": "devise-221108-v8-ep423", "version": "1", "fileId": "84d8650f4daa4e5ba44dcbf7b20914d8", "classIds": ["Crex crex", "Scolopax rusticola"], "channels": [[{"startTime": 0.0, "endTime": 5.0, "predictions": {"probabilities": [1.8086072461724612e-13, 0.9992652535438538], "logits": []}, "groundTruth": [0.0, 0.0]}, {"startTime": 5.0, "endTime": 10.0, "predictions": {"probabilities": [8.86076422738219e-15, 1.0], "logits": []}, "groundTruth": [0.0, 0.0]}, {"startTime": 10.0, "endTime": 15.0, "predictions": {"probabilities": [1.4935752287725812e-11, 0.9499974846839905], "logits": []}, "groundTruth": [0.0, 0.0]}, {"startTime": 15.0, "endTime": 20.0, "predictions": {"probabilities": [2.5872659917269836e-11, 0.977738618850708], "logits": []}, "groundTruth": [0.0, 0.0]}]]}