{"modelName": "devise-221108-v8-ep423", "version": "1", "fileId": "84e68ecf64ac4a0d904e20494e4033b1", "classIds": ["Crex crex", "Scolopax rusticola"], "channels": [[{"startTime": 0.0, "endTime": 5.0, "predictions": {"probabilities": [1.0233162583972444e-07, 0.09347829967737198], "logits": []}, "groundTruth": [0.0, 0.0]}, {"startTime": 5.0, "endTime": 10.0, "predictions": {"probabilities": [3.368866785535829e-08, 0.24647735059261322], "logits": []}, "groundTruth": [0.0, 0.0]}, {"startTime": 10.0, "endTime": 15.0, "predictions": {"probabilities": [3.160226080822781e-09, 0.011457552202045918], "logits": []}, "groundTruth": [0.0, 0.0]}, {"startTime": 15.0, "endTime": 20.0, "predictions": {"probabilities": [9.40917299629973e-09, 0.17018499970436096], "logits": []}, "groundTruth": [0.0, 0.0]}]]}