{"modelName": "devise-221108-v8-ep423", "version": "1", "fileId": "857be10c6de54703aeb15cae40653d0d", "classIds": ["Crex crex", "Scolopax rusticola"], "channels": [[{"startTime": 0.0, "endTime": 5.0, "predictions": {"probabilities": [-19.747005462646484, -3.1841399669647217], "logits": [NaN, NaN]}, "groundTruth": [0.0, 0.0]}, {"startTime": 5.0, "endTime": 10.0, "predictions": {"probabilities": [-32.32770538330078, 18.424203872680664], "logits": [NaN, NaN]}, "groundTruth": [0.0, 1.0]}, {"startTime": 10.0, "endTime": 15.0, "predictions": {"probabilities": [-36.28572463989258, 16.066192626953125], "logits": [NaN, NaN]}, "groundTruth": [0.0, 1.0]}, {"startTime": 13.0, "endTime": 18.0, "predictions": {"probabilities": [-37.13265609741211, 14.086925506591797], "logits": [NaN, NaN]}, "groundTruth": [0.0, 1.0]}]]}