{"modelName": "devise-221108-v8-ep423", "version": "1", "fileId": "85efc832be5c4a67b20695698bab165d", "classIds": ["Crex crex", "Scolopax rusticola"], "channels": [[{"startTime": 0.0, "endTime": 5.0, "predictions": {"probabilities": [1.8941872070854515e-08, 0.027384424582123756], "logits": []}, "groundTruth": [0.0, 0.0]}, {"startTime": 5.0, "endTime": 10.0, "predictions": {"probabilities": [2.4270267573456294e-08, 0.28916168212890625], "logits": []}, "groundTruth": [0.0, 0.0]}, {"startTime": 10.0, "endTime": 15.0, "predictions": {"probabilities": [1.4578328766390314e-08, 0.10549306869506836], "logits": []}, "groundTruth": [0.0, 0.0]}, {"startTime": 15.0, "endTime": 20.0, "predictions": {"probabilities": [2.788481445747948e-08, 0.0420137457549572], "logits": []}, "groundTruth": [0.0, 0.0]}]]}