{"modelName": "devise-221108-v8-ep423", "version": "1", "fileId": "85efc832be5c4a67b20695698bab165d", "classIds": ["Crex crex", "Scolopax rusticola"], "channels": [[{"startTime": 0.0, "endTime": 5.0, "predictions": {"probabilities": [-17.781890869140625, -3.570014476776123], "logits": [NaN, NaN]}, "groundTruth": [0.0, 0.0]}, {"startTime": 5.0, "endTime": 10.0, "predictions": {"probabilities": [-17.534013748168945, -0.8994590044021606], "logits": [NaN, NaN]}, "groundTruth": [0.0, 0.0]}, {"startTime": 10.0, "endTime": 15.0, "predictions": {"probabilities": [-18.043729782104492, -2.137627363204956], "logits": [NaN, NaN]}, "groundTruth": [0.0, 0.0]}, {"startTime": 15.0, "endTime": 20.0, "predictions": {"probabilities": [-17.395183563232422, -3.1268365383148193], "logits": [NaN, NaN]}, "groundTruth": [0.0, 0.0]}]]}