{"modelName": "devise-221108-v8-ep423", "version": "1", "fileId": "867818a7a73c4100b0a5288a9268d6d0", "classIds": ["Crex crex", "Scolopax rusticola"], "channels": [[{"startTime": 0.0, "endTime": 5.0, "predictions": {"probabilities": [-18.293670654296875, -3.515594244003296], "logits": [NaN, NaN]}, "groundTruth": [0.0, 0.0]}, {"startTime": 5.0, "endTime": 10.0, "predictions": {"probabilities": [-25.12210464477539, 9.9678316116333], "logits": [NaN, NaN]}, "groundTruth": [0.0, 0.0]}, {"startTime": 10.0, "endTime": 15.0, "predictions": {"probabilities": [-23.250038146972656, 8.755202293395996], "logits": [NaN, NaN]}, "groundTruth": [0.0, 0.0]}, {"startTime": 14.0, "endTime": 19.0, "predictions": {"probabilities": [-27.080120086669922, 6.847984313964844], "logits": [NaN, NaN]}, "groundTruth": [0.0, 0.0]}]]}