{"modelName": "devise-221108-v8-ep423", "version": "1", "fileId": "874d5b0c099d40ccb32034110fbd7586", "classIds": ["Crex crex", "Scolopax rusticola"], "channels": [[{"startTime": 0.0, "endTime": 5.0, "predictions": {"probabilities": [-20.748645782470703, -5.147347450256348], "logits": [NaN, NaN]}, "groundTruth": [0.0, 0.0]}, {"startTime": 5.0, "endTime": 10.0, "predictions": {"probabilities": [-17.6385498046875, -3.838395595550537], "logits": [NaN, NaN]}, "groundTruth": [0.0, 0.0]}, {"startTime": 10.0, "endTime": 15.0, "predictions": {"probabilities": [-18.97355079650879, -4.372956275939941], "logits": [NaN, NaN]}, "groundTruth": [0.0, 0.0]}, {"startTime": 15.0, "endTime": 20.0, "predictions": {"probabilities": [-18.411758422851562, -3.1719748973846436], "logits": [NaN, NaN]}, "groundTruth": [0.0, 0.0]}]]}