{"modelName": "devise-221108-v8-ep423", "version": "1", "fileId": "874d5b0c099d40ccb32034110fbd7586", "classIds": ["Crex crex", "Scolopax rusticola"], "channels": [[{"startTime": 0.0, "endTime": 5.0, "predictions": {"probabilities": [9.749394624947172e-10, 0.0057811918668448925], "logits": []}, "groundTruth": [0.0, 0.0]}, {"startTime": 5.0, "endTime": 10.0, "predictions": {"probabilities": [2.1861259469346805e-08, 0.02107441984117031], "logits": []}, "groundTruth": [0.0, 0.0]}, {"startTime": 10.0, "endTime": 15.0, "predictions": {"probabilities": [5.752962994876043e-09, 0.01245676726102829], "logits": []}, "groundTruth": [0.0, 0.0]}, {"startTime": 15.0, "endTime": 20.0, "predictions": {"probabilities": [1.0089622470843551e-08, 0.04023408517241478], "logits": []}, "groundTruth": [0.0, 0.0]}]]}