{"modelName": "devise-221108-v8-ep423", "version": "1", "fileId": "8766395626684afdb3578ce0e7523f54", "classIds": ["Crex crex", "Scolopax rusticola"], "channels": [[{"startTime": 0.0, "endTime": 5.0, "predictions": {"probabilities": [2.027905878776437e-07, 0.07538160681724548], "logits": []}, "groundTruth": [0.0, 0.0]}, {"startTime": 5.0, "endTime": 10.0, "predictions": {"probabilities": [4.365843242482015e-09, 0.015207161195576191], "logits": []}, "groundTruth": [0.0, 0.0]}, {"startTime": 10.0, "endTime": 15.0, "predictions": {"probabilities": [1.1849197534274936e-07, 0.15181513130664825], "logits": []}, "groundTruth": [0.0, 0.0]}, {"startTime": 15.0, "endTime": 20.0, "predictions": {"probabilities": [1.101988829077527e-07, 0.10253852605819702], "logits": []}, "groundTruth": [0.0, 0.0]}]]}