{"modelName": "devise-221108-v8-ep423", "version": "1", "fileId": "88565653856e465d81c4c9dbc921aa73", "classIds": ["Crex crex", "Scolopax rusticola"], "channels": [[{"startTime": 0.0, "endTime": 5.0, "predictions": {"probabilities": [-18.556482315063477, -4.1548848152160645], "logits": [NaN, NaN]}, "groundTruth": [0.0, 0.0]}, {"startTime": 5.0, "endTime": 10.0, "predictions": {"probabilities": [-15.943401336669922, -2.8509185314178467], "logits": [NaN, NaN]}, "groundTruth": [0.0, 0.0]}, {"startTime": 10.0, "endTime": 15.0, "predictions": {"probabilities": [-20.389230728149414, -2.548701524734497], "logits": [NaN, NaN]}, "groundTruth": [0.0, 0.0]}, {"startTime": 15.0, "endTime": 20.0, "predictions": {"probabilities": [-17.099632263183594, 1.8564478158950806], "logits": [NaN, NaN]}, "groundTruth": [0.0, 0.0]}]]}