{"modelName": "devise-221108-v8-ep423", "version": "1", "fileId": "8869d374a2464833910024e328990225", "classIds": ["Crex crex", "Scolopax rusticola"], "channels": [[{"startTime": 0.0, "endTime": 5.0, "predictions": {"probabilities": [-19.494638442993164, -4.343548774719238], "logits": [NaN, NaN]}, "groundTruth": [0.0, 0.0]}, {"startTime": 5.0, "endTime": 10.0, "predictions": {"probabilities": [-17.55149269104004, -2.877641201019287], "logits": [NaN, NaN]}, "groundTruth": [0.0, 0.0]}, {"startTime": 10.0, "endTime": 15.0, "predictions": {"probabilities": [-24.190372467041016, -2.0794050693511963], "logits": [NaN, NaN]}, "groundTruth": [0.0, 0.0]}, {"startTime": 15.0, "endTime": 20.0, "predictions": {"probabilities": [-28.849151611328125, 10.942948341369629], "logits": [NaN, NaN]}, "groundTruth": [0.0, 0.0]}]]}