{"modelName": "devise-221108-v8-ep423", "version": "1", "fileId": "88db25f830474ce18ead3b86a96fe555", "classIds": ["Crex crex", "Scolopax rusticola"], "channels": [[{"startTime": 0.0, "endTime": 5.0, "predictions": {"probabilities": [-42.83645248413086, 16.799236297607422], "logits": [NaN, NaN]}, "groundTruth": [0.0, 1.0]}, {"startTime": 4.0, "endTime": 9.0, "predictions": {"probabilities": [-47.744712829589844, 17.67799949645996], "logits": [NaN, NaN]}, "groundTruth": [0.0, 1.0]}]]}