{"modelName": "devise-221108-v8-ep423", "version": "1", "fileId": "88dc125f6f4e4444b2f47e7aa5220c4e", "classIds": ["Crex crex", "Scolopax rusticola"], "channels": [[{"startTime": 0.0, "endTime": 5.0, "predictions": {"probabilities": [5.591760299239468e-08, 0.41809529066085815], "logits": []}, "groundTruth": [0.0, 0.0]}, {"startTime": 5.0, "endTime": 10.0, "predictions": {"probabilities": [3.9830791820349987e-07, 0.1278274804353714], "logits": []}, "groundTruth": [0.0, 0.0]}, {"startTime": 10.0, "endTime": 15.0, "predictions": {"probabilities": [1.6607273778390663e-07, 0.05496821179986], "logits": []}, "groundTruth": [0.0, 0.0]}, {"startTime": 15.0, "endTime": 20.0, "predictions": {"probabilities": [2.0135962230938276e-08, 0.3313257098197937], "logits": []}, "groundTruth": [0.0, 0.0]}]]}