{"modelName": "devise-221108-v8-ep423", "version": "1", "fileId": "88dd5f688ace4ecba1191e71e4a20fed", "classIds": ["Crex crex", "Scolopax rusticola"], "channels": [[{"startTime": 0.0, "endTime": 5.0, "predictions": {"probabilities": [-26.685150146484375, 8.892413139343262], "logits": [NaN, NaN]}, "groundTruth": [0.0, 1.0]}, {"startTime": 5.0, "endTime": 10.0, "predictions": {"probabilities": [-24.686988830566406, 6.671135425567627], "logits": [NaN, NaN]}, "groundTruth": [0.0, 1.0]}, {"startTime": 9.0, "endTime": 14.0, "predictions": {"probabilities": [-40.657958984375, 24.229623794555664], "logits": [NaN, NaN]}, "groundTruth": [0.0, 1.0]}]]}