{"modelName": "devise-221108-v8-ep423", "version": "1", "fileId": "89a417b6268d4f369d56b7af6b715de5", "classIds": ["Crex crex", "Scolopax rusticola"], "channels": [[{"startTime": 0.0, "endTime": 5.0, "predictions": {"probabilities": [-18.58926773071289, -2.7291676998138428], "logits": [NaN, NaN]}, "groundTruth": [0.0, 0.0]}, {"startTime": 5.0, "endTime": 10.0, "predictions": {"probabilities": [-19.95528221130371, -4.753908634185791], "logits": [NaN, NaN]}, "groundTruth": [0.0, 0.0]}, {"startTime": 10.0, "endTime": 15.0, "predictions": {"probabilities": [-17.630300521850586, 1.1881555318832397], "logits": [NaN, NaN]}, "groundTruth": [0.0, 0.0]}, {"startTime": 15.0, "endTime": 20.0, "predictions": {"probabilities": [-19.295547485351562, -4.173507213592529], "logits": [NaN, NaN]}, "groundTruth": [0.0, 0.0]}]]}