{"modelName": "devise-221108-v8-ep423", "version": "1", "fileId": "89e98969f64e40a1a3731c82dbae258a", "classIds": ["Crex crex", "Scolopax rusticola"], "channels": [[{"startTime": 0.0, "endTime": 5.0, "predictions": {"probabilities": [1.4381077440006607e-09, 0.8643877506256104], "logits": []}, "groundTruth": [0.0, 0.0]}, {"startTime": 5.0, "endTime": 10.0, "predictions": {"probabilities": [1.7649336214731193e-08, 0.9630060791969299], "logits": []}, "groundTruth": [0.0, 0.0]}, {"startTime": 10.0, "endTime": 15.0, "predictions": {"probabilities": [8.32399038586118e-09, 0.015717364847660065], "logits": []}, "groundTruth": [0.0, 0.0]}, {"startTime": 15.0, "endTime": 20.0, "predictions": {"probabilities": [2.3066661913873077e-09, 0.031509075313806534], "logits": []}, "groundTruth": [0.0, 0.0]}]]}