{"modelName": "devise-221108-v8-ep423", "version": "1", "fileId": "89e98969f64e40a1a3731c82dbae258a", "classIds": ["Crex crex", "Scolopax rusticola"], "channels": [[{"startTime": 0.0, "endTime": 5.0, "predictions": {"probabilities": [-20.35993766784668, 1.8522212505340576], "logits": [NaN, NaN]}, "groundTruth": [0.0, 0.0]}, {"startTime": 5.0, "endTime": 10.0, "predictions": {"probabilities": [-17.852567672729492, 3.2593064308166504], "logits": [NaN, NaN]}, "groundTruth": [0.0, 0.0]}, {"startTime": 10.0, "endTime": 15.0, "predictions": {"probabilities": [-18.604124069213867, -4.137146949768066], "logits": [NaN, NaN]}, "groundTruth": [0.0, 0.0]}, {"startTime": 15.0, "endTime": 20.0, "predictions": {"probabilities": [-19.887462615966797, -3.4254634380340576], "logits": [NaN, NaN]}, "groundTruth": [0.0, 0.0]}]]}