{"modelName": "devise-221108-v8-ep423", "version": "1", "fileId": "8a699a8c54ac482a8c8d8dc41293c869", "classIds": ["Crex crex", "Scolopax rusticola"], "channels": [[{"startTime": 0.0, "endTime": 5.0, "predictions": {"probabilities": [-13.344999313354492, -1.7096630334854126], "logits": [NaN, NaN]}, "groundTruth": [0.0, 0.0]}, {"startTime": 5.0, "endTime": 10.0, "predictions": {"probabilities": [-15.8433837890625, -2.6033098697662354], "logits": [NaN, NaN]}, "groundTruth": [0.0, 0.0]}, {"startTime": 10.0, "endTime": 15.0, "predictions": {"probabilities": [-15.823278427124023, -2.1016952991485596], "logits": [NaN, NaN]}, "groundTruth": [0.0, 0.0]}, {"startTime": 15.0, "endTime": 20.0, "predictions": {"probabilities": [-13.783204078674316, -1.9337537288665771], "logits": [NaN, NaN]}, "groundTruth": [0.0, 0.0]}]]}