{"modelName": "devise-221108-v8-ep423", "version": "1", "fileId": "8b78060c36b2485cbafea7699997c3dd", "classIds": ["Crex crex", "Scolopax rusticola"], "channels": [[{"startTime": 0.0, "endTime": 5.0, "predictions": {"probabilities": [-11.665691375732422, -0.871894359588623], "logits": [NaN, NaN]}, "groundTruth": [0.0, 0.0]}, {"startTime": 5.0, "endTime": 10.0, "predictions": {"probabilities": [-17.437530517578125, 7.977512359619141], "logits": [NaN, NaN]}, "groundTruth": [0.0, 0.0]}, {"startTime": 10.0, "endTime": 15.0, "predictions": {"probabilities": [-20.71237564086914, 5.91090726852417], "logits": [NaN, NaN]}, "groundTruth": [0.0, 1.0]}, {"startTime": 15.0, "endTime": 20.0, "predictions": {"probabilities": [-23.191497802734375, 10.144905090332031], "logits": [NaN, NaN]}, "groundTruth": [0.0, 1.0]}]]}