{"modelName": "devise-221108-v8-ep423", "version": "1", "fileId": "8c43f4c1486e4ec98f3bf40eb705e4be", "classIds": ["Crex crex", "Scolopax rusticola"], "channels": [[{"startTime": 0.0, "endTime": 5.0, "predictions": {"probabilities": [3.230404672649456e-07, 0.08514811843633652], "logits": []}, "groundTruth": [0.0, 0.0]}, {"startTime": 5.0, "endTime": 10.0, "predictions": {"probabilities": [5.406825948739424e-06, 0.2637905776500702], "logits": []}, "groundTruth": [0.0, 0.0]}, {"startTime": 10.0, "endTime": 15.0, "predictions": {"probabilities": [5.90481931794784e-06, 0.29614001512527466], "logits": []}, "groundTruth": [0.0, 0.0]}, {"startTime": 15.0, "endTime": 20.0, "predictions": {"probabilities": [3.5230430057708872e-06, 0.3240397274494171], "logits": []}, "groundTruth": [0.0, 0.0]}]]}