{"modelName": "devise-221108-v8-ep423", "version": "1", "fileId": "8c4fb4aa064448a9809406b9e19f262b", "classIds": ["Crex crex", "Scolopax rusticola"], "channels": [[{"startTime": 0.0, "endTime": 5.0, "predictions": {"probabilities": [3.309377518689871e-07, 0.5941278338432312], "logits": []}, "groundTruth": [0.0, 0.0]}, {"startTime": 5.0, "endTime": 10.0, "predictions": {"probabilities": [3.141064560280857e-15, 1.0], "logits": []}, "groundTruth": [0.0, 0.0]}, {"startTime": 10.0, "endTime": 15.0, "predictions": {"probabilities": [9.170931569713048e-09, 0.8595362305641174], "logits": []}, "groundTruth": [0.0, 0.0]}, {"startTime": 15.0, "endTime": 20.0, "predictions": {"probabilities": [4.543924660538323e-06, 0.27124372124671936], "logits": []}, "groundTruth": [0.0, 0.0]}]]}