{"modelName": "devise-221108-v8-ep423", "version": "1", "fileId": "8d1bd10846394f85ba961644f8b436f5", "classIds": ["Crex crex", "Scolopax rusticola"], "channels": [[{"startTime": 0.0, "endTime": 5.0, "predictions": {"probabilities": [1.1101934660473489e-07, 0.17713327705860138], "logits": []}, "groundTruth": [0.0, 0.0]}, {"startTime": 5.0, "endTime": 10.0, "predictions": {"probabilities": [8.133292226375488e-07, 0.21540112793445587], "logits": []}, "groundTruth": [0.0, 0.0]}, {"startTime": 10.0, "endTime": 15.0, "predictions": {"probabilities": [7.884081298925594e-08, 0.0463411845266819], "logits": []}, "groundTruth": [0.0, 0.0]}, {"startTime": 15.0, "endTime": 20.0, "predictions": {"probabilities": [3.481019250628492e-09, 0.024866528809070587], "logits": []}, "groundTruth": [0.0, 0.0]}]]}