{"modelName": "devise-221108-v8-ep423", "version": "1", "fileId": "8d295858ae404aaea0a4fd759c3cf918", "classIds": ["Crex crex", "Scolopax rusticola"], "channels": [[{"startTime": 0.0, "endTime": 5.0, "predictions": {"probabilities": [3.7250615037009993e-07, 0.10726939141750336], "logits": []}, "groundTruth": [0.0, 0.0]}, {"startTime": 5.0, "endTime": 10.0, "predictions": {"probabilities": [9.37265554057376e-08, 0.046986937522888184], "logits": []}, "groundTruth": [0.0, 0.0]}, {"startTime": 10.0, "endTime": 15.0, "predictions": {"probabilities": [3.978826157435833e-08, 0.03972687944769859], "logits": []}, "groundTruth": [0.0, 0.0]}, {"startTime": 15.0, "endTime": 20.0, "predictions": {"probabilities": [2.1476564016770228e-12, 0.9999992847442627], "logits": []}, "groundTruth": [0.0, 0.0]}]]}