{"modelName": "devise-221108-v8-ep423", "version": "1", "fileId": "8d295858ae404aaea0a4fd759c3cf918", "classIds": ["Crex crex", "Scolopax rusticola"], "channels": [[{"startTime": 0.0, "endTime": 5.0, "predictions": {"probabilities": [-14.803011894226074, -2.11894154548645], "logits": [NaN, NaN]}, "groundTruth": [0.0, 0.0]}, {"startTime": 5.0, "endTime": 10.0, "predictions": {"probabilities": [-16.182884216308594, -3.009758949279785], "logits": [NaN, NaN]}, "groundTruth": [0.0, 0.0]}, {"startTime": 10.0, "endTime": 15.0, "predictions": {"probabilities": [-17.03969383239746, -3.185189723968506], "logits": [NaN, NaN]}, "groundTruth": [0.0, 0.0]}, {"startTime": 15.0, "endTime": 20.0, "predictions": {"probabilities": [-26.86664390563965, 14.189799308776855], "logits": [NaN, NaN]}, "groundTruth": [0.0, 0.0]}]]}