{"modelName": "devise-221108-v8-ep423", "version": "1", "fileId": "8d626958e8094dc18fcce6dcc2307022", "classIds": ["Crex crex", "Scolopax rusticola"], "channels": [[{"startTime": 0.0, "endTime": 5.0, "predictions": {"probabilities": [1.2720968722845782e-09, 0.00771040515974164], "logits": []}, "groundTruth": [0.0, 0.0]}, {"startTime": 5.0, "endTime": 10.0, "predictions": {"probabilities": [8.446273902507073e-09, 0.019630542024970055], "logits": []}, "groundTruth": [0.0, 0.0]}, {"startTime": 10.0, "endTime": 15.0, "predictions": {"probabilities": [2.766478530702443e-07, 0.0701461210846901], "logits": []}, "groundTruth": [0.0, 0.0]}, {"startTime": 14.0, "endTime": 19.0, "predictions": {"probabilities": [3.497824252463033e-09, 0.010835157707333565], "logits": []}, "groundTruth": [0.0, 0.0]}]]}