{"modelName": "devise-221108-v8-ep423", "version": "1", "fileId": "8e6562c74f9e420783fefdce46a00855", "classIds": ["Crex crex", "Scolopax rusticola"], "channels": [[{"startTime": 0.0, "endTime": 5.0, "predictions": {"probabilities": [-35.56328582763672, 20.24198341369629], "logits": [NaN, NaN]}, "groundTruth": [0.0, 0.0]}, {"startTime": 5.0, "endTime": 10.0, "predictions": {"probabilities": [-18.769561767578125, -4.267387866973877], "logits": [NaN, NaN]}, "groundTruth": [0.0, 0.0]}, {"startTime": 10.0, "endTime": 15.0, "predictions": {"probabilities": [-17.51877784729004, -3.533628463745117], "logits": [NaN, NaN]}, "groundTruth": [0.0, 0.0]}, {"startTime": 15.0, "endTime": 20.0, "predictions": {"probabilities": [-19.145601272583008, -4.500017166137695], "logits": [NaN, NaN]}, "groundTruth": [0.0, 0.0]}]]}