{"modelName": "devise-221108-v8-ep423", "version": "1", "fileId": "8eb38e64e3594683aa0c9af8af449b9a", "classIds": ["Crex crex", "Scolopax rusticola"], "channels": [[{"startTime": 0.0, "endTime": 5.0, "predictions": {"probabilities": [7.856085915136646e-08, 0.22726599872112274], "logits": []}, "groundTruth": [0.0, 0.0]}, {"startTime": 5.0, "endTime": 10.0, "predictions": {"probabilities": [2.097998397232459e-08, 0.08572284877300262], "logits": []}, "groundTruth": [0.0, 0.0]}, {"startTime": 10.0, "endTime": 15.0, "predictions": {"probabilities": [3.3112191886175424e-06, 0.21878944337368011], "logits": []}, "groundTruth": [0.0, 0.0]}, {"startTime": 15.0, "endTime": 20.0, "predictions": {"probabilities": [4.527522801112127e-09, 0.06925201416015625], "logits": []}, "groundTruth": [0.0, 0.0]}]]}