{"modelName": "devise-221108-v8-ep423", "version": "1", "fileId": "8eb38e64e3594683aa0c9af8af449b9a", "classIds": ["Crex crex", "Scolopax rusticola"], "channels": [[{"startTime": 0.0, "endTime": 5.0, "predictions": {"probabilities": [-16.359392166137695, -1.2238136529922485], "logits": [NaN, NaN]}, "groundTruth": [0.0, 0.0]}, {"startTime": 5.0, "endTime": 10.0, "predictions": {"probabilities": [-17.679697036743164, -2.3670144081115723], "logits": [NaN, NaN]}, "groundTruth": [0.0, 0.0]}, {"startTime": 10.0, "endTime": 15.0, "predictions": {"probabilities": [-12.61819076538086, -1.2727348804473877], "logits": [NaN, NaN]}, "groundTruth": [0.0, 0.0]}, {"startTime": 15.0, "endTime": 20.0, "predictions": {"probabilities": [-19.213090896606445, -2.598236322402954], "logits": [NaN, NaN]}, "groundTruth": [0.0, 0.0]}]]}