{"modelName": "devise-221108-v8-ep423", "version": "1", "fileId": "8f10be23af134213847cb2bd1314d507", "classIds": ["Crex crex", "Scolopax rusticola"], "channels": [[{"startTime": 0.0, "endTime": 5.0, "predictions": {"probabilities": [2.6643729000852545e-08, 0.024139098823070526], "logits": []}, "groundTruth": [0.0, 0.0]}, {"startTime": 5.0, "endTime": 10.0, "predictions": {"probabilities": [1.553325859049437e-07, 0.06104680895805359], "logits": []}, "groundTruth": [0.0, 0.0]}, {"startTime": 10.0, "endTime": 15.0, "predictions": {"probabilities": [4.625500878319144e-06, 0.3652856945991516], "logits": []}, "groundTruth": [0.0, 0.0]}, {"startTime": 15.0, "endTime": 20.0, "predictions": {"probabilities": [2.3575975660605764e-07, 0.07588767260313034], "logits": []}, "groundTruth": [0.0, 0.0]}]]}