{"modelName": "devise-221108-v8-ep423", "version": "1", "fileId": "8f10be23af134213847cb2bd1314d507", "classIds": ["Crex crex", "Scolopax rusticola"], "channels": [[{"startTime": 0.0, "endTime": 5.0, "predictions": {"probabilities": [-17.440711975097656, -3.6994872093200684], "logits": [NaN, NaN]}, "groundTruth": [0.0, 0.0]}, {"startTime": 5.0, "endTime": 10.0, "predictions": {"probabilities": [-15.67769718170166, -2.7331247329711914], "logits": [NaN, NaN]}, "groundTruth": [0.0, 0.0]}, {"startTime": 10.0, "endTime": 15.0, "predictions": {"probabilities": [-12.283921241760254, -0.5524951815605164], "logits": [NaN, NaN]}, "groundTruth": [0.0, 0.0]}, {"startTime": 15.0, "endTime": 20.0, "predictions": {"probabilities": [-15.260452270507812, -2.499579429626465], "logits": [NaN, NaN]}, "groundTruth": [0.0, 0.0]}]]}