{"modelName": "devise-221108-v8-ep423", "version": "1", "fileId": "8f332823bb8c46189e43cac52348949b", "classIds": ["Crex crex", "Scolopax rusticola"], "channels": [[{"startTime": 0.0, "endTime": 5.0, "predictions": {"probabilities": [-17.361783981323242, -2.628894090652466], "logits": [NaN, NaN]}, "groundTruth": [0.0, 0.0]}, {"startTime": 5.0, "endTime": 10.0, "predictions": {"probabilities": [-19.222803115844727, -4.381599426269531], "logits": [NaN, NaN]}, "groundTruth": [0.0, 0.0]}, {"startTime": 10.0, "endTime": 15.0, "predictions": {"probabilities": [-13.847161293029785, -1.888574481010437], "logits": [NaN, NaN]}, "groundTruth": [0.0, 0.0]}, {"startTime": 15.0, "endTime": 20.0, "predictions": {"probabilities": [-17.226011276245117, -3.4328157901763916], "logits": [NaN, NaN]}, "groundTruth": [0.0, 0.0]}]]}