{"modelName": "devise-221108-v8-ep423", "version": "1", "fileId": "8f3a26fe2ef5432fbc2b6c3f86bb055a", "classIds": ["Crex crex", "Scolopax rusticola"], "channels": [[{"startTime": 0.0, "endTime": 5.0, "predictions": {"probabilities": [-19.36672019958496, -2.596113920211792], "logits": [NaN, NaN]}, "groundTruth": [0.0, 0.0]}, {"startTime": 5.0, "endTime": 10.0, "predictions": {"probabilities": [-17.267135620117188, 0.022822000086307526], "logits": [NaN, -3.756943702697754]}, "groundTruth": [0.0, 0.0]}, {"startTime": 10.0, "endTime": 15.0, "predictions": {"probabilities": [-20.40087127685547, -3.684330463409424], "logits": [NaN, NaN]}, "groundTruth": [0.0, 0.0]}, {"startTime": 15.0, "endTime": 20.0, "predictions": {"probabilities": [-17.857440948486328, -3.7741072177886963], "logits": [NaN, NaN]}, "groundTruth": [0.0, 0.0]}]]}