{"modelName": "devise-221108-v8-ep423", "version": "1", "fileId": "8f3a26fe2ef5432fbc2b6c3f86bb055a", "classIds": ["Crex crex", "Scolopax rusticola"], "channels": [[{"startTime": 0.0, "endTime": 5.0, "predictions": {"probabilities": [3.8827576709365985e-09, 0.06938894093036652], "logits": []}, "groundTruth": [0.0, 0.0]}, {"startTime": 5.0, "endTime": 10.0, "predictions": {"probabilities": [3.16940891309514e-08, 0.5057052373886108], "logits": []}, "groundTruth": [0.0, 0.0]}, {"startTime": 10.0, "endTime": 15.0, "predictions": {"probabilities": [1.380429326403032e-09, 0.024498723447322845], "logits": []}, "groundTruth": [0.0, 0.0]}, {"startTime": 15.0, "endTime": 20.0, "predictions": {"probabilities": [1.756353640303132e-08, 0.022442355751991272], "logits": []}, "groundTruth": [0.0, 0.0]}]]}