{"modelName": "devise-221108-v8-ep423", "version": "1", "fileId": "8f3b2ec6d2ff4beb9fa0568c06cfc660", "classIds": ["Crex crex", "Scolopax rusticola"], "channels": [[{"startTime": 0.0, "endTime": 5.0, "predictions": {"probabilities": [3.477488741410184e-09, 0.012334275990724564], "logits": []}, "groundTruth": [0.0, 0.0]}, {"startTime": 5.0, "endTime": 10.0, "predictions": {"probabilities": [2.0372814546476548e-08, 0.03039431758224964], "logits": []}, "groundTruth": [0.0, 0.0]}, {"startTime": 10.0, "endTime": 15.0, "predictions": {"probabilities": [3.5605256520909734e-09, 0.011685192584991455], "logits": []}, "groundTruth": [0.0, 0.0]}, {"startTime": 15.0, "endTime": 20.0, "predictions": {"probabilities": [1.8722531858195168e-10, 0.007011755835264921], "logits": []}, "groundTruth": [0.0, 0.0]}]]}