{"modelName": "devise-221108-v8-ep423", "version": "1", "fileId": "8f3b2ec6d2ff4beb9fa0568c06cfc660", "classIds": ["Crex crex", "Scolopax rusticola"], "channels": [[{"startTime": 0.0, "endTime": 5.0, "predictions": {"probabilities": [-19.47695541381836, -4.382962226867676], "logits": [NaN, NaN]}, "groundTruth": [0.0, 0.0]}, {"startTime": 5.0, "endTime": 10.0, "predictions": {"probabilities": [-17.709064483642578, -3.4626338481903076], "logits": [NaN, NaN]}, "groundTruth": [0.0, 0.0]}, {"startTime": 10.0, "endTime": 15.0, "predictions": {"probabilities": [-19.453357696533203, -4.437678813934326], "logits": [NaN, NaN]}, "groundTruth": [0.0, 0.0]}, {"startTime": 15.0, "endTime": 20.0, "predictions": {"probabilities": [-22.39870834350586, -4.953130722045898], "logits": [NaN, NaN]}, "groundTruth": [0.0, 0.0]}]]}