{"modelName": "devise-221108-v8-ep423", "version": "1", "fileId": "90cbac7a731843b88fff4f0a6bfbbc66", "classIds": ["Crex crex", "Scolopax rusticola"], "channels": [[{"startTime": 0.0, "endTime": 5.0, "predictions": {"probabilities": [2.103098672989745e-08, 0.993709921836853], "logits": []}, "groundTruth": [0.0, 1.0]}, {"startTime": 5.0, "endTime": 10.0, "predictions": {"probabilities": [1.0184498577814338e-08, 0.9466978311538696], "logits": []}, "groundTruth": [0.0, 1.0]}, {"startTime": 10.0, "endTime": 15.0, "predictions": {"probabilities": [1.3161450818088838e-09, 0.9998642206192017], "logits": []}, "groundTruth": [0.0, 1.0]}, {"startTime": 12.0, "endTime": 17.0, "predictions": {"probabilities": [2.6514870160587733e-11, 0.9920709729194641], "logits": []}, "groundTruth": [0.0, 1.0]}]]}