{"modelName": "devise-221108-v8-ep423", "version": "1", "fileId": "922a560685454b71ba2e43afcc82d3e3", "classIds": ["Crex crex", "Scolopax rusticola"], "channels": [[{"startTime": 0.0, "endTime": 5.0, "predictions": {"probabilities": [-25.10934829711914, 9.807633399963379], "logits": [NaN, NaN]}, "groundTruth": [0.0, 0.0]}, {"startTime": 5.0, "endTime": 10.0, "predictions": {"probabilities": [-19.381452560424805, -0.3722381591796875], "logits": [NaN, NaN]}, "groundTruth": [0.0, 0.0]}, {"startTime": 10.0, "endTime": 15.0, "predictions": {"probabilities": [-19.94873046875, 3.4242188930511475], "logits": [NaN, NaN]}, "groundTruth": [0.0, 0.0]}, {"startTime": 15.0, "endTime": 20.0, "predictions": {"probabilities": [-17.334182739257812, -1.4412670135498047], "logits": [NaN, NaN]}, "groundTruth": [0.0, 0.0]}]]}