{"modelName": "devise-221108-v8-ep423", "version": "1", "fileId": "922a560685454b71ba2e43afcc82d3e3", "classIds": ["Crex crex", "Scolopax rusticola"], "channels": [[{"startTime": 0.0, "endTime": 5.0, "predictions": {"probabilities": [1.244940522199256e-11, 0.9999449253082275], "logits": []}, "groundTruth": [0.0, 0.0]}, {"startTime": 5.0, "endTime": 10.0, "predictions": {"probabilities": [3.82597464820833e-09, 0.40800032019615173], "logits": []}, "groundTruth": [0.0, 0.0]}, {"startTime": 10.0, "endTime": 15.0, "predictions": {"probabilities": [2.1695838459123706e-09, 0.9684528708457947], "logits": []}, "groundTruth": [0.0, 0.0]}, {"startTime": 15.0, "endTime": 20.0, "predictions": {"probabilities": [2.9638762555350695e-08, 0.19134920835494995], "logits": []}, "groundTruth": [0.0, 0.0]}]]}