{"modelName": "devise-221108-v8-ep423", "version": "1", "fileId": "9234a7dc027c4d748364e41f6f38ca88", "classIds": ["Crex crex", "Scolopax rusticola"], "channels": [[{"startTime": 0.0, "endTime": 5.0, "predictions": {"probabilities": [-19.420177459716797, -4.246330261230469], "logits": [NaN, NaN]}, "groundTruth": [0.0, 0.0]}, {"startTime": 5.0, "endTime": 10.0, "predictions": {"probabilities": [-17.812606811523438, -1.9538671970367432], "logits": [NaN, NaN]}, "groundTruth": [0.0, 0.0]}, {"startTime": 10.0, "endTime": 15.0, "predictions": {"probabilities": [-17.109773635864258, -2.380403995513916], "logits": [NaN, NaN]}, "groundTruth": [0.0, 0.0]}, {"startTime": 15.0, "endTime": 20.0, "predictions": {"probabilities": [-23.554136276245117, 1.8959747552871704], "logits": [NaN, NaN]}, "groundTruth": [0.0, 0.0]}]]}