{"modelName": "devise-221108-v8-ep423", "version": "1", "fileId": "92b9b4baca41433ea8483f817376873f", "classIds": ["Crex crex", "Scolopax rusticola"], "channels": [[{"startTime": 0.0, "endTime": 5.0, "predictions": {"probabilities": [6.262604870244104e-07, 0.11912422627210617], "logits": []}, "groundTruth": [0.0, 0.0]}, {"startTime": 5.0, "endTime": 10.0, "predictions": {"probabilities": [5.432952434603067e-07, 0.10916666686534882], "logits": []}, "groundTruth": [0.0, 0.0]}, {"startTime": 10.0, "endTime": 15.0, "predictions": {"probabilities": [1.240076699104975e-06, 0.33922523260116577], "logits": []}, "groundTruth": [0.0, 0.0]}, {"startTime": 15.0, "endTime": 20.0, "predictions": {"probabilities": [1.0955784546240466e-06, 0.17568235099315643], "logits": []}, "groundTruth": [0.0, 0.0]}]]}