{"modelName": "devise-221108-v8-ep423", "version": "1", "fileId": "9362a74618214dcea60919d812f809a7", "classIds": ["Crex crex", "Scolopax rusticola"], "channels": [[{"startTime": 0.0, "endTime": 5.0, "predictions": {"probabilities": [2.450459248848347e-07, 0.32000213861465454], "logits": []}, "groundTruth": [0.0, 0.0]}, {"startTime": 5.0, "endTime": 10.0, "predictions": {"probabilities": [8.69881375820114e-08, 0.04424676671624184], "logits": []}, "groundTruth": [0.0, 0.0]}, {"startTime": 10.0, "endTime": 15.0, "predictions": {"probabilities": [5.007538561585534e-07, 0.09331992268562317], "logits": []}, "groundTruth": [0.0, 0.0]}, {"startTime": 15.0, "endTime": 20.0, "predictions": {"probabilities": [7.0820447284347665e-09, 0.9755585789680481], "logits": []}, "groundTruth": [0.0, 0.0]}]]}