{"modelName": "devise-221108-v8-ep423", "version": "1", "fileId": "9362a74618214dcea60919d812f809a7", "classIds": ["Crex crex", "Scolopax rusticola"], "channels": [[{"startTime": 0.0, "endTime": 5.0, "predictions": {"probabilities": [-15.221819877624512, -0.7537620663642883], "logits": [NaN, NaN]}, "groundTruth": [0.0, 0.0]}, {"startTime": 5.0, "endTime": 10.0, "predictions": {"probabilities": [-16.25749397277832, -3.0727174282073975], "logits": [NaN, NaN]}, "groundTruth": [0.0, 0.0]}, {"startTime": 10.0, "endTime": 15.0, "predictions": {"probabilities": [-14.507150650024414, -2.2737560272216797], "logits": [NaN, NaN]}, "groundTruth": [0.0, 0.0]}, {"startTime": 15.0, "endTime": 20.0, "predictions": {"probabilities": [-18.765703201293945, 3.6867308616638184], "logits": [NaN, NaN]}, "groundTruth": [0.0, 0.0]}]]}