{"modelName": "devise-221108-v8-ep423", "version": "1", "fileId": "93c2c4dd7a034c5283b5976b64b1574d", "classIds": ["Crex crex", "Scolopax rusticola"], "channels": [[{"startTime": 0.0, "endTime": 5.0, "predictions": {"probabilities": [-12.69798469543457, -1.1704212427139282], "logits": [NaN, NaN]}, "groundTruth": [0.0, 0.0]}, {"startTime": 5.0, "endTime": 10.0, "predictions": {"probabilities": [-11.907509803771973, -0.7574763894081116], "logits": [NaN, NaN]}, "groundTruth": [0.0, 0.0]}, {"startTime": 10.0, "endTime": 15.0, "predictions": {"probabilities": [-16.022502899169922, -2.708070993423462], "logits": [NaN, NaN]}, "groundTruth": [0.0, 0.0]}, {"startTime": 15.0, "endTime": 20.0, "predictions": {"probabilities": [-12.584807395935059, -0.5671505331993103], "logits": [NaN, NaN]}, "groundTruth": [0.0, 0.0]}]]}