{"modelName": "devise-221108-v8-ep423", "version": "1", "fileId": "93d63f6fb90d4c46a7fd11bace7055c1", "classIds": ["Crex crex", "Scolopax rusticola"], "channels": [[{"startTime": 0.0, "endTime": 5.0, "predictions": {"probabilities": [-27.010665893554688, 12.205487251281738], "logits": [NaN, NaN]}, "groundTruth": [0.0, 1.0]}, {"startTime": 5.0, "endTime": 10.0, "predictions": {"probabilities": [-19.882587432861328, 3.5530354976654053], "logits": [NaN, NaN]}, "groundTruth": [0.0, 1.0]}, {"startTime": 10.0, "endTime": 15.0, "predictions": {"probabilities": [-30.665613174438477, 11.197254180908203], "logits": [NaN, NaN]}, "groundTruth": [0.0, 1.0]}, {"startTime": 12.0, "endTime": 17.0, "predictions": {"probabilities": [-38.60389709472656, 18.80828285217285], "logits": [NaN, NaN]}, "groundTruth": [0.0, 1.0]}]]}