{"modelName": "devise-221108-v8-ep423", "version": "1", "fileId": "93f1cc63dcad49ea9d739c3001ae7e1b", "classIds": ["Crex crex", "Scolopax rusticola"], "channels": [[{"startTime": 0.0, "endTime": 5.0, "predictions": {"probabilities": [-20.138986587524414, 5.413476467132568], "logits": [NaN, NaN]}, "groundTruth": [0.0, 0.0]}, {"startTime": 5.0, "endTime": 10.0, "predictions": {"probabilities": [-14.169659614562988, -1.7614835500717163], "logits": [NaN, NaN]}, "groundTruth": [0.0, 0.0]}, {"startTime": 10.0, "endTime": 15.0, "predictions": {"probabilities": [-20.09416961669922, -4.748595714569092], "logits": [NaN, NaN]}, "groundTruth": [0.0, 0.0]}, {"startTime": 15.0, "endTime": 20.0, "predictions": {"probabilities": [-18.640451431274414, 0.4175313115119934], "logits": [NaN, -0.33291587233543396]}, "groundTruth": [0.0, 0.0]}]]}