{"modelName": "devise-221108-v8-ep423", "version": "1", "fileId": "93f1cc63dcad49ea9d739c3001ae7e1b", "classIds": ["Crex crex", "Scolopax rusticola"], "channels": [[{"startTime": 0.0, "endTime": 5.0, "predictions": {"probabilities": [1.7936977458887782e-09, 0.9955636262893677], "logits": []}, "groundTruth": [0.0, 0.0]}, {"startTime": 5.0, "endTime": 10.0, "predictions": {"probabilities": [7.017698635536362e-07, 0.14660462737083435], "logits": []}, "groundTruth": [0.0, 0.0]}, {"startTime": 10.0, "endTime": 15.0, "predictions": {"probabilities": [1.875914312776672e-09, 0.008589435368776321], "logits": []}, "groundTruth": [0.0, 0.0]}, {"startTime": 15.0, "endTime": 20.0, "predictions": {"probabilities": [8.027027931234443e-09, 0.6028923392295837], "logits": []}, "groundTruth": [0.0, 0.0]}]]}