{"modelName": "devise-221108-v8-ep423", "version": "1", "fileId": "9401d1b520fb4258aa26ba2873db82c4", "classIds": ["Crex crex", "Scolopax rusticola"], "channels": [[{"startTime": 0.0, "endTime": 5.0, "predictions": {"probabilities": [1.1186336301705069e-08, 0.029111821204423904], "logits": []}, "groundTruth": [0.0, 0.0]}, {"startTime": 5.0, "endTime": 10.0, "predictions": {"probabilities": [4.6514063711811104e-09, 0.01319692749530077], "logits": []}, "groundTruth": [0.0, 0.0]}, {"startTime": 10.0, "endTime": 15.0, "predictions": {"probabilities": [2.2304341484868928e-08, 0.08039398491382599], "logits": []}, "groundTruth": [0.0, 0.0]}, {"startTime": 15.0, "endTime": 20.0, "predictions": {"probabilities": [5.357078336487575e-08, 0.036348696798086166], "logits": []}, "groundTruth": [0.0, 0.0]}]]}