{"modelName": "devise-221108-v8-ep423", "version": "1", "fileId": "9401d1b520fb4258aa26ba2873db82c4", "classIds": ["Crex crex", "Scolopax rusticola"], "channels": [[{"startTime": 0.0, "endTime": 5.0, "predictions": {"probabilities": [-18.30857276916504, -3.5070669651031494], "logits": [NaN, NaN]}, "groundTruth": [0.0, 0.0]}, {"startTime": 5.0, "endTime": 10.0, "predictions": {"probabilities": [-19.18609619140625, -4.314486503601074], "logits": [NaN, NaN]}, "groundTruth": [0.0, 0.0]}, {"startTime": 10.0, "endTime": 15.0, "predictions": {"probabilities": [-17.618484497070312, -2.4370059967041016], "logits": [NaN, NaN]}, "groundTruth": [0.0, 0.0]}, {"startTime": 15.0, "endTime": 20.0, "predictions": {"probabilities": [-16.74226188659668, -3.277571201324463], "logits": [NaN, NaN]}, "groundTruth": [0.0, 0.0]}]]}