{"modelName": "devise-221108-v8-ep423", "version": "1", "fileId": "947bff26e8c743b49d180578943d94a6", "classIds": ["Crex crex", "Scolopax rusticola"], "channels": [[{"startTime": 0.0, "endTime": 5.0, "predictions": {"probabilities": [1.5477555001530696e-11, 0.9991481304168701], "logits": []}, "groundTruth": [0.0, 1.0]}, {"startTime": 5.0, "endTime": 10.0, "predictions": {"probabilities": [1.2189123950630265e-13, 1.0], "logits": []}, "groundTruth": [0.0, 1.0]}, {"startTime": 8.0, "endTime": 13.0, "predictions": {"probabilities": [7.289136050303568e-08, 0.4251372814178467], "logits": []}, "groundTruth": [0.0, 1.0]}]]}