{"modelName": "devise-221108-v8-ep423", "version": "1", "fileId": "94c5c417c3b241e2af3b78b836969334", "classIds": ["Crex crex", "Scolopax rusticola"], "channels": [[{"startTime": 0.0, "endTime": 5.0, "predictions": {"probabilities": [1.472555595682934e-06, 0.7518130540847778], "logits": []}, "groundTruth": [0.0, 0.0]}, {"startTime": 5.0, "endTime": 10.0, "predictions": {"probabilities": [2.2201062677140726e-07, 0.1452348679304123], "logits": []}, "groundTruth": [0.0, 0.0]}, {"startTime": 10.0, "endTime": 15.0, "predictions": {"probabilities": [4.995047220290871e-07, 0.8505274653434753], "logits": []}, "groundTruth": [0.0, 0.0]}, {"startTime": 15.0, "endTime": 20.0, "predictions": {"probabilities": [1.264259572053561e-05, 0.4167020320892334], "logits": []}, "groundTruth": [0.0, 0.0]}]]}