{"modelName": "devise-221108-v8-ep423", "version": "1", "fileId": "9505ac728851423abed5fe8767f93f9b", "classIds": ["Crex crex", "Scolopax rusticola"], "channels": [[{"startTime": 0.0, "endTime": 5.0, "predictions": {"probabilities": [-14.666157722473145, -2.247981071472168], "logits": [NaN, NaN]}, "groundTruth": [0.0, 0.0]}, {"startTime": 5.0, "endTime": 10.0, "predictions": {"probabilities": [-13.210380554199219, 2.043447732925415], "logits": [NaN, NaN]}, "groundTruth": [0.0, 0.0]}, {"startTime": 10.0, "endTime": 15.0, "predictions": {"probabilities": [-15.543061256408691, -2.718961238861084], "logits": [NaN, NaN]}, "groundTruth": [0.0, 0.0]}, {"startTime": 15.0, "endTime": 20.0, "predictions": {"probabilities": [-11.74802017211914, -0.8570672273635864], "logits": [NaN, NaN]}, "groundTruth": [0.0, 0.0]}]]}