{"modelName": "devise-221108-v8-ep423", "version": "1", "fileId": "951289abf6524afe8fa8d9b2af18229c", "classIds": ["Crex crex", "Scolopax rusticola"], "channels": [[{"startTime": 0.0, "endTime": 5.0, "predictions": {"probabilities": [-10.5997953414917, -0.2382446527481079], "logits": [NaN, NaN]}, "groundTruth": [0.0, 0.0]}, {"startTime": 5.0, "endTime": 10.0, "predictions": {"probabilities": [-17.522966384887695, -3.587736129760742], "logits": [NaN, NaN]}, "groundTruth": [0.0, 0.0]}, {"startTime": 10.0, "endTime": 15.0, "predictions": {"probabilities": [-13.266070365905762, -1.4543726444244385], "logits": [NaN, NaN]}, "groundTruth": [0.0, 0.0]}, {"startTime": 15.0, "endTime": 20.0, "predictions": {"probabilities": [-11.144248962402344, -0.518754780292511], "logits": [NaN, NaN]}, "groundTruth": [0.0, 0.0]}]]}