{"modelName": "devise-221108-v8-ep423", "version": "1", "fileId": "9590526b7aa247d6bf326d88aa16ddbd", "classIds": ["Crex crex", "Scolopax rusticola"], "channels": [[{"startTime": 0.0, "endTime": 5.0, "predictions": {"probabilities": [3.034959092929057e-07, 0.0912066102027893], "logits": []}, "groundTruth": [0.0, 0.0]}, {"startTime": 5.0, "endTime": 10.0, "predictions": {"probabilities": [1.1552356937727382e-07, 0.05624070018529892], "logits": []}, "groundTruth": [0.0, 0.0]}, {"startTime": 10.0, "endTime": 15.0, "predictions": {"probabilities": [1.3136695997673087e-07, 0.07135999202728271], "logits": []}, "groundTruth": [0.0, 0.0]}, {"startTime": 15.0, "endTime": 20.0, "predictions": {"probabilities": [5.815331292069459e-07, 0.1184767633676529], "logits": []}, "groundTruth": [0.0, 0.0]}]]}