{"modelName": "devise-221108-v8-ep423", "version": "1", "fileId": "9590526b7aa247d6bf326d88aa16ddbd", "classIds": ["Crex crex", "Scolopax rusticola"], "channels": [[{"startTime": 0.0, "endTime": 5.0, "predictions": {"probabilities": [-15.00789737701416, -2.298990488052368], "logits": [NaN, NaN]}, "groundTruth": [0.0, 0.0]}, {"startTime": 5.0, "endTime": 10.0, "predictions": {"probabilities": [-15.973791122436523, -2.820230484008789], "logits": [NaN, NaN]}, "groundTruth": [0.0, 0.0]}, {"startTime": 10.0, "endTime": 15.0, "predictions": {"probabilities": [-15.845271110534668, -2.565983772277832], "logits": [NaN, NaN]}, "groundTruth": [0.0, 0.0]}, {"startTime": 15.0, "endTime": 20.0, "predictions": {"probabilities": [-14.357597351074219, -2.006934404373169], "logits": [NaN, NaN]}, "groundTruth": [0.0, 0.0]}]]}