{"modelName": "devise-221108-v8-ep423", "version": "1", "fileId": "959a866a90c9401f9a0f5202b3b37eab", "classIds": ["Crex crex", "Scolopax rusticola"], "channels": [[{"startTime": 0.0, "endTime": 5.0, "predictions": {"probabilities": [-33.91057586669922, 13.243106842041016], "logits": [NaN, NaN]}, "groundTruth": [0.0, 1.0]}, {"startTime": 4.0, "endTime": 9.0, "predictions": {"probabilities": [-30.21037483215332, 9.359371185302734], "logits": [NaN, NaN]}, "groundTruth": [0.0, 1.0]}]]}