{"modelName": "devise-221108-v8-ep423", "version": "1", "fileId": "96240cac3e3344538ccac32c0f9002ab", "classIds": ["Crex crex", "Scolopax rusticola"], "channels": [[{"startTime": 0.0, "endTime": 5.0, "predictions": {"probabilities": [-15.53956413269043, -2.4003965854644775], "logits": [NaN, NaN]}, "groundTruth": [0.0, 0.0]}, {"startTime": 5.0, "endTime": 10.0, "predictions": {"probabilities": [-21.50836753845215, -4.169710159301758], "logits": [NaN, NaN]}, "groundTruth": [0.0, 0.0]}, {"startTime": 10.0, "endTime": 15.0, "predictions": {"probabilities": [-22.519031524658203, -0.3305814862251282], "logits": [NaN, NaN]}, "groundTruth": [0.0, 0.0]}, {"startTime": 15.0, "endTime": 20.0, "predictions": {"probabilities": [-17.3739070892334, -2.156641960144043], "logits": [NaN, NaN]}, "groundTruth": [0.0, 0.0]}]]}