{"modelName": "devise-221108-v8-ep423", "version": "1", "fileId": "9653f2555a1c425584c2acf3401d05f4", "classIds": ["Crex crex", "Scolopax rusticola"], "channels": [[{"startTime": 0.0, "endTime": 5.0, "predictions": {"probabilities": [-16.219709396362305, -0.7480310201644897], "logits": [NaN, NaN]}, "groundTruth": [0.0, 0.0]}, {"startTime": 5.0, "endTime": 10.0, "predictions": {"probabilities": [-20.296009063720703, -4.868374347686768], "logits": [NaN, NaN]}, "groundTruth": [0.0, 0.0]}, {"startTime": 10.0, "endTime": 15.0, "predictions": {"probabilities": [-17.264467239379883, -3.519397497177124], "logits": [NaN, NaN]}, "groundTruth": [0.0, 0.0]}, {"startTime": 15.0, "endTime": 20.0, "predictions": {"probabilities": [-21.47076988220215, -1.399031400680542], "logits": [NaN, NaN]}, "groundTruth": [0.0, 0.0]}]]}