{"modelName": "devise-221108-v8-ep423", "version": "1", "fileId": "967a19cb31024594ab203a8ee49987a5", "classIds": ["Crex crex", "Scolopax rusticola"], "channels": [[{"startTime": 0.0, "endTime": 5.0, "predictions": {"probabilities": [3.623510519412676e-11, 0.9988605976104736], "logits": []}, "groundTruth": [0.0, 0.0]}, {"startTime": 5.0, "endTime": 10.0, "predictions": {"probabilities": [3.3187222414632345e-10, 0.059501249343156815], "logits": []}, "groundTruth": [0.0, 0.0]}, {"startTime": 10.0, "endTime": 15.0, "predictions": {"probabilities": [2.23353224804157e-09, 0.010341120883822441], "logits": []}, "groundTruth": [0.0, 0.0]}, {"startTime": 15.0, "endTime": 20.0, "predictions": {"probabilities": [1.7612863945082324e-10, 0.003010624088346958], "logits": []}, "groundTruth": [0.0, 0.0]}]]}