{"modelName": "devise-221108-v8-ep423", "version": "1", "fileId": "9734f288f972432298534f821dc3cd31", "classIds": ["Crex crex", "Scolopax rusticola"], "channels": [[{"startTime": 0.0, "endTime": 5.0, "predictions": {"probabilities": [2.732830628460192e-09, 0.9998038411140442], "logits": []}, "groundTruth": [0.0, 0.0]}, {"startTime": 5.0, "endTime": 10.0, "predictions": {"probabilities": [4.802549113946952e-08, 0.15415224432945251], "logits": []}, "groundTruth": [0.0, 0.0]}, {"startTime": 10.0, "endTime": 15.0, "predictions": {"probabilities": [2.398651020030229e-07, 0.07247168570756912], "logits": []}, "groundTruth": [0.0, 0.0]}, {"startTime": 15.0, "endTime": 20.0, "predictions": {"probabilities": [2.7572688850341365e-05, 0.43652060627937317], "logits": []}, "groundTruth": [0.0, 0.0]}]]}