{"modelName": "devise-221108-v8-ep423", "version": "1", "fileId": "9815e739735f40248beea104bc9bc390", "classIds": ["Crex crex", "Scolopax rusticola"], "channels": [[{"startTime": 0.0, "endTime": 5.0, "predictions": {"probabilities": [1.6278419252557796e-06, 0.20486953854560852], "logits": []}, "groundTruth": [0.0, 0.0]}, {"startTime": 5.0, "endTime": 10.0, "predictions": {"probabilities": [8.158726245710568e-07, 0.1268301159143448], "logits": []}, "groundTruth": [0.0, 0.0]}, {"startTime": 10.0, "endTime": 15.0, "predictions": {"probabilities": [2.7929374368795834e-07, 0.09017570316791534], "logits": []}, "groundTruth": [0.0, 0.0]}, {"startTime": 15.0, "endTime": 20.0, "predictions": {"probabilities": [2.58785826190433e-06, 0.21252276003360748], "logits": []}, "groundTruth": [0.0, 0.0]}]]}