{"modelName": "devise-221108-v8-ep423", "version": "1", "fileId": "98224ac1d119416c9056412773888a08", "classIds": ["Crex crex", "Scolopax rusticola"], "channels": [[{"startTime": 0.0, "endTime": 5.0, "predictions": {"probabilities": [1.0818928863898236e-08, 0.6066449284553528], "logits": []}, "groundTruth": [0.0, 0.0]}, {"startTime": 5.0, "endTime": 10.0, "predictions": {"probabilities": [6.542107655604923e-08, 0.03817087784409523], "logits": []}, "groundTruth": [0.0, 0.0]}, {"startTime": 10.0, "endTime": 15.0, "predictions": {"probabilities": [7.634138654566414e-09, 0.030492085963487625], "logits": []}, "groundTruth": [0.0, 0.0]}, {"startTime": 15.0, "endTime": 20.0, "predictions": {"probabilities": [4.341405013263966e-09, 0.45759671926498413], "logits": []}, "groundTruth": [0.0, 0.0]}]]}