{"modelName": "devise-221108-v8-ep423", "version": "1", "fileId": "984c769cfbc448cc938c308bad12dc1e", "classIds": ["Crex crex", "Scolopax rusticola"], "channels": [[{"startTime": 0.0, "endTime": 5.0, "predictions": {"probabilities": [5.969651439841073e-10, 0.0068421633914113045], "logits": []}, "groundTruth": [0.0, 0.0]}, {"startTime": 5.0, "endTime": 10.0, "predictions": {"probabilities": [6.0139848656604045e-09, 0.07283297926187515], "logits": []}, "groundTruth": [0.0, 0.0]}, {"startTime": 10.0, "endTime": 15.0, "predictions": {"probabilities": [5.445323836283933e-07, 0.09584500640630722], "logits": []}, "groundTruth": [0.0, 0.0]}, {"startTime": 15.0, "endTime": 20.0, "predictions": {"probabilities": [4.112729712346663e-08, 0.04693526402115822], "logits": []}, "groundTruth": [0.0, 0.0]}]]}