{"modelName": "devise-221108-v8-ep423", "version": "1", "fileId": "99103b54157041e1b61e6be1d6492276", "classIds": ["Crex crex", "Scolopax rusticola"], "channels": [[{"startTime": 0.0, "endTime": 5.0, "predictions": {"probabilities": [-24.770465850830078, -6.555792331695557], "logits": [NaN, NaN]}, "groundTruth": [0.0, 0.0]}, {"startTime": 5.0, "endTime": 10.0, "predictions": {"probabilities": [-22.290321350097656, -5.741642475128174], "logits": [NaN, NaN]}, "groundTruth": [0.0, 0.0]}, {"startTime": 10.0, "endTime": 15.0, "predictions": {"probabilities": [-22.979381561279297, -4.341845989227295], "logits": [NaN, NaN]}, "groundTruth": [0.0, 0.0]}, {"startTime": 15.0, "endTime": 20.0, "predictions": {"probabilities": [-23.169519424438477, -5.5679755210876465], "logits": [NaN, NaN]}, "groundTruth": [0.0, 0.0]}]]}