{"modelName": "devise-221108-v8-ep423", "version": "1", "fileId": "9916ef41ec124180b531a8e03c8bf1e4", "classIds": ["Crex crex", "Scolopax rusticola"], "channels": [[{"startTime": 0.0, "endTime": 5.0, "predictions": {"probabilities": [1.7160561860407597e-09, 0.06726745516061783], "logits": []}, "groundTruth": [0.0, 0.0]}, {"startTime": 5.0, "endTime": 10.0, "predictions": {"probabilities": [8.171479493057632e-09, 0.01514145452529192], "logits": []}, "groundTruth": [0.0, 0.0]}, {"startTime": 10.0, "endTime": 15.0, "predictions": {"probabilities": [1.6946182235244578e-09, 0.6250336766242981], "logits": []}, "groundTruth": [0.0, 0.0]}, {"startTime": 15.0, "endTime": 20.0, "predictions": {"probabilities": [1.4611427623378859e-08, 0.031894076615571976], "logits": []}, "groundTruth": [0.0, 0.0]}]]}