{"modelName": "devise-221108-v8-ep423", "version": "1", "fileId": "9a0b1911a1654923a488f557a0d02226", "classIds": ["Crex crex", "Scolopax rusticola"], "channels": [[{"startTime": 0.0, "endTime": 5.0, "predictions": {"probabilities": [1.559003806050896e-07, 0.9956530332565308], "logits": []}, "groundTruth": [0.0, 0.0]}, {"startTime": 5.0, "endTime": 10.0, "predictions": {"probabilities": [3.228949253752944e-06, 0.23896700143814087], "logits": []}, "groundTruth": [0.0, 1.0]}, {"startTime": 10.0, "endTime": 15.0, "predictions": {"probabilities": [1.1746944750257171e-07, 0.435305655002594], "logits": []}, "groundTruth": [0.0, 1.0]}, {"startTime": 11.0, "endTime": 16.0, "predictions": {"probabilities": [2.0170833181509806e-07, 0.07034961879253387], "logits": []}, "groundTruth": [0.0, 0.0]}]]}