{"modelName": "devise-221108-v8-ep423", "version": "1", "fileId": "9a3819c060ff402d8b29b0c0fb4cedd1", "classIds": ["Crex crex", "Scolopax rusticola"], "channels": [[{"startTime": 0.0, "endTime": 5.0, "predictions": {"probabilities": [-16.6033992767334, 0.7835122346878052], "logits": [NaN, 1.2862526178359985]}, "groundTruth": [0.0, 0.0]}, {"startTime": 5.0, "endTime": 10.0, "predictions": {"probabilities": [-28.16010856628418, 12.140959739685059], "logits": [NaN, NaN]}, "groundTruth": [0.0, 0.0]}, {"startTime": 10.0, "endTime": 15.0, "predictions": {"probabilities": [-29.616912841796875, 12.823740005493164], "logits": [NaN, NaN]}, "groundTruth": [0.0, 0.0]}, {"startTime": 15.0, "endTime": 20.0, "predictions": {"probabilities": [-13.238931655883789, 0.16710367798805237], "logits": [NaN, -1.6062947511672974]}, "groundTruth": [0.0, 0.0]}]]}