{"modelName": "devise-221108-v8-ep423", "version": "1", "fileId": "9a3819c060ff402d8b29b0c0fb4cedd1", "classIds": ["Crex crex", "Scolopax rusticola"], "channels": [[{"startTime": 0.0, "endTime": 5.0, "predictions": {"probabilities": [6.155102738603091e-08, 0.6864365935325623], "logits": []}, "groundTruth": [0.0, 0.0]}, {"startTime": 5.0, "endTime": 10.0, "predictions": {"probabilities": [5.89142341682336e-13, 0.9999946355819702], "logits": []}, "groundTruth": [0.0, 0.0]}, {"startTime": 10.0, "endTime": 15.0, "predictions": {"probabilities": [1.372581654454988e-13, 0.9999972581863403], "logits": []}, "groundTruth": [0.0, 0.0]}, {"startTime": 15.0, "endTime": 20.0, "predictions": {"probabilities": [1.7799354736780515e-06, 0.5416789650917053], "logits": []}, "groundTruth": [0.0, 0.0]}]]}