{"modelName": "devise-221108-v8-ep423", "version": "1", "fileId": "9a939dbc48ae40959309e36916491997", "classIds": ["Crex crex", "Scolopax rusticola"], "channels": [[{"startTime": 0.0, "endTime": 5.0, "predictions": {"probabilities": [5.519671475440191e-08, 0.03534574434161186], "logits": []}, "groundTruth": [0.0, 0.0]}, {"startTime": 5.0, "endTime": 10.0, "predictions": {"probabilities": [4.413684973059162e-09, 0.019641881808638573], "logits": []}, "groundTruth": [0.0, 0.0]}, {"startTime": 10.0, "endTime": 15.0, "predictions": {"probabilities": [1.0798291896207957e-06, 0.12735040485858917], "logits": []}, "groundTruth": [0.0, 0.0]}, {"startTime": 15.0, "endTime": 20.0, "predictions": {"probabilities": [2.1421787010922344e-08, 0.04929003864526749], "logits": []}, "groundTruth": [0.0, 0.0]}]]}