{"modelName": "devise-221108-v8-ep423", "version": "1", "fileId": "9ac3086f1dc24e7f9aa799d8fdbfa666", "classIds": ["Crex crex", "Scolopax rusticola"], "channels": [[{"startTime": 0.0, "endTime": 5.0, "predictions": {"probabilities": [3.281818150568938e-09, 0.034439124166965485], "logits": []}, "groundTruth": [0.0, 0.0]}, {"startTime": 5.0, "endTime": 10.0, "predictions": {"probabilities": [7.589208905756095e-08, 0.04240238666534424], "logits": []}, "groundTruth": [0.0, 0.0]}, {"startTime": 10.0, "endTime": 15.0, "predictions": {"probabilities": [3.875078036230661e-09, 0.3965485990047455], "logits": []}, "groundTruth": [0.0, 0.0]}, {"startTime": 15.0, "endTime": 20.0, "predictions": {"probabilities": [1.1070220871174825e-14, 0.9999982118606567], "logits": []}, "groundTruth": [0.0, 0.0]}]]}