{"modelName": "devise-221108-v8-ep423", "version": "1", "fileId": "9b93eba368754ef8b9598116ec1ae8f6", "classIds": ["Crex crex", "Scolopax rusticola"], "channels": [[{"startTime": 0.0, "endTime": 5.0, "predictions": {"probabilities": [1.5099198280577042e-10, 0.8339244723320007], "logits": []}, "groundTruth": [0.0, 0.0]}, {"startTime": 5.0, "endTime": 10.0, "predictions": {"probabilities": [8.700012932294499e-11, 0.9996978044509888], "logits": []}, "groundTruth": [0.0, 1.0]}, {"startTime": 10.0, "endTime": 15.0, "predictions": {"probabilities": [9.093627543685368e-13, 0.9999855756759644], "logits": []}, "groundTruth": [0.0, 1.0]}, {"startTime": 13.0, "endTime": 18.0, "predictions": {"probabilities": [8.697826348047499e-10, 0.5306952595710754], "logits": []}, "groundTruth": [0.0, 0.0]}]]}