{"modelName": "devise-221108-v8-ep423", "version": "1", "fileId": "9bbb4e4614fd4bfa9e99c8c7c6f29e3b", "classIds": ["Crex crex", "Scolopax rusticola"], "channels": [[{"startTime": 0.0, "endTime": 5.0, "predictions": {"probabilities": [2.4557420441780053e-13, 0.9999994039535522], "logits": []}, "groundTruth": [0.0, 0.0]}, {"startTime": 5.0, "endTime": 10.0, "predictions": {"probabilities": [6.504192624909381e-17, 0.9999998807907104], "logits": []}, "groundTruth": [0.0, 0.0]}, {"startTime": 10.0, "endTime": 15.0, "predictions": {"probabilities": [1.1663562560215723e-08, 0.02063613198697567], "logits": []}, "groundTruth": [0.0, 0.0]}, {"startTime": 13.0, "endTime": 18.0, "predictions": {"probabilities": [3.82846376822954e-09, 0.026909969747066498], "logits": []}, "groundTruth": [0.0, 0.0]}]]}