{"modelName": "devise-221108-v8-ep423", "version": "1", "fileId": "9bf14a4ea40d48bb8076483722905dca", "classIds": ["Crex crex", "Scolopax rusticola"], "channels": [[{"startTime": 0.0, "endTime": 5.0, "predictions": {"probabilities": [2.887279513239839e-14, 0.9999773502349854], "logits": []}, "groundTruth": [0.0, 1.0]}, {"startTime": 5.0, "endTime": 10.0, "predictions": {"probabilities": [3.6805458583210465e-14, 0.9999994039535522], "logits": []}, "groundTruth": [0.0, 1.0]}, {"startTime": 8.0, "endTime": 13.0, "predictions": {"probabilities": [7.594731863801857e-14, 0.9999456405639648], "logits": []}, "groundTruth": [0.0, 1.0]}]]}