{"modelName": "devise-221108-v8-ep423", "version": "1", "fileId": "9bf14a4ea40d48bb8076483722905dca", "classIds": ["Crex crex", "Scolopax rusticola"], "channels": [[{"startTime": 0.0, "endTime": 5.0, "predictions": {"probabilities": [-31.17587661743164, 10.69676685333252], "logits": [NaN, NaN]}, "groundTruth": [0.0, 1.0]}, {"startTime": 5.0, "endTime": 10.0, "predictions": {"probabilities": [-30.933130264282227, 14.273215293884277], "logits": [NaN, NaN]}, "groundTruth": [0.0, 1.0]}, {"startTime": 8.0, "endTime": 13.0, "predictions": {"probabilities": [-30.208736419677734, 9.819640159606934], "logits": [NaN, NaN]}, "groundTruth": [0.0, 1.0]}]]}