{"modelName": "devise-221108-v8-ep423", "version": "1", "fileId": "9bf3d3f89da541c8bd454232e300485a", "classIds": ["Crex crex", "Scolopax rusticola"], "channels": [[{"startTime": 0.0, "endTime": 5.0, "predictions": {"probabilities": [-24.213035583496094, 6.058406829833984], "logits": [NaN, NaN]}, "groundTruth": [0.0, 0.0]}, {"startTime": 5.0, "endTime": 10.0, "predictions": {"probabilities": [-28.25763511657715, 19.95621681213379], "logits": [NaN, NaN]}, "groundTruth": [0.0, 1.0]}, {"startTime": 10.0, "endTime": 15.0, "predictions": {"probabilities": [-24.794910430908203, 10.249388694763184], "logits": [NaN, NaN]}, "groundTruth": [0.0, 1.0]}]]}