{"modelName": "devise-221108-v8-ep423", "version": "1", "fileId": "9bfd203e119b48069b90767ab0e4c5e2", "classIds": ["Crex crex", "Scolopax rusticola"], "channels": [[{"startTime": 0.0, "endTime": 5.0, "predictions": {"probabilities": [-18.195871353149414, -3.333740711212158], "logits": [NaN, NaN]}, "groundTruth": [0.0, 0.0]}, {"startTime": 5.0, "endTime": 10.0, "predictions": {"probabilities": [-19.82539176940918, 2.3431506156921387], "logits": [NaN, NaN]}, "groundTruth": [0.0, 0.0]}, {"startTime": 10.0, "endTime": 15.0, "predictions": {"probabilities": [-17.680984497070312, -2.200782537460327], "logits": [NaN, NaN]}, "groundTruth": [0.0, 0.0]}, {"startTime": 15.0, "endTime": 20.0, "predictions": {"probabilities": [-13.863692283630371, -0.2760184407234192], "logits": [NaN, NaN]}, "groundTruth": [0.0, 0.0]}]]}