{"modelName": "devise-221108-v8-ep423", "version": "1", "fileId": "9bfd203e119b48069b90767ab0e4c5e2", "classIds": ["Crex crex", "Scolopax rusticola"], "channels": [[{"startTime": 0.0, "endTime": 5.0, "predictions": {"probabilities": [1.2520841252694481e-08, 0.03443164750933647], "logits": []}, "groundTruth": [0.0, 0.0]}, {"startTime": 5.0, "endTime": 10.0, "predictions": {"probabilities": [2.4543798105014503e-09, 0.912388265132904], "logits": []}, "groundTruth": [0.0, 0.0]}, {"startTime": 10.0, "endTime": 15.0, "predictions": {"probabilities": [2.0952988677436224e-08, 0.09968023747205734], "logits": []}, "groundTruth": [0.0, 0.0]}, {"startTime": 15.0, "endTime": 20.0, "predictions": {"probabilities": [9.529596241009131e-07, 0.4314301908016205], "logits": []}, "groundTruth": [0.0, 0.0]}]]}