{"modelName": "devise-221108-v8-ep423", "version": "1", "fileId": "9c278adff4bf41de9aa5916381ffbf44", "classIds": ["Crex crex", "Scolopax rusticola"], "channels": [[{"startTime": 0.0, "endTime": 5.0, "predictions": {"probabilities": [8.12834670682605e-08, 0.0599738173186779], "logits": []}, "groundTruth": [0.0, 0.0]}, {"startTime": 5.0, "endTime": 10.0, "predictions": {"probabilities": [1.2353012834864785e-08, 0.047227393835783005], "logits": []}, "groundTruth": [0.0, 0.0]}, {"startTime": 10.0, "endTime": 15.0, "predictions": {"probabilities": [1.459147802584937e-09, 0.2895503342151642], "logits": []}, "groundTruth": [0.0, 0.0]}, {"startTime": 15.0, "endTime": 20.0, "predictions": {"probabilities": [9.189206617854495e-10, 0.005924030672758818], "logits": []}, "groundTruth": [0.0, 0.0]}]]}