{"modelName": "devise-221108-v8-ep423", "version": "1", "fileId": "9e278f1780894d8daf4a4a5cae0cb11a", "classIds": ["Crex crex", "Scolopax rusticola"], "channels": [[{"startTime": 0.0, "endTime": 5.0, "predictions": {"probabilities": [-19.39011001586914, -4.4236884117126465], "logits": [NaN, NaN]}, "groundTruth": [0.0, 0.0]}, {"startTime": 5.0, "endTime": 10.0, "predictions": {"probabilities": [-18.574411392211914, -3.357813596725464], "logits": [NaN, NaN]}, "groundTruth": [0.0, 0.0]}, {"startTime": 10.0, "endTime": 15.0, "predictions": {"probabilities": [-17.93165397644043, -2.5535686016082764], "logits": [NaN, NaN]}, "groundTruth": [0.0, 0.0]}, {"startTime": 15.0, "endTime": 20.0, "predictions": {"probabilities": [-15.729450225830078, -1.5521624088287354], "logits": [NaN, NaN]}, "groundTruth": [0.0, 0.0]}]]}