{"modelName": "devise-221108-v8-ep423", "version": "1", "fileId": "9e3729f470b24d9b8701fd8def77551b", "classIds": ["Crex crex", "Scolopax rusticola"], "channels": [[{"startTime": 0.0, "endTime": 5.0, "predictions": {"probabilities": [7.390907330595553e-10, 0.01754925586283207], "logits": []}, "groundTruth": [0.0, 0.0]}, {"startTime": 5.0, "endTime": 10.0, "predictions": {"probabilities": [5.658240542771864e-10, 0.006062490865588188], "logits": []}, "groundTruth": [0.0, 0.0]}, {"startTime": 10.0, "endTime": 15.0, "predictions": {"probabilities": [3.650959742862447e-12, 0.9961601495742798], "logits": []}, "groundTruth": [0.0, 0.0]}, {"startTime": 15.0, "endTime": 20.0, "predictions": {"probabilities": [3.189568054118297e-11, 0.9995098114013672], "logits": []}, "groundTruth": [0.0, 0.0]}]]}