{"modelName": "devise-221108-v8-ep423", "version": "1", "fileId": "9e3729f470b24d9b8701fd8def77551b", "classIds": ["Crex crex", "Scolopax rusticola"], "channels": [[{"startTime": 0.0, "endTime": 5.0, "predictions": {"probabilities": [-21.02560043334961, -4.025038719177246], "logits": [NaN, NaN]}, "groundTruth": [0.0, 0.0]}, {"startTime": 5.0, "endTime": 10.0, "predictions": {"probabilities": [-21.29273796081543, -5.09955358505249], "logits": [NaN, NaN]}, "groundTruth": [0.0, 0.0]}, {"startTime": 10.0, "endTime": 15.0, "predictions": {"probabilities": [-26.336030960083008, 5.558475494384766], "logits": [NaN, NaN]}, "groundTruth": [0.0, 0.0]}, {"startTime": 15.0, "endTime": 20.0, "predictions": {"probabilities": [-24.168550491333008, 7.620247840881348], "logits": [NaN, NaN]}, "groundTruth": [0.0, 0.0]}]]}