{"modelName": "devise-221108-v8-ep423", "version": "1", "fileId": "9e56a09ac60646079523b0a806ca7c93", "classIds": ["Crex crex", "Scolopax rusticola"], "channels": [[{"startTime": 0.0, "endTime": 5.0, "predictions": {"probabilities": [-16.21561622619629, -2.9455912113189697], "logits": [NaN, NaN]}, "groundTruth": [0.0, 0.0]}, {"startTime": 5.0, "endTime": 10.0, "predictions": {"probabilities": [-17.629722595214844, -3.5787220001220703], "logits": [NaN, NaN]}, "groundTruth": [0.0, 0.0]}, {"startTime": 10.0, "endTime": 15.0, "predictions": {"probabilities": [-20.630046844482422, -2.764986991882324], "logits": [NaN, NaN]}, "groundTruth": [0.0, 0.0]}, {"startTime": 15.0, "endTime": 20.0, "predictions": {"probabilities": [-20.6109619140625, -3.7628438472747803], "logits": [NaN, NaN]}, "groundTruth": [0.0, 0.0]}]]}