{"modelName": "devise-221108-v8-ep423", "version": "1", "fileId": "9e9b368205e5494ba86bb3fdf1370964", "classIds": ["Crex crex", "Scolopax rusticola"], "channels": [[{"startTime": 0.0, "endTime": 5.0, "predictions": {"probabilities": [1.1475423278284325e-08, 0.022914152592420578], "logits": []}, "groundTruth": [0.0, 0.0]}, {"startTime": 5.0, "endTime": 10.0, "predictions": {"probabilities": [6.81583287587273e-08, 0.06305494904518127], "logits": []}, "groundTruth": [0.0, 0.0]}, {"startTime": 10.0, "endTime": 15.0, "predictions": {"probabilities": [9.461489369755327e-09, 0.3051567077636719], "logits": []}, "groundTruth": [0.0, 0.0]}, {"startTime": 15.0, "endTime": 20.0, "predictions": {"probabilities": [9.294588210195798e-09, 0.130609393119812], "logits": []}, "groundTruth": [0.0, 0.0]}]]}