{"modelName": "devise-221108-v8-ep423", "version": "1", "fileId": "9ecba398aabe4f5a9feda9e9b2846b78", "classIds": ["Crex crex", "Scolopax rusticola"], "channels": [[{"startTime": 0.0, "endTime": 5.0, "predictions": {"probabilities": [-23.03300666809082, 4.254270553588867], "logits": [NaN, NaN]}, "groundTruth": [0.0, 0.0]}, {"startTime": 5.0, "endTime": 10.0, "predictions": {"probabilities": [-18.34093475341797, -3.6902029514312744], "logits": [NaN, NaN]}, "groundTruth": [0.0, 0.0]}, {"startTime": 10.0, "endTime": 15.0, "predictions": {"probabilities": [-17.35464859008789, -3.592594623565674], "logits": [NaN, NaN]}, "groundTruth": [0.0, 0.0]}, {"startTime": 15.0, "endTime": 20.0, "predictions": {"probabilities": [-20.235265731811523, -4.6661176681518555], "logits": [NaN, NaN]}, "groundTruth": [0.0, 0.0]}]]}