{"modelName": "devise-221108-v8-ep423", "version": "1", "fileId": "9ed66200eb474908b9408e5bbd31619c", "classIds": ["Crex crex", "Scolopax rusticola"], "channels": [[{"startTime": 0.0, "endTime": 5.0, "predictions": {"probabilities": [7.019459076218482e-07, 0.10796810686588287], "logits": []}, "groundTruth": [0.0, 0.0]}, {"startTime": 5.0, "endTime": 10.0, "predictions": {"probabilities": [4.534557618285362e-09, 0.017462559044361115], "logits": []}, "groundTruth": [0.0, 0.0]}, {"startTime": 10.0, "endTime": 15.0, "predictions": {"probabilities": [2.0233674291603165e-08, 0.021023038774728775], "logits": []}, "groundTruth": [0.0, 0.0]}, {"startTime": 15.0, "endTime": 20.0, "predictions": {"probabilities": [7.640242216666593e-09, 0.017285412177443504], "logits": []}, "groundTruth": [0.0, 0.0]}]]}