{"modelName": "devise-221108-v8-ep423", "version": "1", "fileId": "a029871bca3f43af9a5ca4877b9ab5f3", "classIds": ["Crex crex", "Scolopax rusticola"], "channels": [[{"startTime": 0.0, "endTime": 5.0, "predictions": {"probabilities": [1.0072744061062622e-07, 0.1347724348306656], "logits": []}, "groundTruth": [0.0, 0.0]}, {"startTime": 5.0, "endTime": 10.0, "predictions": {"probabilities": [7.3585022519750964e-09, 0.014163282699882984], "logits": []}, "groundTruth": [0.0, 0.0]}, {"startTime": 10.0, "endTime": 15.0, "predictions": {"probabilities": [2.258586029313392e-08, 0.031861547380685806], "logits": []}, "groundTruth": [0.0, 0.0]}, {"startTime": 15.0, "endTime": 20.0, "predictions": {"probabilities": [3.887013022563224e-08, 0.027970457449555397], "logits": []}, "groundTruth": [0.0, 0.0]}]]}