{"modelName": "devise-221108-v8-ep423", "version": "1", "fileId": "a029871bca3f43af9a5ca4877b9ab5f3", "classIds": ["Crex crex", "Scolopax rusticola"], "channels": [[{"startTime": 0.0, "endTime": 5.0, "predictions": {"probabilities": [-16.11084747314453, -1.8594049215316772], "logits": [NaN, NaN]}, "groundTruth": [0.0, 0.0]}, {"startTime": 5.0, "endTime": 10.0, "predictions": {"probabilities": [-18.72740936279297, -4.242837905883789], "logits": [NaN, NaN]}, "groundTruth": [0.0, 0.0]}, {"startTime": 10.0, "endTime": 15.0, "predictions": {"probabilities": [-17.605941772460938, -3.413975238800049], "logits": [NaN, NaN]}, "groundTruth": [0.0, 0.0]}, {"startTime": 15.0, "endTime": 20.0, "predictions": {"probabilities": [-17.063039779663086, -3.5482373237609863], "logits": [NaN, NaN]}, "groundTruth": [0.0, 0.0]}]]}