{"modelName": "devise-221108-v8-ep423", "version": "1", "fileId": "a03ecc4bd64a4883ab90fd0493b50355", "classIds": ["Crex crex", "Scolopax rusticola"], "channels": [[{"startTime": 0.0, "endTime": 5.0, "predictions": {"probabilities": [2.9094258024997544e-06, 0.21745972335338593], "logits": []}, "groundTruth": [0.0, 0.0]}, {"startTime": 5.0, "endTime": 10.0, "predictions": {"probabilities": [2.1563644168054452e-06, 0.17203807830810547], "logits": []}, "groundTruth": [0.0, 0.0]}, {"startTime": 10.0, "endTime": 15.0, "predictions": {"probabilities": [1.7145265474027838e-07, 0.07376297563314438], "logits": []}, "groundTruth": [0.0, 0.0]}, {"startTime": 15.0, "endTime": 20.0, "predictions": {"probabilities": [1.30815560623887e-05, 0.36677104234695435], "logits": []}, "groundTruth": [0.0, 0.0]}]]}