{"modelName": "devise-221108-v8-ep423", "version": "1", "fileId": "a0ed03fcbc384d7fb53f480afda010e9", "classIds": ["Crex crex", "Scolopax rusticola"], "channels": [[{"startTime": 0.0, "endTime": 5.0, "predictions": {"probabilities": [6.879055103325982e-09, 0.014019989408552647], "logits": []}, "groundTruth": [0.0, 0.0]}, {"startTime": 5.0, "endTime": 10.0, "predictions": {"probabilities": [6.898115967324259e-10, 0.0054336367174983025], "logits": []}, "groundTruth": [0.0, 0.0]}, {"startTime": 10.0, "endTime": 15.0, "predictions": {"probabilities": [1.8614615404644042e-09, 0.01874520629644394], "logits": []}, "groundTruth": [0.0, 0.0]}, {"startTime": 15.0, "endTime": 20.0, "predictions": {"probabilities": [2.779928787166597e-10, 0.004134714137762785], "logits": []}, "groundTruth": [0.0, 0.0]}]]}