{"modelName": "devise-221108-v8-ep423", "version": "1", "fileId": "a1301a5bddd749a8ab74df1b71a4bb4a", "classIds": ["Crex crex", "Scolopax rusticola"], "channels": [[{"startTime": 0.0, "endTime": 5.0, "predictions": {"probabilities": [-12.073922157287598, -0.890346348285675], "logits": [NaN, NaN]}, "groundTruth": [0.0, 0.0]}, {"startTime": 5.0, "endTime": 10.0, "predictions": {"probabilities": [-12.228175163269043, -0.7853075265884399], "logits": [NaN, NaN]}, "groundTruth": [0.0, 0.0]}, {"startTime": 10.0, "endTime": 15.0, "predictions": {"probabilities": [-11.657885551452637, -0.3370974659919739], "logits": [NaN, NaN]}, "groundTruth": [0.0, 0.0]}, {"startTime": 15.0, "endTime": 20.0, "predictions": {"probabilities": [-10.58138656616211, -0.04859883338212967], "logits": [NaN, NaN]}, "groundTruth": [0.0, 0.0]}]]}