{"modelName": "devise-221108-v8-ep423", "version": "1", "fileId": "a1301a5bddd749a8ab74df1b71a4bb4a", "classIds": ["Crex crex", "Scolopax rusticola"], "channels": [[{"startTime": 0.0, "endTime": 5.0, "predictions": {"probabilities": [5.706367574020987e-06, 0.2910383641719818], "logits": []}, "groundTruth": [0.0, 0.0]}, {"startTime": 5.0, "endTime": 10.0, "predictions": {"probabilities": [4.8906758820521645e-06, 0.31317710876464844], "logits": []}, "groundTruth": [0.0, 0.0]}, {"startTime": 10.0, "endTime": 15.0, "predictions": {"probabilities": [8.650493327877484e-06, 0.41651472449302673], "logits": []}, "groundTruth": [0.0, 0.0]}, {"startTime": 15.0, "endTime": 20.0, "predictions": {"probabilities": [2.538348053349182e-05, 0.48785272240638733], "logits": []}, "groundTruth": [0.0, 0.0]}]]}