{"modelName": "devise-221108-v8-ep423", "version": "1", "fileId": "a292bfef1f344b13b02f0e8a6540fa7b", "classIds": ["Crex crex", "Scolopax rusticola"], "channels": [[{"startTime": 0.0, "endTime": 5.0, "predictions": {"probabilities": [3.889201752262008e-15, 0.9999997615814209], "logits": []}, "groundTruth": [0.0, 1.0]}, {"startTime": 5.0, "endTime": 10.0, "predictions": {"probabilities": [4.068109848986978e-09, 0.010253435000777245], "logits": []}, "groundTruth": [0.0, 0.0]}, {"startTime": 10.0, "endTime": 15.0, "predictions": {"probabilities": [3.6369709327521704e-11, 0.9995383024215698], "logits": []}, "groundTruth": [0.0, 1.0]}, {"startTime": 14.0, "endTime": 19.0, "predictions": {"probabilities": [2.685241929745585e-21, 1.0], "logits": []}, "groundTruth": [0.0, 1.0]}]]}