{"modelName": "devise-221108-v8-ep423", "version": "1", "fileId": "a308ca0f8fb741ddb89fc099a517da16", "classIds": ["Crex crex", "Scolopax rusticola"], "channels": [[{"startTime": 0.0, "endTime": 5.0, "predictions": {"probabilities": [5.22224086196843e-09, 0.2753792703151703], "logits": []}, "groundTruth": [0.0, 0.0]}, {"startTime": 5.0, "endTime": 10.0, "predictions": {"probabilities": [3.2127562832329204e-08, 0.03484403342008591], "logits": []}, "groundTruth": [0.0, 0.0]}, {"startTime": 10.0, "endTime": 15.0, "predictions": {"probabilities": [8.707869425528258e-10, 0.006276133004575968], "logits": []}, "groundTruth": [0.0, 0.0]}, {"startTime": 15.0, "endTime": 20.0, "predictions": {"probabilities": [9.777146203759912e-09, 0.01558633241802454], "logits": []}, "groundTruth": [0.0, 0.0]}]]}