{"modelName": "devise-221108-v8-ep423", "version": "1", "fileId": "a3ac70f8b77349d79bfdab2942537c69", "classIds": ["Crex crex", "Scolopax rusticola"], "channels": [[{"startTime": 0.0, "endTime": 5.0, "predictions": {"probabilities": [-14.443893432617188, -0.49298936128616333], "logits": [NaN, NaN]}, "groundTruth": [0.0, 0.0]}, {"startTime": 5.0, "endTime": 10.0, "predictions": {"probabilities": [-16.26116180419922, -2.1983742713928223], "logits": [NaN, NaN]}, "groundTruth": [0.0, 0.0]}, {"startTime": 10.0, "endTime": 15.0, "predictions": {"probabilities": [-14.27603816986084, -0.7174035906791687], "logits": [NaN, NaN]}, "groundTruth": [0.0, 0.0]}, {"startTime": 15.0, "endTime": 20.0, "predictions": {"probabilities": [-13.053488731384277, -1.008750319480896], "logits": [NaN, NaN]}, "groundTruth": [0.0, 0.0]}]]}