{"modelName": "devise-221108-v8-ep423", "version": "1", "fileId": "a3e8512f68ea44dfa61ec3cf2e6aa7ba", "classIds": ["Crex crex", "Scolopax rusticola"], "channels": [[{"startTime": 0.0, "endTime": 5.0, "predictions": {"probabilities": [-18.272275924682617, -3.971566677093506], "logits": [NaN, NaN]}, "groundTruth": [0.0, 0.0]}, {"startTime": 5.0, "endTime": 10.0, "predictions": {"probabilities": [-15.833474159240723, -2.043717861175537], "logits": [NaN, NaN]}, "groundTruth": [0.0, 0.0]}, {"startTime": 10.0, "endTime": 15.0, "predictions": {"probabilities": [-18.219615936279297, -3.3781633377075195], "logits": [NaN, NaN]}, "groundTruth": [0.0, 0.0]}, {"startTime": 15.0, "endTime": 20.0, "predictions": {"probabilities": [-18.916671752929688, -4.107629299163818], "logits": [NaN, NaN]}, "groundTruth": [0.0, 0.0]}]]}