{"modelName": "devise-221108-v8-ep423", "version": "1", "fileId": "a400b59e7b484f99a4547e0f1c392a3a", "classIds": ["Crex crex", "Scolopax rusticola"], "channels": [[{"startTime": 0.0, "endTime": 5.0, "predictions": {"probabilities": [2.08760570785671e-06, 0.2018359750509262], "logits": []}, "groundTruth": [0.0, 0.0]}, {"startTime": 5.0, "endTime": 10.0, "predictions": {"probabilities": [1.1520412499521626e-06, 0.6711193919181824], "logits": []}, "groundTruth": [0.0, 0.0]}, {"startTime": 10.0, "endTime": 15.0, "predictions": {"probabilities": [1.1327989341225475e-05, 0.38873618841171265], "logits": []}, "groundTruth": [0.0, 0.0]}, {"startTime": 15.0, "endTime": 20.0, "predictions": {"probabilities": [2.434388079564087e-06, 0.19174841046333313], "logits": []}, "groundTruth": [0.0, 0.0]}]]}