{"modelName": "devise-221108-v8-ep423", "version": "1", "fileId": "a46e183e109e4d45aa06230f1c646666", "classIds": ["Crex crex", "Scolopax rusticola"], "channels": [[{"startTime": 0.0, "endTime": 5.0, "predictions": {"probabilities": [-16.699993133544922, -3.3760018348693848], "logits": [NaN, NaN]}, "groundTruth": [0.0, 0.0]}, {"startTime": 5.0, "endTime": 10.0, "predictions": {"probabilities": [-17.555110931396484, -3.7082395553588867], "logits": [NaN, NaN]}, "groundTruth": [0.0, 0.0]}, {"startTime": 10.0, "endTime": 15.0, "predictions": {"probabilities": [-12.237960815429688, -0.7843321561813354], "logits": [NaN, NaN]}, "groundTruth": [0.0, 0.0]}, {"startTime": 15.0, "endTime": 20.0, "predictions": {"probabilities": [-13.818270683288574, 0.5735699534416199], "logits": [NaN, 0.29643160104751587]}, "groundTruth": [0.0, 0.0]}]]}