{"modelName": "devise-221108-v8-ep423", "version": "1", "fileId": "a4c76d4a1e2d4eab9bf623f4d2b7f74d", "classIds": ["Crex crex", "Scolopax rusticola"], "channels": [[{"startTime": 0.0, "endTime": 5.0, "predictions": {"probabilities": [-21.335649490356445, -5.249038219451904], "logits": [NaN, NaN]}, "groundTruth": [0.0, 0.0]}, {"startTime": 5.0, "endTime": 10.0, "predictions": {"probabilities": [-18.047409057617188, -2.8281095027923584], "logits": [NaN, NaN]}, "groundTruth": [0.0, 0.0]}, {"startTime": 10.0, "endTime": 15.0, "predictions": {"probabilities": [-22.64592933654785, 4.890440464019775], "logits": [NaN, NaN]}, "groundTruth": [0.0, 0.0]}, {"startTime": 15.0, "endTime": 20.0, "predictions": {"probabilities": [-16.762027740478516, -2.9927961826324463], "logits": [NaN, NaN]}, "groundTruth": [0.0, 0.0]}]]}