{"modelName": "devise-221108-v8-ep423", "version": "1", "fileId": "a4d61ea08c8d4b2283d169d3a157db8a", "classIds": ["Crex crex", "Scolopax rusticola"], "channels": [[{"startTime": 0.0, "endTime": 5.0, "predictions": {"probabilities": [-19.216333389282227, -4.386270999908447], "logits": [NaN, NaN]}, "groundTruth": [0.0, 0.0]}, {"startTime": 5.0, "endTime": 10.0, "predictions": {"probabilities": [-15.334932327270508, -2.144473075866699], "logits": [NaN, NaN]}, "groundTruth": [0.0, 0.0]}, {"startTime": 10.0, "endTime": 15.0, "predictions": {"probabilities": [-18.650978088378906, 5.554925441741943], "logits": [NaN, NaN]}, "groundTruth": [0.0, 0.0]}, {"startTime": 15.0, "endTime": 20.0, "predictions": {"probabilities": [-18.953319549560547, 0.15150964260101318], "logits": [NaN, -1.7228094339370728]}, "groundTruth": [0.0, 0.0]}]]}