{"modelName": "devise-221108-v8-ep423", "version": "1", "fileId": "a5319006f0514364b377ce41abd5a183", "classIds": ["Crex crex", "Scolopax rusticola"], "channels": [[{"startTime": 0.0, "endTime": 5.0, "predictions": {"probabilities": [2.834053418609983e-07, 0.9140012860298157], "logits": []}, "groundTruth": [0.0, 1.0]}, {"startTime": 4.0, "endTime": 9.0, "predictions": {"probabilities": [2.673232254589604e-14, 0.9999885559082031], "logits": []}, "groundTruth": [0.0, 1.0]}]]}