{"modelName": "devise-221108-v8-ep423", "version": "1", "fileId": "a54be1fde27d4a99b2d1c88963298ead", "classIds": ["Crex crex", "Scolopax rusticola"], "channels": [[{"startTime": 0.0, "endTime": 5.0, "predictions": {"probabilities": [1.4053097174837603e-07, 0.0660657063126564], "logits": []}, "groundTruth": [0.0, 0.0]}, {"startTime": 5.0, "endTime": 10.0, "predictions": {"probabilities": [4.643679574201087e-07, 0.21712157130241394], "logits": []}, "groundTruth": [0.0, 0.0]}, {"startTime": 10.0, "endTime": 15.0, "predictions": {"probabilities": [2.1471157651831163e-06, 0.16943258047103882], "logits": []}, "groundTruth": [0.0, 0.0]}, {"startTime": 15.0, "endTime": 20.0, "predictions": {"probabilities": [3.536398907044713e-08, 0.029882511124014854], "logits": []}, "groundTruth": [0.0, 0.0]}]]}