{"modelName": "devise-221108-v8-ep423", "version": "1", "fileId": "a657457ab45340cb87fde8f3ef818bd6", "classIds": ["Crex crex", "Scolopax rusticola"], "channels": [[{"startTime": 0.0, "endTime": 5.0, "predictions": {"probabilities": [-12.051653861999512, -0.902255117893219], "logits": [NaN, NaN]}, "groundTruth": [0.0, 0.0]}, {"startTime": 5.0, "endTime": 10.0, "predictions": {"probabilities": [-12.945638656616211, -1.1752110719680786], "logits": [NaN, NaN]}, "groundTruth": [0.0, 0.0]}, {"startTime": 10.0, "endTime": 15.0, "predictions": {"probabilities": [-13.086363792419434, -0.20030467212200165], "logits": [NaN, NaN]}, "groundTruth": [0.0, 0.0]}, {"startTime": 15.0, "endTime": 20.0, "predictions": {"probabilities": [-12.947543144226074, -1.2925126552581787], "logits": [NaN, NaN]}, "groundTruth": [0.0, 0.0]}]]}