{"modelName": "devise-221108-v8-ep423", "version": "1", "fileId": "a683f884664a4a2fa28f5fdf82f88f31", "classIds": ["Crex crex", "Scolopax rusticola"], "channels": [[{"startTime": 0.0, "endTime": 5.0, "predictions": {"probabilities": [-21.24056053161621, -5.236376762390137], "logits": [NaN, NaN]}, "groundTruth": [0.0, 0.0]}, {"startTime": 5.0, "endTime": 10.0, "predictions": {"probabilities": [-19.69449234008789, -4.49445915222168], "logits": [NaN, NaN]}, "groundTruth": [0.0, 0.0]}, {"startTime": 10.0, "endTime": 15.0, "predictions": {"probabilities": [-18.584835052490234, -2.3392860889434814], "logits": [NaN, NaN]}, "groundTruth": [0.0, 0.0]}, {"startTime": 15.0, "endTime": 20.0, "predictions": {"probabilities": [-23.944089889526367, 0.8972697257995605], "logits": [NaN, 2.1672496795654297]}, "groundTruth": [0.0, 0.0]}]]}