{"modelName": "devise-221108-v8-ep423", "version": "1", "fileId": "a6968c6ab5b44657a5e7c1dc26d116dc", "classIds": ["Crex crex", "Scolopax rusticola"], "channels": [[{"startTime": 0.0, "endTime": 5.0, "predictions": {"probabilities": [1.4378758805833058e-07, 0.0777696743607521], "logits": []}, "groundTruth": [0.0, 0.0]}, {"startTime": 5.0, "endTime": 10.0, "predictions": {"probabilities": [3.9310766197786506e-08, 0.03040841408073902], "logits": []}, "groundTruth": [0.0, 0.0]}, {"startTime": 10.0, "endTime": 15.0, "predictions": {"probabilities": [3.737283904570177e-08, 0.030556514859199524], "logits": []}, "groundTruth": [0.0, 0.0]}, {"startTime": 15.0, "endTime": 20.0, "predictions": {"probabilities": [3.794936560552742e-07, 0.13869349658489227], "logits": []}, "groundTruth": [0.0, 0.0]}]]}