{"modelName": "devise-221108-v8-ep423", "version": "1", "fileId": "a6968c6ab5b44657a5e7c1dc26d116dc", "classIds": ["Crex crex", "Scolopax rusticola"], "channels": [[{"startTime": 0.0, "endTime": 5.0, "predictions": {"probabilities": [-15.754928588867188, -2.473043441772461], "logits": [NaN, NaN]}, "groundTruth": [0.0, 0.0]}, {"startTime": 5.0, "endTime": 10.0, "predictions": {"probabilities": [-17.051767349243164, -3.46215558052063], "logits": [NaN, NaN]}, "groundTruth": [0.0, 0.0]}, {"startTime": 10.0, "endTime": 15.0, "predictions": {"probabilities": [-17.10232162475586, -3.457144260406494], "logits": [NaN, NaN]}, "groundTruth": [0.0, 0.0]}, {"startTime": 15.0, "endTime": 20.0, "predictions": {"probabilities": [-14.784427642822266, -1.8261839151382446], "logits": [NaN, NaN]}, "groundTruth": [0.0, 0.0]}]]}