{"modelName": "devise-221108-v8-ep423", "version": "1", "fileId": "a7199756e3f84cccbb2d36400eb19fe1", "classIds": ["Crex crex", "Scolopax rusticola"], "channels": [[{"startTime": 0.0, "endTime": 5.0, "predictions": {"probabilities": [3.0751497348546764e-08, 0.025537515059113503], "logits": []}, "groundTruth": [0.0, 0.0]}, {"startTime": 5.0, "endTime": 10.0, "predictions": {"probabilities": [8.217685376621375e-08, 0.05699450522661209], "logits": []}, "groundTruth": [0.0, 0.0]}, {"startTime": 10.0, "endTime": 15.0, "predictions": {"probabilities": [3.757825162153949e-09, 0.09033501893281937], "logits": []}, "groundTruth": [0.0, 0.0]}, {"startTime": 15.0, "endTime": 20.0, "predictions": {"probabilities": [7.3955219725974075e-09, 0.013927792198956013], "logits": []}, "groundTruth": [0.0, 0.0]}]]}