{"modelName": "devise-221108-v8-ep423", "version": "1", "fileId": "a71c95a6aeb0414b9b198ec4e6c9d1b9", "classIds": ["Crex crex", "Scolopax rusticola"], "channels": [[{"startTime": 0.0, "endTime": 5.0, "predictions": {"probabilities": [-20.125707626342773, -3.970625638961792], "logits": [NaN, NaN]}, "groundTruth": [0.0, 0.0]}, {"startTime": 5.0, "endTime": 10.0, "predictions": {"probabilities": [-18.900135040283203, -3.8649113178253174], "logits": [NaN, NaN]}, "groundTruth": [0.0, 0.0]}, {"startTime": 10.0, "endTime": 15.0, "predictions": {"probabilities": [-18.27476692199707, -3.716855525970459], "logits": [NaN, NaN]}, "groundTruth": [0.0, 0.0]}, {"startTime": 15.0, "endTime": 20.0, "predictions": {"probabilities": [-16.78336524963379, -2.845447301864624], "logits": [NaN, NaN]}, "groundTruth": [0.0, 0.0]}]]}