{"modelName": "devise-221108-v8-ep423", "version": "1", "fileId": "a72d646485fa49ccb70912d41c67552c", "classIds": ["Crex crex", "Scolopax rusticola"], "channels": [[{"startTime": 0.0, "endTime": 5.0, "predictions": {"probabilities": [4.212238197132123e-11, 0.996658444404602], "logits": []}, "groundTruth": [0.0, 0.0]}, {"startTime": 5.0, "endTime": 10.0, "predictions": {"probabilities": [1.2126787074517864e-10, 0.0210614874958992], "logits": []}, "groundTruth": [0.0, 0.0]}, {"startTime": 10.0, "endTime": 15.0, "predictions": {"probabilities": [4.282763921281685e-09, 0.97245854139328], "logits": []}, "groundTruth": [0.0, 0.0]}, {"startTime": 15.0, "endTime": 20.0, "predictions": {"probabilities": [6.061084079078682e-09, 0.017432590946555138], "logits": []}, "groundTruth": [0.0, 0.0]}]]}