{"modelName": "devise-221108-v8-ep423", "version": "1", "fileId": "a72d646485fa49ccb70912d41c67552c", "classIds": ["Crex crex", "Scolopax rusticola"], "channels": [[{"startTime": 0.0, "endTime": 5.0, "predictions": {"probabilities": [-23.89044189453125, 5.697958469390869], "logits": [NaN, NaN]}, "groundTruth": [0.0, 0.0]}, {"startTime": 5.0, "endTime": 10.0, "predictions": {"probabilities": [-22.833019256591797, -3.839022636413574], "logits": [NaN, NaN]}, "groundTruth": [0.0, 0.0]}, {"startTime": 10.0, "endTime": 15.0, "predictions": {"probabilities": [-19.268667221069336, 3.5641355514526367], "logits": [NaN, NaN]}, "groundTruth": [0.0, 0.0]}, {"startTime": 15.0, "endTime": 20.0, "predictions": {"probabilities": [-18.921377182006836, -4.031827449798584], "logits": [NaN, NaN]}, "groundTruth": [0.0, 0.0]}]]}