{"modelName": "devise-221108-v8-ep423", "version": "1", "fileId": "a75252df0f354d24a47d3fd2ded36d19", "classIds": ["Crex crex", "Scolopax rusticola"], "channels": [[{"startTime": 0.0, "endTime": 5.0, "predictions": {"probabilities": [2.287806333267639e-10, 0.16115057468414307], "logits": []}, "groundTruth": [0.0, 0.0]}, {"startTime": 5.0, "endTime": 10.0, "predictions": {"probabilities": [1.652794611200329e-16, 0.9999998807907104], "logits": []}, "groundTruth": [0.0, 0.0]}, {"startTime": 10.0, "endTime": 15.0, "predictions": {"probabilities": [4.008096077257051e-09, 0.014087495394051075], "logits": []}, "groundTruth": [0.0, 0.0]}, {"startTime": 15.0, "endTime": 20.0, "predictions": {"probabilities": [3.117425206866642e-10, 0.003746677190065384], "logits": []}, "groundTruth": [0.0, 0.0]}]]}