{"modelName": "devise-221108-v8-ep423", "version": "1", "fileId": "a8134adbc1ca481fbdb7f173a91baffc", "classIds": ["Crex crex", "Scolopax rusticola"], "channels": [[{"startTime": 0.0, "endTime": 5.0, "predictions": {"probabilities": [2.0270669587318935e-09, 0.2002015858888626], "logits": []}, "groundTruth": [0.0, 0.0]}, {"startTime": 5.0, "endTime": 10.0, "predictions": {"probabilities": [2.6290713606158533e-08, 0.4023851752281189], "logits": []}, "groundTruth": [0.0, 0.0]}, {"startTime": 10.0, "endTime": 15.0, "predictions": {"probabilities": [3.827171912718086e-09, 0.013896999880671501], "logits": []}, "groundTruth": [0.0, 0.0]}, {"startTime": 15.0, "endTime": 20.0, "predictions": {"probabilities": [3.875804210906608e-08, 0.06326664239168167], "logits": []}, "groundTruth": [0.0, 0.0]}]]}