{"modelName": "devise-221108-v8-ep423", "version": "1", "fileId": "a9aa9ba677104555820d1323fc1b57f0", "classIds": ["Crex crex", "Scolopax rusticola"], "channels": [[{"startTime": 0.0, "endTime": 5.0, "predictions": {"probabilities": [-18.34377098083496, -3.8515336513519287], "logits": [NaN, NaN]}, "groundTruth": [0.0, 0.0]}, {"startTime": 5.0, "endTime": 10.0, "predictions": {"probabilities": [-15.294663429260254, -2.5167410373687744], "logits": [NaN, NaN]}, "groundTruth": [0.0, 0.0]}, {"startTime": 10.0, "endTime": 15.0, "predictions": {"probabilities": [-18.456275939941406, -3.5217509269714355], "logits": [NaN, NaN]}, "groundTruth": [0.0, 0.0]}, {"startTime": 15.0, "endTime": 20.0, "predictions": {"probabilities": [-17.123245239257812, -3.127836227416992], "logits": [NaN, NaN]}, "groundTruth": [0.0, 0.0]}]]}