{"modelName": "devise-221108-v8-ep423", "version": "1", "fileId": "a9f772c1c83d4085ab0f588af267d5d1", "classIds": ["Crex crex", "Scolopax rusticola"], "channels": [[{"startTime": 0.0, "endTime": 5.0, "predictions": {"probabilities": [3.745022922885255e-06, 0.2299017757177353], "logits": []}, "groundTruth": [0.0, 0.0]}, {"startTime": 5.0, "endTime": 10.0, "predictions": {"probabilities": [3.207425606888137e-06, 0.4303753077983856], "logits": []}, "groundTruth": [0.0, 0.0]}, {"startTime": 10.0, "endTime": 15.0, "predictions": {"probabilities": [7.728602327006229e-07, 0.14027418196201324], "logits": []}, "groundTruth": [0.0, 0.0]}, {"startTime": 15.0, "endTime": 20.0, "predictions": {"probabilities": [1.4137815469439374e-06, 0.1660192310810089], "logits": []}, "groundTruth": [0.0, 0.0]}]]}