{"modelName": "devise-221108-v8-ep423", "version": "1", "fileId": "a9f772c1c83d4085ab0f588af267d5d1", "classIds": ["Crex crex", "Scolopax rusticola"], "channels": [[{"startTime": 0.0, "endTime": 5.0, "predictions": {"probabilities": [-12.495079040527344, -1.2088658809661865], "logits": [NaN, NaN]}, "groundTruth": [0.0, 0.0]}, {"startTime": 5.0, "endTime": 10.0, "predictions": {"probabilities": [-12.650038719177246, -0.28032001852989197], "logits": [NaN, NaN]}, "groundTruth": [0.0, 0.0]}, {"startTime": 10.0, "endTime": 15.0, "predictions": {"probabilities": [-14.073166847229004, -1.8130146265029907], "logits": [NaN, NaN]}, "groundTruth": [0.0, 0.0]}, {"startTime": 15.0, "endTime": 20.0, "predictions": {"probabilities": [-13.46924114227295, -1.6141066551208496], "logits": [NaN, NaN]}, "groundTruth": [0.0, 0.0]}]]}