{"modelName": "devise-221108-v8-ep423", "version": "1", "fileId": "aa3b7bbda26b49ea95e9143225612bb8", "classIds": ["Crex crex", "Scolopax rusticola"], "channels": [[{"startTime": 0.0, "endTime": 5.0, "predictions": {"probabilities": [4.755595739425189e-08, 0.059531085193157196], "logits": []}, "groundTruth": [0.0, 0.0]}, {"startTime": 5.0, "endTime": 10.0, "predictions": {"probabilities": [1.0624053459196148e-07, 0.05332523584365845], "logits": []}, "groundTruth": [0.0, 0.0]}, {"startTime": 10.0, "endTime": 15.0, "predictions": {"probabilities": [1.603879162814792e-08, 0.021411534398794174], "logits": []}, "groundTruth": [0.0, 0.0]}, {"startTime": 15.0, "endTime": 20.0, "predictions": {"probabilities": [9.213906082550238e-09, 0.10067176818847656], "logits": []}, "groundTruth": [0.0, 0.0]}]]}