{"modelName": "devise-221108-v8-ep423", "version": "1", "fileId": "aa3b7bbda26b49ea95e9143225612bb8", "classIds": ["Crex crex", "Scolopax rusticola"], "channels": [[{"startTime": 0.0, "endTime": 5.0, "predictions": {"probabilities": [-16.861358642578125, -2.7598800659179688], "logits": [NaN, NaN]}, "groundTruth": [0.0, 0.0]}, {"startTime": 5.0, "endTime": 10.0, "predictions": {"probabilities": [-16.057559967041016, -2.8765459060668945], "logits": [NaN, NaN]}, "groundTruth": [0.0, 0.0]}, {"startTime": 10.0, "endTime": 15.0, "predictions": {"probabilities": [-17.94825553894043, -3.822181463241577], "logits": [NaN, NaN]}, "groundTruth": [0.0, 0.0]}, {"startTime": 15.0, "endTime": 20.0, "predictions": {"probabilities": [-18.502552032470703, -2.1897826194763184], "logits": [NaN, NaN]}, "groundTruth": [0.0, 0.0]}]]}