{"modelName": "devise-221108-v8-ep423", "version": "1", "fileId": "aa602b6936f343b9955ace8c600f249a", "classIds": ["Crex crex", "Scolopax rusticola"], "channels": [[{"startTime": 0.0, "endTime": 5.0, "predictions": {"probabilities": [-17.580839157104492, 2.9609525203704834], "logits": [NaN, NaN]}, "groundTruth": [0.0, 1.0]}, {"startTime": 5.0, "endTime": 10.0, "predictions": {"probabilities": [-34.75767517089844, 22.176076889038086], "logits": [NaN, NaN]}, "groundTruth": [0.0, 1.0]}, {"startTime": 10.0, "endTime": 15.0, "predictions": {"probabilities": [-28.28046226501465, 14.00759506225586], "logits": [NaN, NaN]}, "groundTruth": [0.0, 1.0]}, {"startTime": 11.0, "endTime": 16.0, "predictions": {"probabilities": [-25.62322425842285, 9.609508514404297], "logits": [NaN, NaN]}, "groundTruth": [0.0, 1.0]}]]}