{"modelName": "devise-221108-v8-ep423", "version": "1", "fileId": "aaa2e321554c432baaf94105c519498e", "classIds": ["Crex crex", "Scolopax rusticola"], "channels": [[{"startTime": 0.0, "endTime": 5.0, "predictions": {"probabilities": [-14.854803085327148, 2.6811575889587402], "logits": [NaN, NaN]}, "groundTruth": [0.0, 0.0]}, {"startTime": 5.0, "endTime": 10.0, "predictions": {"probabilities": [-20.292648315429688, 3.195873260498047], "logits": [NaN, NaN]}, "groundTruth": [0.0, 0.0]}, {"startTime": 10.0, "endTime": 15.0, "predictions": {"probabilities": [-20.278209686279297, 3.0001609325408936], "logits": [NaN, NaN]}, "groundTruth": [0.0, 0.0]}, {"startTime": 15.0, "endTime": 20.0, "predictions": {"probabilities": [-14.466726303100586, -2.3063347339630127], "logits": [NaN, NaN]}, "groundTruth": [0.0, 0.0]}]]}