{"modelName": "devise-221108-v8-ep423", "version": "1", "fileId": "aaa2e321554c432baaf94105c519498e", "classIds": ["Crex crex", "Scolopax rusticola"], "channels": [[{"startTime": 0.0, "endTime": 5.0, "predictions": {"probabilities": [3.5370467799111793e-07, 0.9359055757522583], "logits": []}, "groundTruth": [0.0, 0.0]}, {"startTime": 5.0, "endTime": 10.0, "predictions": {"probabilities": [1.5382071172354017e-09, 0.9606786966323853], "logits": []}, "groundTruth": [0.0, 0.0]}, {"startTime": 10.0, "endTime": 15.0, "predictions": {"probabilities": [1.5605778891369937e-09, 0.9525814056396484], "logits": []}, "groundTruth": [0.0, 0.0]}, {"startTime": 15.0, "endTime": 20.0, "predictions": {"probabilities": [5.214112093199219e-07, 0.0905996784567833], "logits": []}, "groundTruth": [0.0, 0.0]}]]}