{"modelName": "devise-221108-v8-ep423", "version": "1", "fileId": "aafddd3e5e25454c8f310155df7ad38c", "classIds": ["Crex crex", "Scolopax rusticola"], "channels": [[{"startTime": 0.0, "endTime": 5.0, "predictions": {"probabilities": [3.2817217743286164e-06, 0.29981622099876404], "logits": []}, "groundTruth": [0.0, 0.0]}, {"startTime": 5.0, "endTime": 10.0, "predictions": {"probabilities": [4.34925368608674e-06, 0.6914117336273193], "logits": []}, "groundTruth": [0.0, 0.0]}, {"startTime": 10.0, "endTime": 15.0, "predictions": {"probabilities": [1.3444815749608097e-06, 0.6041281819343567], "logits": []}, "groundTruth": [0.0, 0.0]}, {"startTime": 15.0, "endTime": 20.0, "predictions": {"probabilities": [8.84085693542147e-06, 0.35302042961120605], "logits": []}, "groundTruth": [0.0, 0.0]}]]}