{"modelName": "devise-221108-v8-ep423", "version": "1", "fileId": "ab7d028a1c394730af012275848738a6", "classIds": ["Crex crex", "Scolopax rusticola"], "channels": [[{"startTime": 0.0, "endTime": 5.0, "predictions": {"probabilities": [2.130370148734073e-06, 0.21095752716064453], "logits": []}, "groundTruth": [0.0, 0.0]}, {"startTime": 5.0, "endTime": 10.0, "predictions": {"probabilities": [1.807510443541105e-07, 0.07037932425737381], "logits": []}, "groundTruth": [0.0, 0.0]}, {"startTime": 10.0, "endTime": 15.0, "predictions": {"probabilities": [2.2367578367266105e-06, 0.5266540050506592], "logits": []}, "groundTruth": [0.0, 0.0]}, {"startTime": 15.0, "endTime": 20.0, "predictions": {"probabilities": [3.801880211540265e-06, 0.2528311610221863], "logits": []}, "groundTruth": [0.0, 0.0]}]]}