{"modelName": "devise-221108-v8-ep423", "version": "1", "fileId": "ab893ddff9f9484580c52c8f471e89bc", "classIds": ["Crex crex", "Scolopax rusticola"], "channels": [[{"startTime": 0.0, "endTime": 5.0, "predictions": {"probabilities": [-13.360494613647461, 0.19210101664066315], "logits": [NaN, -1.436415672302246]}, "groundTruth": [0.0, 0.0]}, {"startTime": 5.0, "endTime": 10.0, "predictions": {"probabilities": [-17.57279396057129, 0.861042857170105], "logits": [NaN, 1.8239787817001343]}, "groundTruth": [0.0, 0.0]}, {"startTime": 10.0, "endTime": 15.0, "predictions": {"probabilities": [-15.976248741149902, 0.47429972887039185], "logits": [NaN, -0.10289178788661957]}, "groundTruth": [0.0, 0.0]}, {"startTime": 15.0, "endTime": 20.0, "predictions": {"probabilities": [-18.189830780029297, -3.4980762004852295], "logits": [NaN, NaN]}, "groundTruth": [0.0, 0.0]}]]}