{"modelName": "devise-221108-v8-ep423", "version": "1", "fileId": "ac2a9fc0153743faa8f4d80facab2fb7", "classIds": ["Crex crex", "Scolopax rusticola"], "channels": [[{"startTime": 0.0, "endTime": 5.0, "predictions": {"probabilities": [4.970187816866201e-09, 0.025302600115537643], "logits": []}, "groundTruth": [0.0, 0.0]}, {"startTime": 5.0, "endTime": 10.0, "predictions": {"probabilities": [2.0653021393785e-12, 0.9998061060905457], "logits": []}, "groundTruth": [0.0, 0.0]}, {"startTime": 10.0, "endTime": 15.0, "predictions": {"probabilities": [1.6400674596184217e-08, 0.028727520257234573], "logits": []}, "groundTruth": [0.0, 0.0]}, {"startTime": 15.0, "endTime": 20.0, "predictions": {"probabilities": [1.660966154304333e-05, 0.45770102739334106], "logits": []}, "groundTruth": [0.0, 0.0]}]]}