{"modelName": "devise-221108-v8-ep423", "version": "1", "fileId": "ad061954a54547849a6c45d8315bd15c", "classIds": ["Crex crex", "Scolopax rusticola"], "channels": [[{"startTime": 0.0, "endTime": 5.0, "predictions": {"probabilities": [-11.444939613342285, -0.5079866051673889], "logits": [NaN, NaN]}, "groundTruth": [0.0, 0.0]}, {"startTime": 5.0, "endTime": 10.0, "predictions": {"probabilities": [-11.03551197052002, 0.5297044515609741], "logits": [NaN, 0.11895790696144104]}, "groundTruth": [0.0, 0.0]}, {"startTime": 10.0, "endTime": 15.0, "predictions": {"probabilities": [-12.826010704040527, 0.8353586196899414], "logits": [NaN, 1.6240915060043335]}, "groundTruth": [0.0, 0.0]}, {"startTime": 15.0, "endTime": 20.0, "predictions": {"probabilities": [-14.165931701660156, -1.8378870487213135], "logits": [NaN, NaN]}, "groundTruth": [0.0, 0.0]}]]}