{"modelName": "devise-221108-v8-ep423", "version": "1", "fileId": "ad061954a54547849a6c45d8315bd15c", "classIds": ["Crex crex", "Scolopax rusticola"], "channels": [[{"startTime": 0.0, "endTime": 5.0, "predictions": {"probabilities": [1.0703387488320004e-05, 0.37566566467285156], "logits": []}, "groundTruth": [0.0, 0.0]}, {"startTime": 5.0, "endTime": 10.0, "predictions": {"probabilities": [1.6118738130899146e-05, 0.6294142007827759], "logits": []}, "groundTruth": [0.0, 0.0]}, {"startTime": 10.0, "endTime": 15.0, "predictions": {"probabilities": [2.6898815121967345e-06, 0.6974867582321167], "logits": []}, "groundTruth": [0.0, 0.0]}, {"startTime": 15.0, "endTime": 20.0, "predictions": {"probabilities": [7.043909135973081e-07, 0.13730138540267944], "logits": []}, "groundTruth": [0.0, 0.0]}]]}