{"modelName": "devise-221108-v8-ep423", "version": "1", "fileId": "ad5279b4bf6a4d558c23292cc3d32673", "classIds": ["Crex crex", "Scolopax rusticola"], "channels": [[{"startTime": 0.0, "endTime": 5.0, "predictions": {"probabilities": [4.199745973210156e-08, 0.16481982171535492], "logits": []}, "groundTruth": [0.0, 0.0]}, {"startTime": 5.0, "endTime": 10.0, "predictions": {"probabilities": [2.0956187896103984e-08, 0.04191724210977554], "logits": []}, "groundTruth": [0.0, 0.0]}, {"startTime": 10.0, "endTime": 15.0, "predictions": {"probabilities": [1.6361486609994813e-09, 0.008906330913305283], "logits": []}, "groundTruth": [0.0, 0.0]}, {"startTime": 15.0, "endTime": 20.0, "predictions": {"probabilities": [1.4163258121868694e-08, 0.6663253307342529], "logits": []}, "groundTruth": [0.0, 0.0]}]]}