{"modelName": "devise-221108-v8-ep423", "version": "1", "fileId": "ad9f5e31847644d9a1a56bf5845cb961", "classIds": ["Crex crex", "Scolopax rusticola"], "channels": [[{"startTime": 0.0, "endTime": 5.0, "predictions": {"probabilities": [1.4208985987806955e-08, 0.019503425806760788], "logits": []}, "groundTruth": [0.0, 0.0]}, {"startTime": 5.0, "endTime": 10.0, "predictions": {"probabilities": [6.227238280587244e-09, 0.014467106200754642], "logits": []}, "groundTruth": [0.0, 0.0]}, {"startTime": 10.0, "endTime": 15.0, "predictions": {"probabilities": [5.554531501417159e-09, 0.012242509052157402], "logits": []}, "groundTruth": [0.0, 0.0]}, {"startTime": 15.0, "endTime": 20.0, "predictions": {"probabilities": [3.6501857092474665e-09, 0.012145149521529675], "logits": []}, "groundTruth": [0.0, 0.0]}]]}