{"modelName": "devise-221108-v8-ep423", "version": "1", "fileId": "ae03b9d788214b2c811a02a62c6261cd", "classIds": ["Crex crex", "Scolopax rusticola"], "channels": [[{"startTime": 0.0, "endTime": 5.0, "predictions": {"probabilities": [1.163343426924257e-06, 0.7997249960899353], "logits": []}, "groundTruth": [0.0, 0.0]}, {"startTime": 5.0, "endTime": 10.0, "predictions": {"probabilities": [2.2915507997822715e-06, 0.32752618193626404], "logits": []}, "groundTruth": [0.0, 0.0]}, {"startTime": 10.0, "endTime": 15.0, "predictions": {"probabilities": [1.5224948128889082e-06, 0.189048171043396], "logits": []}, "groundTruth": [0.0, 0.0]}, {"startTime": 15.0, "endTime": 20.0, "predictions": {"probabilities": [1.385902095307756e-07, 0.9950758814811707], "logits": []}, "groundTruth": [0.0, 0.0]}]]}