{"modelName": "devise-221108-v8-ep423", "version": "1", "fileId": "ae03b9d788214b2c811a02a62c6261cd", "classIds": ["Crex crex", "Scolopax rusticola"], "channels": [[{"startTime": 0.0, "endTime": 5.0, "predictions": {"probabilities": [-13.66421127319336, 1.3845765590667725], "logits": [NaN, NaN]}, "groundTruth": [0.0, 0.0]}, {"startTime": 5.0, "endTime": 10.0, "predictions": {"probabilities": [-12.986279487609863, -0.719395101070404], "logits": [NaN, NaN]}, "groundTruth": [0.0, 0.0]}, {"startTime": 10.0, "endTime": 15.0, "predictions": {"probabilities": [-13.395158767700195, -1.4562067985534668], "logits": [NaN, NaN]}, "groundTruth": [0.0, 0.0]}, {"startTime": 15.0, "endTime": 20.0, "predictions": {"probabilities": [-15.791744232177734, 5.3086676597595215], "logits": [NaN, NaN]}, "groundTruth": [0.0, 0.0]}]]}