{"modelName": "devise-221108-v8-ep423", "version": "1", "fileId": "ae3ebc64dcc146a8a263de8e3b4e0dd7", "classIds": ["Crex crex", "Scolopax rusticola"], "channels": [[{"startTime": 0.0, "endTime": 5.0, "predictions": {"probabilities": [2.203057647420792e-08, 0.025156451389193535], "logits": []}, "groundTruth": [0.0, 0.0]}, {"startTime": 5.0, "endTime": 10.0, "predictions": {"probabilities": [4.363029493248405e-09, 0.11406461894512177], "logits": []}, "groundTruth": [0.0, 0.0]}, {"startTime": 10.0, "endTime": 15.0, "predictions": {"probabilities": [1.011503769632327e-08, 0.017649579793214798], "logits": []}, "groundTruth": [0.0, 0.0]}, {"startTime": 15.0, "endTime": 20.0, "predictions": {"probabilities": [2.6326774786866736e-06, 0.18296708166599274], "logits": []}, "groundTruth": [0.0, 0.0]}]]}