{"modelName": "devise-221108-v8-ep423", "version": "1", "fileId": "ae419802ab694916a56b8eefde1e923f", "classIds": ["Crex crex", "Scolopax rusticola"], "channels": [[{"startTime": 0.0, "endTime": 5.0, "predictions": {"probabilities": [-14.923370361328125, 0.8145239949226379], "logits": [NaN, 1.4796783924102783]}, "groundTruth": [0.0, 1.0]}, {"startTime": 5.0, "endTime": 10.0, "predictions": {"probabilities": [-22.07176971435547, 8.611716270446777], "logits": [NaN, NaN]}, "groundTruth": [0.0, 1.0]}, {"startTime": 10.0, "endTime": 15.0, "predictions": {"probabilities": [-32.170963287353516, 11.31153678894043], "logits": [NaN, NaN]}, "groundTruth": [0.0, 1.0]}]]}