{"modelName": "devise-221108-v8-ep423", "version": "1", "fileId": "ae7e4f176dc64cb69d565add0537f31a", "classIds": ["Crex crex", "Scolopax rusticola"], "channels": [[{"startTime": 0.0, "endTime": 5.0, "predictions": {"probabilities": [1.3589525060808683e-09, 0.9663111567497253], "logits": []}, "groundTruth": [0.0, 1.0]}, {"startTime": 5.0, "endTime": 10.0, "predictions": {"probabilities": [7.736341542429262e-15, 0.9999997615814209], "logits": []}, "groundTruth": [0.0, 1.0]}, {"startTime": 10.0, "endTime": 15.0, "predictions": {"probabilities": [7.764189291492585e-08, 0.956264853477478], "logits": []}, "groundTruth": [0.0, 1.0]}, {"startTime": 13.0, "endTime": 18.0, "predictions": {"probabilities": [7.688861842325423e-06, 0.8071336150169373], "logits": []}, "groundTruth": [0.0, 1.0]}]]}