{"modelName": "devise-221108-v8-ep423", "version": "1", "fileId": "ae9930ced43c4aa792692bfd09d45ad7", "classIds": ["Crex crex", "Scolopax rusticola"], "channels": [[{"startTime": 0.0, "endTime": 5.0, "predictions": {"probabilities": [-13.469481468200684, -1.0287648439407349], "logits": [NaN, NaN]}, "groundTruth": [0.0, 0.0]}, {"startTime": 5.0, "endTime": 10.0, "predictions": {"probabilities": [-13.18262767791748, -1.3805879354476929], "logits": [NaN, NaN]}, "groundTruth": [0.0, 0.0]}, {"startTime": 10.0, "endTime": 15.0, "predictions": {"probabilities": [-13.806662559509277, -1.8093678951263428], "logits": [NaN, NaN]}, "groundTruth": [0.0, 0.0]}, {"startTime": 15.0, "endTime": 20.0, "predictions": {"probabilities": [-14.394927978515625, 0.45187294483184814], "logits": [NaN, -0.19310607016086578]}, "groundTruth": [0.0, 0.0]}]]}