{"modelName": "devise-221108-v8-ep423", "version": "1", "fileId": "af296faccec54b838287be527de03871", "classIds": ["Crex crex", "Scolopax rusticola"], "channels": [[{"startTime": 0.0, "endTime": 5.0, "predictions": {"probabilities": [-18.761611938476562, -2.9878623485565186], "logits": [NaN, NaN]}, "groundTruth": [0.0, 0.0]}, {"startTime": 5.0, "endTime": 10.0, "predictions": {"probabilities": [-22.665407180786133, -5.770334243774414], "logits": [NaN, NaN]}, "groundTruth": [0.0, 0.0]}, {"startTime": 10.0, "endTime": 15.0, "predictions": {"probabilities": [-19.748512268066406, -2.8912582397460938], "logits": [NaN, NaN]}, "groundTruth": [0.0, 0.0]}, {"startTime": 15.0, "endTime": 20.0, "predictions": {"probabilities": [-17.956331253051758, -1.9164209365844727], "logits": [NaN, NaN]}, "groundTruth": [0.0, 0.0]}]]}