{"modelName": "devise-221108-v8-ep423", "version": "1", "fileId": "af296faccec54b838287be527de03871", "classIds": ["Crex crex", "Scolopax rusticola"], "channels": [[{"startTime": 0.0, "endTime": 5.0, "predictions": {"probabilities": [7.111078392796344e-09, 0.047977231442928314], "logits": []}, "groundTruth": [0.0, 0.0]}, {"startTime": 5.0, "endTime": 10.0, "predictions": {"probabilities": [1.433965585162511e-10, 0.0031090187840163708], "logits": []}, "groundTruth": [0.0, 0.0]}, {"startTime": 10.0, "endTime": 15.0, "predictions": {"probabilities": [2.6505140304777797e-09, 0.052587393671274185], "logits": []}, "groundTruth": [0.0, 0.0]}, {"startTime": 15.0, "endTime": 20.0, "predictions": {"probabilities": [1.5909789041756994e-08, 0.12826120853424072], "logits": []}, "groundTruth": [0.0, 0.0]}]]}