{"modelName": "devise-221108-v8-ep423", "version": "1", "fileId": "af56b129ecff4d15823774480437d0de", "classIds": ["Crex crex", "Scolopax rusticola"], "channels": [[{"startTime": 0.0, "endTime": 5.0, "predictions": {"probabilities": [-20.869081497192383, -4.959317684173584], "logits": [NaN, NaN]}, "groundTruth": [0.0, 0.0]}, {"startTime": 5.0, "endTime": 10.0, "predictions": {"probabilities": [-18.43324851989746, -4.1123456954956055], "logits": [NaN, NaN]}, "groundTruth": [0.0, 0.0]}, {"startTime": 10.0, "endTime": 15.0, "predictions": {"probabilities": [-21.622114181518555, -1.6197116374969482], "logits": [NaN, NaN]}, "groundTruth": [0.0, 0.0]}, {"startTime": 15.0, "endTime": 20.0, "predictions": {"probabilities": [-16.18658447265625, -2.6546058654785156], "logits": [NaN, NaN]}, "groundTruth": [0.0, 0.0]}]]}