{"modelName": "devise-221108-v8-ep423", "version": "1", "fileId": "afbd64d871964a31a69a3dc62f19d839", "classIds": ["Crex crex", "Scolopax rusticola"], "channels": [[{"startTime": 0.0, "endTime": 5.0, "predictions": {"probabilities": [-23.883962631225586, 2.0754451751708984], "logits": [NaN, NaN]}, "groundTruth": [0.0, 0.0]}, {"startTime": 5.0, "endTime": 10.0, "predictions": {"probabilities": [-23.002227783203125, -4.617380142211914], "logits": [NaN, NaN]}, "groundTruth": [0.0, 0.0]}, {"startTime": 10.0, "endTime": 15.0, "predictions": {"probabilities": [-21.13344383239746, -5.052824020385742], "logits": [NaN, NaN]}, "groundTruth": [0.0, 0.0]}, {"startTime": 15.0, "endTime": 20.0, "predictions": {"probabilities": [-22.37464714050293, -2.229104518890381], "logits": [NaN, NaN]}, "groundTruth": [0.0, 0.0]}]]}