{"modelName": "devise-221108-v8-ep423", "version": "1", "fileId": "afbd64d871964a31a69a3dc62f19d839", "classIds": ["Crex crex", "Scolopax rusticola"], "channels": [[{"startTime": 0.0, "endTime": 5.0, "predictions": {"probabilities": [4.239619072476941e-11, 0.888493537902832], "logits": []}, "groundTruth": [0.0, 0.0]}, {"startTime": 5.0, "endTime": 10.0, "predictions": {"probabilities": [1.0239043640725143e-10, 0.00978200975805521], "logits": []}, "groundTruth": [0.0, 0.0]}, {"startTime": 10.0, "endTime": 15.0, "predictions": {"probabilities": [6.635321736503386e-10, 0.006350670009851456], "logits": []}, "groundTruth": [0.0, 0.0]}, {"startTime": 15.0, "endTime": 20.0, "predictions": {"probabilities": [1.917848102550579e-10, 0.09716717153787613], "logits": []}, "groundTruth": [0.0, 0.0]}]]}