{"modelName": "devise-221108-v8-ep423", "version": "1", "fileId": "afed90b89ff34fe3876346fd663cb20c", "classIds": ["Crex crex", "Scolopax rusticola"], "channels": [[{"startTime": 0.0, "endTime": 5.0, "predictions": {"probabilities": [2.5527706171146747e-08, 0.32333552837371826], "logits": []}, "groundTruth": [0.0, 1.0]}, {"startTime": 5.0, "endTime": 10.0, "predictions": {"probabilities": [1.5061797853377357e-07, 0.08978425711393356], "logits": []}, "groundTruth": [0.0, 1.0]}, {"startTime": 7.0, "endTime": 12.0, "predictions": {"probabilities": [2.5188226615568965e-08, 0.03826604411005974], "logits": []}, "groundTruth": [0.0, 1.0]}]]}