{"modelName": "devise-221108-v8-ep423", "version": "1", "fileId": "b02436bdf1944a71a56c63a1f27734b1", "classIds": ["Crex crex", "Scolopax rusticola"], "channels": [[{"startTime": 0.0, "endTime": 5.0, "predictions": {"probabilities": [-24.664058685302734, 7.0708770751953125], "logits": [NaN, NaN]}, "groundTruth": [0.0, 0.0]}, {"startTime": 5.0, "endTime": 10.0, "predictions": {"probabilities": [-19.17484474182129, -3.0958657264709473], "logits": [NaN, NaN]}, "groundTruth": [0.0, 0.0]}, {"startTime": 10.0, "endTime": 15.0, "predictions": {"probabilities": [-19.016538619995117, -4.339255332946777], "logits": [NaN, NaN]}, "groundTruth": [0.0, 0.0]}, {"startTime": 15.0, "endTime": 20.0, "predictions": {"probabilities": [-20.307113647460938, 0.03311391919851303], "logits": [NaN, -3.37412691116333]}, "groundTruth": [0.0, 0.0]}]]}