{"modelName": "devise-221108-v8-ep423", "version": "1", "fileId": "b02436bdf1944a71a56c63a1f27734b1", "classIds": ["Crex crex", "Scolopax rusticola"], "channels": [[{"startTime": 0.0, "endTime": 5.0, "predictions": {"probabilities": [1.9432802589314235e-11, 0.9991512298583984], "logits": []}, "groundTruth": [0.0, 0.0]}, {"startTime": 5.0, "endTime": 10.0, "predictions": {"probabilities": [4.704037159797281e-09, 0.04327810928225517], "logits": []}, "groundTruth": [0.0, 0.0]}, {"startTime": 10.0, "endTime": 15.0, "predictions": {"probabilities": [5.510895739746502e-09, 0.012878227978944778], "logits": []}, "groundTruth": [0.0, 0.0]}, {"startTime": 15.0, "endTime": 20.0, "predictions": {"probabilities": [1.5161165656252251e-09, 0.5082777142524719], "logits": []}, "groundTruth": [0.0, 0.0]}]]}