{"modelName": "devise-221108-v8-ep423", "version": "1", "fileId": "b059fb10d0c94891bfe26d6b697f0b5e", "classIds": ["Crex crex", "Scolopax rusticola"], "channels": [[{"startTime": 0.0, "endTime": 5.0, "predictions": {"probabilities": [1.5285651855379e-08, 0.0771012231707573], "logits": []}, "groundTruth": [0.0, 0.0]}, {"startTime": 5.0, "endTime": 10.0, "predictions": {"probabilities": [2.2944554700643494e-08, 0.02489759773015976], "logits": []}, "groundTruth": [0.0, 0.0]}, {"startTime": 10.0, "endTime": 15.0, "predictions": {"probabilities": [1.0167321207177338e-08, 0.01613445393741131], "logits": []}, "groundTruth": [0.0, 0.0]}, {"startTime": 15.0, "endTime": 20.0, "predictions": {"probabilities": [9.43057614222198e-08, 0.0808311402797699], "logits": []}, "groundTruth": [0.0, 0.0]}]]}