{"modelName": "devise-221108-v8-ep423", "version": "1", "fileId": "b070861230a54545982ee2c3f0336e5e", "classIds": ["Crex crex", "Scolopax rusticola"], "channels": [[{"startTime": 0.0, "endTime": 5.0, "predictions": {"probabilities": [-20.419248580932617, -0.34850984811782837], "logits": [NaN, NaN]}, "groundTruth": [0.0, 0.0]}, {"startTime": 5.0, "endTime": 10.0, "predictions": {"probabilities": [-19.328907012939453, -2.1746373176574707], "logits": [NaN, NaN]}, "groundTruth": [0.0, 0.0]}, {"startTime": 10.0, "endTime": 15.0, "predictions": {"probabilities": [-21.277755737304688, -2.572622537612915], "logits": [NaN, NaN]}, "groundTruth": [0.0, 0.0]}, {"startTime": 15.0, "endTime": 20.0, "predictions": {"probabilities": [-21.48028564453125, 0.3602365255355835], "logits": [NaN, -0.5743376612663269]}, "groundTruth": [0.0, 0.0]}]]}