{"modelName": "devise-221108-v8-ep423", "version": "1", "fileId": "b070861230a54545982ee2c3f0336e5e", "classIds": ["Crex crex", "Scolopax rusticola"], "channels": [[{"startTime": 0.0, "endTime": 5.0, "predictions": {"probabilities": [1.3552924338355865e-09, 0.4137438237667084], "logits": []}, "groundTruth": [0.0, 0.0]}, {"startTime": 5.0, "endTime": 10.0, "predictions": {"probabilities": [4.032388201125059e-09, 0.10205130279064178], "logits": []}, "groundTruth": [0.0, 0.0]}, {"startTime": 10.0, "endTime": 15.0, "predictions": {"probabilities": [5.743651665390814e-10, 0.07092130929231644], "logits": []}, "groundTruth": [0.0, 0.0]}, {"startTime": 15.0, "endTime": 20.0, "predictions": {"probabilities": [4.690622334990735e-10, 0.5890976786613464], "logits": []}, "groundTruth": [0.0, 0.0]}]]}