{"modelName": "devise-221108-v8-ep423", "version": "1", "fileId": "b161d2f002f245eebb7dcb5f4f1def4b", "classIds": ["Crex crex", "Scolopax rusticola"], "channels": [[{"startTime": 0.0, "endTime": 5.0, "predictions": {"probabilities": [-14.664327621459961, -2.121690511703491], "logits": [NaN, NaN]}, "groundTruth": [0.0, 0.0]}, {"startTime": 5.0, "endTime": 10.0, "predictions": {"probabilities": [-13.698140144348145, -1.6898422241210938], "logits": [NaN, NaN]}, "groundTruth": [0.0, 0.0]}, {"startTime": 10.0, "endTime": 15.0, "predictions": {"probabilities": [-12.693623542785645, -1.2382946014404297], "logits": [NaN, NaN]}, "groundTruth": [0.0, 0.0]}, {"startTime": 15.0, "endTime": 20.0, "predictions": {"probabilities": [-15.057092666625977, -2.1748268604278564], "logits": [NaN, NaN]}, "groundTruth": [0.0, 0.0]}]]}