{"modelName": "devise-221108-v8-ep423", "version": "1", "fileId": "b1c5e30afcc74b8a97c2d4de9b970de6", "classIds": ["Crex crex", "Scolopax rusticola"], "channels": [[{"startTime": 0.0, "endTime": 5.0, "predictions": {"probabilities": [1.47505019754135e-07, 0.0659383088350296], "logits": []}, "groundTruth": [0.0, 0.0]}, {"startTime": 5.0, "endTime": 10.0, "predictions": {"probabilities": [1.0290452223671309e-07, 0.06946329772472382], "logits": []}, "groundTruth": [0.0, 0.0]}, {"startTime": 10.0, "endTime": 15.0, "predictions": {"probabilities": [3.0520566269842675e-06, 0.2022109031677246], "logits": []}, "groundTruth": [0.0, 0.0]}, {"startTime": 15.0, "endTime": 20.0, "predictions": {"probabilities": [1.3491928712028312e-06, 0.1896813064813614], "logits": []}, "groundTruth": [0.0, 0.0]}]]}