{"modelName": "devise-221108-v8-ep423", "version": "1", "fileId": "b1c5e30afcc74b8a97c2d4de9b970de6", "classIds": ["Crex crex", "Scolopax rusticola"], "channels": [[{"startTime": 0.0, "endTime": 5.0, "predictions": {"probabilities": [-15.729403495788574, -2.650822877883911], "logits": [NaN, NaN]}, "groundTruth": [0.0, 0.0]}, {"startTime": 5.0, "endTime": 10.0, "predictions": {"probabilities": [-16.08946418762207, -2.5949630737304688], "logits": [NaN, NaN]}, "groundTruth": [0.0, 0.0]}, {"startTime": 10.0, "endTime": 15.0, "predictions": {"probabilities": [-12.699691772460938, -1.3725330829620361], "logits": [NaN, NaN]}, "groundTruth": [0.0, 0.0]}, {"startTime": 15.0, "endTime": 20.0, "predictions": {"probabilities": [-13.516002655029297, -1.4520822763442993], "logits": [NaN, NaN]}, "groundTruth": [0.0, 0.0]}]]}