{"modelName": "devise-221108-v8-ep423", "version": "1", "fileId": "b22e6d97e5fa4a7f997f1bed54a8cf08", "classIds": ["Crex crex", "Scolopax rusticola"], "channels": [[{"startTime": 0.0, "endTime": 5.0, "predictions": {"probabilities": [1.3049900360329048e-07, 0.058919209986925125], "logits": []}, "groundTruth": [0.0, 0.0]}, {"startTime": 5.0, "endTime": 10.0, "predictions": {"probabilities": [1.908874907030622e-07, 0.06811322271823883], "logits": []}, "groundTruth": [0.0, 0.0]}, {"startTime": 10.0, "endTime": 15.0, "predictions": {"probabilities": [2.5605149289731344e-07, 0.07565733790397644], "logits": []}, "groundTruth": [0.0, 0.0]}, {"startTime": 15.0, "endTime": 20.0, "predictions": {"probabilities": [1.2192555232104496e-07, 0.05363023653626442], "logits": []}, "groundTruth": [0.0, 0.0]}]]}