{"modelName": "devise-221108-v8-ep423", "version": "1", "fileId": "b2821eaadfa142f2887817d6eae6dfe0", "classIds": ["Crex crex", "Scolopax rusticola"], "channels": [[{"startTime": 0.0, "endTime": 5.0, "predictions": {"probabilities": [3.4826285855160677e-07, 0.1316303014755249], "logits": []}, "groundTruth": [0.0, 0.0]}, {"startTime": 5.0, "endTime": 10.0, "predictions": {"probabilities": [5.2188777743822357e-08, 0.03869331255555153], "logits": []}, "groundTruth": [0.0, 0.0]}, {"startTime": 10.0, "endTime": 15.0, "predictions": {"probabilities": [1.4264427417032266e-09, 0.008008258417248726], "logits": []}, "groundTruth": [0.0, 0.0]}, {"startTime": 15.0, "endTime": 20.0, "predictions": {"probabilities": [4.2429465452187287e-07, 0.2809394299983978], "logits": []}, "groundTruth": [0.0, 0.0]}]]}