{"modelName": "devise-221108-v8-ep423", "version": "1", "fileId": "b2cc5a9439614d93aae9528e073edc4d", "classIds": ["Crex crex", "Scolopax rusticola"], "channels": [[{"startTime": 0.0, "endTime": 5.0, "predictions": {"probabilities": [-28.726730346679688, 10.536231994628906], "logits": [NaN, NaN]}, "groundTruth": [0.0, 0.0]}, {"startTime": 5.0, "endTime": 10.0, "predictions": {"probabilities": [-19.340072631835938, -4.3956098556518555], "logits": [NaN, NaN]}, "groundTruth": [0.0, 0.0]}, {"startTime": 10.0, "endTime": 15.0, "predictions": {"probabilities": [-19.60614013671875, -4.62699031829834], "logits": [NaN, NaN]}, "groundTruth": [0.0, 0.0]}, {"startTime": 15.0, "endTime": 20.0, "predictions": {"probabilities": [-18.683324813842773, -2.226578712463379], "logits": [NaN, NaN]}, "groundTruth": [0.0, 0.0]}]]}