{"modelName": "devise-221108-v8-ep423", "version": "1", "fileId": "b2cc5a9439614d93aae9528e073edc4d", "classIds": ["Crex crex", "Scolopax rusticola"], "channels": [[{"startTime": 0.0, "endTime": 5.0, "predictions": {"probabilities": [3.3430243707825713e-13, 0.9999734163284302], "logits": []}, "groundTruth": [0.0, 0.0]}, {"startTime": 5.0, "endTime": 10.0, "predictions": {"probabilities": [3.987614682898766e-09, 0.012181147933006287], "logits": []}, "groundTruth": [0.0, 0.0]}, {"startTime": 10.0, "endTime": 15.0, "predictions": {"probabilities": [3.0560574071358815e-09, 0.009689359925687313], "logits": []}, "groundTruth": [0.0, 0.0]}, {"startTime": 15.0, "endTime": 20.0, "predictions": {"probabilities": [7.6901560674969e-09, 0.09738897532224655], "logits": []}, "groundTruth": [0.0, 0.0]}]]}