{"modelName": "devise-221108-v8-ep423", "version": "1", "fileId": "b2d1530f1f104a369f2bca55a89a6c95", "classIds": ["Crex crex", "Scolopax rusticola"], "channels": [[{"startTime": 0.0, "endTime": 5.0, "predictions": {"probabilities": [1.1088131941505708e-06, 0.7696555256843567], "logits": []}, "groundTruth": [0.0, 0.0]}, {"startTime": 5.0, "endTime": 10.0, "predictions": {"probabilities": [1.0228244207155512e-07, 0.0641971081495285], "logits": []}, "groundTruth": [0.0, 0.0]}, {"startTime": 10.0, "endTime": 15.0, "predictions": {"probabilities": [7.766713565615646e-07, 0.3982119858264923], "logits": []}, "groundTruth": [0.0, 0.0]}, {"startTime": 15.0, "endTime": 20.0, "predictions": {"probabilities": [3.1967755376172136e-07, 0.16141420602798462], "logits": []}, "groundTruth": [0.0, 0.0]}]]}