{"modelName": "devise-221108-v8-ep423", "version": "1", "fileId": "b2d1530f1f104a369f2bca55a89a6c95", "classIds": ["Crex crex", "Scolopax rusticola"], "channels": [[{"startTime": 0.0, "endTime": 5.0, "predictions": {"probabilities": [-13.71221923828125, 1.206367015838623], "logits": [NaN, NaN]}, "groundTruth": [0.0, 0.0]}, {"startTime": 5.0, "endTime": 10.0, "predictions": {"probabilities": [-16.09552764892578, -2.6794466972351074], "logits": [NaN, NaN]}, "groundTruth": [0.0, 0.0]}, {"startTime": 10.0, "endTime": 15.0, "predictions": {"probabilities": [-14.06824779510498, -0.41292065382003784], "logits": [NaN, NaN]}, "groundTruth": [0.0, 0.0]}, {"startTime": 15.0, "endTime": 20.0, "predictions": {"probabilities": [-14.955952644348145, -1.6477431058883667], "logits": [NaN, NaN]}, "groundTruth": [0.0, 0.0]}]]}