{"modelName": "devise-221108-v8-ep423", "version": "1", "fileId": "b38cda5746a548f9a0d038d796036fcc", "classIds": ["Crex crex", "Scolopax rusticola"], "channels": [[{"startTime": 0.0, "endTime": 5.0, "predictions": {"probabilities": [-15.540753364562988, -2.717909336090088], "logits": [NaN, NaN]}, "groundTruth": [0.0, 0.0]}, {"startTime": 5.0, "endTime": 10.0, "predictions": {"probabilities": [-21.018383026123047, -5.2098708152771], "logits": [NaN, NaN]}, "groundTruth": [0.0, 0.0]}, {"startTime": 10.0, "endTime": 15.0, "predictions": {"probabilities": [-17.71600341796875, -3.509488105773926], "logits": [NaN, NaN]}, "groundTruth": [0.0, 0.0]}, {"startTime": 15.0, "endTime": 20.0, "predictions": {"probabilities": [-23.570518493652344, -1.3622758388519287], "logits": [NaN, NaN]}, "groundTruth": [0.0, 0.0]}]]}