{"modelName": "devise-221108-v8-ep423", "version": "1", "fileId": "b3c477c8b2644fa0a885ad6aae4e60cd", "classIds": ["Crex crex", "Scolopax rusticola"], "channels": [[{"startTime": 0.0, "endTime": 5.0, "predictions": {"probabilities": [-18.1086483001709, -3.4533255100250244], "logits": [NaN, NaN]}, "groundTruth": [0.0, 0.0]}, {"startTime": 5.0, "endTime": 10.0, "predictions": {"probabilities": [-20.758289337158203, -4.7849931716918945], "logits": [NaN, NaN]}, "groundTruth": [0.0, 0.0]}, {"startTime": 10.0, "endTime": 15.0, "predictions": {"probabilities": [-19.62708854675293, -4.618982791900635], "logits": [NaN, NaN]}, "groundTruth": [0.0, 0.0]}, {"startTime": 15.0, "endTime": 20.0, "predictions": {"probabilities": [-20.45399284362793, -5.002598285675049], "logits": [NaN, NaN]}, "groundTruth": [0.0, 0.0]}]]}