{"modelName": "devise-221108-v8-ep423", "version": "1", "fileId": "b3c477c8b2644fa0a885ad6aae4e60cd", "classIds": ["Crex crex", "Scolopax rusticola"], "channels": [[{"startTime": 0.0, "endTime": 5.0, "predictions": {"probabilities": [1.3661990649893596e-08, 0.030669838190078735], "logits": []}, "groundTruth": [0.0, 0.0]}, {"startTime": 5.0, "endTime": 10.0, "predictions": {"probabilities": [9.655827248877813e-10, 0.008284966461360455], "logits": []}, "groundTruth": [0.0, 0.0]}, {"startTime": 10.0, "endTime": 15.0, "predictions": {"probabilities": [2.9927038625032765e-09, 0.009766497649252415], "logits": []}, "groundTruth": [0.0, 0.0]}, {"startTime": 15.0, "endTime": 20.0, "predictions": {"probabilities": [1.3090124539871795e-09, 0.00667559914290905], "logits": []}, "groundTruth": [0.0, 0.0]}]]}