{"modelName": "devise-221108-v8-ep423", "version": "1", "fileId": "b3de7bc259f042cc8de1ea2e3b906637", "classIds": ["Crex crex", "Scolopax rusticola"], "channels": [[{"startTime": 0.0, "endTime": 5.0, "predictions": {"probabilities": [1.027975599754427e-06, 0.27383697032928467], "logits": []}, "groundTruth": [0.0, 0.0]}, {"startTime": 5.0, "endTime": 10.0, "predictions": {"probabilities": [1.637401823018081e-07, 0.08999736607074738], "logits": []}, "groundTruth": [0.0, 0.0]}, {"startTime": 10.0, "endTime": 15.0, "predictions": {"probabilities": [2.4285097879328532e-06, 0.27060726284980774], "logits": []}, "groundTruth": [0.0, 0.0]}, {"startTime": 15.0, "endTime": 20.0, "predictions": {"probabilities": [3.18675370181154e-06, 0.22105436027050018], "logits": []}, "groundTruth": [0.0, 0.0]}]]}