{"modelName": "devise-221108-v8-ep423", "version": "1", "fileId": "b3f80577604a4f4295273bb5c72de5ab", "classIds": ["Crex crex", "Scolopax rusticola"], "channels": [[{"startTime": 0.0, "endTime": 5.0, "predictions": {"probabilities": [-19.042295455932617, -4.247780799865723], "logits": [NaN, NaN]}, "groundTruth": [0.0, 0.0]}, {"startTime": 5.0, "endTime": 10.0, "predictions": {"probabilities": [-20.404523849487305, -4.5355000495910645], "logits": [NaN, NaN]}, "groundTruth": [0.0, 0.0]}, {"startTime": 10.0, "endTime": 15.0, "predictions": {"probabilities": [-22.02088737487793, -4.3840556144714355], "logits": [NaN, NaN]}, "groundTruth": [0.0, 0.0]}, {"startTime": 15.0, "endTime": 20.0, "predictions": {"probabilities": [-19.825197219848633, -4.047878265380859], "logits": [NaN, NaN]}, "groundTruth": [0.0, 0.0]}]]}