{"modelName": "devise-221108-v8-ep423", "version": "1", "fileId": "b3ffb994196d4048a10a5e34e9bad3ed", "classIds": ["Crex crex", "Scolopax rusticola"], "channels": [[{"startTime": 0.0, "endTime": 5.0, "predictions": {"probabilities": [-20.23147964477539, -4.794991970062256], "logits": [NaN, NaN]}, "groundTruth": [0.0, 0.0]}, {"startTime": 5.0, "endTime": 10.0, "predictions": {"probabilities": [-17.538589477539062, -1.6426864862442017], "logits": [NaN, NaN]}, "groundTruth": [0.0, 0.0]}, {"startTime": 10.0, "endTime": 15.0, "predictions": {"probabilities": [-22.27730941772461, 5.9564409255981445], "logits": [NaN, NaN]}, "groundTruth": [0.0, 0.0]}, {"startTime": 15.0, "endTime": 20.0, "predictions": {"probabilities": [-23.162559509277344, 4.394174575805664], "logits": [NaN, NaN]}, "groundTruth": [0.0, 0.0]}]]}