{"modelName": "devise-221108-v8-ep423", "version": "1", "fileId": "b3ff25725c3a452092c359aa0a6edd84", "classIds": ["Crex crex", "Scolopax rusticola"], "channels": [[{"startTime": 0.0, "endTime": 5.0, "predictions": {"probabilities": [-18.12462043762207, -2.298506259918213], "logits": [NaN, NaN]}, "groundTruth": [0.0, 0.0]}, {"startTime": 5.0, "endTime": 10.0, "predictions": {"probabilities": [-22.74287986755371, -1.0447028875350952], "logits": [NaN, NaN]}, "groundTruth": [0.0, 0.0]}, {"startTime": 10.0, "endTime": 15.0, "predictions": {"probabilities": [-20.387624740600586, -3.779008150100708], "logits": [NaN, NaN]}, "groundTruth": [0.0, 0.0]}, {"startTime": 15.0, "endTime": 20.0, "predictions": {"probabilities": [-21.732624053955078, -5.124499320983887], "logits": [NaN, NaN]}, "groundTruth": [0.0, 0.0]}]]}