{"modelName": "devise-221108-v8-ep423", "version": "1", "fileId": "b3ffb994196d4048a10a5e34e9bad3ed", "classIds": ["Crex crex", "Scolopax rusticola"], "channels": [[{"startTime": 0.0, "endTime": 5.0, "predictions": {"probabilities": [1.6352343923387025e-09, 0.008203215897083282], "logits": []}, "groundTruth": [0.0, 0.0]}, {"startTime": 5.0, "endTime": 10.0, "predictions": {"probabilities": [2.4159467315598704e-08, 0.16209983825683594], "logits": []}, "groundTruth": [0.0, 0.0]}, {"startTime": 10.0, "endTime": 15.0, "predictions": {"probabilities": [2.1139145989224062e-10, 0.9974175691604614], "logits": []}, "groundTruth": [0.0, 0.0]}, {"startTime": 15.0, "endTime": 20.0, "predictions": {"probabilities": [8.722243760583837e-11, 0.9878014922142029], "logits": []}, "groundTruth": [0.0, 0.0]}]]}