{"modelName": "devise-221108-v8-ep423", "version": "1", "fileId": "b47dd2a7adec412f858b7597287899d3", "classIds": ["Crex crex", "Scolopax rusticola"], "channels": [[{"startTime": 0.0, "endTime": 5.0, "predictions": {"probabilities": [-16.536500930786133, -3.0618555545806885], "logits": [NaN, NaN]}, "groundTruth": [0.0, 0.0]}, {"startTime": 5.0, "endTime": 10.0, "predictions": {"probabilities": [-20.732437133789062, -4.997278690338135], "logits": [NaN, NaN]}, "groundTruth": [0.0, 0.0]}, {"startTime": 10.0, "endTime": 15.0, "predictions": {"probabilities": [-20.27167320251465, 3.425269603729248], "logits": [NaN, NaN]}, "groundTruth": [0.0, 0.0]}, {"startTime": 15.0, "endTime": 20.0, "predictions": {"probabilities": [-19.710371017456055, -2.8492565155029297], "logits": [NaN, NaN]}, "groundTruth": [0.0, 0.0]}]]}