{"modelName": "devise-221108-v8-ep423", "version": "1", "fileId": "b4ea34a99a434f6fa1826b522113a047", "classIds": ["Crex crex", "Scolopax rusticola"], "channels": [[{"startTime": 0.0, "endTime": 5.0, "predictions": {"probabilities": [-17.211002349853516, -2.816823720932007], "logits": [NaN, NaN]}, "groundTruth": [0.0, 1.0]}, {"startTime": 5.0, "endTime": 10.0, "predictions": {"probabilities": [-47.78019714355469, 27.932161331176758], "logits": [NaN, NaN]}, "groundTruth": [0.0, 1.0]}, {"startTime": 8.0, "endTime": 13.0, "predictions": {"probabilities": [-39.33395767211914, 25.152416229248047], "logits": [NaN, NaN]}, "groundTruth": [0.0, 1.0]}]]}