{"modelName": "devise-221108-v8-ep423", "version": "1", "fileId": "b505c066dc4b4877a4cb58ae1a03ed42", "classIds": ["Crex crex", "Scolopax rusticola"], "channels": [[{"startTime": 0.0, "endTime": 5.0, "predictions": {"probabilities": [-21.212142944335938, -0.9391641020774841], "logits": [NaN, NaN]}, "groundTruth": [0.0, 0.0]}, {"startTime": 5.0, "endTime": 10.0, "predictions": {"probabilities": [-16.240833282470703, -3.1556551456451416], "logits": [NaN, NaN]}, "groundTruth": [0.0, 0.0]}, {"startTime": 10.0, "endTime": 15.0, "predictions": {"probabilities": [-18.674327850341797, -4.1438140869140625], "logits": [NaN, NaN]}, "groundTruth": [0.0, 0.0]}, {"startTime": 15.0, "endTime": 20.0, "predictions": {"probabilities": [-19.67166519165039, -4.576671600341797], "logits": [NaN, NaN]}, "groundTruth": [0.0, 0.0]}]]}