{"modelName": "devise-221108-v8-ep423", "version": "1", "fileId": "b50a95cad5104734975af9f0b3a0538d", "classIds": ["Crex crex", "Scolopax rusticola"], "channels": [[{"startTime": 0.0, "endTime": 5.0, "predictions": {"probabilities": [1.6338136177296292e-08, 0.443489670753479], "logits": []}, "groundTruth": [0.0, 1.0]}, {"startTime": 5.0, "endTime": 10.0, "predictions": {"probabilities": [1.0187118349350681e-16, 1.0], "logits": []}, "groundTruth": [0.0, 1.0]}, {"startTime": 10.0, "endTime": 15.0, "predictions": {"probabilities": [2.6647579698391155e-09, 0.9967890977859497], "logits": []}, "groundTruth": [0.0, 1.0]}, {"startTime": 13.0, "endTime": 18.0, "predictions": {"probabilities": [8.032671749980125e-11, 0.9458791613578796], "logits": []}, "groundTruth": [0.0, 1.0]}]]}