{"modelName": "devise-221108-v8-ep423", "version": "1", "fileId": "b52d37fe43b146e78c2a83e06cd4fc3f", "classIds": ["Crex crex", "Scolopax rusticola"], "channels": [[{"startTime": 0.0, "endTime": 5.0, "predictions": {"probabilities": [-19.163061141967773, 1.1192355155944824], "logits": [NaN, NaN]}, "groundTruth": [0.0, 0.0]}, {"startTime": 5.0, "endTime": 10.0, "predictions": {"probabilities": [-18.371540069580078, -4.096978664398193], "logits": [NaN, NaN]}, "groundTruth": [0.0, 0.0]}, {"startTime": 10.0, "endTime": 15.0, "predictions": {"probabilities": [-20.552852630615234, 0.48289161920547485], "logits": [NaN, -0.06846027076244354]}, "groundTruth": [0.0, 0.0]}, {"startTime": 15.0, "endTime": 20.0, "predictions": {"probabilities": [-14.695807456970215, 0.4971519708633423], "logits": [NaN, -0.011392210610210896]}, "groundTruth": [0.0, 0.0]}]]}