{"modelName": "devise-221108-v8-ep423", "version": "1", "fileId": "b58c15aae4e1454a9355098c2e4736ca", "classIds": ["Crex crex", "Scolopax rusticola"], "channels": [[{"startTime": 0.0, "endTime": 5.0, "predictions": {"probabilities": [6.864659951588692e-10, 0.005135302431881428], "logits": []}, "groundTruth": [0.0, 0.0]}, {"startTime": 5.0, "endTime": 10.0, "predictions": {"probabilities": [2.6228692551200083e-09, 0.011096145957708359], "logits": []}, "groundTruth": [0.0, 0.0]}, {"startTime": 10.0, "endTime": 15.0, "predictions": {"probabilities": [3.241759527483623e-09, 0.010446924716234207], "logits": []}, "groundTruth": [0.0, 0.0]}, {"startTime": 15.0, "endTime": 20.0, "predictions": {"probabilities": [9.542719503485841e-09, 0.15598534047603607], "logits": []}, "groundTruth": [0.0, 0.0]}]]}