{"modelName": "devise-221108-v8-ep423", "version": "1", "fileId": "b5915441377f4ffcba935bb9a0ac60d5", "classIds": ["Crex crex", "Scolopax rusticola"], "channels": [[{"startTime": 0.0, "endTime": 5.0, "predictions": {"probabilities": [-17.780776977539062, -3.482569932937622], "logits": [NaN, NaN]}, "groundTruth": [0.0, 0.0]}, {"startTime": 5.0, "endTime": 10.0, "predictions": {"probabilities": [-20.873565673828125, -5.018009662628174], "logits": [NaN, NaN]}, "groundTruth": [0.0, 0.0]}, {"startTime": 10.0, "endTime": 15.0, "predictions": {"probabilities": [-20.91486167907715, -4.362033843994141], "logits": [NaN, NaN]}, "groundTruth": [0.0, 0.0]}, {"startTime": 15.0, "endTime": 20.0, "predictions": {"probabilities": [-15.296195983886719, -1.0869883298873901], "logits": [NaN, NaN]}, "groundTruth": [0.0, 0.0]}]]}