{"modelName": "devise-221108-v8-ep423", "version": "1", "fileId": "b5915441377f4ffcba935bb9a0ac60d5", "classIds": ["Crex crex", "Scolopax rusticola"], "channels": [[{"startTime": 0.0, "endTime": 5.0, "predictions": {"probabilities": [1.8962984071890787e-08, 0.02981225959956646], "logits": []}, "groundTruth": [0.0, 0.0]}, {"startTime": 5.0, "endTime": 10.0, "predictions": {"probabilities": [8.604499335262972e-10, 0.006574179045855999], "logits": []}, "groundTruth": [0.0, 0.0]}, {"startTime": 10.0, "endTime": 15.0, "predictions": {"probabilities": [8.256405004125611e-10, 0.012591848149895668], "logits": []}, "groundTruth": [0.0, 0.0]}, {"startTime": 15.0, "endTime": 20.0, "predictions": {"probabilities": [2.2748164951735816e-07, 0.2521858215332031], "logits": []}, "groundTruth": [0.0, 0.0]}]]}