{"modelName": "devise-221108-v8-ep423", "version": "1", "fileId": "b5bddcd62f7f43d7b6d92a5aa0ea2017", "classIds": ["Crex crex", "Scolopax rusticola"], "channels": [[{"startTime": 0.0, "endTime": 5.0, "predictions": {"probabilities": [3.668633175024638e-09, 0.010814928449690342], "logits": []}, "groundTruth": [0.0, 0.0]}, {"startTime": 5.0, "endTime": 10.0, "predictions": {"probabilities": [5.806354010928771e-07, 0.16885845363140106], "logits": []}, "groundTruth": [0.0, 0.0]}, {"startTime": 10.0, "endTime": 15.0, "predictions": {"probabilities": [7.671888511140423e-07, 0.17388089001178741], "logits": []}, "groundTruth": [0.0, 0.0]}, {"startTime": 15.0, "endTime": 20.0, "predictions": {"probabilities": [3.876163532368082e-07, 0.09176070988178253], "logits": []}, "groundTruth": [0.0, 0.0]}]]}