{"modelName": "devise-221108-v8-ep423", "version": "1", "fileId": "b69408e5df3749f4af07bddab8b84cda", "classIds": ["Crex crex", "Scolopax rusticola"], "channels": [[{"startTime": 0.0, "endTime": 5.0, "predictions": {"probabilities": [9.598669414856431e-09, 0.05138465762138367], "logits": []}, "groundTruth": [0.0, 0.0]}, {"startTime": 5.0, "endTime": 10.0, "predictions": {"probabilities": [6.397215202014195e-09, 0.02730312943458557], "logits": []}, "groundTruth": [0.0, 0.0]}, {"startTime": 10.0, "endTime": 15.0, "predictions": {"probabilities": [5.398258284827762e-09, 0.48035311698913574], "logits": []}, "groundTruth": [0.0, 0.0]}, {"startTime": 15.0, "endTime": 20.0, "predictions": {"probabilities": [8.367598280933919e-11, 0.9877914190292358], "logits": []}, "groundTruth": [0.0, 0.0]}]]}