{"modelName": "devise-221108-v8-ep423", "version": "1", "fileId": "b6d2b7915a834e4ab6a2432e8fb4be7c", "classIds": ["Crex crex", "Scolopax rusticola"], "channels": [[{"startTime": 0.0, "endTime": 5.0, "predictions": {"probabilities": [3.684406522097561e-07, 0.17743970453739166], "logits": []}, "groundTruth": [0.0, 0.0]}, {"startTime": 5.0, "endTime": 10.0, "predictions": {"probabilities": [2.4220653926931845e-07, 0.09794457256793976], "logits": []}, "groundTruth": [0.0, 0.0]}, {"startTime": 10.0, "endTime": 15.0, "predictions": {"probabilities": [1.1043176151304124e-08, 0.08463876694440842], "logits": []}, "groundTruth": [0.0, 0.0]}, {"startTime": 15.0, "endTime": 20.0, "predictions": {"probabilities": [3.7771357597193855e-07, 0.549013078212738], "logits": []}, "groundTruth": [0.0, 0.0]}]]}