{"modelName": "devise-221108-v8-ep423", "version": "1", "fileId": "b7c0cf08cf844ae5a225683da8d8659b", "classIds": ["Crex crex", "Scolopax rusticola"], "channels": [[{"startTime": 0.0, "endTime": 5.0, "predictions": {"probabilities": [-16.95500946044922, -3.1858456134796143], "logits": [NaN, NaN]}, "groundTruth": [0.0, 0.0]}, {"startTime": 5.0, "endTime": 10.0, "predictions": {"probabilities": [-14.935282707214355, -2.299954414367676], "logits": [NaN, NaN]}, "groundTruth": [0.0, 0.0]}, {"startTime": 10.0, "endTime": 15.0, "predictions": {"probabilities": [-13.734580039978027, -1.196410059928894], "logits": [NaN, NaN]}, "groundTruth": [0.0, 0.0]}, {"startTime": 15.0, "endTime": 20.0, "predictions": {"probabilities": [-14.570210456848145, -2.329345703125], "logits": [NaN, NaN]}, "groundTruth": [0.0, 0.0]}]]}