{"modelName": "devise-221108-v8-ep423", "version": "1", "fileId": "b7e625eec7184e8985ce4b1d973e1524", "classIds": ["Crex crex", "Scolopax rusticola"], "channels": [[{"startTime": 0.0, "endTime": 5.0, "predictions": {"probabilities": [9.529900779625677e-08, 0.04689779877662659], "logits": []}, "groundTruth": [0.0, 1.0]}, {"startTime": 5.0, "endTime": 10.0, "predictions": {"probabilities": [1.7694404977485639e-15, 0.9999998807907104], "logits": []}, "groundTruth": [0.0, 1.0]}, {"startTime": 10.0, "endTime": 15.0, "predictions": {"probabilities": [9.905997802096313e-15, 0.9999967813491821], "logits": []}, "groundTruth": [0.0, 1.0]}, {"startTime": 14.0, "endTime": 19.0, "predictions": {"probabilities": [7.449516806375123e-13, 0.9999810457229614], "logits": []}, "groundTruth": [0.0, 1.0]}]]}