{"modelName": "devise-221108-v8-ep423", "version": "1", "fileId": "b7e625eec7184e8985ce4b1d973e1524", "classIds": ["Crex crex", "Scolopax rusticola"], "channels": [[{"startTime": 0.0, "endTime": 5.0, "predictions": {"probabilities": [-16.16624641418457, -3.011751413345337], "logits": [NaN, NaN]}, "groundTruth": [0.0, 1.0]}, {"startTime": 5.0, "endTime": 10.0, "predictions": {"probabilities": [-33.96811294555664, 16.13397216796875], "logits": [NaN, NaN]}, "groundTruth": [0.0, 1.0]}, {"startTime": 10.0, "endTime": 15.0, "predictions": {"probabilities": [-32.245635986328125, 12.633171081542969], "logits": [NaN, NaN]}, "groundTruth": [0.0, 1.0]}, {"startTime": 14.0, "endTime": 19.0, "predictions": {"probabilities": [-27.925457000732422, 10.874281883239746], "logits": [NaN, NaN]}, "groundTruth": [0.0, 1.0]}]]}