{"modelName": "devise-221108-v8-ep423", "version": "1", "fileId": "b7fad8b587e34b44a8fa8a2b78793e1d", "classIds": ["Crex crex", "Scolopax rusticola"], "channels": [[{"startTime": 0.0, "endTime": 5.0, "predictions": {"probabilities": [5.244386102276621e-06, 0.286548912525177], "logits": []}, "groundTruth": [0.0, 0.0]}, {"startTime": 5.0, "endTime": 10.0, "predictions": {"probabilities": [4.381785402074456e-06, 0.7865284085273743], "logits": []}, "groundTruth": [0.0, 0.0]}, {"startTime": 10.0, "endTime": 15.0, "predictions": {"probabilities": [1.9671526274578355e-07, 0.07959776371717453], "logits": []}, "groundTruth": [0.0, 0.0]}, {"startTime": 15.0, "endTime": 20.0, "predictions": {"probabilities": [2.6203161951343645e-07, 0.11280084401369095], "logits": []}, "groundTruth": [0.0, 0.0]}]]}