{"modelName": "devise-221108-v8-ep423", "version": "1", "fileId": "b83e1977ad2c4bf89f2f1327a14722ef", "classIds": ["Crex crex", "Scolopax rusticola"], "channels": [[{"startTime": 0.0, "endTime": 5.0, "predictions": {"probabilities": [4.072405204169627e-07, 0.41798314452171326], "logits": []}, "groundTruth": [0.0, 0.0]}, {"startTime": 5.0, "endTime": 10.0, "predictions": {"probabilities": [6.828167897765525e-07, 0.15576736629009247], "logits": []}, "groundTruth": [0.0, 0.0]}, {"startTime": 10.0, "endTime": 15.0, "predictions": {"probabilities": [2.9767744536002283e-07, 0.08464913070201874], "logits": []}, "groundTruth": [0.0, 0.0]}, {"startTime": 15.0, "endTime": 20.0, "predictions": {"probabilities": [3.264441939421908e-14, 1.0], "logits": []}, "groundTruth": [0.0, 0.0]}]]}