{"modelName": "devise-221108-v8-ep423", "version": "1", "fileId": "b83e1977ad2c4bf89f2f1327a14722ef", "classIds": ["Crex crex", "Scolopax rusticola"], "channels": [[{"startTime": 0.0, "endTime": 5.0, "predictions": {"probabilities": [-14.713861465454102, -0.3310583829879761], "logits": [NaN, NaN]}, "groundTruth": [0.0, 0.0]}, {"startTime": 5.0, "endTime": 10.0, "predictions": {"probabilities": [-14.197038650512695, -1.6900644302368164], "logits": [NaN, NaN]}, "groundTruth": [0.0, 0.0]}, {"startTime": 10.0, "endTime": 15.0, "predictions": {"probabilities": [-15.027255058288574, -2.3807926177978516], "logits": [NaN, NaN]}, "groundTruth": [0.0, 0.0]}, {"startTime": 15.0, "endTime": 20.0, "predictions": {"probabilities": [-31.053102493286133, 17.783376693725586], "logits": [NaN, NaN]}, "groundTruth": [0.0, 0.0]}]]}