{"modelName": "devise-221108-v8-ep423", "version": "1", "fileId": "b86c0e2484a54fc3b49a3b6886dca542", "classIds": ["Crex crex", "Scolopax rusticola"], "channels": [[{"startTime": 0.0, "endTime": 5.0, "predictions": {"probabilities": [-21.808334350585938, 4.472040176391602], "logits": [NaN, NaN]}, "groundTruth": [0.0, 1.0]}, {"startTime": 5.0, "endTime": 10.0, "predictions": {"probabilities": [-32.809349060058594, 20.415409088134766], "logits": [NaN, NaN]}, "groundTruth": [0.0, 1.0]}, {"startTime": 6.0, "endTime": 11.0, "predictions": {"probabilities": [-29.77574920654297, 15.790384292602539], "logits": [NaN, NaN]}, "groundTruth": [0.0, 1.0]}]]}