{"modelName": "devise-221108-v8-ep423", "version": "1", "fileId": "b86c0e2484a54fc3b49a3b6886dca542", "classIds": ["Crex crex", "Scolopax rusticola"], "channels": [[{"startTime": 0.0, "endTime": 5.0, "predictions": {"probabilities": [3.37878641731848e-10, 0.9887050986289978], "logits": []}, "groundTruth": [0.0, 1.0]}, {"startTime": 5.0, "endTime": 10.0, "predictions": {"probabilities": [5.6374248158356805e-15, 1.0], "logits": []}, "groundTruth": [0.0, 1.0]}, {"startTime": 6.0, "endTime": 11.0, "predictions": {"probabilities": [1.1709987905554609e-13, 0.9999998807907104], "logits": []}, "groundTruth": [0.0, 1.0]}]]}