{"modelName": "devise-221108-v8-ep423", "version": "1", "fileId": "b8cd7773f55b45fb8dc14731c9fc625b", "classIds": ["Crex crex", "Scolopax rusticola"], "channels": [[{"startTime": 0.0, "endTime": 5.0, "predictions": {"probabilities": [5.460620400299376e-09, 0.018452804535627365], "logits": []}, "groundTruth": [0.0, 0.0]}, {"startTime": 5.0, "endTime": 10.0, "predictions": {"probabilities": [1.1618666917456721e-08, 0.03297274187207222], "logits": []}, "groundTruth": [0.0, 0.0]}, {"startTime": 10.0, "endTime": 15.0, "predictions": {"probabilities": [1.4731392106170915e-08, 0.8999677300453186], "logits": []}, "groundTruth": [0.0, 0.0]}, {"startTime": 15.0, "endTime": 20.0, "predictions": {"probabilities": [2.845741953194647e-08, 0.05643075704574585], "logits": []}, "groundTruth": [0.0, 0.0]}]]}