{"modelName": "devise-221108-v8-ep423", "version": "1", "fileId": "b8cd7773f55b45fb8dc14731c9fc625b", "classIds": ["Crex crex", "Scolopax rusticola"], "channels": [[{"startTime": 0.0, "endTime": 5.0, "predictions": {"probabilities": [-19.02570343017578, -3.9739136695861816], "logits": [NaN, NaN]}, "groundTruth": [0.0, 0.0]}, {"startTime": 5.0, "endTime": 10.0, "predictions": {"probabilities": [-18.270652770996094, -3.3785455226898193], "logits": [NaN, NaN]}, "groundTruth": [0.0, 0.0]}, {"startTime": 10.0, "endTime": 15.0, "predictions": {"probabilities": [-18.03328514099121, 2.196866035461426], "logits": [NaN, NaN]}, "groundTruth": [0.0, 0.0]}, {"startTime": 15.0, "endTime": 20.0, "predictions": {"probabilities": [-17.37485694885254, -2.816655397415161], "logits": [NaN, NaN]}, "groundTruth": [0.0, 0.0]}]]}