{"modelName": "devise-221108-v8-ep423", "version": "1", "fileId": "b8d649d816ed455da8b47713263993d3", "classIds": ["Crex crex", "Scolopax rusticola"], "channels": [[{"startTime": 0.0, "endTime": 5.0, "predictions": {"probabilities": [4.1761623492675426e-07, 0.11777655780315399], "logits": []}, "groundTruth": [0.0, 0.0]}, {"startTime": 5.0, "endTime": 10.0, "predictions": {"probabilities": [5.82137886340206e-07, 0.10624368488788605], "logits": []}, "groundTruth": [0.0, 0.0]}, {"startTime": 10.0, "endTime": 15.0, "predictions": {"probabilities": [8.441483601018263e-07, 0.1401677429676056], "logits": []}, "groundTruth": [0.0, 0.0]}, {"startTime": 15.0, "endTime": 20.0, "predictions": {"probabilities": [5.244332896836568e-07, 0.10196453332901001], "logits": []}, "groundTruth": [0.0, 0.0]}]]}