{"modelName": "devise-221108-v8-ep423", "version": "1", "fileId": "b8ff9af96b364f8bb96733f303532c6d", "classIds": ["Crex crex", "Scolopax rusticola"], "channels": [[{"startTime": 0.0, "endTime": 5.0, "predictions": {"probabilities": [5.1706894321768e-10, 0.0851251482963562], "logits": []}, "groundTruth": [0.0, 0.0]}, {"startTime": 5.0, "endTime": 10.0, "predictions": {"probabilities": [1.3525235098565958e-10, 0.00571095198392868], "logits": []}, "groundTruth": [0.0, 0.0]}, {"startTime": 10.0, "endTime": 15.0, "predictions": {"probabilities": [3.137032633659942e-09, 0.01718660444021225], "logits": []}, "groundTruth": [0.0, 0.0]}, {"startTime": 15.0, "endTime": 20.0, "predictions": {"probabilities": [1.8799251044754328e-10, 0.0045622424222528934], "logits": []}, "groundTruth": [0.0, 0.0]}]]}