{"modelName": "devise-221108-v8-ep423", "version": "1", "fileId": "b90f841a31e44abcbb77aaebeb622d88", "classIds": ["Crex crex", "Scolopax rusticola"], "channels": [[{"startTime": 0.0, "endTime": 5.0, "predictions": {"probabilities": [-18.433170318603516, -2.264633893966675], "logits": [NaN, NaN]}, "groundTruth": [0.0, 0.0]}, {"startTime": 5.0, "endTime": 10.0, "predictions": {"probabilities": [-22.12419319152832, 4.444262504577637], "logits": [NaN, NaN]}, "groundTruth": [0.0, 0.0]}, {"startTime": 10.0, "endTime": 15.0, "predictions": {"probabilities": [-36.2994270324707, 15.432403564453125], "logits": [NaN, NaN]}, "groundTruth": [0.0, 0.0]}, {"startTime": 15.0, "endTime": 20.0, "predictions": {"probabilities": [-43.48617935180664, 20.56574821472168], "logits": [NaN, NaN]}, "groundTruth": [0.0, 0.0]}]]}