{"modelName": "devise-221108-v8-ep423", "version": "1", "fileId": "b9470148b80a4014af096752ca7cf643", "classIds": ["Crex crex", "Scolopax rusticola"], "channels": [[{"startTime": 0.0, "endTime": 5.0, "predictions": {"probabilities": [-18.984699249267578, -2.546365976333618], "logits": [NaN, NaN]}, "groundTruth": [0.0, 0.0]}, {"startTime": 5.0, "endTime": 10.0, "predictions": {"probabilities": [-15.817594528198242, -2.8905344009399414], "logits": [NaN, NaN]}, "groundTruth": [0.0, 0.0]}, {"startTime": 10.0, "endTime": 15.0, "predictions": {"probabilities": [-14.540887832641602, -0.8497846722602844], "logits": [NaN, NaN]}, "groundTruth": [0.0, 0.0]}, {"startTime": 15.0, "endTime": 20.0, "predictions": {"probabilities": [-15.170475959777832, -0.9726433157920837], "logits": [NaN, NaN]}, "groundTruth": [0.0, 0.0]}]]}