{"modelName": "devise-221108-v8-ep423", "version": "1", "fileId": "b9470148b80a4014af096752ca7cf643", "classIds": ["Crex crex", "Scolopax rusticola"], "channels": [[{"startTime": 0.0, "endTime": 5.0, "predictions": {"probabilities": [5.689182458468167e-09, 0.07267100363969803], "logits": []}, "groundTruth": [0.0, 0.0]}, {"startTime": 5.0, "endTime": 10.0, "predictions": {"probabilities": [1.3505352569609386e-07, 0.05262346938252449], "logits": []}, "groundTruth": [0.0, 0.0]}, {"startTime": 10.0, "endTime": 15.0, "predictions": {"probabilities": [4.841416512135766e-07, 0.29947802424430847], "logits": []}, "groundTruth": [0.0, 0.0]}, {"startTime": 15.0, "endTime": 20.0, "predictions": {"probabilities": [2.5795614533308253e-07, 0.274353951215744], "logits": []}, "groundTruth": [0.0, 0.0]}]]}