{"modelName": "devise-221108-v8-ep423", "version": "1", "fileId": "bac98d24ac6c4594833d67266da164ef", "classIds": ["Crex crex", "Scolopax rusticola"], "channels": [[{"startTime": 0.0, "endTime": 5.0, "predictions": {"probabilities": [-16.60038948059082, -3.027334690093994], "logits": [NaN, NaN]}, "groundTruth": [0.0, 0.0]}, {"startTime": 5.0, "endTime": 10.0, "predictions": {"probabilities": [-19.312664031982422, -3.35455584526062], "logits": [NaN, NaN]}, "groundTruth": [0.0, 0.0]}, {"startTime": 10.0, "endTime": 15.0, "predictions": {"probabilities": [-17.531131744384766, -1.5334560871124268], "logits": [NaN, NaN]}, "groundTruth": [0.0, 0.0]}, {"startTime": 15.0, "endTime": 20.0, "predictions": {"probabilities": [-20.498626708984375, -0.3569996953010559], "logits": [NaN, NaN]}, "groundTruth": [0.0, 0.0]}]]}