{"modelName": "devise-221108-v8-ep423", "version": "1", "fileId": "bbaf1e1dd6c242b2be0fde505874e389", "classIds": ["Crex crex", "Scolopax rusticola"], "channels": [[{"startTime": 0.0, "endTime": 5.0, "predictions": {"probabilities": [-14.58553409576416, -2.1746556758880615], "logits": [NaN, NaN]}, "groundTruth": [0.0, 0.0]}, {"startTime": 5.0, "endTime": 10.0, "predictions": {"probabilities": [-15.063833236694336, -1.6075361967086792], "logits": [NaN, NaN]}, "groundTruth": [0.0, 0.0]}, {"startTime": 10.0, "endTime": 15.0, "predictions": {"probabilities": [-15.1387357711792, -1.7835307121276855], "logits": [NaN, NaN]}, "groundTruth": [0.0, 0.0]}, {"startTime": 15.0, "endTime": 20.0, "predictions": {"probabilities": [-13.901195526123047, 1.789113163948059], "logits": [NaN, NaN]}, "groundTruth": [0.0, 0.0]}]]}