{"modelName": "devise-221108-v8-ep423", "version": "1", "fileId": "bc0140eb12944e2baf70e65169b4565b", "classIds": ["Crex crex", "Scolopax rusticola"], "channels": [[{"startTime": 0.0, "endTime": 5.0, "predictions": {"probabilities": [-13.755955696105957, -1.8693381547927856], "logits": [NaN, NaN]}, "groundTruth": [0.0, 0.0]}, {"startTime": 5.0, "endTime": 10.0, "predictions": {"probabilities": [-13.306681632995605, -1.6635079383850098], "logits": [NaN, NaN]}, "groundTruth": [0.0, 0.0]}, {"startTime": 10.0, "endTime": 15.0, "predictions": {"probabilities": [-13.320648193359375, -1.6070729494094849], "logits": [NaN, NaN]}, "groundTruth": [0.0, 0.0]}, {"startTime": 15.0, "endTime": 20.0, "predictions": {"probabilities": [-13.118876457214355, -1.5074987411499023], "logits": [NaN, NaN]}, "groundTruth": [0.0, 0.0]}]]}