{"modelName": "devise-221108-v8-ep423", "version": "1", "fileId": "bcd93cc11cb845789ba74fefadc1e0e9", "classIds": ["Crex crex", "Scolopax rusticola"], "channels": [[{"startTime": 0.0, "endTime": 5.0, "predictions": {"probabilities": [-33.3690185546875, 13.61036491394043], "logits": [NaN, NaN]}, "groundTruth": [0.0, 1.0]}, {"startTime": 5.0, "endTime": 10.0, "predictions": {"probabilities": [-32.063507080078125, 14.001561164855957], "logits": [NaN, NaN]}, "groundTruth": [0.0, 1.0]}, {"startTime": 10.0, "endTime": 15.0, "predictions": {"probabilities": [-36.87067413330078, 20.609140396118164], "logits": [NaN, NaN]}, "groundTruth": [0.0, 1.0]}, {"startTime": 14.0, "endTime": 19.0, "predictions": {"probabilities": [-28.457664489746094, 7.718307018280029], "logits": [NaN, NaN]}, "groundTruth": [0.0, 1.0]}]]}