{"modelName": "devise-221108-v8-ep423", "version": "1", "fileId": "bd05c001ace842f4ab09e7feb001e6b3", "classIds": ["Crex crex", "Scolopax rusticola"], "channels": [[{"startTime": 0.0, "endTime": 5.0, "predictions": {"probabilities": [1.0895550239808927e-08, 0.19795994460582733], "logits": []}, "groundTruth": [0.0, 0.0]}, {"startTime": 5.0, "endTime": 10.0, "predictions": {"probabilities": [1.6588357709679258e-07, 0.45833978056907654], "logits": []}, "groundTruth": [0.0, 0.0]}, {"startTime": 10.0, "endTime": 15.0, "predictions": {"probabilities": [5.655484983435599e-06, 0.5151112675666809], "logits": []}, "groundTruth": [0.0, 0.0]}, {"startTime": 15.0, "endTime": 20.0, "predictions": {"probabilities": [2.384724098192237e-07, 0.09984877705574036], "logits": []}, "groundTruth": [0.0, 0.0]}]]}