{"modelName": "devise-221108-v8-ep423", "version": "1", "fileId": "be7e5efe2c9942debf7e35c20a5cf485", "classIds": ["Crex crex", "Scolopax rusticola"], "channels": [[{"startTime": 0.0, "endTime": 5.0, "predictions": {"probabilities": [5.427095288723649e-07, 0.138723686337471], "logits": []}, "groundTruth": [0.0, 0.0]}, {"startTime": 5.0, "endTime": 10.0, "predictions": {"probabilities": [1.333161359085011e-09, 0.055493153631687164], "logits": []}, "groundTruth": [0.0, 0.0]}, {"startTime": 10.0, "endTime": 15.0, "predictions": {"probabilities": [7.495548857150425e-07, 0.12401337921619415], "logits": []}, "groundTruth": [0.0, 0.0]}, {"startTime": 15.0, "endTime": 20.0, "predictions": {"probabilities": [9.872133333033162e-09, 0.01634787768125534], "logits": []}, "groundTruth": [0.0, 0.0]}]]}