{"modelName": "devise-221108-v8-ep423", "version": "1", "fileId": "be83576f9102467a8b6e26576d09b4d9", "classIds": ["Crex crex", "Scolopax rusticola"], "channels": [[{"startTime": 0.0, "endTime": 5.0, "predictions": {"probabilities": [1.214262255189169e-07, 0.04897564649581909], "logits": []}, "groundTruth": [0.0, 0.0]}, {"startTime": 5.0, "endTime": 10.0, "predictions": {"probabilities": [3.3154606171592604e-08, 0.07273043692111969], "logits": []}, "groundTruth": [0.0, 0.0]}, {"startTime": 10.0, "endTime": 15.0, "predictions": {"probabilities": [3.964181871651817e-09, 0.01279347576200962], "logits": []}, "groundTruth": [0.0, 0.0]}, {"startTime": 15.0, "endTime": 20.0, "predictions": {"probabilities": [4.216311566551667e-08, 0.03345320373773575], "logits": []}, "groundTruth": [0.0, 0.0]}]]}