{"modelName": "devise-221108-v8-ep423", "version": "1", "fileId": "bebe45b8755e47e89604613b8597e737", "classIds": ["Crex crex", "Scolopax rusticola"], "channels": [[{"startTime": 0.0, "endTime": 5.0, "predictions": {"probabilities": [2.384790604992304e-06, 0.21465793251991272], "logits": []}, "groundTruth": [0.0, 0.0]}, {"startTime": 5.0, "endTime": 10.0, "predictions": {"probabilities": [2.6415805307045126e-13, 0.9999949932098389], "logits": []}, "groundTruth": [0.0, 1.0]}, {"startTime": 6.0, "endTime": 11.0, "predictions": {"probabilities": [1.5428274480200344e-07, 0.06584160774946213], "logits": []}, "groundTruth": [0.0, 1.0]}]]}