{"modelName": "devise-221108-v8-ep423", "version": "1", "fileId": "bebe45b8755e47e89604613b8597e737", "classIds": ["Crex crex", "Scolopax rusticola"], "channels": [[{"startTime": 0.0, "endTime": 5.0, "predictions": {"probabilities": [-12.946396827697754, -1.2970736026763916], "logits": [NaN, NaN]}, "groundTruth": [0.0, 0.0]}, {"startTime": 5.0, "endTime": 10.0, "predictions": {"probabilities": [-28.962228775024414, 12.215531349182129], "logits": [NaN, NaN]}, "groundTruth": [0.0, 1.0]}, {"startTime": 6.0, "endTime": 11.0, "predictions": {"probabilities": [-15.684478759765625, -2.6523940563201904], "logits": [NaN, NaN]}, "groundTruth": [0.0, 1.0]}]]}