{"modelName": "devise-221108-v8-ep423", "version": "1", "fileId": "becd17f6f2594a27b9d3052481d8d418", "classIds": ["Crex crex", "Scolopax rusticola"], "channels": [[{"startTime": 0.0, "endTime": 5.0, "predictions": {"probabilities": [2.5129688197012e-07, 0.208273783326149], "logits": []}, "groundTruth": [0.0, 0.0]}, {"startTime": 5.0, "endTime": 10.0, "predictions": {"probabilities": [8.309764609748527e-08, 0.33138352632522583], "logits": []}, "groundTruth": [0.0, 0.0]}, {"startTime": 10.0, "endTime": 15.0, "predictions": {"probabilities": [1.05101935332641e-06, 0.182922825217247], "logits": []}, "groundTruth": [0.0, 0.0]}, {"startTime": 15.0, "endTime": 20.0, "predictions": {"probabilities": [6.396156209120818e-07, 0.16668304800987244], "logits": []}, "groundTruth": [0.0, 0.0]}]]}