{"modelName": "devise-221108-v8-ep423", "version": "1", "fileId": "bee93a969d7b40d080431e3872149c12", "classIds": ["Crex crex", "Scolopax rusticola"], "channels": [[{"startTime": 0.0, "endTime": 5.0, "predictions": {"probabilities": [6.583747436117449e-10, 0.005080111790448427], "logits": []}, "groundTruth": [0.0, 0.0]}, {"startTime": 5.0, "endTime": 10.0, "predictions": {"probabilities": [2.411351118780658e-09, 0.014143109321594238], "logits": []}, "groundTruth": [0.0, 0.0]}, {"startTime": 10.0, "endTime": 15.0, "predictions": {"probabilities": [1.602422972091233e-09, 0.0083027807995677], "logits": []}, "groundTruth": [0.0, 0.0]}, {"startTime": 15.0, "endTime": 20.0, "predictions": {"probabilities": [3.513952909033058e-13, 0.99993896484375], "logits": []}, "groundTruth": [0.0, 0.0]}]]}