{"modelName": "devise-221108-v8-ep423", "version": "1", "fileId": "beffe68464a64be6a9a4375c8622fea4", "classIds": ["Crex crex", "Scolopax rusticola"], "channels": [[{"startTime": 0.0, "endTime": 5.0, "predictions": {"probabilities": [-21.385360717773438, 3.035372018814087], "logits": [NaN, NaN]}, "groundTruth": [0.0, 1.0]}, {"startTime": 5.0, "endTime": 10.0, "predictions": {"probabilities": [-34.12813186645508, 18.60618782043457], "logits": [NaN, NaN]}, "groundTruth": [0.0, 1.0]}, {"startTime": 7.0, "endTime": 12.0, "predictions": {"probabilities": [-20.238697052001953, 3.038689613342285], "logits": [NaN, NaN]}, "groundTruth": [0.0, 1.0]}]]}