{"modelName": "devise-221108-v8-ep423", "version": "1", "fileId": "bf241955f83346f4bdec7625afbfa182", "classIds": ["Crex crex", "Scolopax rusticola"], "channels": [[{"startTime": 0.0, "endTime": 5.0, "predictions": {"probabilities": [3.2322944321094838e-09, 0.01093421783298254], "logits": []}, "groundTruth": [0.0, 0.0]}, {"startTime": 5.0, "endTime": 10.0, "predictions": {"probabilities": [6.707487614221463e-07, 0.14086197316646576], "logits": []}, "groundTruth": [0.0, 0.0]}, {"startTime": 10.0, "endTime": 15.0, "predictions": {"probabilities": [2.5260636249413437e-08, 0.030871137976646423], "logits": []}, "groundTruth": [0.0, 0.0]}, {"startTime": 15.0, "endTime": 20.0, "predictions": {"probabilities": [3.467212081886828e-07, 0.1286809891462326], "logits": []}, "groundTruth": [0.0, 0.0]}]]}