{"modelName": "devise-221108-v8-ep423", "version": "1", "fileId": "c09354e8bbf94c1f8eeeceabcbdeff84", "classIds": ["Crex crex", "Scolopax rusticola"], "channels": [[{"startTime": 0.0, "endTime": 5.0, "predictions": {"probabilities": [3.242611179565813e-10, 0.9949526786804199], "logits": []}, "groundTruth": [0.0, 1.0]}, {"startTime": 5.0, "endTime": 10.0, "predictions": {"probabilities": [3.2285862351655314e-12, 0.9999970197677612], "logits": []}, "groundTruth": [0.0, 1.0]}, {"startTime": 10.0, "endTime": 15.0, "predictions": {"probabilities": [1.3726993609326652e-17, 1.0], "logits": []}, "groundTruth": [0.0, 1.0]}, {"startTime": 14.0, "endTime": 19.0, "predictions": {"probabilities": [2.0114024334993985e-10, 0.9985706806182861], "logits": []}, "groundTruth": [0.0, 1.0]}]]}