{"modelName": "devise-221108-v8-ep423", "version": "1", "fileId": "c0c5bfc1adb4499b8caf9159e1b1d38e", "classIds": ["Crex crex", "Scolopax rusticola"], "channels": [[{"startTime": 0.0, "endTime": 5.0, "predictions": {"probabilities": [1.078944933396997e-06, 0.1350051760673523], "logits": []}, "groundTruth": [0.0, 0.0]}, {"startTime": 5.0, "endTime": 10.0, "predictions": {"probabilities": [4.342034571891418e-06, 0.23421435058116913], "logits": []}, "groundTruth": [0.0, 0.0]}, {"startTime": 10.0, "endTime": 15.0, "predictions": {"probabilities": [1.2697082638624124e-06, 0.278078556060791], "logits": []}, "groundTruth": [0.0, 0.0]}, {"startTime": 15.0, "endTime": 20.0, "predictions": {"probabilities": [2.1529110938445228e-07, 0.3715522587299347], "logits": []}, "groundTruth": [0.0, 0.0]}]]}