{"modelName": "devise-221108-v8-ep423", "version": "1", "fileId": "c137fc0342b6407b9312a76c67a64836", "classIds": ["Crex crex", "Scolopax rusticola"], "channels": [[{"startTime": 0.0, "endTime": 5.0, "predictions": {"probabilities": [-16.127750396728516, -2.942298412322998], "logits": [NaN, NaN]}, "groundTruth": [0.0, 0.0]}, {"startTime": 5.0, "endTime": 10.0, "predictions": {"probabilities": [-18.917661666870117, -4.21906042098999], "logits": [NaN, NaN]}, "groundTruth": [0.0, 0.0]}, {"startTime": 10.0, "endTime": 15.0, "predictions": {"probabilities": [-16.47808265686035, -2.9628286361694336], "logits": [NaN, NaN]}, "groundTruth": [0.0, 0.0]}, {"startTime": 15.0, "endTime": 20.0, "predictions": {"probabilities": [-17.380537033081055, -3.3740897178649902], "logits": [NaN, NaN]}, "groundTruth": [0.0, 0.0]}]]}