{"modelName": "devise-221108-v8-ep423", "version": "1", "fileId": "c142f724313640a18689532a62779074", "classIds": ["Crex crex", "Scolopax rusticola"], "channels": [[{"startTime": 0.0, "endTime": 5.0, "predictions": {"probabilities": [-20.42458724975586, -4.7138214111328125], "logits": [NaN, NaN]}, "groundTruth": [0.0, 0.0]}, {"startTime": 5.0, "endTime": 10.0, "predictions": {"probabilities": [-18.555402755737305, -4.166882514953613], "logits": [NaN, NaN]}, "groundTruth": [0.0, 0.0]}, {"startTime": 10.0, "endTime": 15.0, "predictions": {"probabilities": [-17.411882400512695, -3.486182451248169], "logits": [NaN, NaN]}, "groundTruth": [0.0, 0.0]}, {"startTime": 15.0, "endTime": 20.0, "predictions": {"probabilities": [-14.553900718688965, -2.0476014614105225], "logits": [NaN, NaN]}, "groundTruth": [0.0, 0.0]}]]}