{"modelName": "devise-221108-v8-ep423", "version": "1", "fileId": "c1de0b728bad48219265c58c1710e53f", "classIds": ["Crex crex", "Scolopax rusticola"], "channels": [[{"startTime": 0.0, "endTime": 5.0, "predictions": {"probabilities": [7.63278862336847e-08, 0.136748805642128], "logits": []}, "groundTruth": [0.0, 1.0]}, {"startTime": 5.0, "endTime": 10.0, "predictions": {"probabilities": [1.7160603604793323e-08, 0.6551378965377808], "logits": []}, "groundTruth": [0.0, 1.0]}, {"startTime": 10.0, "endTime": 15.0, "predictions": {"probabilities": [1.193891985273865e-09, 0.97651606798172], "logits": []}, "groundTruth": [0.0, 1.0]}, {"startTime": 13.0, "endTime": 18.0, "predictions": {"probabilities": [5.255796242664701e-09, 0.21707239747047424], "logits": []}, "groundTruth": [0.0, 1.0]}]]}