{"modelName": "devise-221108-v8-ep423", "version": "1", "fileId": "c24bc6cb183948438068a131a4959d26", "classIds": ["Crex crex", "Scolopax rusticola"], "channels": [[{"startTime": 0.0, "endTime": 5.0, "predictions": {"probabilities": [-18.677230834960938, -3.7776803970336914], "logits": [NaN, NaN]}, "groundTruth": [0.0, 0.0]}, {"startTime": 5.0, "endTime": 10.0, "predictions": {"probabilities": [-17.69394874572754, -0.21500042080879211], "logits": [NaN, NaN]}, "groundTruth": [0.0, 0.0]}, {"startTime": 10.0, "endTime": 15.0, "predictions": {"probabilities": [-18.626583099365234, -1.2791763544082642], "logits": [NaN, NaN]}, "groundTruth": [0.0, 0.0]}, {"startTime": 15.0, "endTime": 20.0, "predictions": {"probabilities": [-25.33505630493164, 9.228349685668945], "logits": [NaN, NaN]}, "groundTruth": [0.0, 0.0]}]]}