{"modelName": "devise-221108-v8-ep423", "version": "1", "fileId": "c24bc6cb183948438068a131a4959d26", "classIds": ["Crex crex", "Scolopax rusticola"], "channels": [[{"startTime": 0.0, "endTime": 5.0, "predictions": {"probabilities": [7.73716202218111e-09, 0.022364098578691483], "logits": []}, "groundTruth": [0.0, 0.0]}, {"startTime": 5.0, "endTime": 10.0, "predictions": {"probabilities": [2.0683103230112465e-08, 0.4464559853076935], "logits": []}, "groundTruth": [0.0, 0.0]}, {"startTime": 10.0, "endTime": 15.0, "predictions": {"probabilities": [8.139125817763215e-09, 0.21769046783447266], "logits": []}, "groundTruth": [0.0, 0.0]}, {"startTime": 15.0, "endTime": 20.0, "predictions": {"probabilities": [9.934016283186242e-12, 0.9999017715454102], "logits": []}, "groundTruth": [0.0, 0.0]}]]}