{"modelName": "devise-221108-v8-ep423", "version": "1", "fileId": "c281aba1cecc4f6dba730c8bb7afd175", "classIds": ["Crex crex", "Scolopax rusticola"], "channels": [[{"startTime": 0.0, "endTime": 5.0, "predictions": {"probabilities": [-15.973552703857422, -2.4040305614471436], "logits": [NaN, NaN]}, "groundTruth": [0.0, 1.0]}, {"startTime": 5.0, "endTime": 10.0, "predictions": {"probabilities": [-15.786264419555664, -1.3048055171966553], "logits": [NaN, NaN]}, "groundTruth": [0.0, 1.0]}, {"startTime": 10.0, "endTime": 15.0, "predictions": {"probabilities": [-26.36951446533203, 6.396665096282959], "logits": [NaN, NaN]}, "groundTruth": [0.0, 1.0]}, {"startTime": 14.0, "endTime": 19.0, "predictions": {"probabilities": [-18.791040420532227, -3.356280565261841], "logits": [NaN, NaN]}, "groundTruth": [0.0, 1.0]}]]}