{"modelName": "devise-221108-v8-ep423", "version": "1", "fileId": "c289722445cd47c8b2e0814c19fe5ce9", "classIds": ["Crex crex", "Scolopax rusticola"], "channels": [[{"startTime": 0.0, "endTime": 5.0, "predictions": {"probabilities": [-20.05228614807129, -1.26817786693573], "logits": [NaN, NaN]}, "groundTruth": [0.0, 0.0]}, {"startTime": 5.0, "endTime": 10.0, "predictions": {"probabilities": [-21.6843204498291, -3.179328203201294], "logits": [NaN, NaN]}, "groundTruth": [0.0, 0.0]}, {"startTime": 10.0, "endTime": 15.0, "predictions": {"probabilities": [-19.38591766357422, -4.1028971672058105], "logits": [NaN, NaN]}, "groundTruth": [0.0, 0.0]}, {"startTime": 15.0, "endTime": 20.0, "predictions": {"probabilities": [-18.913888931274414, -3.8183915615081787], "logits": [NaN, NaN]}, "groundTruth": [0.0, 0.0]}]]}