{"modelName": "devise-221108-v8-ep423", "version": "1", "fileId": "c2a7cf7687bb4cbfa8e06ee176fb98c8", "classIds": ["Crex crex", "Scolopax rusticola"], "channels": [[{"startTime": 0.0, "endTime": 5.0, "predictions": {"probabilities": [2.800466518237954e-06, 0.3311486840248108], "logits": []}, "groundTruth": [0.0, 0.0]}, {"startTime": 5.0, "endTime": 10.0, "predictions": {"probabilities": [3.270354227424832e-07, 0.11206807941198349], "logits": []}, "groundTruth": [0.0, 0.0]}, {"startTime": 10.0, "endTime": 15.0, "predictions": {"probabilities": [1.0549985773877779e-07, 0.04770667478442192], "logits": []}, "groundTruth": [0.0, 0.0]}, {"startTime": 15.0, "endTime": 20.0, "predictions": {"probabilities": [1.1344563972670585e-06, 0.1588078886270523], "logits": []}, "groundTruth": [0.0, 0.0]}]]}