{"modelName": "devise-221108-v8-ep423", "version": "1", "fileId": "c2a7cf7687bb4cbfa8e06ee176fb98c8", "classIds": ["Crex crex", "Scolopax rusticola"], "channels": [[{"startTime": 0.0, "endTime": 5.0, "predictions": {"probabilities": [-12.785721778869629, -0.7029942870140076], "logits": [NaN, NaN]}, "groundTruth": [0.0, 0.0]}, {"startTime": 5.0, "endTime": 10.0, "predictions": {"probabilities": [-14.933197021484375, -2.0697884559631348], "logits": [NaN, NaN]}, "groundTruth": [0.0, 0.0]}, {"startTime": 10.0, "endTime": 15.0, "predictions": {"probabilities": [-16.064556121826172, -2.9938018321990967], "logits": [NaN, NaN]}, "groundTruth": [0.0, 0.0]}, {"startTime": 15.0, "endTime": 20.0, "predictions": {"probabilities": [-13.689355850219727, -1.66712486743927], "logits": [NaN, NaN]}, "groundTruth": [0.0, 0.0]}]]}