{"modelName": "devise-221108-v8-ep423", "version": "1", "fileId": "c2a7aa192eff475a8534bf3265237add", "classIds": ["Crex crex", "Scolopax rusticola"], "channels": [[{"startTime": 0.0, "endTime": 5.0, "predictions": {"probabilities": [-15.898335456848145, -2.651163101196289], "logits": [NaN, NaN]}, "groundTruth": [0.0, 0.0]}, {"startTime": 5.0, "endTime": 10.0, "predictions": {"probabilities": [-16.401676177978516, -0.6486341953277588], "logits": [NaN, NaN]}, "groundTruth": [0.0, 0.0]}, {"startTime": 10.0, "endTime": 15.0, "predictions": {"probabilities": [-14.204512596130371, -1.8618450164794922], "logits": [NaN, NaN]}, "groundTruth": [0.0, 0.0]}, {"startTime": 15.0, "endTime": 20.0, "predictions": {"probabilities": [-16.11600685119629, -1.6400022506713867], "logits": [NaN, NaN]}, "groundTruth": [0.0, 0.0]}]]}