{"modelName": "devise-221108-v8-ep423", "version": "1", "fileId": "c2eee23598794eb491dbaa217861cd91", "classIds": ["Crex crex", "Scolopax rusticola"], "channels": [[{"startTime": 0.0, "endTime": 5.0, "predictions": {"probabilities": [5.339573405649389e-08, 0.03239455819129944], "logits": []}, "groundTruth": [0.0, 0.0]}, {"startTime": 5.0, "endTime": 10.0, "predictions": {"probabilities": [2.2412046973840916e-07, 0.08647474646568298], "logits": []}, "groundTruth": [0.0, 0.0]}, {"startTime": 10.0, "endTime": 15.0, "predictions": {"probabilities": [2.760927042544381e-10, 0.3231196701526642], "logits": []}, "groundTruth": [0.0, 0.0]}, {"startTime": 15.0, "endTime": 20.0, "predictions": {"probabilities": [6.8465140223850085e-09, 0.013884707354009151], "logits": []}, "groundTruth": [0.0, 0.0]}]]}