{"modelName": "devise-221108-v8-ep423", "version": "1", "fileId": "c314c3e239f7440284cfce0344c9556b", "classIds": ["Crex crex", "Scolopax rusticola"], "channels": [[{"startTime": 0.0, "endTime": 5.0, "predictions": {"probabilities": [-22.72607421875, -0.3904263377189636], "logits": [NaN, NaN]}, "groundTruth": [0.0, 0.0]}, {"startTime": 5.0, "endTime": 10.0, "predictions": {"probabilities": [-16.602474212646484, -3.0096142292022705], "logits": [NaN, NaN]}, "groundTruth": [0.0, 0.0]}, {"startTime": 10.0, "endTime": 15.0, "predictions": {"probabilities": [-16.879396438598633, -1.536265254020691], "logits": [NaN, NaN]}, "groundTruth": [0.0, 0.0]}, {"startTime": 15.0, "endTime": 20.0, "predictions": {"probabilities": [-20.434782028198242, -4.824911117553711], "logits": [NaN, NaN]}, "groundTruth": [0.0, 0.0]}]]}