{"modelName": "devise-221108-v8-ep423", "version": "1", "fileId": "c3474f6db6f34f37b61fe0f242d66908", "classIds": ["Crex crex", "Scolopax rusticola"], "channels": [[{"startTime": 0.0, "endTime": 5.0, "predictions": {"probabilities": [5.799661059629796e-18, 1.0], "logits": []}, "groundTruth": [0.0, 1.0]}, {"startTime": 5.0, "endTime": 10.0, "predictions": {"probabilities": [1.4374733567639082e-14, 0.9999997615814209], "logits": []}, "groundTruth": [0.0, 1.0]}, {"startTime": 10.0, "endTime": 15.0, "predictions": {"probabilities": [6.11430936263424e-13, 0.9999957084655762], "logits": []}, "groundTruth": [0.0, 1.0]}, {"startTime": 11.0, "endTime": 16.0, "predictions": {"probabilities": [5.593615001254267e-16, 1.0], "logits": []}, "groundTruth": [0.0, 1.0]}]]}