{"modelName": "devise-221108-v8-ep423", "version": "1", "fileId": "c3f7cd8812144d82a8c68cf5ecec963e", "classIds": ["Crex crex", "Scolopax rusticola"], "channels": [[{"startTime": 0.0, "endTime": 5.0, "predictions": {"probabilities": [1.3460454511005082e-06, 0.18983787298202515], "logits": []}, "groundTruth": [0.0, 0.0]}, {"startTime": 5.0, "endTime": 10.0, "predictions": {"probabilities": [1.4623851711803582e-05, 0.6518020033836365], "logits": []}, "groundTruth": [0.0, 0.0]}, {"startTime": 10.0, "endTime": 15.0, "predictions": {"probabilities": [8.522173629899044e-06, 0.5808156728744507], "logits": []}, "groundTruth": [0.0, 0.0]}, {"startTime": 15.0, "endTime": 20.0, "predictions": {"probabilities": [9.41773487284081e-06, 0.34405314922332764], "logits": []}, "groundTruth": [0.0, 0.0]}]]}