{"modelName": "devise-221108-v8-ep423", "version": "1", "fileId": "c506e6128df34782b92807de718275d6", "classIds": ["Crex crex", "Scolopax rusticola"], "channels": [[{"startTime": 0.0, "endTime": 5.0, "predictions": {"probabilities": [5.874219999313368e-10, 0.005494235549122095], "logits": []}, "groundTruth": [0.0, 0.0]}, {"startTime": 5.0, "endTime": 10.0, "predictions": {"probabilities": [4.722547242153041e-09, 0.010863963514566422], "logits": []}, "groundTruth": [0.0, 0.0]}, {"startTime": 10.0, "endTime": 15.0, "predictions": {"probabilities": [1.866014969209573e-07, 0.07828910648822784], "logits": []}, "groundTruth": [0.0, 0.0]}, {"startTime": 15.0, "endTime": 20.0, "predictions": {"probabilities": [1.6314569961650704e-07, 0.070518858730793], "logits": []}, "groundTruth": [0.0, 0.0]}]]}