{"modelName": "devise-221108-v8-ep423", "version": "1", "fileId": "c5972fd752f34d158e5f489fda74d907", "classIds": ["Crex crex", "Scolopax rusticola"], "channels": [[{"startTime": 0.0, "endTime": 5.0, "predictions": {"probabilities": [-18.675979614257812, -0.32170718908309937], "logits": [NaN, NaN]}, "groundTruth": [0.0, 0.0]}, {"startTime": 5.0, "endTime": 10.0, "predictions": {"probabilities": [-16.107704162597656, 0.13276445865631104], "logits": [NaN, -1.8767340183258057]}, "groundTruth": [0.0, 0.0]}, {"startTime": 10.0, "endTime": 15.0, "predictions": {"probabilities": [-14.663990020751953, -1.7858710289001465], "logits": [NaN, NaN]}, "groundTruth": [0.0, 0.0]}, {"startTime": 15.0, "endTime": 20.0, "predictions": {"probabilities": [-22.727418899536133, 11.014020919799805], "logits": [NaN, NaN]}, "groundTruth": [0.0, 0.0]}]]}