{"modelName": "devise-221108-v8-ep423", "version": "1", "fileId": "c5bb7e3633ea461aa10261a88ddb4531", "classIds": ["Crex crex", "Scolopax rusticola"], "channels": [[{"startTime": 0.0, "endTime": 5.0, "predictions": {"probabilities": [-19.892288208007812, 3.7107760906219482], "logits": [NaN, NaN]}, "groundTruth": [0.0, 0.0]}, {"startTime": 5.0, "endTime": 10.0, "predictions": {"probabilities": [-16.635528564453125, -2.811784029006958], "logits": [NaN, NaN]}, "groundTruth": [0.0, 0.0]}, {"startTime": 10.0, "endTime": 15.0, "predictions": {"probabilities": [-19.7008056640625, 3.4555935859680176], "logits": [NaN, NaN]}, "groundTruth": [0.0, 0.0]}, {"startTime": 15.0, "endTime": 20.0, "predictions": {"probabilities": [-25.395488739013672, 1.9560613632202148], "logits": [NaN, NaN]}, "groundTruth": [0.0, 0.0]}]]}