{"modelName": "devise-221108-v8-ep423", "version": "1", "fileId": "c643d1316da24dd48a8d342dce3f3858", "classIds": ["Crex crex", "Scolopax rusticola"], "channels": [[{"startTime": 0.0, "endTime": 5.0, "predictions": {"probabilities": [6.977875610658657e-09, 0.15417422354221344], "logits": []}, "groundTruth": [0.0, 0.0]}, {"startTime": 5.0, "endTime": 10.0, "predictions": {"probabilities": [3.082682997757047e-09, 0.032915398478507996], "logits": []}, "groundTruth": [0.0, 0.0]}, {"startTime": 10.0, "endTime": 15.0, "predictions": {"probabilities": [5.807037961602646e-09, 0.018222719430923462], "logits": []}, "groundTruth": [0.0, 0.0]}, {"startTime": 15.0, "endTime": 20.0, "predictions": {"probabilities": [1.9607548917832673e-09, 0.008071976713836193], "logits": []}, "groundTruth": [0.0, 0.0]}]]}