{"modelName": "devise-221108-v8-ep423", "version": "1", "fileId": "c64e2b1ffa5942fb936f8fd99acaf19d", "classIds": ["Crex crex", "Scolopax rusticola"], "channels": [[{"startTime": 0.0, "endTime": 5.0, "predictions": {"probabilities": [-16.51699447631836, -3.002537727355957], "logits": [NaN, NaN]}, "groundTruth": [0.0, 0.0]}, {"startTime": 5.0, "endTime": 10.0, "predictions": {"probabilities": [-15.698431968688965, -2.065723180770874], "logits": [NaN, NaN]}, "groundTruth": [0.0, 0.0]}, {"startTime": 10.0, "endTime": 15.0, "predictions": {"probabilities": [-17.533557891845703, -3.5535433292388916], "logits": [NaN, NaN]}, "groundTruth": [0.0, 0.0]}, {"startTime": 15.0, "endTime": 20.0, "predictions": {"probabilities": [-15.546651840209961, -2.4238815307617188], "logits": [NaN, NaN]}, "groundTruth": [0.0, 0.0]}]]}