{"modelName": "devise-221108-v8-ep423", "version": "1", "fileId": "c687539ac94e433ab40b5414150fad0a", "classIds": ["Crex crex", "Scolopax rusticola"], "channels": [[{"startTime": 0.0, "endTime": 5.0, "predictions": {"probabilities": [-17.33003044128418, -1.152012825012207], "logits": [NaN, NaN]}, "groundTruth": [0.0, 0.0]}, {"startTime": 5.0, "endTime": 10.0, "predictions": {"probabilities": [-30.710439682006836, 13.958440780639648], "logits": [NaN, NaN]}, "groundTruth": [0.0, 1.0]}, {"startTime": 7.0, "endTime": 12.0, "predictions": {"probabilities": [-33.75358200073242, 12.501969337463379], "logits": [NaN, NaN]}, "groundTruth": [0.0, 1.0]}]]}