{"modelName": "devise-221108-v8-ep423", "version": "1", "fileId": "c6d3830f783c4e719141780c89f78e48", "classIds": ["Crex crex", "Scolopax rusticola"], "channels": [[{"startTime": 0.0, "endTime": 5.0, "predictions": {"probabilities": [-18.7735652923584, -3.888669729232788], "logits": [NaN, NaN]}, "groundTruth": [0.0, 0.0]}, {"startTime": 5.0, "endTime": 10.0, "predictions": {"probabilities": [-19.960472106933594, -4.119349479675293], "logits": [NaN, NaN]}, "groundTruth": [0.0, 0.0]}, {"startTime": 10.0, "endTime": 15.0, "predictions": {"probabilities": [-17.868335723876953, -3.9210147857666016], "logits": [NaN, NaN]}, "groundTruth": [0.0, 0.0]}, {"startTime": 15.0, "endTime": 20.0, "predictions": {"probabilities": [-18.490726470947266, -0.11417705565690994], "logits": [NaN, NaN]}, "groundTruth": [0.0, 0.0]}]]}