{"modelName": "devise-221108-v8-ep423", "version": "1", "fileId": "c6d3c338bbb44611b3968bb4f8190514", "classIds": ["Crex crex", "Scolopax rusticola"], "channels": [[{"startTime": 0.0, "endTime": 5.0, "predictions": {"probabilities": [8.014470154193987e-07, 0.3510322570800781], "logits": []}, "groundTruth": [0.0, 0.0]}, {"startTime": 5.0, "endTime": 10.0, "predictions": {"probabilities": [9.452996607706154e-08, 0.8767592310905457], "logits": []}, "groundTruth": [0.0, 0.0]}, {"startTime": 10.0, "endTime": 15.0, "predictions": {"probabilities": [5.445354531730118e-07, 0.1389947235584259], "logits": []}, "groundTruth": [0.0, 0.0]}, {"startTime": 15.0, "endTime": 20.0, "predictions": {"probabilities": [1.2528744264272973e-06, 0.1857708990573883], "logits": []}, "groundTruth": [0.0, 0.0]}]]}