{"modelName": "devise-221108-v8-ep423", "version": "1", "fileId": "c6d3830f783c4e719141780c89f78e48", "classIds": ["Crex crex", "Scolopax rusticola"], "channels": [[{"startTime": 0.0, "endTime": 5.0, "predictions": {"probabilities": [7.026582871105802e-09, 0.02006184495985508], "logits": []}, "groundTruth": [0.0, 0.0]}, {"startTime": 5.0, "endTime": 10.0, "predictions": {"probabilities": [2.1442583264530413e-09, 0.01599508337676525], "logits": []}, "groundTruth": [0.0, 0.0]}, {"startTime": 10.0, "endTime": 15.0, "predictions": {"probabilities": [1.7373222860328497e-08, 0.019435735419392586], "logits": []}, "groundTruth": [0.0, 0.0]}, {"startTime": 15.0, "endTime": 20.0, "predictions": {"probabilities": [9.323511740433332e-09, 0.4714866876602173], "logits": []}, "groundTruth": [0.0, 0.0]}]]}