{"modelName": "devise-221108-v8-ep423", "version": "1", "fileId": "c79c236086d74b0f84e8f6495a0af745", "classIds": ["Crex crex", "Scolopax rusticola"], "channels": [[{"startTime": 0.0, "endTime": 5.0, "predictions": {"probabilities": [-13.159189224243164, -1.3119100332260132], "logits": [NaN, NaN]}, "groundTruth": [0.0, 0.0]}, {"startTime": 5.0, "endTime": 10.0, "predictions": {"probabilities": [-13.198624610900879, -1.1867188215255737], "logits": [NaN, NaN]}, "groundTruth": [0.0, 0.0]}, {"startTime": 10.0, "endTime": 15.0, "predictions": {"probabilities": [-13.125848770141602, -1.4034029245376587], "logits": [NaN, NaN]}, "groundTruth": [0.0, 0.0]}, {"startTime": 15.0, "endTime": 20.0, "predictions": {"probabilities": [-12.133020401000977, -0.9608270525932312], "logits": [NaN, NaN]}, "groundTruth": [0.0, 0.0]}]]}