{"modelName": "devise-221108-v8-ep423", "version": "1", "fileId": "c881327636c2475f93b367a0499364a2", "classIds": ["Crex crex", "Scolopax rusticola"], "channels": [[{"startTime": 0.0, "endTime": 5.0, "predictions": {"probabilities": [-19.14508628845215, -4.318301200866699], "logits": [NaN, NaN]}, "groundTruth": [0.0, 0.0]}, {"startTime": 5.0, "endTime": 10.0, "predictions": {"probabilities": [-21.909591674804688, -5.524078845977783], "logits": [NaN, NaN]}, "groundTruth": [0.0, 0.0]}, {"startTime": 10.0, "endTime": 15.0, "predictions": {"probabilities": [-19.793073654174805, -3.5670788288116455], "logits": [NaN, NaN]}, "groundTruth": [0.0, 0.0]}, {"startTime": 15.0, "endTime": 20.0, "predictions": {"probabilities": [-20.16666030883789, -4.688894271850586], "logits": [NaN, NaN]}, "groundTruth": [0.0, 0.0]}]]}