{"modelName": "devise-221108-v8-ep423", "version": "1", "fileId": "c88374a05cf34e1d9ac6a10a2d834c4a", "classIds": ["Crex crex", "Scolopax rusticola"], "channels": [[{"startTime": 0.0, "endTime": 5.0, "predictions": {"probabilities": [3.243678037279096e-08, 0.07133209705352783], "logits": []}, "groundTruth": [0.0, 0.0]}, {"startTime": 5.0, "endTime": 10.0, "predictions": {"probabilities": [1.6380961864737031e-10, 0.9569535851478577], "logits": []}, "groundTruth": [0.0, 1.0]}, {"startTime": 7.0, "endTime": 12.0, "predictions": {"probabilities": [1.2450652731033074e-09, 0.6190913319587708], "logits": []}, "groundTruth": [0.0, 1.0]}]]}