{"modelName": "devise-221108-v8-ep423", "version": "1", "fileId": "c89b58b08c3c475d8a65220a21aa2cba", "classIds": ["Crex crex", "Scolopax rusticola"], "channels": [[{"startTime": 0.0, "endTime": 5.0, "predictions": {"probabilities": [4.5441225782205663e-10, 0.004253958817571402], "logits": []}, "groundTruth": [0.0, 0.0]}, {"startTime": 5.0, "endTime": 10.0, "predictions": {"probabilities": [2.2636696961342295e-09, 0.05316806584596634], "logits": []}, "groundTruth": [0.0, 0.0]}, {"startTime": 10.0, "endTime": 15.0, "predictions": {"probabilities": [1.1126121535198763e-07, 0.053385473787784576], "logits": []}, "groundTruth": [0.0, 0.0]}, {"startTime": 15.0, "endTime": 20.0, "predictions": {"probabilities": [1.4443678253428516e-08, 0.023632673546671867], "logits": []}, "groundTruth": [0.0, 0.0]}]]}