{"modelName": "devise-221108-v8-ep423", "version": "1", "fileId": "c8aae7bc616f40e3a8bebdda3e364459", "classIds": ["Crex crex", "Scolopax rusticola"], "channels": [[{"startTime": 0.0, "endTime": 5.0, "predictions": {"probabilities": [2.1846760511756713e-11, 0.9998353719711304], "logits": []}, "groundTruth": [0.0, 1.0]}, {"startTime": 5.0, "endTime": 10.0, "predictions": {"probabilities": [1.5370478501086637e-10, 0.9147863984107971], "logits": []}, "groundTruth": [0.0, 1.0]}, {"startTime": 8.0, "endTime": 13.0, "predictions": {"probabilities": [1.7639589875578787e-14, 0.9999995231628418], "logits": []}, "groundTruth": [0.0, 1.0]}]]}