{"modelName": "devise-221108-v8-ep423", "version": "1", "fileId": "c8aae7bc616f40e3a8bebdda3e364459", "classIds": ["Crex crex", "Scolopax rusticola"], "channels": [[{"startTime": 0.0, "endTime": 5.0, "predictions": {"probabilities": [-24.546968460083008, 8.711592674255371], "logits": [NaN, NaN]}, "groundTruth": [0.0, 1.0]}, {"startTime": 5.0, "endTime": 10.0, "predictions": {"probabilities": [-22.59598731994629, 2.373530387878418], "logits": [NaN, NaN]}, "groundTruth": [0.0, 1.0]}, {"startTime": 8.0, "endTime": 13.0, "predictions": {"probabilities": [-31.668630599975586, 14.53703784942627], "logits": [NaN, NaN]}, "groundTruth": [0.0, 1.0]}]]}