{"modelName": "devise-221108-v8-ep423", "version": "1", "fileId": "c8b031099cd645f4a36f785a27721d16", "classIds": ["Crex crex", "Scolopax rusticola"], "channels": [[{"startTime": 0.0, "endTime": 5.0, "predictions": {"probabilities": [5.150131528353086e-06, 0.31047332286834717], "logits": []}, "groundTruth": [0.0, 0.0]}, {"startTime": 5.0, "endTime": 10.0, "predictions": {"probabilities": [5.161476224202488e-07, 0.13509906828403473], "logits": []}, "groundTruth": [0.0, 0.0]}, {"startTime": 10.0, "endTime": 15.0, "predictions": {"probabilities": [3.8917978599783964e-06, 0.25192105770111084], "logits": []}, "groundTruth": [0.0, 0.0]}, {"startTime": 15.0, "endTime": 20.0, "predictions": {"probabilities": [6.138419053058897e-07, 0.12766233086585999], "logits": []}, "groundTruth": [0.0, 0.0]}]]}