{"modelName": "devise-221108-v8-ep423", "version": "1", "fileId": "c902a61864a34786bd55496f33e7e34d", "classIds": ["Crex crex", "Scolopax rusticola"], "channels": [[{"startTime": 0.0, "endTime": 5.0, "predictions": {"probabilities": [3.936433756734914e-08, 0.04005524143576622], "logits": []}, "groundTruth": [0.0, 0.0]}, {"startTime": 5.0, "endTime": 10.0, "predictions": {"probabilities": [3.4266718351716463e-09, 0.014732550829648972], "logits": []}, "groundTruth": [0.0, 0.0]}, {"startTime": 10.0, "endTime": 15.0, "predictions": {"probabilities": [1.9602198619850242e-07, 0.11111746728420258], "logits": []}, "groundTruth": [0.0, 0.0]}, {"startTime": 15.0, "endTime": 20.0, "predictions": {"probabilities": [3.267124668582255e-07, 0.08653360605239868], "logits": []}, "groundTruth": [0.0, 0.0]}]]}