{"modelName": "devise-221108-v8-ep423", "version": "1", "fileId": "c968080bc0174c2e9e1d696d36a80e3a", "classIds": ["Crex crex", "Scolopax rusticola"], "channels": [[{"startTime": 0.0, "endTime": 5.0, "predictions": {"probabilities": [1.3673674459369067e-07, 0.7159590125083923], "logits": []}, "groundTruth": [0.0, 0.0]}, {"startTime": 5.0, "endTime": 10.0, "predictions": {"probabilities": [2.0758950824983913e-07, 0.33279305696487427], "logits": []}, "groundTruth": [0.0, 0.0]}, {"startTime": 10.0, "endTime": 15.0, "predictions": {"probabilities": [4.782484666066011e-07, 0.19914297759532928], "logits": []}, "groundTruth": [0.0, 0.0]}, {"startTime": 15.0, "endTime": 20.0, "predictions": {"probabilities": [2.246308099529415e-07, 0.08212042599916458], "logits": []}, "groundTruth": [0.0, 0.0]}]]}