{"modelName": "devise-221108-v8-ep423", "version": "1", "fileId": "c968080bc0174c2e9e1d696d36a80e3a", "classIds": ["Crex crex", "Scolopax rusticola"], "channels": [[{"startTime": 0.0, "endTime": 5.0, "predictions": {"probabilities": [-15.805208206176758, 0.9245043396949768], "logits": [NaN, 2.5051825046539307]}, "groundTruth": [0.0, 0.0]}, {"startTime": 5.0, "endTime": 10.0, "predictions": {"probabilities": [-15.387702941894531, -0.695579469203949], "logits": [NaN, NaN]}, "groundTruth": [0.0, 0.0]}, {"startTime": 10.0, "endTime": 15.0, "predictions": {"probabilities": [-14.55313491821289, -1.3916593790054321], "logits": [NaN, NaN]}, "groundTruth": [0.0, 0.0]}, {"startTime": 15.0, "endTime": 20.0, "predictions": {"probabilities": [-15.308807373046875, -2.41387939453125], "logits": [NaN, NaN]}, "groundTruth": [0.0, 0.0]}]]}