{"modelName": "devise-221108-v8-ep423", "version": "1", "fileId": "c9c23064c1aa485ebbfd0048e330ca27", "classIds": ["Crex crex", "Scolopax rusticola"], "channels": [[{"startTime": 0.0, "endTime": 5.0, "predictions": {"probabilities": [3.749879851966398e-06, 0.3057013750076294], "logits": []}, "groundTruth": [0.0, 0.0]}, {"startTime": 5.0, "endTime": 10.0, "predictions": {"probabilities": [1.1422464922361542e-05, 0.40026232600212097], "logits": []}, "groundTruth": [0.0, 0.0]}, {"startTime": 10.0, "endTime": 15.0, "predictions": {"probabilities": [6.8137785547151e-07, 0.8508718013763428], "logits": []}, "groundTruth": [0.0, 0.0]}, {"startTime": 15.0, "endTime": 20.0, "predictions": {"probabilities": [7.426059255521977e-06, 0.32105153799057007], "logits": []}, "groundTruth": [0.0, 0.0]}]]}