{"modelName": "devise-221108-v8-ep423", "version": "1", "fileId": "ca58d9fc5ee74d37b00de1e852b462ac", "classIds": ["Crex crex", "Scolopax rusticola"], "channels": [[{"startTime": 0.0, "endTime": 5.0, "predictions": {"probabilities": [4.2240766006534924e-13, 0.9999995231628418], "logits": []}, "groundTruth": [0.0, 1.0]}, {"startTime": 5.0, "endTime": 10.0, "predictions": {"probabilities": [3.9698864855164384e-13, 0.9999997615814209], "logits": []}, "groundTruth": [0.0, 1.0]}, {"startTime": 8.0, "endTime": 13.0, "predictions": {"probabilities": [4.155359324860275e-14, 0.9998880624771118], "logits": []}, "groundTruth": [0.0, 1.0]}]]}