{"modelName": "devise-221108-v8-ep423", "version": "1", "fileId": "cb421e7e06a14b7795eea9491a2c343f", "classIds": ["Crex crex", "Scolopax rusticola"], "channels": [[{"startTime": 0.0, "endTime": 5.0, "predictions": {"probabilities": [-14.20460319519043, -2.031351089477539], "logits": [NaN, NaN]}, "groundTruth": [0.0, 0.0]}, {"startTime": 5.0, "endTime": 10.0, "predictions": {"probabilities": [-14.413928031921387, -1.8373039960861206], "logits": [NaN, NaN]}, "groundTruth": [0.0, 0.0]}, {"startTime": 10.0, "endTime": 15.0, "predictions": {"probabilities": [-12.735301971435547, -0.23230613768100739], "logits": [NaN, NaN]}, "groundTruth": [0.0, 0.0]}, {"startTime": 15.0, "endTime": 20.0, "predictions": {"probabilities": [-14.100180625915527, -1.813227653503418], "logits": [NaN, NaN]}, "groundTruth": [0.0, 0.0]}]]}