{"modelName": "devise-221108-v8-ep423", "version": "1", "fileId": "cb436233b1054aaba188e64dfe47d787", "classIds": ["Crex crex", "Scolopax rusticola"], "channels": [[{"startTime": 0.0, "endTime": 5.0, "predictions": {"probabilities": [4.99181096458301e-09, 0.012737499549984932], "logits": []}, "groundTruth": [0.0, 0.0]}, {"startTime": 5.0, "endTime": 10.0, "predictions": {"probabilities": [2.762162409908342e-08, 0.028570622205734253], "logits": []}, "groundTruth": [0.0, 0.0]}, {"startTime": 10.0, "endTime": 15.0, "predictions": {"probabilities": [3.7883832959551e-08, 0.04569977894425392], "logits": []}, "groundTruth": [0.0, 0.0]}, {"startTime": 15.0, "endTime": 20.0, "predictions": {"probabilities": [5.472274438034219e-07, 0.2051062434911728], "logits": []}, "groundTruth": [0.0, 0.0]}]]}