{"modelName": "devise-221108-v8-ep423", "version": "1", "fileId": "cc579924a94348c4aedd64358f00f33c", "classIds": ["Crex crex", "Scolopax rusticola"], "channels": [[{"startTime": 0.0, "endTime": 5.0, "predictions": {"probabilities": [-29.907642364501953, 12.990240097045898], "logits": [NaN, NaN]}, "groundTruth": [0.0, 0.0]}, {"startTime": 5.0, "endTime": 10.0, "predictions": {"probabilities": [-29.084287643432617, 16.08070945739746], "logits": [NaN, NaN]}, "groundTruth": [0.0, 1.0]}, {"startTime": 10.0, "endTime": 15.0, "predictions": {"probabilities": [-28.659767150878906, 14.604690551757812], "logits": [NaN, NaN]}, "groundTruth": [0.0, 1.0]}, {"startTime": 15.0, "endTime": 20.0, "predictions": {"probabilities": [-21.287918090820312, 5.1757378578186035], "logits": [NaN, NaN]}, "groundTruth": [0.0, 1.0]}]]}