{"modelName": "devise-221108-v8-ep423", "version": "1", "fileId": "cc5c0885bce041cb9bdd4c998cb802eb", "classIds": ["Crex crex", "Scolopax rusticola"], "channels": [[{"startTime": 0.0, "endTime": 5.0, "predictions": {"probabilities": [9.76673533714667e-11, 0.0023976066149771214], "logits": []}, "groundTruth": [0.0, 0.0]}, {"startTime": 5.0, "endTime": 10.0, "predictions": {"probabilities": [2.492297201950322e-10, 0.002969222143292427], "logits": []}, "groundTruth": [0.0, 0.0]}, {"startTime": 10.0, "endTime": 15.0, "predictions": {"probabilities": [1.2457143760968847e-08, 0.021738829091191292], "logits": []}, "groundTruth": [0.0, 0.0]}, {"startTime": 15.0, "endTime": 20.0, "predictions": {"probabilities": [1.4984674123752484e-07, 0.0558692030608654], "logits": []}, "groundTruth": [0.0, 0.0]}]]}