{"modelName": "devise-221108-v8-ep423", "version": "1", "fileId": "cc888c29eb9c4e1bb65209509101ec74", "classIds": ["Crex crex", "Scolopax rusticola"], "channels": [[{"startTime": 0.0, "endTime": 5.0, "predictions": {"probabilities": [1.7241335026341176e-09, 0.024890145286917686], "logits": []}, "groundTruth": [0.0, 0.0]}, {"startTime": 5.0, "endTime": 10.0, "predictions": {"probabilities": [7.1020371805730065e-09, 0.020548421889543533], "logits": []}, "groundTruth": [0.0, 0.0]}, {"startTime": 10.0, "endTime": 15.0, "predictions": {"probabilities": [9.431070369103622e-10, 0.009809594601392746], "logits": []}, "groundTruth": [0.0, 0.0]}, {"startTime": 15.0, "endTime": 20.0, "predictions": {"probabilities": [9.440456238962724e-08, 0.2181471735239029], "logits": []}, "groundTruth": [0.0, 0.0]}]]}