{"modelName": "devise-221108-v8-ep423", "version": "1", "fileId": "cc888c29eb9c4e1bb65209509101ec74", "classIds": ["Crex crex", "Scolopax rusticola"], "channels": [[{"startTime": 0.0, "endTime": 5.0, "predictions": {"probabilities": [-20.17854118347168, -3.6680781841278076], "logits": [NaN, NaN]}, "groundTruth": [0.0, 0.0]}, {"startTime": 5.0, "endTime": 10.0, "predictions": {"probabilities": [-18.76288414001465, -3.864208698272705], "logits": [NaN, NaN]}, "groundTruth": [0.0, 0.0]}, {"startTime": 10.0, "endTime": 15.0, "predictions": {"probabilities": [-20.781841278076172, -4.614536285400391], "logits": [NaN, NaN]}, "groundTruth": [0.0, 0.0]}, {"startTime": 15.0, "endTime": 20.0, "predictions": {"probabilities": [-16.175676345825195, -1.2764965295791626], "logits": [NaN, NaN]}, "groundTruth": [0.0, 0.0]}]]}