{"modelName": "devise-221108-v8-ep423", "version": "1", "fileId": "ccd09c4fd9934a809cbb15c8a04968b3", "classIds": ["Crex crex", "Scolopax rusticola"], "channels": [[{"startTime": 0.0, "endTime": 5.0, "predictions": {"probabilities": [3.5595931757725907e-10, 0.004162621684372425], "logits": []}, "groundTruth": [0.0, 0.0]}, {"startTime": 5.0, "endTime": 10.0, "predictions": {"probabilities": [1.4036343198853274e-09, 0.5400568246841431], "logits": []}, "groundTruth": [0.0, 0.0]}, {"startTime": 10.0, "endTime": 15.0, "predictions": {"probabilities": [3.702563533547476e-10, 0.23685510456562042], "logits": []}, "groundTruth": [0.0, 0.0]}, {"startTime": 15.0, "endTime": 20.0, "predictions": {"probabilities": [1.903494251109805e-09, 0.45022574067115784], "logits": []}, "groundTruth": [0.0, 0.0]}]]}