{"modelName": "devise-221108-v8-ep423", "version": "1", "fileId": "ccd09c4fd9934a809cbb15c8a04968b3", "classIds": ["Crex crex", "Scolopax rusticola"], "channels": [[{"startTime": 0.0, "endTime": 5.0, "predictions": {"probabilities": [-21.75620460510254, -5.477438926696777], "logits": [NaN, NaN]}, "groundTruth": [0.0, 0.0]}, {"startTime": 5.0, "endTime": 10.0, "predictions": {"probabilities": [-20.384201049804688, 0.1605716049671173], "logits": [NaN, -1.6539812088012695]}, "groundTruth": [0.0, 0.0]}, {"startTime": 10.0, "endTime": 15.0, "predictions": {"probabilities": [-21.716825485229492, -1.169999361038208], "logits": [NaN, NaN]}, "groundTruth": [0.0, 0.0]}, {"startTime": 15.0, "endTime": 20.0, "predictions": {"probabilities": [-20.079574584960938, -0.1997586339712143], "logits": [NaN, NaN]}, "groundTruth": [0.0, 0.0]}]]}