{"modelName": "devise-221108-v8-ep423", "version": "1", "fileId": "cd3fbe8bda544c7e90f087e7f66334ce", "classIds": ["Crex crex", "Scolopax rusticola"], "channels": [[{"startTime": 0.0, "endTime": 5.0, "predictions": {"probabilities": [-20.487178802490234, -4.926372051239014], "logits": [NaN, NaN]}, "groundTruth": [0.0, 0.0]}, {"startTime": 5.0, "endTime": 10.0, "predictions": {"probabilities": [-28.874082565307617, 4.0751447677612305], "logits": [NaN, NaN]}, "groundTruth": [0.0, 0.0]}, {"startTime": 10.0, "endTime": 15.0, "predictions": {"probabilities": [-33.53359603881836, 13.838624954223633], "logits": [NaN, NaN]}, "groundTruth": [0.0, 0.0]}, {"startTime": 15.0, "endTime": 20.0, "predictions": {"probabilities": [-34.81968307495117, 19.61565399169922], "logits": [NaN, NaN]}, "groundTruth": [0.0, 0.0]}]]}