{"modelName": "devise-221108-v8-ep423", "version": "1", "fileId": "cd3fbe8bda544c7e90f087e7f66334ce", "classIds": ["Crex crex", "Scolopax rusticola"], "channels": [[{"startTime": 0.0, "endTime": 5.0, "predictions": {"probabilities": [1.2662845216837582e-09, 0.007200544234365225], "logits": []}, "groundTruth": [0.0, 0.0]}, {"startTime": 5.0, "endTime": 10.0, "predictions": {"probabilities": [2.884996386752492e-13, 0.9832941293716431], "logits": []}, "groundTruth": [0.0, 0.0]}, {"startTime": 10.0, "endTime": 15.0, "predictions": {"probabilities": [2.732399962350864e-15, 0.9999990463256836], "logits": []}, "groundTruth": [0.0, 0.0]}, {"startTime": 15.0, "endTime": 20.0, "predictions": {"probabilities": [7.550988498955156e-16, 1.0], "logits": []}, "groundTruth": [0.0, 0.0]}]]}