{"modelName": "devise-221108-v8-ep423", "version": "1", "fileId": "cd8be6852b524d9382f6bc95dce87065", "classIds": ["Crex crex", "Scolopax rusticola"], "channels": [[{"startTime": 0.0, "endTime": 5.0, "predictions": {"probabilities": [-12.59935474395752, -1.0375913381576538], "logits": [NaN, NaN]}, "groundTruth": [0.0, 0.0]}, {"startTime": 5.0, "endTime": 10.0, "predictions": {"probabilities": [-11.25728702545166, -0.4005253314971924], "logits": [NaN, NaN]}, "groundTruth": [0.0, 0.0]}, {"startTime": 10.0, "endTime": 15.0, "predictions": {"probabilities": [-12.524123191833496, -1.0603017807006836], "logits": [NaN, NaN]}, "groundTruth": [0.0, 0.0]}, {"startTime": 15.0, "endTime": 20.0, "predictions": {"probabilities": [-16.39056396484375, 4.28104305267334], "logits": [NaN, NaN]}, "groundTruth": [0.0, 0.0]}]]}