{"modelName": "devise-221108-v8-ep423", "version": "1", "fileId": "ce3a09f7e46544b3be1fc4d6212e52a2", "classIds": ["Crex crex", "Scolopax rusticola"], "channels": [[{"startTime": 0.0, "endTime": 5.0, "predictions": {"probabilities": [9.922936442308128e-06, 0.34681209921836853], "logits": []}, "groundTruth": [0.0, 0.0]}, {"startTime": 5.0, "endTime": 10.0, "predictions": {"probabilities": [1.752826506162819e-06, 0.18922743201255798], "logits": []}, "groundTruth": [0.0, 0.0]}, {"startTime": 10.0, "endTime": 15.0, "predictions": {"probabilities": [9.828452220972395e-07, 0.1704515963792801], "logits": []}, "groundTruth": [0.0, 0.0]}, {"startTime": 15.0, "endTime": 20.0, "predictions": {"probabilities": [8.453368138816586e-08, 0.19367153942584991], "logits": []}, "groundTruth": [0.0, 0.0]}]]}