{"modelName": "devise-221108-v8-ep423", "version": "1", "fileId": "cf0aa4bfd0714a508490126cef2e58c0", "classIds": ["Crex crex", "Scolopax rusticola"], "channels": [[{"startTime": 0.0, "endTime": 5.0, "predictions": {"probabilities": [2.4382981744786036e-11, 0.9915487170219421], "logits": []}, "groundTruth": [0.0, 1.0]}, {"startTime": 5.0, "endTime": 10.0, "predictions": {"probabilities": [1.937926002396756e-13, 0.9999992847442627], "logits": []}, "groundTruth": [0.0, 1.0]}, {"startTime": 10.0, "endTime": 15.0, "predictions": {"probabilities": [1.869592588382707e-12, 0.9997807145118713], "logits": []}, "groundTruth": [0.0, 1.0]}, {"startTime": 11.0, "endTime": 16.0, "predictions": {"probabilities": [1.0243377673865464e-18, 1.0], "logits": []}, "groundTruth": [0.0, 1.0]}]]}