{"modelName": "devise-221108-v8-ep423", "version": "1", "fileId": "cf19fd9e756949cb899482361893e157", "classIds": ["Crex crex", "Scolopax rusticola"], "channels": [[{"startTime": 0.0, "endTime": 5.0, "predictions": {"probabilities": [1.7500401128245358e-08, 0.020590195432305336], "logits": []}, "groundTruth": [0.0, 0.0]}, {"startTime": 5.0, "endTime": 10.0, "predictions": {"probabilities": [6.862080903502488e-10, 0.03327762335538864], "logits": []}, "groundTruth": [0.0, 0.0]}, {"startTime": 10.0, "endTime": 15.0, "predictions": {"probabilities": [1.9354226665768692e-08, 0.024503247812390327], "logits": []}, "groundTruth": [0.0, 0.0]}, {"startTime": 15.0, "endTime": 20.0, "predictions": {"probabilities": [7.243006749924064e-10, 0.005845871288329363], "logits": []}, "groundTruth": [0.0, 0.0]}]]}