{"modelName": "devise-221108-v8-ep423", "version": "1", "fileId": "d0910be7453346c88f3356ae3407f0c4", "classIds": ["Crex crex", "Scolopax rusticola"], "channels": [[{"startTime": 0.0, "endTime": 5.0, "predictions": {"probabilities": [-20.246952056884766, -4.884321212768555], "logits": [NaN, NaN]}, "groundTruth": [0.0, 0.0]}, {"startTime": 5.0, "endTime": 10.0, "predictions": {"probabilities": [-19.33846664428711, -4.217846393585205], "logits": [NaN, NaN]}, "groundTruth": [0.0, 0.0]}, {"startTime": 10.0, "endTime": 15.0, "predictions": {"probabilities": [-16.22264289855957, -2.6620848178863525], "logits": [NaN, NaN]}, "groundTruth": [0.0, 0.0]}, {"startTime": 15.0, "endTime": 20.0, "predictions": {"probabilities": [-19.932764053344727, -3.664811849594116], "logits": [NaN, NaN]}, "groundTruth": [0.0, 0.0]}]]}