{"modelName": "devise-221108-v8-ep423", "version": "1", "fileId": "d17602a3736040f7b9feeb8c06fd5eb6", "classIds": ["Crex crex", "Scolopax rusticola"], "channels": [[{"startTime": 0.0, "endTime": 5.0, "predictions": {"probabilities": [-15.962602615356445, -2.0737011432647705], "logits": [NaN, NaN]}, "groundTruth": [0.0, 1.0]}, {"startTime": 5.0, "endTime": 10.0, "predictions": {"probabilities": [-23.94948959350586, 9.833685874938965], "logits": [NaN, NaN]}, "groundTruth": [0.0, 1.0]}, {"startTime": 6.0, "endTime": 11.0, "predictions": {"probabilities": [-10.96251106262207, -0.3292575478553772], "logits": [NaN, NaN]}, "groundTruth": [0.0, 1.0]}]]}