{"modelName": "devise-221108-v8-ep423", "version": "1", "fileId": "d1edc84476fd4186b8f065c9fee04695", "classIds": ["Crex crex", "Scolopax rusticola"], "channels": [[{"startTime": 0.0, "endTime": 5.0, "predictions": {"probabilities": [2.7191609319743293e-07, 0.07444729655981064], "logits": []}, "groundTruth": [0.0, 0.0]}, {"startTime": 5.0, "endTime": 10.0, "predictions": {"probabilities": [1.591410523360537e-07, 0.0996260941028595], "logits": []}, "groundTruth": [0.0, 0.0]}, {"startTime": 10.0, "endTime": 15.0, "predictions": {"probabilities": [1.0970061481430093e-07, 0.7635543346405029], "logits": []}, "groundTruth": [0.0, 0.0]}, {"startTime": 15.0, "endTime": 20.0, "predictions": {"probabilities": [2.536221757054591e-07, 0.08025282621383667], "logits": []}, "groundTruth": [0.0, 0.0]}]]}