{"modelName": "devise-221108-v8-ep423", "version": "1", "fileId": "d1edc84476fd4186b8f065c9fee04695", "classIds": ["Crex crex", "Scolopax rusticola"], "channels": [[{"startTime": 0.0, "endTime": 5.0, "predictions": {"probabilities": [-15.117772102355957, -2.5202996730804443], "logits": [NaN, NaN]}, "groundTruth": [0.0, 0.0]}, {"startTime": 5.0, "endTime": 10.0, "predictions": {"probabilities": [-15.653474807739258, -2.201385974884033], "logits": [NaN, NaN]}, "groundTruth": [0.0, 0.0]}, {"startTime": 10.0, "endTime": 15.0, "predictions": {"probabilities": [-16.025510787963867, 1.172265648841858], "logits": [NaN, NaN]}, "groundTruth": [0.0, 0.0]}, {"startTime": 15.0, "endTime": 20.0, "predictions": {"probabilities": [-15.187419891357422, -2.4389169216156006], "logits": [NaN, NaN]}, "groundTruth": [0.0, 0.0]}]]}