{"modelName": "devise-221108-v8-ep423", "version": "1", "fileId": "d237c7ba67d448169d4a7e2df99952c5", "classIds": ["Crex crex", "Scolopax rusticola"], "channels": [[{"startTime": 0.0, "endTime": 5.0, "predictions": {"probabilities": [-15.248370170593262, -0.732690155506134], "logits": [NaN, NaN]}, "groundTruth": [0.0, 1.0]}, {"startTime": 5.0, "endTime": 10.0, "predictions": {"probabilities": [-33.03183364868164, 16.389265060424805], "logits": [NaN, NaN]}, "groundTruth": [0.0, 1.0]}, {"startTime": 8.0, "endTime": 13.0, "predictions": {"probabilities": [-30.168216705322266, 14.964812278747559], "logits": [NaN, NaN]}, "groundTruth": [0.0, 1.0]}]]}