{"modelName": "devise-221108-v8-ep423", "version": "1", "fileId": "d2b99f5ebf7c4385875a18cef4d73e5a", "classIds": ["Crex crex", "Scolopax rusticola"], "channels": [[{"startTime": 0.0, "endTime": 5.0, "predictions": {"probabilities": [5.826100277772639e-07, 0.2231578230857849], "logits": []}, "groundTruth": [0.0, 0.0]}, {"startTime": 5.0, "endTime": 10.0, "predictions": {"probabilities": [5.666898232448148e-06, 0.5044890642166138], "logits": []}, "groundTruth": [0.0, 0.0]}, {"startTime": 10.0, "endTime": 15.0, "predictions": {"probabilities": [3.92436413676478e-06, 0.2852366268634796], "logits": []}, "groundTruth": [0.0, 0.0]}, {"startTime": 15.0, "endTime": 20.0, "predictions": {"probabilities": [4.512693067226792e-06, 0.2642441391944885], "logits": []}, "groundTruth": [0.0, 0.0]}]]}