{"modelName": "devise-221108-v8-ep423", "version": "1", "fileId": "d2b99f5ebf7c4385875a18cef4d73e5a", "classIds": ["Crex crex", "Scolopax rusticola"], "channels": [[{"startTime": 0.0, "endTime": 5.0, "predictions": {"probabilities": [-14.35574722290039, -1.247357964515686], "logits": [NaN, NaN]}, "groundTruth": [0.0, 0.0]}, {"startTime": 5.0, "endTime": 10.0, "predictions": {"probabilities": [-12.080862998962402, 0.0179566890001297], "logits": [NaN, -4.001672744750977]}, "groundTruth": [0.0, 0.0]}, {"startTime": 10.0, "endTime": 15.0, "predictions": {"probabilities": [-12.448302268981934, -0.9186323881149292], "logits": [NaN, NaN]}, "groundTruth": [0.0, 0.0]}, {"startTime": 15.0, "endTime": 20.0, "predictions": {"probabilities": [-12.308611869812012, -1.0240248441696167], "logits": [NaN, NaN]}, "groundTruth": [0.0, 0.0]}]]}