{"modelName": "devise-221108-v8-ep423", "version": "1", "fileId": "d3c154fa18f54064964e0db79af3ff10", "classIds": ["Crex crex", "Scolopax rusticola"], "channels": [[{"startTime": 0.0, "endTime": 5.0, "predictions": {"probabilities": [-21.368940353393555, -3.681825876235962], "logits": [NaN, NaN]}, "groundTruth": [0.0, 0.0]}, {"startTime": 5.0, "endTime": 10.0, "predictions": {"probabilities": [-20.534957885742188, -4.886792182922363], "logits": [NaN, NaN]}, "groundTruth": [0.0, 0.0]}, {"startTime": 10.0, "endTime": 15.0, "predictions": {"probabilities": [-21.51236915588379, -5.448823928833008], "logits": [NaN, NaN]}, "groundTruth": [0.0, 0.0]}, {"startTime": 15.0, "endTime": 20.0, "predictions": {"probabilities": [-20.996782302856445, 1.6499050855636597], "logits": [NaN, NaN]}, "groundTruth": [0.0, 0.0]}]]}