{"modelName": "devise-221108-v8-ep423", "version": "1", "fileId": "d3ebff7b51cd4d0c9a1d489aee880a95", "classIds": ["Crex crex", "Scolopax rusticola"], "channels": [[{"startTime": 0.0, "endTime": 5.0, "predictions": {"probabilities": [2.0023713886985206e-07, 0.06972918659448624], "logits": []}, "groundTruth": [0.0, 0.0]}, {"startTime": 5.0, "endTime": 10.0, "predictions": {"probabilities": [1.8481817960491753e-06, 0.24315573275089264], "logits": []}, "groundTruth": [0.0, 0.0]}, {"startTime": 10.0, "endTime": 15.0, "predictions": {"probabilities": [2.627675939947949e-06, 0.3070010840892792], "logits": []}, "groundTruth": [0.0, 0.0]}, {"startTime": 15.0, "endTime": 20.0, "predictions": {"probabilities": [4.310471922508441e-06, 0.23171290755271912], "logits": []}, "groundTruth": [0.0, 0.0]}]]}