{"modelName": "devise-221108-v8-ep423", "version": "1", "fileId": "d4504247286b4418937420641d5a3efd", "classIds": ["Crex crex", "Scolopax rusticola"], "channels": [[{"startTime": 0.0, "endTime": 5.0, "predictions": {"probabilities": [1.1905612129839427e-12, 0.9999916553497314], "logits": []}, "groundTruth": [0.0, 1.0]}, {"startTime": 5.0, "endTime": 10.0, "predictions": {"probabilities": [2.1255358751615707e-16, 1.0], "logits": []}, "groundTruth": [0.0, 1.0]}, {"startTime": 9.0, "endTime": 14.0, "predictions": {"probabilities": [1.2835357065122798e-15, 1.0], "logits": []}, "groundTruth": [0.0, 1.0]}]]}