{"modelName": "devise-221108-v8-ep423", "version": "1", "fileId": "d4d60c22bbbf4c7992f5932902c27b48", "classIds": ["Crex crex", "Scolopax rusticola"], "channels": [[{"startTime": 0.0, "endTime": 5.0, "predictions": {"probabilities": [2.9182789518245045e-10, 0.06328588724136353], "logits": []}, "groundTruth": [0.0, 0.0]}, {"startTime": 5.0, "endTime": 10.0, "predictions": {"probabilities": [3.238279866479843e-09, 0.011102703399956226], "logits": []}, "groundTruth": [0.0, 0.0]}, {"startTime": 10.0, "endTime": 15.0, "predictions": {"probabilities": [2.2293855650445948e-10, 0.0034766558092087507], "logits": []}, "groundTruth": [0.0, 0.0]}, {"startTime": 15.0, "endTime": 20.0, "predictions": {"probabilities": [6.318984446807008e-09, 0.013785728253424168], "logits": []}, "groundTruth": [0.0, 0.0]}]]}