{"modelName": "devise-221108-v8-ep423", "version": "1", "fileId": "d4d60c22bbbf4c7992f5932902c27b48", "classIds": ["Crex crex", "Scolopax rusticola"], "channels": [[{"startTime": 0.0, "endTime": 5.0, "predictions": {"probabilities": [-21.954856872558594, -2.694715738296509], "logits": [NaN, NaN]}, "groundTruth": [0.0, 0.0]}, {"startTime": 5.0, "endTime": 10.0, "predictions": {"probabilities": [-19.5482234954834, -4.489401817321777], "logits": [NaN, NaN]}, "groundTruth": [0.0, 0.0]}, {"startTime": 10.0, "endTime": 15.0, "predictions": {"probabilities": [-22.224124908447266, -5.658201694488525], "logits": [NaN, NaN]}, "groundTruth": [0.0, 0.0]}, {"startTime": 15.0, "endTime": 20.0, "predictions": {"probabilities": [-18.87970733642578, -4.27023983001709], "logits": [NaN, NaN]}, "groundTruth": [0.0, 0.0]}]]}