{"modelName": "devise-221108-v8-ep423", "version": "1", "fileId": "d507e85445cc420392ca089a8234f75e", "classIds": ["Crex crex", "Scolopax rusticola"], "channels": [[{"startTime": 0.0, "endTime": 5.0, "predictions": {"probabilities": [-19.637434005737305, 8.340028762817383], "logits": [NaN, NaN]}, "groundTruth": [0.0, 0.0]}, {"startTime": 5.0, "endTime": 10.0, "predictions": {"probabilities": [-14.600273132324219, -2.335578441619873], "logits": [NaN, NaN]}, "groundTruth": [0.0, 0.0]}, {"startTime": 10.0, "endTime": 15.0, "predictions": {"probabilities": [-14.589049339294434, -1.4618998765945435], "logits": [NaN, NaN]}, "groundTruth": [0.0, 0.0]}, {"startTime": 15.0, "endTime": 20.0, "predictions": {"probabilities": [-13.349343299865723, -0.8730288743972778], "logits": [NaN, NaN]}, "groundTruth": [0.0, 0.0]}]]}