{"modelName": "devise-221108-v8-ep423", "version": "1", "fileId": "d50c275231fd4f81b48b8f009c8672c4", "classIds": ["Crex crex", "Scolopax rusticola"], "channels": [[{"startTime": 0.0, "endTime": 5.0, "predictions": {"probabilities": [1.7071826050596428e-06, 0.6162588000297546], "logits": []}, "groundTruth": [0.0, 0.0]}, {"startTime": 5.0, "endTime": 10.0, "predictions": {"probabilities": [1.5430634675290926e-14, 1.0], "logits": []}, "groundTruth": [0.0, 1.0]}, {"startTime": 10.0, "endTime": 15.0, "predictions": {"probabilities": [9.651082564232638e-07, 0.8734090924263], "logits": []}, "groundTruth": [0.0, 1.0]}, {"startTime": 13.0, "endTime": 18.0, "predictions": {"probabilities": [1.953443273805533e-08, 0.028971560299396515], "logits": []}, "groundTruth": [0.0, 1.0]}]]}