{"modelName": "devise-221108-v8-ep423", "version": "1", "fileId": "d5881a44aaf044639bf97b9f055591df", "classIds": ["Crex crex", "Scolopax rusticola"], "channels": [[{"startTime": 0.0, "endTime": 5.0, "predictions": {"probabilities": [-16.409334182739258, -2.7448298931121826], "logits": [NaN, NaN]}, "groundTruth": [0.0, 0.0]}, {"startTime": 5.0, "endTime": 10.0, "predictions": {"probabilities": [-16.9361515045166, -0.535340428352356], "logits": [NaN, NaN]}, "groundTruth": [0.0, 0.0]}, {"startTime": 10.0, "endTime": 15.0, "predictions": {"probabilities": [-25.146865844726562, 10.803780555725098], "logits": [NaN, NaN]}, "groundTruth": [0.0, 0.0]}, {"startTime": 15.0, "endTime": 20.0, "predictions": {"probabilities": [-31.033401489257812, 13.888336181640625], "logits": [NaN, NaN]}, "groundTruth": [0.0, 0.0]}]]}