{"modelName": "devise-221108-v8-ep423", "version": "1", "fileId": "d6324bb31e144347a56a2f140ea54560", "classIds": ["Crex crex", "Scolopax rusticola"], "channels": [[{"startTime": 0.0, "endTime": 5.0, "predictions": {"probabilities": [-17.621124267578125, -3.6680753231048584], "logits": [NaN, NaN]}, "groundTruth": [0.0, 1.0]}, {"startTime": 5.0, "endTime": 10.0, "predictions": {"probabilities": [-32.43553161621094, 16.495267868041992], "logits": [NaN, NaN]}, "groundTruth": [0.0, 1.0]}, {"startTime": 10.0, "endTime": 15.0, "predictions": {"probabilities": [-26.22588348388672, 5.851768493652344], "logits": [NaN, NaN]}, "groundTruth": [0.0, 1.0]}, {"startTime": 11.0, "endTime": 16.0, "predictions": {"probabilities": [-23.409290313720703, 2.2181613445281982], "logits": [NaN, NaN]}, "groundTruth": [0.0, 1.0]}]]}