{"modelName": "devise-221108-v8-ep423", "version": "1", "fileId": "d70a66f2a6ef472da57918f0d4ccfbd5", "classIds": ["Crex crex", "Scolopax rusticola"], "channels": [[{"startTime": 0.0, "endTime": 5.0, "predictions": {"probabilities": [7.828306003432317e-09, 0.014305710792541504], "logits": []}, "groundTruth": [0.0, 0.0]}, {"startTime": 5.0, "endTime": 10.0, "predictions": {"probabilities": [3.564479129636311e-07, 0.08226463943719864], "logits": []}, "groundTruth": [0.0, 0.0]}, {"startTime": 10.0, "endTime": 15.0, "predictions": {"probabilities": [5.6201350240314696e-09, 0.01263042539358139], "logits": []}, "groundTruth": [0.0, 0.0]}, {"startTime": 15.0, "endTime": 20.0, "predictions": {"probabilities": [7.082436415117854e-09, 0.02085578441619873], "logits": []}, "groundTruth": [0.0, 0.0]}]]}