{"modelName": "devise-221108-v8-ep423", "version": "1", "fileId": "d7421b70ee624e26a1031eafa323e340", "classIds": ["Crex crex", "Scolopax rusticola"], "channels": [[{"startTime": 0.0, "endTime": 5.0, "predictions": {"probabilities": [-19.28727912902832, -4.3259406089782715], "logits": [NaN, NaN]}, "groundTruth": [0.0, 0.0]}, {"startTime": 5.0, "endTime": 10.0, "predictions": {"probabilities": [-20.281723022460938, -4.99705696105957], "logits": [NaN, NaN]}, "groundTruth": [0.0, 0.0]}, {"startTime": 10.0, "endTime": 15.0, "predictions": {"probabilities": [-19.012834548950195, -3.7475016117095947], "logits": [NaN, NaN]}, "groundTruth": [0.0, 0.0]}, {"startTime": 15.0, "endTime": 20.0, "predictions": {"probabilities": [-19.29776954650879, -4.145009994506836], "logits": [NaN, NaN]}, "groundTruth": [0.0, 0.0]}]]}