{"modelName": "devise-221108-v8-ep423", "version": "1", "fileId": "d74c21a34c814d17bf00be592ed883e9", "classIds": ["Crex crex", "Scolopax rusticola"], "channels": [[{"startTime": 0.0, "endTime": 5.0, "predictions": {"probabilities": [-16.507619857788086, -2.536102533340454], "logits": [NaN, NaN]}, "groundTruth": [0.0, 0.0]}, {"startTime": 5.0, "endTime": 10.0, "predictions": {"probabilities": [-10.967446327209473, 0.4049493670463562], "logits": [NaN, -0.3848845064640045]}, "groundTruth": [0.0, 0.0]}, {"startTime": 10.0, "endTime": 15.0, "predictions": {"probabilities": [-15.571897506713867, 3.6879191398620605], "logits": [NaN, NaN]}, "groundTruth": [0.0, 0.0]}, {"startTime": 15.0, "endTime": 20.0, "predictions": {"probabilities": [-20.556913375854492, 8.929913520812988], "logits": [NaN, NaN]}, "groundTruth": [0.0, 0.0]}]]}