{"modelName": "devise-221108-v8-ep423", "version": "1", "fileId": "d8c42eb45c9840bab12ab48268adb196", "classIds": ["Crex crex", "Scolopax rusticola"], "channels": [[{"startTime": 0.0, "endTime": 5.0, "predictions": {"probabilities": [5.96603100255777e-10, 0.023269105702638626], "logits": []}, "groundTruth": [0.0, 0.0]}, {"startTime": 5.0, "endTime": 10.0, "predictions": {"probabilities": [2.5665441993893978e-11, 0.7014251351356506], "logits": []}, "groundTruth": [0.0, 0.0]}, {"startTime": 10.0, "endTime": 15.0, "predictions": {"probabilities": [1.2417276928911036e-10, 0.0025216173380613327], "logits": []}, "groundTruth": [0.0, 0.0]}, {"startTime": 15.0, "endTime": 20.0, "predictions": {"probabilities": [6.474204283790641e-09, 0.06672439724206924], "logits": []}, "groundTruth": [0.0, 0.0]}]]}