{"modelName": "devise-221108-v8-ep423", "version": "1", "fileId": "d8d37f216abc4863b2128a2da1115080", "classIds": ["Crex crex", "Scolopax rusticola"], "channels": [[{"startTime": 0.0, "endTime": 5.0, "predictions": {"probabilities": [-18.896961212158203, -3.5618579387664795], "logits": [NaN, NaN]}, "groundTruth": [0.0, 0.0]}, {"startTime": 5.0, "endTime": 10.0, "predictions": {"probabilities": [-18.681806564331055, -4.038595676422119], "logits": [NaN, NaN]}, "groundTruth": [0.0, 0.0]}, {"startTime": 10.0, "endTime": 15.0, "predictions": {"probabilities": [-17.22940444946289, -1.2145267724990845], "logits": [NaN, NaN]}, "groundTruth": [0.0, 0.0]}, {"startTime": 15.0, "endTime": 20.0, "predictions": {"probabilities": [-16.001962661743164, -2.812310218811035], "logits": [NaN, NaN]}, "groundTruth": [0.0, 0.0]}]]}