{"modelName": "devise-221108-v8-ep423", "version": "1", "fileId": "db7022962a524a1a99ee8a2459a84ac5", "classIds": ["Crex crex", "Scolopax rusticola"], "channels": [[{"startTime": 0.0, "endTime": 5.0, "predictions": {"probabilities": [-18.82249641418457, 0.8288683295249939], "logits": [NaN, 1.5776281356811523]}, "groundTruth": [0.0, 0.0]}, {"startTime": 5.0, "endTime": 10.0, "predictions": {"probabilities": [-18.254478454589844, -3.6241583824157715], "logits": [NaN, NaN]}, "groundTruth": [0.0, 0.0]}, {"startTime": 10.0, "endTime": 15.0, "predictions": {"probabilities": [-22.22219467163086, -5.72052526473999], "logits": [NaN, NaN]}, "groundTruth": [0.0, 0.0]}, {"startTime": 15.0, "endTime": 20.0, "predictions": {"probabilities": [-20.252025604248047, -2.1662871837615967], "logits": [NaN, NaN]}, "groundTruth": [0.0, 0.0]}]]}