{"modelName": "devise-221108-v8-ep423", "version": "1", "fileId": "dbaf8ca55ad34c66bae3d8b3b378569a", "classIds": ["Crex crex", "Scolopax rusticola"], "channels": [[{"startTime": 0.0, "endTime": 5.0, "predictions": {"probabilities": [-18.04218101501465, -1.588754653930664], "logits": [NaN, NaN]}, "groundTruth": [0.0, 1.0]}, {"startTime": 5.0, "endTime": 10.0, "predictions": {"probabilities": [-24.00193977355957, 7.083911895751953], "logits": [NaN, NaN]}, "groundTruth": [0.0, 1.0]}, {"startTime": 10.0, "endTime": 15.0, "predictions": {"probabilities": [-22.263473510742188, 6.734600067138672], "logits": [NaN, NaN]}, "groundTruth": [0.0, 1.0]}, {"startTime": 15.0, "endTime": 20.0, "predictions": {"probabilities": [-33.29389190673828, 14.298019409179688], "logits": [NaN, NaN]}, "groundTruth": [0.0, 1.0]}]]}