{"modelName": "devise-221108-v8-ep423", "version": "1", "fileId": "dbaf8ca55ad34c66bae3d8b3b378569a", "classIds": ["Crex crex", "Scolopax rusticola"], "channels": [[{"startTime": 0.0, "endTime": 5.0, "predictions": {"probabilities": [1.4600924025387485e-08, 0.16955918073654175], "logits": []}, "groundTruth": [0.0, 1.0]}, {"startTime": 5.0, "endTime": 10.0, "predictions": {"probabilities": [3.7678186959322346e-11, 0.9991621971130371], "logits": []}, "groundTruth": [0.0, 1.0]}, {"startTime": 10.0, "endTime": 15.0, "predictions": {"probabilities": [2.143365901430272e-10, 0.9988124370574951], "logits": []}, "groundTruth": [0.0, 1.0]}, {"startTime": 15.0, "endTime": 20.0, "predictions": {"probabilities": [3.4725337517716457e-15, 0.9999994039535522], "logits": []}, "groundTruth": [0.0, 1.0]}]]}