{"modelName": "devise-221108-v8-ep423", "version": "1", "fileId": "dc0f60de094f49328208ed69e3786df4", "classIds": ["Crex crex", "Scolopax rusticola"], "channels": [[{"startTime": 0.0, "endTime": 5.0, "predictions": {"probabilities": [5.965681726394223e-09, 0.02033810503780842], "logits": []}, "groundTruth": [0.0, 0.0]}, {"startTime": 5.0, "endTime": 10.0, "predictions": {"probabilities": [9.435883185915372e-08, 0.05688612908124924], "logits": []}, "groundTruth": [0.0, 0.0]}, {"startTime": 10.0, "endTime": 15.0, "predictions": {"probabilities": [2.0265567002297757e-09, 0.01991902105510235], "logits": []}, "groundTruth": [0.0, 0.0]}, {"startTime": 15.0, "endTime": 20.0, "predictions": {"probabilities": [2.4420067745722918e-08, 0.350639671087265], "logits": []}, "groundTruth": [0.0, 0.0]}]]}