{"modelName": "devise-221108-v8-ep423", "version": "1", "fileId": "dc160ed8cea7496a9fdbd70dffda2292", "classIds": ["Crex crex", "Scolopax rusticola"], "channels": [[{"startTime": 0.0, "endTime": 5.0, "predictions": {"probabilities": [1.815259192960994e-10, 0.30385974049568176], "logits": []}, "groundTruth": [0.0, 0.0]}, {"startTime": 5.0, "endTime": 10.0, "predictions": {"probabilities": [1.3651129115999083e-08, 0.017944229766726494], "logits": []}, "groundTruth": [0.0, 0.0]}, {"startTime": 10.0, "endTime": 15.0, "predictions": {"probabilities": [2.9219135555536013e-08, 0.06785795837640762], "logits": []}, "groundTruth": [0.0, 0.0]}, {"startTime": 15.0, "endTime": 20.0, "predictions": {"probabilities": [1.4969442352352758e-10, 0.08162599802017212], "logits": []}, "groundTruth": [0.0, 0.0]}]]}