{"modelName": "devise-221108-v8-ep423", "version": "1", "fileId": "dc22f17f8b86480098ca7ce009066b2d", "classIds": ["Crex crex", "Scolopax rusticola"], "channels": [[{"startTime": 0.0, "endTime": 5.0, "predictions": {"probabilities": [1.0848565068499738e-07, 0.19336546957492828], "logits": []}, "groundTruth": [0.0, 0.0]}, {"startTime": 5.0, "endTime": 10.0, "predictions": {"probabilities": [1.4862146180405489e-08, 0.1424814909696579], "logits": []}, "groundTruth": [0.0, 0.0]}, {"startTime": 10.0, "endTime": 15.0, "predictions": {"probabilities": [4.250223003404718e-12, 0.9786767363548279], "logits": []}, "groundTruth": [0.0, 0.0]}, {"startTime": 15.0, "endTime": 20.0, "predictions": {"probabilities": [2.742919447129566e-09, 0.025967564433813095], "logits": []}, "groundTruth": [0.0, 0.0]}]]}