{"modelName": "devise-221108-v8-ep423", "version": "1", "fileId": "dc22f17f8b86480098ca7ce009066b2d", "classIds": ["Crex crex", "Scolopax rusticola"], "channels": [[{"startTime": 0.0, "endTime": 5.0, "predictions": {"probabilities": [-16.03664779663086, -1.4282886981964111], "logits": [NaN, NaN]}, "groundTruth": [0.0, 0.0]}, {"startTime": 5.0, "endTime": 10.0, "predictions": {"probabilities": [-18.02444839477539, -1.7948306798934937], "logits": [NaN, NaN]}, "groundTruth": [0.0, 0.0]}, {"startTime": 10.0, "endTime": 15.0, "predictions": {"probabilities": [-26.184049606323242, 3.826399803161621], "logits": [NaN, NaN]}, "groundTruth": [0.0, 0.0]}, {"startTime": 15.0, "endTime": 20.0, "predictions": {"probabilities": [-19.714242935180664, -3.624596357345581], "logits": [NaN, NaN]}, "groundTruth": [0.0, 0.0]}]]}