{"modelName": "devise-221108-v8-ep423", "version": "1", "fileId": "dc479d048f6040a3a0104cf451d60a5f", "classIds": ["Crex crex", "Scolopax rusticola"], "channels": [[{"startTime": 0.0, "endTime": 5.0, "predictions": {"probabilities": [-15.485153198242188, -2.6129322052001953], "logits": [NaN, NaN]}, "groundTruth": [0.0, 0.0]}, {"startTime": 5.0, "endTime": 10.0, "predictions": {"probabilities": [-13.391223907470703, -1.5261093378067017], "logits": [NaN, NaN]}, "groundTruth": [0.0, 0.0]}, {"startTime": 10.0, "endTime": 15.0, "predictions": {"probabilities": [-12.401264190673828, 0.503923237323761], "logits": [NaN, 0.015693260356783867]}, "groundTruth": [0.0, 0.0]}, {"startTime": 15.0, "endTime": 20.0, "predictions": {"probabilities": [-12.777156829833984, -1.2247627973556519], "logits": [NaN, NaN]}, "groundTruth": [0.0, 0.0]}]]}