{"modelName": "devise-221108-v8-ep423", "version": "1", "fileId": "dc479d048f6040a3a0104cf451d60a5f", "classIds": ["Crex crex", "Scolopax rusticola"], "channels": [[{"startTime": 0.0, "endTime": 5.0, "predictions": {"probabilities": [1.8831430281807116e-07, 0.06831074506044388], "logits": []}, "groundTruth": [0.0, 0.0]}, {"startTime": 5.0, "endTime": 10.0, "predictions": {"probabilities": [1.5284973642337718e-06, 0.17856363952159882], "logits": []}, "groundTruth": [0.0, 0.0]}, {"startTime": 10.0, "endTime": 15.0, "predictions": {"probabilities": [4.113368504476966e-06, 0.6233808398246765], "logits": []}, "groundTruth": [0.0, 0.0]}, {"startTime": 15.0, "endTime": 20.0, "predictions": {"probabilities": [2.8245553949091118e-06, 0.22709938883781433], "logits": []}, "groundTruth": [0.0, 0.0]}]]}