{"modelName": "devise-221108-v8-ep423", "version": "1", "fileId": "dcc2f3a99ed64c7bb32b79a29e0ca080", "classIds": ["Crex crex", "Scolopax rusticola"], "channels": [[{"startTime": 0.0, "endTime": 5.0, "predictions": {"probabilities": [-30.28480339050293, 11.349261283874512], "logits": [NaN, NaN]}, "groundTruth": [0.0, 1.0]}, {"startTime": 5.0, "endTime": 10.0, "predictions": {"probabilities": [-27.456871032714844, 10.466485023498535], "logits": [NaN, NaN]}, "groundTruth": [0.0, 1.0]}, {"startTime": 10.0, "endTime": 15.0, "predictions": {"probabilities": [-30.91698455810547, 17.731473922729492], "logits": [NaN, NaN]}, "groundTruth": [0.0, 1.0]}, {"startTime": 15.0, "endTime": 20.0, "predictions": {"probabilities": [-35.525508880615234, 16.885353088378906], "logits": [NaN, NaN]}, "groundTruth": [0.0, 1.0]}]]}