{"modelName": "devise-221108-v8-ep423", "version": "1", "fileId": "dd5e43a3e1b14b488a1d4aece7fe8f7c", "classIds": ["Crex crex", "Scolopax rusticola"], "channels": [[{"startTime": 0.0, "endTime": 5.0, "predictions": {"probabilities": [1.971682195289759e-06, 0.19857148826122284], "logits": []}, "groundTruth": [0.0, 0.0]}, {"startTime": 5.0, "endTime": 10.0, "predictions": {"probabilities": [1.0600700761642656e-06, 0.16028724610805511], "logits": []}, "groundTruth": [0.0, 0.0]}, {"startTime": 10.0, "endTime": 15.0, "predictions": {"probabilities": [3.582131739676697e-06, 0.42630213499069214], "logits": []}, "groundTruth": [0.0, 0.0]}, {"startTime": 15.0, "endTime": 20.0, "predictions": {"probabilities": [6.382318247233343e-07, 0.9432957172393799], "logits": []}, "groundTruth": [0.0, 0.0]}]]}