{"modelName": "devise-221108-v8-ep423", "version": "1", "fileId": "ddd24d674b394db4834f2252cc4e64f2", "classIds": ["Crex crex", "Scolopax rusticola"], "channels": [[{"startTime": 0.0, "endTime": 5.0, "predictions": {"probabilities": [-20.784990310668945, -4.8971123695373535], "logits": [NaN, NaN]}, "groundTruth": [0.0, 0.0]}, {"startTime": 5.0, "endTime": 10.0, "predictions": {"probabilities": [-20.9252986907959, -4.7845869064331055], "logits": [NaN, NaN]}, "groundTruth": [0.0, 0.0]}, {"startTime": 10.0, "endTime": 15.0, "predictions": {"probabilities": [-22.76706314086914, -5.926987648010254], "logits": [NaN, NaN]}, "groundTruth": [0.0, 0.0]}, {"startTime": 15.0, "endTime": 20.0, "predictions": {"probabilities": [-18.348445892333984, -3.60868501663208], "logits": [NaN, NaN]}, "groundTruth": [0.0, 0.0]}]]}