{"modelName": "devise-221108-v8-ep423", "version": "1", "fileId": "de2b707a75a44f2b903217965425b196", "classIds": ["Crex crex", "Scolopax rusticola"], "channels": [[{"startTime": 0.0, "endTime": 5.0, "predictions": {"probabilities": [2.0629521202408796e-08, 0.036216601729393005], "logits": []}, "groundTruth": [0.0, 0.0]}, {"startTime": 5.0, "endTime": 10.0, "predictions": {"probabilities": [6.309473121746123e-08, 0.0654788464307785], "logits": []}, "groundTruth": [0.0, 0.0]}, {"startTime": 10.0, "endTime": 15.0, "predictions": {"probabilities": [1.970549305951863e-07, 0.08297429978847504], "logits": []}, "groundTruth": [0.0, 0.0]}, {"startTime": 15.0, "endTime": 20.0, "predictions": {"probabilities": [1.342222066824661e-08, 0.01815766654908657], "logits": []}, "groundTruth": [0.0, 0.0]}]]}