{"modelName": "devise-221108-v8-ep423", "version": "1", "fileId": "de3c746d60ae46e28664ef27e59f8680", "classIds": ["Crex crex", "Scolopax rusticola"], "channels": [[{"startTime": 0.0, "endTime": 5.0, "predictions": {"probabilities": [1.78856113947079e-11, 0.9999990463256836], "logits": []}, "groundTruth": [0.0, 1.0]}, {"startTime": 5.0, "endTime": 10.0, "predictions": {"probabilities": [5.025353830984125e-12, 0.9999980926513672], "logits": []}, "groundTruth": [0.0, 1.0]}, {"startTime": 10.0, "endTime": 15.0, "predictions": {"probabilities": [6.281833386800884e-11, 0.9999728202819824], "logits": []}, "groundTruth": [0.0, 1.0]}, {"startTime": 14.384, "endTime": 19.384, "predictions": {"probabilities": [8.876969661729059e-15, 1.0], "logits": []}, "groundTruth": [0.0, 1.0]}]]}