{"modelName": "devise-221108-v8-ep423", "version": "1", "fileId": "de3c746d60ae46e28664ef27e59f8680", "classIds": ["Crex crex", "Scolopax rusticola"], "channels": [[{"startTime": 0.0, "endTime": 5.0, "predictions": {"probabilities": [-24.747024536132812, 13.807332038879395], "logits": [NaN, NaN]}, "groundTruth": [0.0, 1.0]}, {"startTime": 5.0, "endTime": 10.0, "predictions": {"probabilities": [-26.016525268554688, 13.193093299865723], "logits": [NaN, NaN]}, "groundTruth": [0.0, 1.0]}, {"startTime": 10.0, "endTime": 15.0, "predictions": {"probabilities": [-23.490774154663086, 10.512666702270508], "logits": [NaN, NaN]}, "groundTruth": [0.0, 1.0]}, {"startTime": 14.384, "endTime": 19.384, "predictions": {"probabilities": [-32.355316162109375, 17.339801788330078], "logits": [NaN, NaN]}, "groundTruth": [0.0, 1.0]}]]}