{"modelName": "devise-221108-v8-ep423", "version": "1", "fileId": "de85bb78221542c09007513cf6a93ed2", "classIds": ["Crex crex", "Scolopax rusticola"], "channels": [[{"startTime": 0.0, "endTime": 5.0, "predictions": {"probabilities": [-20.034847259521484, 3.6186559200286865], "logits": [NaN, NaN]}, "groundTruth": [0.0, 1.0]}, {"startTime": 5.0, "endTime": 10.0, "predictions": {"probabilities": [-23.61725616455078, 7.860260009765625], "logits": [NaN, NaN]}, "groundTruth": [0.0, 1.0]}, {"startTime": 10.0, "endTime": 15.0, "predictions": {"probabilities": [-23.577192306518555, 8.17397689819336], "logits": [NaN, NaN]}, "groundTruth": [0.0, 1.0]}, {"startTime": 12.0, "endTime": 17.0, "predictions": {"probabilities": [-23.048486709594727, 4.178013801574707], "logits": [NaN, NaN]}, "groundTruth": [0.0, 1.0]}]]}