{"modelName": "devise-221108-v8-ep423", "version": "1", "fileId": "de9686267f49462b9a9c9327858cea2d", "classIds": ["Crex crex", "Scolopax rusticola"], "channels": [[{"startTime": 0.0, "endTime": 5.0, "predictions": {"probabilities": [-18.423656463623047, -4.007040500640869], "logits": [NaN, NaN]}, "groundTruth": [0.0, 0.0]}, {"startTime": 5.0, "endTime": 10.0, "predictions": {"probabilities": [-18.71635627746582, -4.244266510009766], "logits": [NaN, NaN]}, "groundTruth": [0.0, 0.0]}, {"startTime": 10.0, "endTime": 15.0, "predictions": {"probabilities": [-16.644638061523438, -2.5455548763275146], "logits": [NaN, NaN]}, "groundTruth": [0.0, 0.0]}, {"startTime": 15.0, "endTime": 20.0, "predictions": {"probabilities": [-16.51547622680664, -2.8275346755981445], "logits": [NaN, NaN]}, "groundTruth": [0.0, 0.0]}]]}