{"modelName": "devise-221108-v8-ep423", "version": "1", "fileId": "df3a1f2395094a6f93ea57ed5e2ec45c", "classIds": ["Crex crex", "Scolopax rusticola"], "channels": [[{"startTime": 0.0, "endTime": 5.0, "predictions": {"probabilities": [1.6172047425169755e-12, 0.9999896287918091], "logits": []}, "groundTruth": [0.0, 1.0]}, {"startTime": 4.0, "endTime": 9.0, "predictions": {"probabilities": [2.9361804099181654e-09, 0.2103906124830246], "logits": []}, "groundTruth": [0.0, 1.0]}]]}