{"modelName": "devise-221108-v8-ep423", "version": "1", "fileId": "df818ff2bf5549a18e02d50e27509793", "classIds": ["Crex crex", "Scolopax rusticola"], "channels": [[{"startTime": 0.0, "endTime": 5.0, "predictions": {"probabilities": [-22.588359832763672, -5.502740383148193], "logits": [NaN, NaN]}, "groundTruth": [0.0, 0.0]}, {"startTime": 5.0, "endTime": 10.0, "predictions": {"probabilities": [-17.38619613647461, -3.2832415103912354], "logits": [NaN, NaN]}, "groundTruth": [0.0, 0.0]}, {"startTime": 10.0, "endTime": 15.0, "predictions": {"probabilities": [-21.33565902709961, -5.388309001922607], "logits": [NaN, NaN]}, "groundTruth": [0.0, 0.0]}, {"startTime": 15.0, "endTime": 20.0, "predictions": {"probabilities": [-23.245588302612305, -1.8692405223846436], "logits": [NaN, NaN]}, "groundTruth": [0.0, 0.0]}]]}