{"modelName": "devise-221108-v8-ep423", "version": "1", "fileId": "dfb465f88f3849a7bbd10c1c046a8d57", "classIds": ["Crex crex", "Scolopax rusticola"], "channels": [[{"startTime": 0.0, "endTime": 5.0, "predictions": {"probabilities": [-20.12328338623047, -4.574861526489258], "logits": [NaN, NaN]}, "groundTruth": [0.0, 0.0]}, {"startTime": 5.0, "endTime": 10.0, "predictions": {"probabilities": [-19.19046401977539, -3.9338831901550293], "logits": [NaN, NaN]}, "groundTruth": [0.0, 0.0]}, {"startTime": 10.0, "endTime": 15.0, "predictions": {"probabilities": [-17.155792236328125, -3.3111536502838135], "logits": [NaN, NaN]}, "groundTruth": [0.0, 0.0]}, {"startTime": 15.0, "endTime": 20.0, "predictions": {"probabilities": [-20.21158218383789, -4.590482234954834], "logits": [NaN, NaN]}, "groundTruth": [0.0, 0.0]}]]}