{"modelName": "devise-221108-v8-ep423", "version": "1", "fileId": "dfe6d6e8e8cb42d8a5f9579a3e075a23", "classIds": ["Crex crex", "Scolopax rusticola"], "channels": [[{"startTime": 0.0, "endTime": 5.0, "predictions": {"probabilities": [-17.381855010986328, -2.859586477279663], "logits": [NaN, NaN]}, "groundTruth": [0.0, 0.0]}, {"startTime": 5.0, "endTime": 10.0, "predictions": {"probabilities": [-15.839242935180664, -2.554713249206543], "logits": [NaN, NaN]}, "groundTruth": [0.0, 0.0]}, {"startTime": 10.0, "endTime": 15.0, "predictions": {"probabilities": [-16.79405975341797, -3.3374173641204834], "logits": [NaN, NaN]}, "groundTruth": [0.0, 0.0]}, {"startTime": 15.0, "endTime": 20.0, "predictions": {"probabilities": [-16.622211456298828, -3.2463815212249756], "logits": [NaN, NaN]}, "groundTruth": [0.0, 0.0]}]]}