{"modelName": "devise-221108-v8-ep423", "version": "1", "fileId": "e06a4bd2f2994c4ab117363b0bf056e1", "classIds": ["Crex crex", "Scolopax rusticola"], "channels": [[{"startTime": 0.0, "endTime": 5.0, "predictions": {"probabilities": [-13.496152877807617, -0.5378351211547852], "logits": [NaN, NaN]}, "groundTruth": [0.0, 0.0]}, {"startTime": 5.0, "endTime": 10.0, "predictions": {"probabilities": [-17.075841903686523, 4.097035884857178], "logits": [NaN, NaN]}, "groundTruth": [0.0, 0.0]}, {"startTime": 10.0, "endTime": 15.0, "predictions": {"probabilities": [-20.985612869262695, 5.212147235870361], "logits": [NaN, NaN]}, "groundTruth": [0.0, 0.0]}, {"startTime": 15.0, "endTime": 20.0, "predictions": {"probabilities": [-16.494548797607422, -3.2096822261810303], "logits": [NaN, NaN]}, "groundTruth": [0.0, 0.0]}]]}