{"modelName": "devise-221108-v8-ep423", "version": "1", "fileId": "e06a4bd2f2994c4ab117363b0bf056e1", "classIds": ["Crex crex", "Scolopax rusticola"], "channels": [[{"startTime": 0.0, "endTime": 5.0, "predictions": {"probabilities": [1.3762415846940712e-06, 0.3686913251876831], "logits": []}, "groundTruth": [0.0, 0.0]}, {"startTime": 5.0, "endTime": 10.0, "predictions": {"probabilities": [3.83756777466715e-08, 0.9836499691009521], "logits": []}, "groundTruth": [0.0, 0.0]}, {"startTime": 10.0, "endTime": 15.0, "predictions": {"probabilities": [7.692440018303159e-10, 0.994579553604126], "logits": []}, "groundTruth": [0.0, 0.0]}, {"startTime": 15.0, "endTime": 20.0, "predictions": {"probabilities": [6.862912016458722e-08, 0.03880298510193825], "logits": []}, "groundTruth": [0.0, 0.0]}]]}