{"modelName": "devise-221108-v8-ep423", "version": "1", "fileId": "e15cf3866713412cb7b18a2e432dfdc8", "classIds": ["Crex crex", "Scolopax rusticola"], "channels": [[{"startTime": 0.0, "endTime": 5.0, "predictions": {"probabilities": [5.615509053313872e-07, 0.2643332779407501], "logits": []}, "groundTruth": [0.0, 0.0]}, {"startTime": 5.0, "endTime": 10.0, "predictions": {"probabilities": [2.298686240465031e-06, 0.20028352737426758], "logits": []}, "groundTruth": [0.0, 0.0]}, {"startTime": 10.0, "endTime": 15.0, "predictions": {"probabilities": [1.0770306744234404e-06, 0.1872379332780838], "logits": []}, "groundTruth": [0.0, 0.0]}, {"startTime": 15.0, "endTime": 20.0, "predictions": {"probabilities": [1.190497528114065e-06, 0.17673131823539734], "logits": []}, "groundTruth": [0.0, 0.0]}]]}