{"modelName": "devise-221108-v8-ep423", "version": "1", "fileId": "e1b694c613fb4c6bb218c2307281b313", "classIds": ["Crex crex", "Scolopax rusticola"], "channels": [[{"startTime": 0.0, "endTime": 5.0, "predictions": {"probabilities": [-13.152225494384766, -1.1389520168304443], "logits": [NaN, NaN]}, "groundTruth": [0.0, 1.0]}, {"startTime": 5.0, "endTime": 10.0, "predictions": {"probabilities": [-24.08734130859375, 13.851423263549805], "logits": [NaN, NaN]}, "groundTruth": [0.0, 1.0]}, {"startTime": 10.0, "endTime": 15.0, "predictions": {"probabilities": [-21.924951553344727, 10.19072437286377], "logits": [NaN, NaN]}, "groundTruth": [0.0, 1.0]}, {"startTime": 13.0, "endTime": 18.0, "predictions": {"probabilities": [-13.8090238571167, -1.0727055072784424], "logits": [NaN, NaN]}, "groundTruth": [0.0, 0.0]}]]}