{"modelName": "devise-221108-v8-ep423", "version": "1", "fileId": "e1b694c613fb4c6bb218c2307281b313", "classIds": ["Crex crex", "Scolopax rusticola"], "channels": [[{"startTime": 0.0, "endTime": 5.0, "predictions": {"probabilities": [1.9411550056247506e-06, 0.24251282215118408], "logits": []}, "groundTruth": [0.0, 1.0]}, {"startTime": 5.0, "endTime": 10.0, "predictions": {"probabilities": [3.459398392746671e-11, 0.9999990463256836], "logits": []}, "groundTruth": [0.0, 1.0]}, {"startTime": 10.0, "endTime": 15.0, "predictions": {"probabilities": [3.0068689205187127e-10, 0.9999624490737915], "logits": []}, "groundTruth": [0.0, 1.0]}, {"startTime": 13.0, "endTime": 18.0, "predictions": {"probabilities": [1.0065067499454017e-06, 0.2548888921737671], "logits": []}, "groundTruth": [0.0, 0.0]}]]}