{"modelName": "devise-221108-v8-ep423", "version": "1", "fileId": "e269844038854694aa5d73876589c966", "classIds": ["Crex crex", "Scolopax rusticola"], "channels": [[{"startTime": 0.0, "endTime": 5.0, "predictions": {"probabilities": [-17.25461769104004, -3.4632394313812256], "logits": [NaN, NaN]}, "groundTruth": [0.0, 0.0]}, {"startTime": 5.0, "endTime": 10.0, "predictions": {"probabilities": [-20.54014015197754, -4.588656902313232], "logits": [NaN, NaN]}, "groundTruth": [0.0, 0.0]}, {"startTime": 10.0, "endTime": 15.0, "predictions": {"probabilities": [-18.978715896606445, -2.055320978164673], "logits": [NaN, NaN]}, "groundTruth": [0.0, 0.0]}, {"startTime": 15.0, "endTime": 20.0, "predictions": {"probabilities": [-15.843186378479004, -2.78192400932312], "logits": [NaN, NaN]}, "groundTruth": [0.0, 0.0]}]]}