{"modelName": "devise-221108-v8-ep423", "version": "1", "fileId": "e269844038854694aa5d73876589c966", "classIds": ["Crex crex", "Scolopax rusticola"], "channels": [[{"startTime": 0.0, "endTime": 5.0, "predictions": {"probabilities": [3.209332888332028e-08, 0.030376475304365158], "logits": []}, "groundTruth": [0.0, 0.0]}, {"startTime": 5.0, "endTime": 10.0, "predictions": {"probabilities": [1.2009653271860543e-09, 0.010064186528325081], "logits": []}, "groundTruth": [0.0, 0.0]}, {"startTime": 10.0, "endTime": 15.0, "predictions": {"probabilities": [5.7233253691890695e-09, 0.11351582407951355], "logits": []}, "groundTruth": [0.0, 0.0]}, {"startTime": 15.0, "endTime": 20.0, "predictions": {"probabilities": [1.3164110157504183e-07, 0.05830881744623184], "logits": []}, "groundTruth": [0.0, 0.0]}]]}