{"modelName": "devise-221108-v8-ep423", "version": "1", "fileId": "e28c469426444fa8ade5facaabf37829", "classIds": ["Crex crex", "Scolopax rusticola"], "channels": [[{"startTime": 0.0, "endTime": 5.0, "predictions": {"probabilities": [4.032170985990291e-10, 0.5952736139297485], "logits": []}, "groundTruth": [0.0, 0.0]}, {"startTime": 5.0, "endTime": 10.0, "predictions": {"probabilities": [6.294357604019751e-07, 0.13159644603729248], "logits": []}, "groundTruth": [0.0, 0.0]}, {"startTime": 10.0, "endTime": 15.0, "predictions": {"probabilities": [3.530555403585822e-08, 0.032315243035554886], "logits": []}, "groundTruth": [0.0, 0.0]}, {"startTime": 15.0, "endTime": 20.0, "predictions": {"probabilities": [5.9385172335169045e-08, 0.6210415363311768], "logits": []}, "groundTruth": [0.0, 0.0]}]]}