{"modelName": "devise-221108-v8-ep423", "version": "1", "fileId": "e28c469426444fa8ade5facaabf37829", "classIds": ["Crex crex", "Scolopax rusticola"], "channels": [[{"startTime": 0.0, "endTime": 5.0, "predictions": {"probabilities": [-21.631546020507812, 0.38581007719039917], "logits": [NaN, -0.46495893597602844]}, "groundTruth": [0.0, 0.0]}, {"startTime": 5.0, "endTime": 10.0, "predictions": {"probabilities": [-14.278441429138184, -1.8869165182113647], "logits": [NaN, NaN]}, "groundTruth": [0.0, 0.0]}, {"startTime": 10.0, "endTime": 15.0, "predictions": {"probabilities": [-17.159225463867188, -3.399367332458496], "logits": [NaN, NaN]}, "groundTruth": [0.0, 0.0]}, {"startTime": 15.0, "endTime": 20.0, "predictions": {"probabilities": [-16.63922119140625, 0.4939713478088379], "logits": [NaN, -0.024115776643157005]}, "groundTruth": [0.0, 0.0]}]]}