{"modelName": "devise-221108-v8-ep423", "version": "1", "fileId": "e28da235b9c14d63a3e41f78d446f88b", "classIds": ["Crex crex", "Scolopax rusticola"], "channels": [[{"startTime": 0.0, "endTime": 5.0, "predictions": {"probabilities": [-17.832101821899414, -3.3288235664367676], "logits": [NaN, NaN]}, "groundTruth": [0.0, 0.0]}, {"startTime": 5.0, "endTime": 10.0, "predictions": {"probabilities": [-18.403583526611328, -4.11652946472168], "logits": [NaN, NaN]}, "groundTruth": [0.0, 0.0]}, {"startTime": 10.0, "endTime": 15.0, "predictions": {"probabilities": [-20.154897689819336, -4.885655403137207], "logits": [NaN, NaN]}, "groundTruth": [0.0, 0.0]}, {"startTime": 15.0, "endTime": 20.0, "predictions": {"probabilities": [-33.86075973510742, 11.942481994628906], "logits": [NaN, NaN]}, "groundTruth": [0.0, 0.0]}]]}