{"modelName": "devise-221108-v8-ep423", "version": "1", "fileId": "e2bf78b4daff4c239875032de2ab0550", "classIds": ["Crex crex", "Scolopax rusticola"], "channels": [[{"startTime": 0.0, "endTime": 5.0, "predictions": {"probabilities": [6.686192488558618e-09, 0.05994807556271553], "logits": []}, "groundTruth": [0.0, 0.0]}, {"startTime": 5.0, "endTime": 10.0, "predictions": {"probabilities": [4.496292671518631e-09, 0.010988103225827217], "logits": []}, "groundTruth": [0.0, 0.0]}, {"startTime": 10.0, "endTime": 15.0, "predictions": {"probabilities": [8.750317448402711e-08, 0.11816549301147461], "logits": []}, "groundTruth": [0.0, 0.0]}, {"startTime": 15.0, "endTime": 20.0, "predictions": {"probabilities": [1.6782823308858497e-07, 0.0788428857922554], "logits": []}, "groundTruth": [0.0, 0.0]}]]}