{"modelName": "devise-221108-v8-ep423", "version": "1", "fileId": "e2bf78b4daff4c239875032de2ab0550", "classIds": ["Crex crex", "Scolopax rusticola"], "channels": [[{"startTime": 0.0, "endTime": 5.0, "predictions": {"probabilities": [-18.82322120666504, -2.7524564266204834], "logits": [NaN, NaN]}, "groundTruth": [0.0, 0.0]}, {"startTime": 5.0, "endTime": 10.0, "predictions": {"probabilities": [-19.220012664794922, -4.4998931884765625], "logits": [NaN, NaN]}, "groundTruth": [0.0, 0.0]}, {"startTime": 10.0, "endTime": 15.0, "predictions": {"probabilities": [-16.251590728759766, -2.009918212890625], "logits": [NaN, NaN]}, "groundTruth": [0.0, 0.0]}, {"startTime": 15.0, "endTime": 20.0, "predictions": {"probabilities": [-15.600324630737305, -2.4581735134124756], "logits": [NaN, NaN]}, "groundTruth": [0.0, 0.0]}]]}