{"modelName": "devise-221108-v8-ep423", "version": "1", "fileId": "e30167e8a35d493dbb05b8a052c6e59d", "classIds": ["Crex crex", "Scolopax rusticola"], "channels": [[{"startTime": 0.0, "endTime": 5.0, "predictions": {"probabilities": [-15.816913604736328, -2.4811110496520996], "logits": [NaN, NaN]}, "groundTruth": [0.0, 0.0]}, {"startTime": 5.0, "endTime": 10.0, "predictions": {"probabilities": [-14.714116096496582, -2.199093818664551], "logits": [NaN, NaN]}, "groundTruth": [0.0, 0.0]}, {"startTime": 10.0, "endTime": 15.0, "predictions": {"probabilities": [-17.063814163208008, -3.2148728370666504], "logits": [NaN, NaN]}, "groundTruth": [0.0, 0.0]}, {"startTime": 15.0, "endTime": 20.0, "predictions": {"probabilities": [-16.263608932495117, -0.37890034914016724], "logits": [NaN, NaN]}, "groundTruth": [0.0, 0.0]}]]}