{"modelName": "devise-221108-v8-ep423", "version": "1", "fileId": "e3622ef523f543dba54434585d2ac0f6", "classIds": ["Crex crex", "Scolopax rusticola"], "channels": [[{"startTime": 0.0, "endTime": 5.0, "predictions": {"probabilities": [3.847012930435767e-09, 0.9931689500808716], "logits": []}, "groundTruth": [0.0, 0.0]}, {"startTime": 5.0, "endTime": 10.0, "predictions": {"probabilities": [1.7623320900383987e-06, 0.18126070499420166], "logits": []}, "groundTruth": [0.0, 0.0]}, {"startTime": 10.0, "endTime": 15.0, "predictions": {"probabilities": [1.0660570382015067e-07, 0.8169079422950745], "logits": []}, "groundTruth": [0.0, 0.0]}, {"startTime": 15.0, "endTime": 20.0, "predictions": {"probabilities": [1.625682671146933e-05, 0.4363141357898712], "logits": []}, "groundTruth": [0.0, 0.0]}]]}