{"modelName": "devise-221108-v8-ep423", "version": "1", "fileId": "e3be7dee9f214369b26736d55762a649", "classIds": ["Crex crex", "Scolopax rusticola"], "channels": [[{"startTime": 0.0, "endTime": 5.0, "predictions": {"probabilities": [3.372581103278094e-09, 0.013264317065477371], "logits": []}, "groundTruth": [0.0, 0.0]}, {"startTime": 5.0, "endTime": 10.0, "predictions": {"probabilities": [5.930512081420147e-09, 0.11722874641418457], "logits": []}, "groundTruth": [0.0, 0.0]}, {"startTime": 10.0, "endTime": 15.0, "predictions": {"probabilities": [1.9169201781465972e-09, 0.014865010976791382], "logits": []}, "groundTruth": [0.0, 0.0]}, {"startTime": 15.0, "endTime": 20.0, "predictions": {"probabilities": [2.9930919964726854e-09, 0.012668086215853691], "logits": []}, "groundTruth": [0.0, 0.0]}]]}