{"modelName": "devise-221108-v8-ep423", "version": "1", "fileId": "e3fec68a777e4c158a713d61006591f4", "classIds": ["Crex crex", "Scolopax rusticola"], "channels": [[{"startTime": 0.0, "endTime": 5.0, "predictions": {"probabilities": [-13.52552318572998, -1.7757664918899536], "logits": [NaN, NaN]}, "groundTruth": [0.0, 0.0]}, {"startTime": 5.0, "endTime": 10.0, "predictions": {"probabilities": [-12.414806365966797, -1.0730856657028198], "logits": [NaN, NaN]}, "groundTruth": [0.0, 0.0]}, {"startTime": 10.0, "endTime": 15.0, "predictions": {"probabilities": [-15.491586685180664, 3.106287717819214], "logits": [NaN, NaN]}, "groundTruth": [0.0, 0.0]}, {"startTime": 15.0, "endTime": 20.0, "predictions": {"probabilities": [-12.461297035217285, -1.0062371492385864], "logits": [NaN, NaN]}, "groundTruth": [0.0, 0.0]}]]}