{"modelName": "devise-221108-v8-ep423", "version": "1", "fileId": "e577080f8a884027bd1b8f74e46959ad", "classIds": ["Crex crex", "Scolopax rusticola"], "channels": [[{"startTime": 0.0, "endTime": 5.0, "predictions": {"probabilities": [4.952954935077969e-09, 0.011750418692827225], "logits": []}, "groundTruth": [0.0, 0.0]}, {"startTime": 5.0, "endTime": 10.0, "predictions": {"probabilities": [5.116000396758469e-13, 0.999817430973053], "logits": []}, "groundTruth": [0.0, 0.0]}, {"startTime": 10.0, "endTime": 15.0, "predictions": {"probabilities": [8.430902198597323e-09, 0.40541785955429077], "logits": []}, "groundTruth": [0.0, 0.0]}, {"startTime": 15.0, "endTime": 20.0, "predictions": {"probabilities": [4.647785489808598e-10, 0.008235961198806763], "logits": []}, "groundTruth": [0.0, 0.0]}]]}