{"modelName": "devise-221108-v8-ep423", "version": "1", "fileId": "e5e68753f0c3404299d8b84b040d3ce8", "classIds": ["Crex crex", "Scolopax rusticola"], "channels": [[{"startTime": 0.0, "endTime": 5.0, "predictions": {"probabilities": [5.855884666061684e-10, 0.006731065921485424], "logits": []}, "groundTruth": [0.0, 0.0]}, {"startTime": 5.0, "endTime": 10.0, "predictions": {"probabilities": [2.9456811989625464e-10, 0.17912891507148743], "logits": []}, "groundTruth": [0.0, 0.0]}, {"startTime": 10.0, "endTime": 15.0, "predictions": {"probabilities": [1.3586874680893146e-10, 0.8847531080245972], "logits": []}, "groundTruth": [0.0, 0.0]}, {"startTime": 15.0, "endTime": 20.0, "predictions": {"probabilities": [2.39321895634248e-10, 0.003576115006580949], "logits": []}, "groundTruth": [0.0, 0.0]}]]}