{"modelName": "devise-221108-v8-ep423", "version": "1", "fileId": "e67e0531e4ad4c5cae9b914ccddb108e", "classIds": ["Crex crex", "Scolopax rusticola"], "channels": [[{"startTime": 0.0, "endTime": 5.0, "predictions": {"probabilities": [6.317625320662046e-07, 0.1066184863448143], "logits": []}, "groundTruth": [0.0, 0.0]}, {"startTime": 5.0, "endTime": 10.0, "predictions": {"probabilities": [7.712335658993652e-09, 0.015298113226890564], "logits": []}, "groundTruth": [0.0, 0.0]}, {"startTime": 10.0, "endTime": 15.0, "predictions": {"probabilities": [2.633568207954795e-08, 0.023861760273575783], "logits": []}, "groundTruth": [0.0, 0.0]}, {"startTime": 15.0, "endTime": 20.0, "predictions": {"probabilities": [1.782056635590834e-08, 0.309632271528244], "logits": []}, "groundTruth": [0.0, 0.0]}]]}