{"modelName": "devise-221108-v8-ep423", "version": "1", "fileId": "e67e0531e4ad4c5cae9b914ccddb108e", "classIds": ["Crex crex", "Scolopax rusticola"], "channels": [[{"startTime": 0.0, "endTime": 5.0, "predictions": {"probabilities": [-14.274751663208008, -2.1257567405700684], "logits": [NaN, NaN]}, "groundTruth": [0.0, 0.0]}, {"startTime": 5.0, "endTime": 10.0, "predictions": {"probabilities": [-18.680444717407227, -4.164609432220459], "logits": [NaN, NaN]}, "groundTruth": [0.0, 0.0]}, {"startTime": 10.0, "endTime": 15.0, "predictions": {"probabilities": [-17.452341079711914, -3.711327075958252], "logits": [NaN, NaN]}, "groundTruth": [0.0, 0.0]}, {"startTime": 15.0, "endTime": 20.0, "predictions": {"probabilities": [-17.842912673950195, -0.8018390536308289], "logits": [NaN, NaN]}, "groundTruth": [0.0, 0.0]}]]}