{"modelName": "devise-221108-v8-ep423", "version": "1", "fileId": "e68d9030fa104534860021ef59ded9e7", "classIds": ["Crex crex", "Scolopax rusticola"], "channels": [[{"startTime": 0.0, "endTime": 5.0, "predictions": {"probabilities": [1.7258245943452266e-09, 0.2523416578769684], "logits": []}, "groundTruth": [0.0, 0.0]}, {"startTime": 5.0, "endTime": 10.0, "predictions": {"probabilities": [3.0669595751930956e-09, 0.031188156455755234], "logits": []}, "groundTruth": [0.0, 0.0]}, {"startTime": 10.0, "endTime": 15.0, "predictions": {"probabilities": [4.3569170493640286e-09, 0.01222897693514824], "logits": []}, "groundTruth": [0.0, 0.0]}, {"startTime": 15.0, "endTime": 20.0, "predictions": {"probabilities": [8.613354474107382e-09, 0.18564251065254211], "logits": []}, "groundTruth": [0.0, 0.0]}]]}