{"modelName": "devise-221108-v8-ep423", "version": "1", "fileId": "e72a4d7c8d174c04830b1cf9de796280", "classIds": ["Crex crex", "Scolopax rusticola"], "channels": [[{"startTime": 0.0, "endTime": 5.0, "predictions": {"probabilities": [9.057826155789428e-10, 0.2324008196592331], "logits": []}, "groundTruth": [0.0, 1.0]}, {"startTime": 5.0, "endTime": 10.0, "predictions": {"probabilities": [1.028928497959214e-09, 0.3229321241378784], "logits": []}, "groundTruth": [0.0, 1.0]}, {"startTime": 10.0, "endTime": 15.0, "predictions": {"probabilities": [1.8767302378819295e-07, 0.09030243754386902], "logits": []}, "groundTruth": [0.0, 1.0]}, {"startTime": 12.0, "endTime": 17.0, "predictions": {"probabilities": [7.898710236986517e-07, 0.4278518855571747], "logits": []}, "groundTruth": [0.0, 1.0]}]]}