{"modelName": "devise-221108-v8-ep423", "version": "1", "fileId": "e757af6858d0462c92914c84e94b3b83", "classIds": ["Crex crex", "Scolopax rusticola"], "channels": [[{"startTime": 0.0, "endTime": 5.0, "predictions": {"probabilities": [1.143290351279802e-09, 0.9968210458755493], "logits": []}, "groundTruth": [0.0, 1.0]}, {"startTime": 5.0, "endTime": 10.0, "predictions": {"probabilities": [9.795595527751187e-15, 0.9999936819076538], "logits": []}, "groundTruth": [0.0, 1.0]}, {"startTime": 9.0, "endTime": 14.0, "predictions": {"probabilities": [6.418618880843496e-08, 0.4750376343727112], "logits": []}, "groundTruth": [0.0, 0.0]}]]}