{"modelName": "devise-221108-v8-ep423", "version": "1", "fileId": "e7e846d7031f46668a1c829c18f1d4b0", "classIds": ["Crex crex", "Scolopax rusticola"], "channels": [[{"startTime": 0.0, "endTime": 5.0, "predictions": {"probabilities": [1.7477418623457197e-08, 0.03434176370501518], "logits": []}, "groundTruth": [0.0, 0.0]}, {"startTime": 5.0, "endTime": 10.0, "predictions": {"probabilities": [3.325328279402129e-08, 0.03855949267745018], "logits": []}, "groundTruth": [0.0, 0.0]}, {"startTime": 10.0, "endTime": 15.0, "predictions": {"probabilities": [4.489584051747819e-12, 0.999966025352478], "logits": []}, "groundTruth": [0.0, 0.0]}, {"startTime": 15.0, "endTime": 20.0, "predictions": {"probabilities": [2.3292776063499332e-07, 0.7091184854507446], "logits": []}, "groundTruth": [0.0, 0.0]}]]}