{"modelName": "devise-221108-v8-ep423", "version": "1", "fileId": "e7f7eccf22f9456383f6497f94a686ef", "classIds": ["Crex crex", "Scolopax rusticola"], "channels": [[{"startTime": 0.0, "endTime": 5.0, "predictions": {"probabilities": [-16.265167236328125, -3.1163458824157715], "logits": [NaN, NaN]}, "groundTruth": [0.0, 0.0]}, {"startTime": 5.0, "endTime": 10.0, "predictions": {"probabilities": [-15.933450698852539, -2.8193459510803223], "logits": [NaN, NaN]}, "groundTruth": [0.0, 0.0]}, {"startTime": 10.0, "endTime": 15.0, "predictions": {"probabilities": [-13.759293556213379, -1.7317711114883423], "logits": [NaN, NaN]}, "groundTruth": [0.0, 0.0]}, {"startTime": 15.0, "endTime": 20.0, "predictions": {"probabilities": [-13.759367942810059, -0.8135167956352234], "logits": [NaN, NaN]}, "groundTruth": [0.0, 0.0]}]]}