{"modelName": "devise-221108-v8-ep423", "version": "1", "fileId": "e86c507524fb4b17b6461fb4da8ae356", "classIds": ["Crex crex", "Scolopax rusticola"], "channels": [[{"startTime": 0.0, "endTime": 5.0, "predictions": {"probabilities": [-18.650840759277344, -1.6212950944900513], "logits": [NaN, NaN]}, "groundTruth": [0.0, 0.0]}, {"startTime": 5.0, "endTime": 10.0, "predictions": {"probabilities": [-19.941913604736328, -4.703042030334473], "logits": [NaN, NaN]}, "groundTruth": [0.0, 0.0]}, {"startTime": 10.0, "endTime": 15.0, "predictions": {"probabilities": [-18.69272232055664, -4.220030784606934], "logits": [NaN, NaN]}, "groundTruth": [0.0, 0.0]}, {"startTime": 15.0, "endTime": 20.0, "predictions": {"probabilities": [-16.34931182861328, -2.3709166049957275], "logits": [NaN, NaN]}, "groundTruth": [0.0, 0.0]}]]}