{"modelName": "devise-221108-v8-ep423", "version": "1", "fileId": "e8fdff58735a4b9ca0282aa13eb0bd4a", "classIds": ["Crex crex", "Scolopax rusticola"], "channels": [[{"startTime": 0.0, "endTime": 5.0, "predictions": {"probabilities": [-18.684127807617188, -2.217769145965576], "logits": [NaN, NaN]}, "groundTruth": [0.0, 1.0]}, {"startTime": 5.0, "endTime": 10.0, "predictions": {"probabilities": [-39.51090621948242, 23.593170166015625], "logits": [NaN, NaN]}, "groundTruth": [0.0, 1.0]}, {"startTime": 10.0, "endTime": 15.0, "predictions": {"probabilities": [-26.69620704650879, 7.667750358581543], "logits": [NaN, NaN]}, "groundTruth": [0.0, 1.0]}, {"startTime": 15.0, "endTime": 20.0, "predictions": {"probabilities": [-18.023319244384766, -2.1334543228149414], "logits": [NaN, NaN]}, "groundTruth": [0.0, 1.0]}]]}