{"modelName": "devise-221108-v8-ep423", "version": "1", "fileId": "e95e7f2bffce493090fb545ae922ed7e", "classIds": ["Crex crex", "Scolopax rusticola"], "channels": [[{"startTime": 0.0, "endTime": 5.0, "predictions": {"probabilities": [8.614885871338629e-08, 0.18423813581466675], "logits": []}, "groundTruth": [0.0, 0.0]}, {"startTime": 5.0, "endTime": 10.0, "predictions": {"probabilities": [1.089154011424398e-08, 0.01784377358853817], "logits": []}, "groundTruth": [0.0, 0.0]}, {"startTime": 10.0, "endTime": 15.0, "predictions": {"probabilities": [6.911806593734582e-08, 0.04111340269446373], "logits": []}, "groundTruth": [0.0, 0.0]}, {"startTime": 15.0, "endTime": 20.0, "predictions": {"probabilities": [1.5673671249771814e-09, 0.0074608903378248215], "logits": []}, "groundTruth": [0.0, 0.0]}]]}