{"modelName": "devise-221108-v8-ep423", "version": "1", "fileId": "ea1bd92a4b0047009ebbdcc19c3ed618", "classIds": ["Crex crex", "Scolopax rusticola"], "channels": [[{"startTime": 0.0, "endTime": 5.0, "predictions": {"probabilities": [1.08285952649112e-07, 0.043235503137111664], "logits": []}, "groundTruth": [0.0, 0.0]}, {"startTime": 5.0, "endTime": 10.0, "predictions": {"probabilities": [3.040083527139359e-07, 0.07433433085680008], "logits": []}, "groundTruth": [0.0, 0.0]}, {"startTime": 10.0, "endTime": 15.0, "predictions": {"probabilities": [1.7660784834561127e-08, 0.023662345483899117], "logits": []}, "groundTruth": [0.0, 0.0]}, {"startTime": 15.0, "endTime": 20.0, "predictions": {"probabilities": [5.144944452695199e-07, 0.09332627803087234], "logits": []}, "groundTruth": [0.0, 0.0]}]]}