{"modelName": "devise-221108-v8-ep423", "version": "1", "fileId": "ea1bd92a4b0047009ebbdcc19c3ed618", "classIds": ["Crex crex", "Scolopax rusticola"], "channels": [[{"startTime": 0.0, "endTime": 5.0, "predictions": {"probabilities": [-16.038490295410156, -3.096895217895508], "logits": [NaN, NaN]}, "groundTruth": [0.0, 0.0]}, {"startTime": 5.0, "endTime": 10.0, "predictions": {"probabilities": [-15.006210327148438, -2.521940231323242], "logits": [NaN, NaN]}, "groundTruth": [0.0, 0.0]}, {"startTime": 10.0, "endTime": 15.0, "predictions": {"probabilities": [-17.851919174194336, -3.719923496246338], "logits": [NaN, NaN]}, "groundTruth": [0.0, 0.0]}, {"startTime": 15.0, "endTime": 20.0, "predictions": {"probabilities": [-14.480080604553223, -2.2736809253692627], "logits": [NaN, NaN]}, "groundTruth": [0.0, 0.0]}]]}