{"modelName": "devise-221108-v8-ep423", "version": "1", "fileId": "ea5ff74d06fc48b4a457897ae61b3315", "classIds": ["Crex crex", "Scolopax rusticola"], "channels": [[{"startTime": 0.0, "endTime": 5.0, "predictions": {"probabilities": [5.615291760220631e-13, 0.9999949932098389], "logits": []}, "groundTruth": [0.0, 0.0]}, {"startTime": 5.0, "endTime": 10.0, "predictions": {"probabilities": [1.8581371690084937e-17, 0.9999998807907104], "logits": []}, "groundTruth": [0.0, 0.0]}, {"startTime": 10.0, "endTime": 15.0, "predictions": {"probabilities": [6.148411557660438e-09, 0.012630698271095753], "logits": []}, "groundTruth": [0.0, 0.0]}, {"startTime": 15.0, "endTime": 20.0, "predictions": {"probabilities": [1.183234954460488e-09, 0.007122730370610952], "logits": []}, "groundTruth": [0.0, 0.0]}]]}