{"modelName": "devise-221108-v8-ep423", "version": "1", "fileId": "ea5ff74d06fc48b4a457897ae61b3315", "classIds": ["Crex crex", "Scolopax rusticola"], "channels": [[{"startTime": 0.0, "endTime": 5.0, "predictions": {"probabilities": [-28.208112716674805, 12.209805488586426], "logits": [NaN, NaN]}, "groundTruth": [0.0, 0.0]}, {"startTime": 5.0, "endTime": 10.0, "predictions": {"probabilities": [-38.52437210083008, 16.45114517211914], "logits": [NaN, NaN]}, "groundTruth": [0.0, 0.0]}, {"startTime": 10.0, "endTime": 15.0, "predictions": {"probabilities": [-18.907072067260742, -4.358913898468018], "logits": [NaN, NaN]}, "groundTruth": [0.0, 0.0]}, {"startTime": 15.0, "endTime": 20.0, "predictions": {"probabilities": [-20.55501365661621, -4.937315940856934], "logits": [NaN, NaN]}, "groundTruth": [0.0, 0.0]}]]}