{"modelName": "devise-221108-v8-ep423", "version": "1", "fileId": "eaa258d8f68341158d14714bb5048aeb", "classIds": ["Crex crex", "Scolopax rusticola"], "channels": [[{"startTime": 0.0, "endTime": 5.0, "predictions": {"probabilities": [3.1144859349296894e-06, 0.22887316346168518], "logits": []}, "groundTruth": [0.0, 0.0]}, {"startTime": 5.0, "endTime": 10.0, "predictions": {"probabilities": [1.9987407995358808e-07, 0.07363143563270569], "logits": []}, "groundTruth": [0.0, 0.0]}, {"startTime": 10.0, "endTime": 15.0, "predictions": {"probabilities": [4.620521920628562e-08, 0.043334297835826874], "logits": []}, "groundTruth": [0.0, 0.0]}, {"startTime": 15.0, "endTime": 20.0, "predictions": {"probabilities": [1.3253096540211118e-06, 0.15577325224876404], "logits": []}, "groundTruth": [0.0, 0.0]}]]}