{"modelName": "devise-221108-v8-ep423", "version": "1", "fileId": "eaa258d8f68341158d14714bb5048aeb", "classIds": ["Crex crex", "Scolopax rusticola"], "channels": [[{"startTime": 0.0, "endTime": 5.0, "predictions": {"probabilities": [-12.679443359375, -1.2146848440170288], "logits": [NaN, NaN]}, "groundTruth": [0.0, 0.0]}, {"startTime": 5.0, "endTime": 10.0, "predictions": {"probabilities": [-15.425578117370605, -2.5322000980377197], "logits": [NaN, NaN]}, "groundTruth": [0.0, 0.0]}, {"startTime": 10.0, "endTime": 15.0, "predictions": {"probabilities": [-16.890172958374023, -3.0945096015930176], "logits": [NaN, NaN]}, "groundTruth": [0.0, 0.0]}, {"startTime": 15.0, "endTime": 20.0, "predictions": {"probabilities": [-13.533863067626953, -1.6900196075439453], "logits": [NaN, NaN]}, "groundTruth": [0.0, 0.0]}]]}