{"modelName": "devise-221108-v8-ep423", "version": "1", "fileId": "ebb6d1949a35402a959a282aa2f5d177", "classIds": ["Crex crex", "Scolopax rusticola"], "channels": [[{"startTime": 0.0, "endTime": 5.0, "predictions": {"probabilities": [-18.941364288330078, -3.725691795349121], "logits": [NaN, NaN]}, "groundTruth": [0.0, 0.0]}, {"startTime": 5.0, "endTime": 10.0, "predictions": {"probabilities": [-23.022672653198242, -3.7842185497283936], "logits": [NaN, NaN]}, "groundTruth": [0.0, 0.0]}, {"startTime": 10.0, "endTime": 15.0, "predictions": {"probabilities": [-20.977205276489258, -2.5999958515167236], "logits": [NaN, NaN]}, "groundTruth": [0.0, 0.0]}, {"startTime": 15.0, "endTime": 20.0, "predictions": {"probabilities": [-18.927978515625, -4.207803249359131], "logits": [NaN, NaN]}, "groundTruth": [0.0, 0.0]}]]}