{"modelName": "devise-221108-v8-ep423", "version": "1", "fileId": "ebcce9debbcc4ed79d6bc6ae406e3a7a", "classIds": ["Crex crex", "Scolopax rusticola"], "channels": [[{"startTime": 0.0, "endTime": 5.0, "predictions": {"probabilities": [-29.078887939453125, 11.486922264099121], "logits": [NaN, NaN]}, "groundTruth": [0.0, 1.0]}, {"startTime": 5.0, "endTime": 10.0, "predictions": {"probabilities": [-31.42355728149414, 18.84942054748535], "logits": [NaN, NaN]}, "groundTruth": [0.0, 1.0]}, {"startTime": 10.0, "endTime": 15.0, "predictions": {"probabilities": [-29.123292922973633, 15.486370086669922], "logits": [NaN, NaN]}, "groundTruth": [0.0, 1.0]}, {"startTime": 13.0, "endTime": 18.0, "predictions": {"probabilities": [-33.575218200683594, 14.100913047790527], "logits": [NaN, NaN]}, "groundTruth": [0.0, 1.0]}]]}