{"modelName": "devise-221108-v8-ep423", "version": "1", "fileId": "ec02bd5b86ad4168bdce736e8a098272", "classIds": ["Crex crex", "Scolopax rusticola"], "channels": [[{"startTime": 0.0, "endTime": 5.0, "predictions": {"probabilities": [1.116113367061189e-06, 0.5284720659255981], "logits": []}, "groundTruth": [0.0, 0.0]}, {"startTime": 5.0, "endTime": 10.0, "predictions": {"probabilities": [9.077080420638595e-09, 0.020401891320943832], "logits": []}, "groundTruth": [0.0, 0.0]}, {"startTime": 10.0, "endTime": 15.0, "predictions": {"probabilities": [2.1978159736590897e-07, 0.07393697649240494], "logits": []}, "groundTruth": [0.0, 0.0]}, {"startTime": 15.0, "endTime": 20.0, "predictions": {"probabilities": [9.98709144897636e-13, 0.9998795986175537], "logits": []}, "groundTruth": [0.0, 0.0]}]]}