{"modelName": "devise-221108-v8-ep423", "version": "1", "fileId": "ec2ba8c8429045918ba26794bba1a8b8", "classIds": ["Crex crex", "Scolopax rusticola"], "channels": [[{"startTime": 0.0, "endTime": 5.0, "predictions": {"probabilities": [-16.84113121032715, 0.3712288737297058], "logits": [NaN, -0.5269485712051392]}, "groundTruth": [0.0, 0.0]}, {"startTime": 5.0, "endTime": 10.0, "predictions": {"probabilities": [-17.877832412719727, -2.912733793258667], "logits": [NaN, NaN]}, "groundTruth": [0.0, 0.0]}, {"startTime": 10.0, "endTime": 15.0, "predictions": {"probabilities": [-16.8315486907959, -3.0620779991149902], "logits": [NaN, NaN]}, "groundTruth": [0.0, 0.0]}, {"startTime": 15.0, "endTime": 20.0, "predictions": {"probabilities": [-18.737844467163086, -3.6573147773742676], "logits": [NaN, NaN]}, "groundTruth": [0.0, 0.0]}]]}