{"modelName": "devise-221108-v8-ep423", "version": "1", "fileId": "ec2ba8c8429045918ba26794bba1a8b8", "classIds": ["Crex crex", "Scolopax rusticola"], "channels": [[{"startTime": 0.0, "endTime": 5.0, "predictions": {"probabilities": [4.8527688534250046e-08, 0.5917558670043945], "logits": []}, "groundTruth": [0.0, 0.0]}, {"startTime": 5.0, "endTime": 10.0, "predictions": {"probabilities": [1.7209016434094337e-08, 0.05152766406536102], "logits": []}, "groundTruth": [0.0, 0.0]}, {"startTime": 10.0, "endTime": 15.0, "predictions": {"probabilities": [4.8994948542713246e-08, 0.04469888657331467], "logits": []}, "groundTruth": [0.0, 0.0]}, {"startTime": 15.0, "endTime": 20.0, "predictions": {"probabilities": [7.282115355167207e-09, 0.025152720510959625], "logits": []}, "groundTruth": [0.0, 0.0]}]]}