{"modelName": "devise-221108-v8-ep423", "version": "1", "fileId": "ec4b642030944d689cd94a14188cf44e", "classIds": ["Crex crex", "Scolopax rusticola"], "channels": [[{"startTime": 0.0, "endTime": 5.0, "predictions": {"probabilities": [-16.93379783630371, -3.3191750049591064], "logits": [NaN, NaN]}, "groundTruth": [0.0, 0.0]}, {"startTime": 5.0, "endTime": 10.0, "predictions": {"probabilities": [-13.571025848388672, -1.8021926879882812], "logits": [NaN, NaN]}, "groundTruth": [0.0, 0.0]}, {"startTime": 10.0, "endTime": 15.0, "predictions": {"probabilities": [-18.088727951049805, -3.904658555984497], "logits": [NaN, NaN]}, "groundTruth": [0.0, 0.0]}, {"startTime": 15.0, "endTime": 20.0, "predictions": {"probabilities": [-13.82703685760498, -1.8934645652770996], "logits": [NaN, NaN]}, "groundTruth": [0.0, 0.0]}]]}