{"modelName": "devise-221108-v8-ep423", "version": "1", "fileId": "ec917bd8aae6467d91e8496e12dc8734", "classIds": ["Crex crex", "Scolopax rusticola"], "channels": [[{"startTime": 0.0, "endTime": 5.0, "predictions": {"probabilities": [-18.179840087890625, -3.8123250007629395], "logits": [NaN, NaN]}, "groundTruth": [0.0, 0.0]}, {"startTime": 5.0, "endTime": 10.0, "predictions": {"probabilities": [-17.276830673217773, -1.965112328529358], "logits": [NaN, NaN]}, "groundTruth": [0.0, 0.0]}, {"startTime": 10.0, "endTime": 15.0, "predictions": {"probabilities": [-17.27934455871582, -2.6072258949279785], "logits": [NaN, NaN]}, "groundTruth": [0.0, 0.0]}, {"startTime": 15.0, "endTime": 20.0, "predictions": {"probabilities": [-14.8767728805542, -2.4626247882843018], "logits": [NaN, NaN]}, "groundTruth": [0.0, 0.0]}]]}