{"modelName": "devise-221108-v8-ep423", "version": "1", "fileId": "ec917bd8aae6467d91e8496e12dc8734", "classIds": ["Crex crex", "Scolopax rusticola"], "channels": [[{"startTime": 0.0, "endTime": 5.0, "predictions": {"probabilities": [1.2723182507556885e-08, 0.021619034931063652], "logits": []}, "groundTruth": [0.0, 0.0]}, {"startTime": 5.0, "endTime": 10.0, "predictions": {"probabilities": [3.1388296406476e-08, 0.12291485071182251], "logits": []}, "groundTruth": [0.0, 0.0]}, {"startTime": 10.0, "endTime": 15.0, "predictions": {"probabilities": [3.130949366436653e-08, 0.06867481768131256], "logits": []}, "groundTruth": [0.0, 0.0]}, {"startTime": 15.0, "endTime": 20.0, "predictions": {"probabilities": [3.460186235315632e-07, 0.07852020859718323], "logits": []}, "groundTruth": [0.0, 0.0]}]]}