{"modelName": "devise-221108-v8-ep423", "version": "1", "fileId": "ed18856d186149fe996595ba59dfaeab", "classIds": ["Crex crex", "Scolopax rusticola"], "channels": [[{"startTime": 0.0, "endTime": 5.0, "predictions": {"probabilities": [6.050846650396124e-07, 0.11594272404909134], "logits": []}, "groundTruth": [0.0, 0.0]}, {"startTime": 5.0, "endTime": 10.0, "predictions": {"probabilities": [2.573465280875098e-07, 0.0753444954752922], "logits": []}, "groundTruth": [0.0, 0.0]}, {"startTime": 10.0, "endTime": 15.0, "predictions": {"probabilities": [5.173643913281012e-08, 0.036256253719329834], "logits": []}, "groundTruth": [0.0, 0.0]}, {"startTime": 15.0, "endTime": 20.0, "predictions": {"probabilities": [9.615459021006245e-06, 0.35966888070106506], "logits": []}, "groundTruth": [0.0, 0.0]}]]}