{"modelName": "devise-221108-v8-ep423", "version": "1", "fileId": "eda1e16593b241d5a01589fd1bcced97", "classIds": ["Crex crex", "Scolopax rusticola"], "channels": [[{"startTime": 0.0, "endTime": 5.0, "predictions": {"probabilities": [8.006114882164184e-08, 0.05096197500824928], "logits": []}, "groundTruth": [0.0, 0.0]}, {"startTime": 5.0, "endTime": 10.0, "predictions": {"probabilities": [6.148106912462481e-09, 0.014388501644134521], "logits": []}, "groundTruth": [0.0, 0.0]}, {"startTime": 10.0, "endTime": 15.0, "predictions": {"probabilities": [4.798451636034429e-10, 0.27601760625839233], "logits": []}, "groundTruth": [0.0, 0.0]}, {"startTime": 15.0, "endTime": 20.0, "predictions": {"probabilities": [1.147373196452861e-09, 0.0097978375852108], "logits": []}, "groundTruth": [0.0, 0.0]}]]}