{"modelName": "devise-221108-v8-ep423", "version": "1", "fileId": "eda1e16593b241d5a01589fd1bcced97", "classIds": ["Crex crex", "Scolopax rusticola"], "channels": [[{"startTime": 0.0, "endTime": 5.0, "predictions": {"probabilities": [-16.34047508239746, -2.9243690967559814], "logits": [NaN, NaN]}, "groundTruth": [0.0, 0.0]}, {"startTime": 5.0, "endTime": 10.0, "predictions": {"probabilities": [-18.907121658325195, -4.226832866668701], "logits": [NaN, NaN]}, "groundTruth": [0.0, 0.0]}, {"startTime": 10.0, "endTime": 15.0, "predictions": {"probabilities": [-21.457557678222656, -0.9643024802207947], "logits": [NaN, NaN]}, "groundTruth": [0.0, 0.0]}, {"startTime": 15.0, "endTime": 20.0, "predictions": {"probabilities": [-20.585790634155273, -4.615747451782227], "logits": [NaN, NaN]}, "groundTruth": [0.0, 0.0]}]]}