{"modelName": "devise-221108-v8-ep423", "version": "1", "fileId": "eed2288f1b04447f9d544345be7ce039", "classIds": ["Crex crex", "Scolopax rusticola"], "channels": [[{"startTime": 0.0, "endTime": 5.0, "predictions": {"probabilities": [1.4228070943644866e-09, 0.009652025997638702], "logits": []}, "groundTruth": [0.0, 0.0]}, {"startTime": 5.0, "endTime": 10.0, "predictions": {"probabilities": [2.6985294554471295e-10, 0.027817409485578537], "logits": []}, "groundTruth": [0.0, 0.0]}, {"startTime": 10.0, "endTime": 15.0, "predictions": {"probabilities": [7.576950733501064e-10, 0.06718473136425018], "logits": []}, "groundTruth": [0.0, 0.0]}, {"startTime": 15.0, "endTime": 20.0, "predictions": {"probabilities": [5.627311505662647e-09, 0.014130953699350357], "logits": []}, "groundTruth": [0.0, 0.0]}]]}