{"modelName": "devise-221108-v8-ep423", "version": "1", "fileId": "eed7f3c6b3ec408894b29ce2e5593018", "classIds": ["Crex crex", "Scolopax rusticola"], "channels": [[{"startTime": 0.0, "endTime": 5.0, "predictions": {"probabilities": [-14.638494491577148, -2.196489095687866], "logits": [NaN, NaN]}, "groundTruth": [0.0, 0.0]}, {"startTime": 5.0, "endTime": 10.0, "predictions": {"probabilities": [-12.51723861694336, 0.39732521772384644], "logits": [NaN, -0.4166225790977478]}, "groundTruth": [0.0, 0.0]}, {"startTime": 10.0, "endTime": 15.0, "predictions": {"probabilities": [-14.20645523071289, -0.20635606348514557], "logits": [NaN, NaN]}, "groundTruth": [0.0, 0.0]}, {"startTime": 15.0, "endTime": 20.0, "predictions": {"probabilities": [-12.716629028320312, -1.1391887664794922], "logits": [NaN, NaN]}, "groundTruth": [0.0, 0.0]}]]}