{"modelName": "devise-221108-v8-ep423", "version": "1", "fileId": "eeea1cd634544d00af6f441cd533be8a", "classIds": ["Crex crex", "Scolopax rusticola"], "channels": [[{"startTime": 0.0, "endTime": 5.0, "predictions": {"probabilities": [9.248194146493915e-06, 0.33701983094215393], "logits": []}, "groundTruth": [0.0, 0.0]}, {"startTime": 5.0, "endTime": 10.0, "predictions": {"probabilities": [7.55559085519053e-07, 0.1282293051481247], "logits": []}, "groundTruth": [0.0, 0.0]}, {"startTime": 10.0, "endTime": 15.0, "predictions": {"probabilities": [1.821522346290294e-05, 0.407174676656723], "logits": []}, "groundTruth": [0.0, 0.0]}, {"startTime": 15.0, "endTime": 20.0, "predictions": {"probabilities": [2.0682430204033153e-06, 0.5117135643959045], "logits": []}, "groundTruth": [0.0, 0.0]}]]}