{"modelName": "devise-221108-v8-ep423", "version": "1", "fileId": "eeea1cd634544d00af6f441cd533be8a", "classIds": ["Crex crex", "Scolopax rusticola"], "channels": [[{"startTime": 0.0, "endTime": 5.0, "predictions": {"probabilities": [-11.591073036193848, -0.676603376865387], "logits": [NaN, NaN]}, "groundTruth": [0.0, 0.0]}, {"startTime": 5.0, "endTime": 10.0, "predictions": {"probabilities": [-14.095807075500488, -1.9167063236236572], "logits": [NaN, NaN]}, "groundTruth": [0.0, 0.0]}, {"startTime": 10.0, "endTime": 15.0, "predictions": {"probabilities": [-10.91323471069336, -0.3756575584411621], "logits": [NaN, NaN]}, "groundTruth": [0.0, 0.0]}, {"startTime": 15.0, "endTime": 20.0, "predictions": {"probabilities": [-13.0888090133667, 0.04686266928911209], "logits": [NaN, -3.012537717819214]}, "groundTruth": [0.0, 0.0]}]]}