{"modelName": "devise-221108-v8-ep423", "version": "1", "fileId": "ef01192ed4d94cce8456a68225a94021", "classIds": ["Crex crex", "Scolopax rusticola"], "channels": [[{"startTime": 0.0, "endTime": 5.0, "predictions": {"probabilities": [2.8591532554855803e-06, 0.2292986363172531], "logits": []}, "groundTruth": [0.0, 0.0]}, {"startTime": 5.0, "endTime": 10.0, "predictions": {"probabilities": [3.1252475309884176e-06, 0.4093717932701111], "logits": []}, "groundTruth": [0.0, 0.0]}, {"startTime": 10.0, "endTime": 15.0, "predictions": {"probabilities": [5.363842205952096e-07, 0.09115739166736603], "logits": []}, "groundTruth": [0.0, 0.0]}, {"startTime": 15.0, "endTime": 20.0, "predictions": {"probabilities": [2.389582959949621e-06, 0.20569424331188202], "logits": []}, "groundTruth": [0.0, 0.0]}]]}