{"modelName": "devise-221108-v8-ep423", "version": "1", "fileId": "ef0a4af6f13d4e65a0ed4bff54907ddb", "classIds": ["Crex crex", "Scolopax rusticola"], "channels": [[{"startTime": 0.0, "endTime": 5.0, "predictions": {"probabilities": [-12.607184410095215, -0.8209297060966492], "logits": [NaN, NaN]}, "groundTruth": [0.0, 0.0]}, {"startTime": 5.0, "endTime": 10.0, "predictions": {"probabilities": [-16.63300132751465, -3.2373197078704834], "logits": [NaN, NaN]}, "groundTruth": [0.0, 0.0]}, {"startTime": 7.0, "endTime": 12.0, "predictions": {"probabilities": [-15.501270294189453, -2.6755001544952393], "logits": [NaN, NaN]}, "groundTruth": [0.0, 0.0]}]]}