{"modelName": "devise-221108-v8-ep423", "version": "1", "fileId": "ef1112bed1aa44b1b37c9c80a0fc4f8a", "classIds": ["Crex crex", "Scolopax rusticola"], "channels": [[{"startTime": 0.0, "endTime": 5.0, "predictions": {"probabilities": [-31.63504981994629, 16.3969669342041], "logits": [NaN, NaN]}, "groundTruth": [0.0, 1.0]}, {"startTime": 5.0, "endTime": 10.0, "predictions": {"probabilities": [-27.84383773803711, 10.158629417419434], "logits": [NaN, NaN]}, "groundTruth": [0.0, 1.0]}, {"startTime": 10.0, "endTime": 15.0, "predictions": {"probabilities": [-34.705909729003906, 20.7840518951416], "logits": [NaN, NaN]}, "groundTruth": [0.0, 1.0]}, {"startTime": 15.0, "endTime": 20.0, "predictions": {"probabilities": [-36.677547454833984, 22.70249366760254], "logits": [NaN, NaN]}, "groundTruth": [0.0, 0.0]}]]}