{"modelName": "devise-221108-v8-ep423", "version": "1", "fileId": "f05b3bcbbb0145788ae41f8ed0d8e0e7", "classIds": ["Crex crex", "Scolopax rusticola"], "channels": [[{"startTime": 0.0, "endTime": 5.0, "predictions": {"probabilities": [1.1341826393618248e-06, 0.5759233832359314], "logits": []}, "groundTruth": [0.0, 0.0]}, {"startTime": 5.0, "endTime": 10.0, "predictions": {"probabilities": [1.5582504602207337e-06, 0.1760813295841217], "logits": []}, "groundTruth": [0.0, 0.0]}, {"startTime": 10.0, "endTime": 15.0, "predictions": {"probabilities": [2.0423099158506375e-06, 0.44504794478416443], "logits": []}, "groundTruth": [0.0, 0.0]}, {"startTime": 15.0, "endTime": 20.0, "predictions": {"probabilities": [1.2142211289756233e-06, 0.17313504219055176], "logits": []}, "groundTruth": [0.0, 0.0]}]]}