{"modelName": "devise-221108-v8-ep423", "version": "1", "fileId": "f127d032cc944909966747d677d9934e", "classIds": ["Crex crex", "Scolopax rusticola"], "channels": [[{"startTime": 0.0, "endTime": 5.0, "predictions": {"probabilities": [-12.703963279724121, -1.2238482236862183], "logits": [NaN, NaN]}, "groundTruth": [0.0, 0.0]}, {"startTime": 5.0, "endTime": 10.0, "predictions": {"probabilities": [-13.005191802978516, -1.3299839496612549], "logits": [NaN, NaN]}, "groundTruth": [0.0, 0.0]}, {"startTime": 10.0, "endTime": 15.0, "predictions": {"probabilities": [-11.344687461853027, -0.3460392355918884], "logits": [NaN, NaN]}, "groundTruth": [0.0, 0.0]}, {"startTime": 15.0, "endTime": 20.0, "predictions": {"probabilities": [-13.924530029296875, 0.7432432174682617], "logits": [NaN, 1.0628941059112549]}, "groundTruth": [0.0, 0.0]}]]}