{"modelName": "devise-221108-v8-ep423", "version": "1", "fileId": "f127d032cc944909966747d677d9934e", "classIds": ["Crex crex", "Scolopax rusticola"], "channels": [[{"startTime": 0.0, "endTime": 5.0, "predictions": {"probabilities": [3.0390476695174584e-06, 0.22725993394851685], "logits": []}, "groundTruth": [0.0, 0.0]}, {"startTime": 5.0, "endTime": 10.0, "predictions": {"probabilities": [2.2486196940008085e-06, 0.20916201174259186], "logits": []}, "groundTruth": [0.0, 0.0]}, {"startTime": 10.0, "endTime": 15.0, "predictions": {"probabilities": [1.1832042218884453e-05, 0.4143432080745697], "logits": []}, "groundTruth": [0.0, 0.0]}, {"startTime": 15.0, "endTime": 20.0, "predictions": {"probabilities": [8.967120948000229e-07, 0.6777046918869019], "logits": []}, "groundTruth": [0.0, 0.0]}]]}