{"modelName": "devise-221108-v8-ep423", "version": "1", "fileId": "f1420c0bdfbd4945accea957b9c1354c", "classIds": ["Crex crex", "Scolopax rusticola"], "channels": [[{"startTime": 0.0, "endTime": 5.0, "predictions": {"probabilities": [-22.9675350189209, 8.886488914489746], "logits": [NaN, NaN]}, "groundTruth": [0.0, 1.0]}, {"startTime": 5.0, "endTime": 10.0, "predictions": {"probabilities": [-18.546689987182617, -1.1146107912063599], "logits": [NaN, NaN]}, "groundTruth": [0.0, 1.0]}, {"startTime": 8.0, "endTime": 13.0, "predictions": {"probabilities": [-20.5676326751709, -3.093116521835327], "logits": [NaN, NaN]}, "groundTruth": [0.0, 1.0]}]]}