{"modelName": "devise-221108-v8-ep423", "version": "1", "fileId": "f2662a211ce54d859e3e0db90fee876d", "classIds": ["Crex crex", "Scolopax rusticola"], "channels": [[{"startTime": 0.0, "endTime": 5.0, "predictions": {"probabilities": [2.01233305574533e-08, 0.022672008723020554], "logits": []}, "groundTruth": [0.0, 0.0]}, {"startTime": 5.0, "endTime": 10.0, "predictions": {"probabilities": [1.0447854137396462e-08, 0.019858064129948616], "logits": []}, "groundTruth": [0.0, 0.0]}, {"startTime": 10.0, "endTime": 15.0, "predictions": {"probabilities": [3.8951913694518225e-08, 0.04438616335391998], "logits": []}, "groundTruth": [0.0, 0.0]}, {"startTime": 15.0, "endTime": 20.0, "predictions": {"probabilities": [1.2983561248347542e-07, 0.05099329352378845], "logits": []}, "groundTruth": [0.0, 0.0]}]]}