{"modelName": "devise-221108-v8-ep423", "version": "1", "fileId": "f281de2ab1f34696bd89da0054d8f960", "classIds": ["Crex crex", "Scolopax rusticola"], "channels": [[{"startTime": 0.0, "endTime": 5.0, "predictions": {"probabilities": [-11.754183769226074, 0.985590398311615], "logits": [NaN, 4.225346088409424]}, "groundTruth": [0.0, 0.0]}, {"startTime": 5.0, "endTime": 10.0, "predictions": {"probabilities": [-11.59239673614502, -0.32675042748451233], "logits": [NaN, NaN]}, "groundTruth": [0.0, 0.0]}, {"startTime": 10.0, "endTime": 15.0, "predictions": {"probabilities": [-12.52645206451416, -0.52968430519104], "logits": [NaN, NaN]}, "groundTruth": [0.0, 0.0]}, {"startTime": 15.0, "endTime": 20.0, "predictions": {"probabilities": [-12.595016479492188, -0.985562264919281], "logits": [NaN, NaN]}, "groundTruth": [0.0, 0.0]}]]}