{"modelName": "devise-221108-v8-ep423", "version": "1", "fileId": "f307f65e595f457dbd9bad8e5ff42679", "classIds": ["Crex crex", "Scolopax rusticola"], "channels": [[{"startTime": 0.0, "endTime": 5.0, "predictions": {"probabilities": [-17.394514083862305, -3.6081955432891846], "logits": [NaN, NaN]}, "groundTruth": [0.0, 0.0]}, {"startTime": 5.0, "endTime": 10.0, "predictions": {"probabilities": [-17.951725006103516, -1.5113801956176758], "logits": [NaN, NaN]}, "groundTruth": [0.0, 0.0]}, {"startTime": 10.0, "endTime": 15.0, "predictions": {"probabilities": [-17.813142776489258, -3.807004451751709], "logits": [NaN, NaN]}, "groundTruth": [0.0, 0.0]}, {"startTime": 15.0, "endTime": 20.0, "predictions": {"probabilities": [-17.849458694458008, -3.6980886459350586], "logits": [NaN, NaN]}, "groundTruth": [0.0, 0.0]}]]}