{"modelName": "devise-221108-v8-ep423", "version": "1", "fileId": "f3b6c87631e24816ab695cd58d0fa2c4", "classIds": ["Crex crex", "Scolopax rusticola"], "channels": [[{"startTime": 0.0, "endTime": 5.0, "predictions": {"probabilities": [2.3196756202079755e-14, 0.9999823570251465], "logits": []}, "groundTruth": [0.0, 1.0]}, {"startTime": 5.0, "endTime": 10.0, "predictions": {"probabilities": [7.567475698811929e-14, 0.999998927116394], "logits": []}, "groundTruth": [0.0, 1.0]}, {"startTime": 10.0, "endTime": 15.0, "predictions": {"probabilities": [3.5253085173270193e-11, 0.950055718421936], "logits": []}, "groundTruth": [0.0, 1.0]}, {"startTime": 13.0, "endTime": 18.0, "predictions": {"probabilities": [1.0198386579673979e-10, 0.9927876591682434], "logits": []}, "groundTruth": [0.0, 0.0]}]]}