{"modelName": "devise-221108-v8-ep423", "version": "1", "fileId": "f4367a6680e24fb194acf95dd502feed", "classIds": ["Crex crex", "Scolopax rusticola"], "channels": [[{"startTime": 0.0, "endTime": 5.0, "predictions": {"probabilities": [-19.87890625, 5.909149169921875], "logits": [NaN, NaN]}, "groundTruth": [0.0, 0.0]}, {"startTime": 5.0, "endTime": 10.0, "predictions": {"probabilities": [-18.438528060913086, -3.9801852703094482], "logits": [NaN, NaN]}, "groundTruth": [0.0, 0.0]}, {"startTime": 10.0, "endTime": 15.0, "predictions": {"probabilities": [-16.439252853393555, -3.034562587738037], "logits": [NaN, NaN]}, "groundTruth": [0.0, 0.0]}, {"startTime": 15.0, "endTime": 20.0, "predictions": {"probabilities": [-15.848067283630371, -2.757392168045044], "logits": [NaN, NaN]}, "groundTruth": [0.0, 0.0]}]]}