{"modelName": "devise-221108-v8-ep423", "version": "1", "fileId": "f4367a6680e24fb194acf95dd502feed", "classIds": ["Crex crex", "Scolopax rusticola"], "channels": [[{"startTime": 0.0, "endTime": 5.0, "predictions": {"probabilities": [2.3264874471351504e-09, 0.9972928166389465], "logits": []}, "groundTruth": [0.0, 0.0]}, {"startTime": 5.0, "endTime": 10.0, "predictions": {"probabilities": [9.823110325157813e-09, 0.018339553847908974], "logits": []}, "groundTruth": [0.0, 0.0]}, {"startTime": 10.0, "endTime": 15.0, "predictions": {"probabilities": [7.25309163840393e-08, 0.04588864743709564], "logits": []}, "groundTruth": [0.0, 0.0]}, {"startTime": 15.0, "endTime": 20.0, "predictions": {"probabilities": [1.3100013518396736e-07, 0.059670522809028625], "logits": []}, "groundTruth": [0.0, 0.0]}]]}