{"modelName": "devise-221108-v8-ep423", "version": "1", "fileId": "f5b07e96bafb4db2a8be6c22174a3db4", "classIds": ["Crex crex", "Scolopax rusticola"], "channels": [[{"startTime": 0.0, "endTime": 5.0, "predictions": {"probabilities": [-18.856203079223633, -4.316450595855713], "logits": [NaN, NaN]}, "groundTruth": [0.0, 0.0]}, {"startTime": 5.0, "endTime": 10.0, "predictions": {"probabilities": [-16.54395866394043, -3.268528699874878], "logits": [NaN, NaN]}, "groundTruth": [0.0, 0.0]}, {"startTime": 10.0, "endTime": 15.0, "predictions": {"probabilities": [-19.742021560668945, -4.165926933288574], "logits": [NaN, NaN]}, "groundTruth": [0.0, 0.0]}, {"startTime": 15.0, "endTime": 20.0, "predictions": {"probabilities": [-29.763784408569336, 7.209688663482666], "logits": [NaN, NaN]}, "groundTruth": [0.0, 0.0]}]]}