{"modelName": "devise-221108-v8-ep423", "version": "1", "fileId": "f5b07e96bafb4db2a8be6c22174a3db4", "classIds": ["Crex crex", "Scolopax rusticola"], "channels": [[{"startTime": 0.0, "endTime": 5.0, "predictions": {"probabilities": [6.469266899955528e-09, 0.01317137386649847], "logits": []}, "groundTruth": [0.0, 0.0]}, {"startTime": 5.0, "endTime": 10.0, "predictions": {"probabilities": [6.532057739150332e-08, 0.036666762083768845], "logits": []}, "groundTruth": [0.0, 0.0]}, {"startTime": 10.0, "endTime": 15.0, "predictions": {"probabilities": [2.6677737796632073e-09, 0.015278278850018978], "logits": []}, "groundTruth": [0.0, 0.0]}, {"startTime": 15.0, "endTime": 20.0, "predictions": {"probabilities": [1.1850936898483155e-13, 0.999261200428009], "logits": []}, "groundTruth": [0.0, 0.0]}]]}