{"modelName": "devise-221108-v8-ep423", "version": "1", "fileId": "f5f06718b6e54c1dbaefaf11a052c453", "classIds": ["Crex crex", "Scolopax rusticola"], "channels": [[{"startTime": 0.0, "endTime": 5.0, "predictions": {"probabilities": [9.164427439145584e-09, 0.016172442585229874], "logits": []}, "groundTruth": [0.0, 0.0]}, {"startTime": 5.0, "endTime": 10.0, "predictions": {"probabilities": [9.366003084210206e-09, 0.06991086155176163], "logits": []}, "groundTruth": [0.0, 0.0]}, {"startTime": 10.0, "endTime": 15.0, "predictions": {"probabilities": [7.889854991560696e-09, 0.018993202596902847], "logits": []}, "groundTruth": [0.0, 0.0]}, {"startTime": 15.0, "endTime": 20.0, "predictions": {"probabilities": [7.399857082646122e-08, 0.05452050641179085], "logits": []}, "groundTruth": [0.0, 0.0]}]]}