{"modelName": "devise-221108-v8-ep423", "version": "1", "fileId": "f615ff3cd3b145428e0521c6e9a5d2fd", "classIds": ["Crex crex", "Scolopax rusticola"], "channels": [[{"startTime": 0.0, "endTime": 5.0, "predictions": {"probabilities": [1.0164325203732005e-06, 0.1475798338651657], "logits": []}, "groundTruth": [0.0, 0.0]}, {"startTime": 5.0, "endTime": 10.0, "predictions": {"probabilities": [1.5196574167930521e-06, 0.1718958169221878], "logits": []}, "groundTruth": [0.0, 0.0]}, {"startTime": 10.0, "endTime": 15.0, "predictions": {"probabilities": [7.581164851444555e-08, 0.11007270216941833], "logits": []}, "groundTruth": [0.0, 0.0]}, {"startTime": 15.0, "endTime": 20.0, "predictions": {"probabilities": [9.570480870024767e-07, 0.1420096904039383], "logits": []}, "groundTruth": [0.0, 0.0]}]]}