{"modelName": "devise-221108-v8-ep423", "version": "1", "fileId": "f615ff3cd3b145428e0521c6e9a5d2fd", "classIds": ["Crex crex", "Scolopax rusticola"], "channels": [[{"startTime": 0.0, "endTime": 5.0, "predictions": {"probabilities": [-13.799210548400879, -1.7537102699279785], "logits": [NaN, NaN]}, "groundTruth": [0.0, 0.0]}, {"startTime": 5.0, "endTime": 10.0, "predictions": {"probabilities": [-13.397024154663086, -1.5722503662109375], "logits": [NaN, NaN]}, "groundTruth": [0.0, 0.0]}, {"startTime": 10.0, "endTime": 15.0, "predictions": {"probabilities": [-16.3950138092041, -2.089998722076416], "logits": [NaN, NaN]}, "groundTruth": [0.0, 0.0]}, {"startTime": 15.0, "endTime": 20.0, "predictions": {"probabilities": [-13.859411239624023, -1.7986974716186523], "logits": [NaN, NaN]}, "groundTruth": [0.0, 0.0]}]]}