{"modelName": "devise-221108-v8-ep423", "version": "1", "fileId": "f62dc27a71fd4deabc93358ed66f18a0", "classIds": ["Crex crex", "Scolopax rusticola"], "channels": [[{"startTime": 0.0, "endTime": 5.0, "predictions": {"probabilities": [4.570313194562914e-06, 0.2740359604358673], "logits": []}, "groundTruth": [0.0, 0.0]}, {"startTime": 5.0, "endTime": 10.0, "predictions": {"probabilities": [5.1822594286932144e-06, 0.30604130029678345], "logits": []}, "groundTruth": [0.0, 0.0]}, {"startTime": 10.0, "endTime": 15.0, "predictions": {"probabilities": [6.857461812614929e-06, 0.31672370433807373], "logits": []}, "groundTruth": [0.0, 0.0]}, {"startTime": 15.0, "endTime": 20.0, "predictions": {"probabilities": [1.5977471434780455e-07, 0.18555834889411926], "logits": []}, "groundTruth": [0.0, 0.0]}]]}