{"modelName": "devise-221108-v8-ep423", "version": "1", "fileId": "f645b41feb7a40d29eec3c6355675a27", "classIds": ["Crex crex", "Scolopax rusticola"], "channels": [[{"startTime": 0.0, "endTime": 5.0, "predictions": {"probabilities": [6.491730800917139e-06, 0.40486785769462585], "logits": []}, "groundTruth": [0.0, 0.0]}, {"startTime": 5.0, "endTime": 10.0, "predictions": {"probabilities": [5.760448857472511e-06, 0.46250709891319275], "logits": []}, "groundTruth": [0.0, 0.0]}, {"startTime": 10.0, "endTime": 15.0, "predictions": {"probabilities": [7.005507541180123e-06, 0.3464348316192627], "logits": []}, "groundTruth": [0.0, 0.0]}, {"startTime": 15.0, "endTime": 20.0, "predictions": {"probabilities": [2.103020904087316e-07, 0.09630846232175827], "logits": []}, "groundTruth": [0.0, 0.0]}]]}