{"modelName": "devise-221108-v8-ep423", "version": "1", "fileId": "f65b4940809f4cdc96fbcbae50d42162", "classIds": ["Crex crex", "Scolopax rusticola"], "channels": [[{"startTime": 0.0, "endTime": 5.0, "predictions": {"probabilities": [-22.24465560913086, -4.317488193511963], "logits": [NaN, NaN]}, "groundTruth": [0.0, 0.0]}, {"startTime": 5.0, "endTime": 10.0, "predictions": {"probabilities": [-19.990962982177734, 0.8219481706619263], "logits": [NaN, 1.5296026468276978]}, "groundTruth": [0.0, 0.0]}, {"startTime": 10.0, "endTime": 15.0, "predictions": {"probabilities": [-22.132343292236328, -5.41135311126709], "logits": [NaN, NaN]}, "groundTruth": [0.0, 0.0]}, {"startTime": 15.0, "endTime": 20.0, "predictions": {"probabilities": [-19.495250701904297, -1.7323417663574219], "logits": [NaN, NaN]}, "groundTruth": [0.0, 0.0]}]]}