{"modelName": "devise-221108-v8-ep423", "version": "1", "fileId": "f66d90918cef4b07bdf5b9e6380fada9", "classIds": ["Crex crex", "Scolopax rusticola"], "channels": [[{"startTime": 0.0, "endTime": 5.0, "predictions": {"probabilities": [-23.49764633178711, 6.6403350830078125], "logits": [NaN, NaN]}, "groundTruth": [0.0, 1.0]}, {"startTime": 5.0, "endTime": 10.0, "predictions": {"probabilities": [-29.210468292236328, 11.377843856811523], "logits": [NaN, NaN]}, "groundTruth": [0.0, 1.0]}, {"startTime": 10.0, "endTime": 15.0, "predictions": {"probabilities": [-24.349721908569336, 8.249640464782715], "logits": [NaN, NaN]}, "groundTruth": [0.0, 1.0]}, {"startTime": 15.0, "endTime": 20.0, "predictions": {"probabilities": [-50.21591567993164, 36.42871856689453], "logits": [NaN, NaN]}, "groundTruth": [0.0, 1.0]}]]}