{"modelName": "devise-221108-v8-ep423", "version": "1", "fileId": "f688bcdc121547d286347f77d5c16b2b", "classIds": ["Crex crex", "Scolopax rusticola"], "channels": [[{"startTime": 0.0, "endTime": 5.0, "predictions": {"probabilities": [3.0320162380803595e-08, 0.031923044472932816], "logits": []}, "groundTruth": [0.0, 1.0]}, {"startTime": 5.0, "endTime": 10.0, "predictions": {"probabilities": [9.229611432765017e-13, 0.9999990463256836], "logits": []}, "groundTruth": [0.0, 1.0]}, {"startTime": 10.0, "endTime": 15.0, "predictions": {"probabilities": [3.9589554035046604e-07, 0.4577658772468567], "logits": []}, "groundTruth": [0.0, 1.0]}]]}