{"modelName": "devise-221108-v8-ep423", "version": "1", "fileId": "f688bcdc121547d286347f77d5c16b2b", "classIds": ["Crex crex", "Scolopax rusticola"], "channels": [[{"startTime": 0.0, "endTime": 5.0, "predictions": {"probabilities": [-17.311452865600586, -3.4119834899902344], "logits": [NaN, NaN]}, "groundTruth": [0.0, 1.0]}, {"startTime": 5.0, "endTime": 10.0, "predictions": {"probabilities": [-27.71118927001953, 13.883864402770996], "logits": [NaN, NaN]}, "groundTruth": [0.0, 1.0]}, {"startTime": 10.0, "endTime": 15.0, "predictions": {"probabilities": [-14.742115020751953, -0.16934004426002502], "logits": [NaN, NaN]}, "groundTruth": [0.0, 1.0]}]]}