{"modelName": "devise-221108-v8-ep423", "version": "1", "fileId": "f6cff45f9e3e4ee1bc8cefe6a5351756", "classIds": ["Crex crex", "Scolopax rusticola"], "channels": [[{"startTime": 0.0, "endTime": 5.0, "predictions": {"probabilities": [-11.875948905944824, -0.6491976976394653], "logits": [NaN, NaN]}, "groundTruth": [0.0, 0.0]}, {"startTime": 5.0, "endTime": 10.0, "predictions": {"probabilities": [-10.559531211853027, -0.15015842020511627], "logits": [NaN, NaN]}, "groundTruth": [0.0, 0.0]}, {"startTime": 10.0, "endTime": 15.0, "predictions": {"probabilities": [-13.677757263183594, -1.7190592288970947], "logits": [NaN, NaN]}, "groundTruth": [0.0, 0.0]}, {"startTime": 15.0, "endTime": 20.0, "predictions": {"probabilities": [-19.66025733947754, 6.992565155029297], "logits": [NaN, NaN]}, "groundTruth": [0.0, 0.0]}]]}