{"modelName": "devise-221108-v8-ep423", "version": "1", "fileId": "f749da30cc1d44c9a082cc61e917cb4f", "classIds": ["Crex crex", "Scolopax rusticola"], "channels": [[{"startTime": 0.0, "endTime": 5.0, "predictions": {"probabilities": [-23.20491600036621, -4.888850688934326], "logits": [NaN, NaN]}, "groundTruth": [0.0, 0.0]}, {"startTime": 5.0, "endTime": 10.0, "predictions": {"probabilities": [-21.873313903808594, -3.537172555923462], "logits": [NaN, NaN]}, "groundTruth": [0.0, 0.0]}, {"startTime": 10.0, "endTime": 15.0, "predictions": {"probabilities": [-22.463985443115234, -4.25277042388916], "logits": [NaN, NaN]}, "groundTruth": [0.0, 0.0]}, {"startTime": 15.0, "endTime": 20.0, "predictions": {"probabilities": [-19.321609497070312, -3.216994285583496], "logits": [NaN, NaN]}, "groundTruth": [0.0, 0.0]}]]}