{"modelName": "devise-221108-v8-ep423", "version": "1", "fileId": "f804a003bb444f098276024df3ed7808", "classIds": ["Crex crex", "Scolopax rusticola"], "channels": [[{"startTime": 0.0, "endTime": 5.0, "predictions": {"probabilities": [-13.582550048828125, -0.2890269160270691], "logits": [NaN, NaN]}, "groundTruth": [0.0, 1.0]}, {"startTime": 5.0, "endTime": 10.0, "predictions": {"probabilities": [-26.685768127441406, 10.874053001403809], "logits": [NaN, NaN]}, "groundTruth": [0.0, 1.0]}, {"startTime": 10.0, "endTime": 15.0, "predictions": {"probabilities": [-29.647409439086914, 8.196442604064941], "logits": [NaN, NaN]}, "groundTruth": [0.0, 1.0]}]]}