{"modelName": "devise-221108-v8-ep423", "version": "1", "fileId": "f99defc31ab440549f4e231b928f671d", "classIds": ["Crex crex", "Scolopax rusticola"], "channels": [[{"startTime": 0.0, "endTime": 5.0, "predictions": {"probabilities": [6.529895699713961e-07, 0.12301428616046906], "logits": []}, "groundTruth": [0.0, 0.0]}, {"startTime": 5.0, "endTime": 10.0, "predictions": {"probabilities": [2.381670128670521e-06, 0.21886800229549408], "logits": []}, "groundTruth": [0.0, 0.0]}, {"startTime": 10.0, "endTime": 15.0, "predictions": {"probabilities": [1.161715408670716e-05, 0.40011805295944214], "logits": []}, "groundTruth": [0.0, 0.0]}, {"startTime": 15.0, "endTime": 20.0, "predictions": {"probabilities": [2.920370206993539e-06, 0.23273667693138123], "logits": []}, "groundTruth": [0.0, 0.0]}]]}