{"modelName": "devise-221108-v8-ep423", "version": "1", "fileId": "f9c30e15e3a7406189cec8a6e1565383", "classIds": ["Crex crex", "Scolopax rusticola"], "channels": [[{"startTime": 0.0, "endTime": 5.0, "predictions": {"probabilities": [2.714109381685148e-09, 0.009540397673845291], "logits": []}, "groundTruth": [0.0, 0.0]}, {"startTime": 5.0, "endTime": 10.0, "predictions": {"probabilities": [8.911637650044213e-09, 0.02013273909687996], "logits": []}, "groundTruth": [0.0, 0.0]}, {"startTime": 10.0, "endTime": 15.0, "predictions": {"probabilities": [5.2367557401566955e-08, 0.045525599271059036], "logits": []}, "groundTruth": [0.0, 0.0]}, {"startTime": 15.0, "endTime": 20.0, "predictions": {"probabilities": [2.0017369095626236e-08, 0.025449451059103012], "logits": []}, "groundTruth": [0.0, 0.0]}]]}