{"modelName": "devise-221108-v8-ep423", "version": "1", "fileId": "fa979409e2b64a298302b18ffa7ac3c9", "classIds": ["Crex crex", "Scolopax rusticola"], "channels": [[{"startTime": 0.0, "endTime": 5.0, "predictions": {"probabilities": [-19.853919982910156, -4.321380138397217], "logits": [NaN, NaN]}, "groundTruth": [0.0, 0.0]}, {"startTime": 5.0, "endTime": 10.0, "predictions": {"probabilities": [-21.494537353515625, 5.918811798095703], "logits": [NaN, NaN]}, "groundTruth": [0.0, 0.0]}, {"startTime": 10.0, "endTime": 15.0, "predictions": {"probabilities": [-18.138389587402344, -3.6368558406829834], "logits": [NaN, NaN]}, "groundTruth": [0.0, 0.0]}, {"startTime": 15.0, "endTime": 20.0, "predictions": {"probabilities": [-21.063600540161133, -4.916977405548096], "logits": [NaN, NaN]}, "groundTruth": [0.0, 0.0]}]]}