{"modelName": "devise-221108-v8-ep423", "version": "1", "fileId": "faab338b9ec54850a1c405b1bdee3f6f", "classIds": ["Crex crex", "Scolopax rusticola"], "channels": [[{"startTime": 0.0, "endTime": 5.0, "predictions": {"probabilities": [6.38153085930071e-09, 0.682652473449707], "logits": []}, "groundTruth": [0.0, 0.0]}, {"startTime": 5.0, "endTime": 10.0, "predictions": {"probabilities": [1.223630174962409e-08, 0.2255181074142456], "logits": []}, "groundTruth": [0.0, 0.0]}, {"startTime": 10.0, "endTime": 15.0, "predictions": {"probabilities": [4.7841744454935053e-11, 0.4485868513584137], "logits": []}, "groundTruth": [0.0, 0.0]}, {"startTime": 15.0, "endTime": 20.0, "predictions": {"probabilities": [3.4759384703875185e-08, 0.06704392284154892], "logits": []}, "groundTruth": [0.0, 0.0]}]]}