{"modelName": "devise-221108-v8-ep423", "version": "1", "fileId": "faab338b9ec54850a1c405b1bdee3f6f", "classIds": ["Crex crex", "Scolopax rusticola"], "channels": [[{"startTime": 0.0, "endTime": 5.0, "predictions": {"probabilities": [-18.869857788085938, 0.7659883499145508], "logits": [NaN, 1.1857960224151611]}, "groundTruth": [0.0, 0.0]}, {"startTime": 5.0, "endTime": 10.0, "predictions": {"probabilities": [-18.21885871887207, -1.2337937355041504], "logits": [NaN, NaN]}, "groundTruth": [0.0, 0.0]}, {"startTime": 10.0, "endTime": 15.0, "predictions": {"probabilities": [-23.76312255859375, -0.20638211071491241], "logits": [NaN, NaN]}, "groundTruth": [0.0, 0.0]}, {"startTime": 15.0, "endTime": 20.0, "predictions": {"probabilities": [-17.174816131591797, -2.633010149002075], "logits": [NaN, NaN]}, "groundTruth": [0.0, 0.0]}]]}