{"modelName": "devise-221108-v8-ep423", "version": "1", "fileId": "fc0677754f124799bdb07fad53dcbd98", "classIds": ["Crex crex", "Scolopax rusticola"], "channels": [[{"startTime": 0.0, "endTime": 5.0, "predictions": {"probabilities": [-11.807937622070312, -0.5577952265739441], "logits": [NaN, NaN]}, "groundTruth": [0.0, 0.0]}, {"startTime": 5.0, "endTime": 10.0, "predictions": {"probabilities": [-15.058639526367188, -2.4238955974578857], "logits": [NaN, NaN]}, "groundTruth": [0.0, 0.0]}, {"startTime": 10.0, "endTime": 15.0, "predictions": {"probabilities": [-19.642183303833008, -4.579535961151123], "logits": [NaN, NaN]}, "groundTruth": [0.0, 0.0]}, {"startTime": 15.0, "endTime": 20.0, "predictions": {"probabilities": [-19.4096736907959, -4.413572788238525], "logits": [NaN, NaN]}, "groundTruth": [0.0, 0.0]}]]}