{"modelName": "devise-221108-v8-ep423", "version": "1", "fileId": "fc35f93a3311421f9140e4846a4ccde2", "classIds": ["Crex crex", "Scolopax rusticola"], "channels": [[{"startTime": 0.0, "endTime": 5.0, "predictions": {"probabilities": [1.586535680608847e-09, 0.009395896457135677], "logits": []}, "groundTruth": [0.0, 0.0]}, {"startTime": 5.0, "endTime": 10.0, "predictions": {"probabilities": [2.881481164784816e-10, 0.9977878332138062], "logits": []}, "groundTruth": [0.0, 0.0]}, {"startTime": 10.0, "endTime": 15.0, "predictions": {"probabilities": [1.1061221272257171e-08, 0.02191072329878807], "logits": []}, "groundTruth": [0.0, 0.0]}, {"startTime": 15.0, "endTime": 20.0, "predictions": {"probabilities": [4.072306727942454e-14, 0.9998874664306641], "logits": []}, "groundTruth": [0.0, 0.0]}]]}