{"modelName": "devise-221108-v8-ep423", "version": "1", "fileId": "fc35f93a3311421f9140e4846a4ccde2", "classIds": ["Crex crex", "Scolopax rusticola"], "channels": [[{"startTime": 0.0, "endTime": 5.0, "predictions": {"probabilities": [-20.2617130279541, -4.658041954040527], "logits": [NaN, NaN]}, "groundTruth": [0.0, 0.0]}, {"startTime": 5.0, "endTime": 10.0, "predictions": {"probabilities": [-21.967546463012695, 6.111581802368164], "logits": [NaN, NaN]}, "groundTruth": [0.0, 0.0]}, {"startTime": 10.0, "endTime": 15.0, "predictions": {"probabilities": [-18.319820404052734, -3.7986247539520264], "logits": [NaN, NaN]}, "groundTruth": [0.0, 0.0]}, {"startTime": 15.0, "endTime": 20.0, "predictions": {"probabilities": [-30.831981658935547, 9.092732429504395], "logits": [NaN, NaN]}, "groundTruth": [0.0, 0.0]}]]}