{"modelName": "devise-221108-v8-ep423", "version": "1", "fileId": "fcaf6f468ffd48c7afb86ed13a471fda", "classIds": ["Crex crex", "Scolopax rusticola"], "channels": [[{"startTime": 0.0, "endTime": 5.0, "predictions": {"probabilities": [7.392710003372196e-18, 0.9999992847442627], "logits": []}, "groundTruth": [0.0, 0.0]}, {"startTime": 5.0, "endTime": 10.0, "predictions": {"probabilities": [5.7712954415478634e-09, 0.011667056009173393], "logits": []}, "groundTruth": [0.0, 0.0]}, {"startTime": 10.0, "endTime": 15.0, "predictions": {"probabilities": [3.4075994803650644e-10, 0.005476663820445538], "logits": []}, "groundTruth": [0.0, 0.0]}, {"startTime": 15.0, "endTime": 20.0, "predictions": {"probabilities": [7.584290306515882e-19, 0.9999998807907104], "logits": []}, "groundTruth": [0.0, 0.0]}]]}