{"modelName": "devise-221108-v8-ep423", "version": "1", "fileId": "fcaf6f468ffd48c7afb86ed13a471fda", "classIds": ["Crex crex", "Scolopax rusticola"], "channels": [[{"startTime": 0.0, "endTime": 5.0, "predictions": {"probabilities": [-39.44603729248047, 14.13673210144043], "logits": [NaN, NaN]}, "groundTruth": [0.0, 0.0]}, {"startTime": 5.0, "endTime": 10.0, "predictions": {"probabilities": [-18.970369338989258, -4.439250469207764], "logits": [NaN, NaN]}, "groundTruth": [0.0, 0.0]}, {"startTime": 10.0, "endTime": 15.0, "predictions": {"probabilities": [-21.799842834472656, -5.201767444610596], "logits": [NaN, NaN]}, "groundTruth": [0.0, 0.0]}, {"startTime": 15.0, "endTime": 20.0, "predictions": {"probabilities": [-41.72303771972656, 16.623233795166016], "logits": [NaN, NaN]}, "groundTruth": [0.0, 0.0]}]]}