{"modelName": "devise-221108-v8-ep423", "version": "1", "fileId": "fd0c5d1fa7374777bfb8e016ee77b84c", "classIds": ["Crex crex", "Scolopax rusticola"], "channels": [[{"startTime": 0.0, "endTime": 5.0, "predictions": {"probabilities": [-20.878366470336914, -2.2383196353912354], "logits": [NaN, NaN]}, "groundTruth": [0.0, 0.0]}, {"startTime": 5.0, "endTime": 10.0, "predictions": {"probabilities": [-22.67422866821289, -2.0835726261138916], "logits": [NaN, NaN]}, "groundTruth": [0.0, 0.0]}, {"startTime": 10.0, "endTime": 15.0, "predictions": {"probabilities": [-21.402624130249023, -4.964977264404297], "logits": [NaN, NaN]}, "groundTruth": [0.0, 0.0]}, {"startTime": 15.0, "endTime": 20.0, "predictions": {"probabilities": [-21.761754989624023, -0.507602334022522], "logits": [NaN, NaN]}, "groundTruth": [0.0, 0.0]}]]}