{"modelName": "devise-221108-v8-ep423", "version": "1", "fileId": "fd4ea236216a4a01ae5069af55234975", "classIds": ["Crex crex", "Scolopax rusticola"], "channels": [[{"startTime": 0.0, "endTime": 5.0, "predictions": {"probabilities": [-19.617305755615234, -4.250242710113525], "logits": [NaN, NaN]}, "groundTruth": [0.0, 0.0]}, {"startTime": 5.0, "endTime": 10.0, "predictions": {"probabilities": [-19.422588348388672, -4.369349002838135], "logits": [NaN, NaN]}, "groundTruth": [0.0, 0.0]}, {"startTime": 10.0, "endTime": 15.0, "predictions": {"probabilities": [-20.48056411743164, -4.882338047027588], "logits": [NaN, NaN]}, "groundTruth": [0.0, 0.0]}, {"startTime": 15.0, "endTime": 20.0, "predictions": {"probabilities": [-19.96459197998047, -1.9096906185150146], "logits": [NaN, NaN]}, "groundTruth": [0.0, 0.0]}]]}