{"modelName": "devise-221108-v8-ep423", "version": "1", "fileId": "fe00881c281947ee9cefb6f0ac8685bf", "classIds": ["Crex crex", "Scolopax rusticola"], "channels": [[{"startTime": 0.0, "endTime": 5.0, "predictions": {"probabilities": [-11.623481750488281, -0.7563868761062622], "logits": [NaN, NaN]}, "groundTruth": [0.0, 1.0]}, {"startTime": 5.0, "endTime": 10.0, "predictions": {"probabilities": [-22.43398666381836, 11.655593872070312], "logits": [NaN, NaN]}, "groundTruth": [0.0, 1.0]}, {"startTime": 10.0, "endTime": 15.0, "predictions": {"probabilities": [-25.463638305664062, 8.352407455444336], "logits": [NaN, NaN]}, "groundTruth": [0.0, 1.0]}]]}