{"modelName": "devise-221108-v8-ep423", "version": "1", "fileId": "ff13705e9e324f50b3b7de334362e99e", "classIds": ["Crex crex", "Scolopax rusticola"], "channels": [[{"startTime": 0.0, "endTime": 5.0, "predictions": {"probabilities": [7.063764684289708e-09, 0.9998595714569092], "logits": []}, "groundTruth": [0.0, 1.0]}, {"startTime": 5.0, "endTime": 10.0, "predictions": {"probabilities": [2.816581603365398e-12, 0.9999998807907104], "logits": []}, "groundTruth": [0.0, 1.0]}, {"startTime": 10.0, "endTime": 15.0, "predictions": {"probabilities": [7.081178633912277e-13, 1.0], "logits": []}, "groundTruth": [0.0, 1.0]}, {"startTime": 15.0, "endTime": 20.0, "predictions": {"probabilities": [1.5823918796025116e-17, 1.0], "logits": []}, "groundTruth": [0.0, 1.0]}]]}