{"modelName": "devise-221108-v8-ep423", "version": "1", "fileId": "ff86da921dd94f858c3ce8f2ba9a2a04", "classIds": ["Crex crex", "Scolopax rusticola"], "channels": [[{"startTime": 0.0, "endTime": 5.0, "predictions": {"probabilities": [2.338751755814883e-06, 0.34669995307922363], "logits": []}, "groundTruth": [0.0, 1.0]}, {"startTime": 5.0, "endTime": 10.0, "predictions": {"probabilities": [1.5139196840596725e-10, 0.9999419450759888], "logits": []}, "groundTruth": [0.0, 1.0]}, {"startTime": 10.0, "endTime": 15.0, "predictions": {"probabilities": [4.352909352411949e-11, 0.9998626708984375], "logits": []}, "groundTruth": [0.0, 1.0]}, {"startTime": 15.0, "endTime": 20.0, "predictions": {"probabilities": [2.312809073146127e-07, 0.5293335914611816], "logits": []}, "groundTruth": [0.0, 0.0]}]]}